36.6;37.8;35.7;36.6;636177
37.35;37.35;34.36;35.1;652637
33.6;35.1;33.1;35.1;893208
35.1;36.5;33.9;35.28;509509
35.48;37.58;34.6;36.8;768940
37.1;37.6;35.9;35.9;551476
36.9;37.08;35.15;35.4;445173
34.8;35.2;33.6;34.5;708462
34.6;36.4;34.6;35.05;396898
35.05;35.95;34.1;35.6;306563
35.6;36.02;34.6;35.57;397721
35.57;35.6;33.1;33.57;786039
33.25;33.25;30.86;31.51;1336074
31.65;32.6;30.85;31.3;1372458
30.91;31.3;28.93;30.19;1527719
30.5;30.57;28.6;29.39;1044115
29.1;30;28.63;29.07;906130
29.4;30.5;29.4;29.52;500350
29.9;30.49;28.85;28.9;1959199
29.3;30.2;28.55;30.2;884380
30.7;31.1;30;30.6;476548
31.58;32.2;30.8;31.6;764750
31.75;32.01;30.2;30.5;545418
30.6;30.8;29;29.2;1098863
30.49;30.49;26.8;27.1;1843266
28.61;28.8;27.4;27.4;2141727
28.09;28.33;27.06;27.2;1229393
28.2;29.75;27.6;29.75;1066579
30.6;32.6;29.83;32.44;1712653
32.6;32.6;30.62;32.1;850024
32.6;32.6;30;31.6;610814
31.2;31.35;28.4;30.05;815650
30.6;30.6;27.7;27.71;829256
28.8;29;28.41;28.6;657692
28.7;29.1;27.51;27.9;674965
28;28.3;27.4;27.98;468844
28.1;28.29;26.2;26.61;1007957
27.5;27.8;26.7;26.7;741506
27.4;27.6;26.7;27.19;489461
26.68;27.19;24.77;25.1;1373504
25.1;25.2;23.99;24.78;1424573
25.5;27.15;25;26.4;1055470
27;27;25.1;25.5;685839
25.6;25.9;24.3;25.1;626670
25.1;26.4;25.05;25.35;951078
26.3;27.18;26.15;27.03;699942
27.4;28.38;27.21;28.37;930299
28.08;28.08;26.1;26.1;595866
26.9;26.99;24.6;25.2;1082857
25.5;25.59;24.26;24.4;526702
24.6;24.96;24.1;24.3;482187
24.3;26.8;24.26;26.6;1190849
26.3;27.88;25.8;27.5;758583
27.89;29.8;27.6;27.9;1293068
29.5;29.59;25.5;25.5;1423258
26.73;29.1;26.7;28.3;858455
29;29.1;26.85;28.65;837185
29.5;30.49;27.35;28.3;2345571
28.1;28.35;25.71;26.2;1583133
27.09;27.4;26.5;26.58;783570
27.99;28.45;27.3;27.95;534557
28.2;28.3;26.96;27.83;709421
27.8;28.2;27.3;27.6;603764
27.67;29.4;27.61;28.79;1005789
29.55;30.4;28.55;29.6;1215458
30.5;30.5;28.3;29.19;550157
29.87;31.2;29.47;31.1;1030493
30.96;30.97;28.45;30.3;717650
30.7;31.6;29.85;31.1;629059
31.36;31.5;30.2;30.85;774336
31.4;31.4;29.6;29.68;502691
30.58;30.77;29.48;29.85;669312
30.6;32.1;30.11;31.8;901913
31.77;32.3;30.6;31.85;702974
31.89;32.1;30.8;31.37;763214
29.24;30.56;28.6;30.56;515129
30.8;32.27;28.9;31.6;795723
32.08;32.08;29.7;29.7;437989
30.6;31.39;30;30.92;176008
31.6;31.6;30.4;30.8;157850
31.28;31.75;29.9;30.12;1525595
29.9;30.22;28.25;30.1;589074
30.6;30.6;29.31;29.45;342545
29.6;30.2;29.1;30.03;312002
30.35;30.79;30.04;30.6;272729
31.1;31.1;30.1;30.5;227203
30.7;31.5;30.4;31.4;286089
31.49;31.49;29.75;30.55;186466
30.65;32;30.65;31.78;496150
32.05;34.6;31.6;33.61;2093091
33.12;34.6;32.71;34.53;1050645
34.55;34.6;33.35;34.6;784042
34.42;36.7;33.61;35.75;1644907
35.79;35.8;33.81;35.4;620217
34.6;34.8;33.85;34.09;606730
33.88;35.1;33.88;34.4;803550
34.11;34.6;32.6;32.6;818738
33.1;34.33;32.74;33.3;504494
33.99;34.8;33.1;34.78;420841
32.81;34.6;32.77;33.75;691924
33.8;34.7;32.43;33.06;275809
33.02;34;32.6;33.6;197463
33.65;34.9;32.9;33.17;1347392
33.3;33.5;31.1;31.26;674770
31.35;32.28;30.5;32;1109333
32.5;33.96;32.11;33.65;363563
33.65;34.6;33.36;34.45;429453
34.4;34.45;33.1;33.6;1259684
33.35;33.6;32.2;32.9;466048
33.1;33.25;31.44;32.3;451555
31.71;32.8;31.11;31.6;406325
31.6;32.38;31.11;31.29;444094
31.6;33.1;31.29;31.85;573672
31.8;31.85;30;31.85;692783
32.1;32.6;31.71;32.6;367214
32.6;32.6;31.11;31.68;374745
32;33.1;31.45;33.1;600935
33.2;33.6;32.4;32.63;983490
32.7;33.2;31.4;31.95;313106
31.6;32.3;30.3;30.6;392000
30.32;30.6;29.65;29.7;671736
30.15;32.19;30.15;32;400876
32.34;33;31.26;32.36;325412
31.7;32.39;31.16;31.77;520060
31.35;32.68;31.2;31.58;2665398
31.1;32.6;31.1;31.53;478405
31.45;32;30.5;32;377508
32.05;32.2;31.23;31.61;205707
31.59;31.89;30.35;30.9;533548
30.8;31.49;30.45;30.45;381637
31.18;32.7;30.35;32.7;527345
32.6;33.1;31.52;32.15;429188
32.98;33.49;32.21;33.49;459641
33.5;34.75;33.32;34.59;1016565
34.55;35;33.65;35;777820
35.1;35.45;34.41;34.7;774497
34.3;34.74;33.42;33.61;470700
34.1;34.78;32.85;34.13;447991
34.88;35.1;33.81;33.85;420177
34.55;34.79;33.1;34;403881
34.39;34.6;33.22;34.2;466677
34.48;34.5;33.7;33.76;198898
34.6;34.67;33.16;34.02;258670
34.5;34.8;33.7;34.06;1359524
34.6;34.88;33.1;33.77;1253963
33.2;34.89;33.1;34.6;285761
34.9;36.81;34.6;36.79;1359516
36.7;36.84;35.8;36.49;422714
35.85;36.6;35.1;35.36;353017
35.6;36.1;35.13;35.65;207805
35.99;36.8;34.63;36.8;611996
36.9;36.9;36.1;36.6;312834
36.6;36.75;34.98;35.56;282286
35.55;35.55;34.46;34.6;533945
34.6;35.35;34.6;35.1;163789
35.58;36.09;34.77;35.74;160116
36.1;36.5;35.75;36.2;269985
36.59;36.95;36.35;36.81;530376
36.81;37.35;35.91;37.33;998295
37.4;37.4;36.16;36.6;294054
36.47;36.9;35.6;35.8;302581
36.1;36.2;34.72;35.27;349361
35.36;36.9;34.8;36.3;719867
36.6;36.6;35.1;35.6;289446
35.8;36.33;35.11;35.76;430965
36;36.55;34.9;35.77;194492
36.21;36.6;35.11;36.52;1400642
36;36.6;35.5;36.14;309285
36.6;37.1;35.8;37.1;442745
36.7;39.6;36.7;39.6;2107789
39.1;39.3;38.27;38.6;933157
38.6;38.8;36.71;37.1;724710
37.3;38.07;36.8;37.48;364370
37.3;37.59;35.9;37.3;351575
37.3;37.39;36.13;36.93;236677
37.29;37.29;35.35;35.79;368487
35.1;35.45;34.45;34.96;920317
34.98;35.4;33.75;33.9;615021
34.15;34.2;33.41;33.66;810779
33.6;35.54;33.4;35.1;904367
34.7;35.77;33.92;35.39;527857
34.33;34.6;32.45;33.1;1428186
33.1;33.6;30.35;30.63;1287113
31.61;31.64;29.85;31.05;1143996
30.6;32.58;29.96;32.02;566358
33.08;33.49;32.1;32.6;372476
32.7;33.2;31.6;31.6;422066
31.6;32.6;30.61;31.75;399346
31.85;33.3;30.72;31.35;608291
32.4;32.75;30.66;30.66;748271
30.87;32.4;30.77;32.1;555499
32.3;33.75;32.1;33.45;420908
33.6;33.6;30.97;31.57;1104602
32.35;32.59;31.5;32.49;466739
32.38;33.68;31.6;33.39;425935
32.9;33.38;31.7;31.9;282043
31.9;32.35;31.6;31.92;986146
31.6;32;29.6;29.6;616866
30.38;31.2;29.6;29.7;483489
29.3;31.6;28.76;30.8;774794
31.8;31.8;30.45;30.6;261667
32.1;33.6;30.6;31.64;1334891
30.8;32.09;30.6;31.4;676484
31.8;32.77;31.4;32.6;560962
33.05;33.34;31.46;32.25;458411
32.38;33.1;31.91;32.9;205917
33.1;33.55;32.2;33.55;337992
33.34;34.05;32.63;33.1;487811
32.63;33.8;32.63;33.45;274201
33.1;33.8;32.9;33.6;1326168
33.6;34.6;33.6;34.6;423958
34.6;36.35;34.36;36.3;1146432
36.1;36.2;35.1;35.65;299354
35.6;35.6;34.31;35.55;382586
35.6;35.6;35.1;35.6;297770
35.7;36.1;34.7;35.5;327748
35.99;35.99;34.61;34.74;412139
35.2;35.8;34.1;34.6;394916
34.59;35;34.1;34.11;433420
34.55;35.47;34.15;35.2;583753
34.9;35.79;33.9;34.19;434821
34.1;35.3;34.1;35.3;303770
35.35;35.58;34.45;35.4;320346
35.1;35.3;34.72;35.2;406497
35.29;36.35;34.95;35.81;944846
35.6;36.3;34.3;34.89;509644
34.64;35.3;34.05;34.33;445016
34.02;35.4;34;34.75;376982
34.6;35;34.12;34.7;300547
34.77;35.96;34.2;35.77;617949
35.61;36.07;34.8;35.37;316160
35.6;35.6;33.8;34.1;682087
34.1;34.1;33.2;33.47;595341
33.3;33.46;31.45;31.9;724565
32.01;33.05;31.7;32.05;455965
32;32.1;30.2;30.6;592446
31.1;32.8;31.1;32.8;681342
32.5;33.4;31.1;31.66;586636
31.4;31.6;30.2;30.6;615467
31.1;31.1;29.9;29.9;1111471
30.2;31.25;29.06;30.5;866087
30.4;30.4;29.11;29.9;877527
30.29;30.49;29.12;29.66;492604
29.51;31.15;29.36;30.8;734505
30.8;32.02;30.61;31.64;970026
31.6;32.4;31.16;31.8;560439
32.14;32.49;30.91;32.31;369761
31.85;31.89;30.1;30.1;402152
29.6;32.1;29.37;29.7;632915
30.6;31.99;30.6;31.75;461517
30.66;31.95;30.6;31.5;241851
31.54;33.25;30.9;33.25;352282
33.25;34.05;32.15;33.6;249821
33.5;33.52;30.8;31.58;237894
32.2;32.4;30.41;32;286992
32.58;34.38;32.4;34.38;868275
34.6;35.71;34.13;35.2;1179657
34.6;35.7;33.2;35.7;654260
35.6;36.1;34.87;35.82;751148
35.6;35.7;33.15;34.09;576091
34.09;35.24;33.71;33.95;478617
33.9;36.5;33.9;35.67;1357101
35.6;36.6;35.11;36.1;423956
36.1;37.05;35.61;36.8;1285527
36.4;37.72;36.3;36.83;1310950
36.6;37.85;36.6;37.6;703928
37.6;38.6;37.6;38.45;1735724
38.4;38.55;36.47;37.5;679006
37.4;37.7;35.7;37.3;575554
37.1;37.9;36.6;37.9;795268
37.6;37.9;37.1;37.45;608638
36.6;37.18;35.8;36.4;385768
36.1;37.04;35.35;36.75;1865879
36.85;36.85;35.83;36.59;320280
36.6;38.45;36.35;37.8;859927
37.3;37.6;34.4;34.64;1883637
34.68;35.78;34.66;34.82;618036
34.6;35.69;34.4;35.5;577326
34.92;35.79;34.92;35.6;876676
35.12;36.29;35.1;36.1;574206
36.1;36.7;35.81;36.46;714326
36.46;36.46;34.78;35.09;484458
34.77;35.6;34.44;35.45;599545
35.3;35.3;34.4;34.85;458526
34.11;34.99;34.11;34.68;486774
34.5;34.5;33.24;34.1;845635
33.5;34.8;33.4;34.5;749974
33.72;36.04;33.72;35.61;437534
35.6;36.6;35.6;36.6;668740
36.5;36.6;34.86;36;512821
35.6;36.55;34.01;34.95;819755
34.6;35.1;33.92;34.4;760262
34.1;35.54;34.1;34.35;404127
34;34.3;32.31;33;1188916
32.4;32.57;30.35;31.29;1750927
30.95;32.93;30.95;32.85;1266663
33.1;33.62;32.56;33.03;710593
32.15;35.8;32.01;34.6;803989
34.68;35.85;34.5;35.6;679534
35.25;36.5;35.15;36.1;984207
36.1;36.1;34.36;34.78;592751
34.9;36.6;34.35;36.29;1194893
36.1;37.2;35.26;36.3;979574
35.05;35.9;33.8;34.58;1106590
36.1;36.3;33.16;34.02;1671616
33.65;34.39;32.56;33;942809
33.53;33.53;31.4;32.27;863314
32.1;32.85;30.8;31.9;699055
32.64;32.93;31.61;32.69;707397
31.7;32.24;30.65;31.6;788345
31.1;31.9;30.35;30.35;1190380
31.05;31.5;30.4;30.87;1327428
31.58;33.96;31;33.35;998541
32.97;33.9;32.25;33.4;495960
34.06;34.57;32.4;33.1;666561
32.6;32.8;31.5;31.85;978832
31.6;32.65;31.04;31.15;1080569
31.55;31.85;30.52;30.6;1021729
30.6;31.5;30.15;30.66;918661
30.4;31.85;30.25;31.65;695333
31.35;33.8;31.35;33.6;1215203
33;33.54;31.43;32.05;471399
31.66;32.1;30.97;31.6;451104
31.2;33.47;31.18;33.47;745355
33.39;33.59;31.9;33.35;895839
33.54;34.35;33.07;33.5;391971
32.63;33.37;32.41;33.3;384651
33.1;33.6;32.4;32.63;1090291
33;34.46;32.2;34.4;1720776
34.18;34.5;33.75;34.2;988388
34.09;34.5;33.6;33.75;383634
33.6;34.7;33.6;34.51;804791
34.11;34.65;33.96;34.09;589991
34.4;36.1;34.1;35.9;3739808
35.5;36.5;35.5;36.35;1496334
36.55;36.6;35.96;36.5;1109822
36.55;36.79;35.7;35.72;991056
35.6;36.85;35.42;36;1252122
36;37.1;36;37.1;1676408
37.1;37.1;36.72;36.8;599776
36.61;37.1;36;36.6;482839
36.6;37.1;36.05;36.9;1003096
36.2;37.5;36.12;37.5;951377
37.4;37.6;37.15;37.55;718612
37.55;38.1;37.25;37.9;1476460
38.09;38.09;36.71;37.92;1180361
36.91;38.2;36.9;38.2;1683917
37.9;39.1;37.9;39.1;2331031
39.1;41;38.6;39.6;5353325
39.6;40.25;39.25;39.6;1193174
39.4;39.5;38.31;38.31;1187930
38.2;39.5;38.2;39.3;1056968
39;39.8;39;39.6;474793
39.75;39.8;38.7;39.2;1173749
38.8;39.9;38.65;39.3;533262
38.8;39.45;37.16;38.09;1863383
37.35;37.96;35.62;36.7;5039265
36.2;37.6;36.2;36.73;632225
36.73;37.97;35.91;37.79;557488
37.92;38.09;36.85;37.05;814589
36.96;37.5;36.41;37.3;2555680
36.31;37.89;36.31;36.85;925317
36.65;37.25;36.6;36.75;530062
36.6;36.8;35.48;36.15;1483660
36.1;36.29;35.41;35.41;495196
35.52;37.4;35.52;37.4;635286
36.15;36.35;34.75;34.91;1813201
34.91;35.75;34.7;34.81;1128024
34.7;35.1;33.86;34.15;548738
33.8;35.02;33.8;34.35;310024
34.35;34.85;33.82;34.3;484030
34.84;35.98;34.7;35.2;567829
35.59;37.04;35.57;36.98;1099096
36.45;36.95;35.71;36.3;437346
36.6;36.6;35.6;36.25;846351
35.65;36.25;35.65;36.01;602999
35.59;35.59;34.42;34.7;1680318
33.92;38.45;33.87;38.45;2007755
36.1;36.95;35.4;36.35;1368647
36.1;36.9;35.91;36.16;1260149
35.81;36.16;35.4;35.78;384262
35.56;36.18;35.2;35.79;419383
34.88;36.12;34.88;35.6;1002419
35.59;35.59;33.6;33.79;1400293
33.78;34.25;32.22;33.01;1221233
32.2;34.2;32.2;33.6;1061685
34.25;34.6;33.91;33.94;2524084
34.62;35.42;34.41;34.85;737930
34.11;35.1;33.86;34.35;437467
34.11;34.15;33.67;33.8;493172
33.6;34.59;32.1;34.2;1754769
33.5;33.9;32.63;33;717977
33.34;33.41;32.75;33.22;523795
33.3;33.34;32.72;33.29;439013
33.1;33.29;32.55;32.61;431939
32.5;32.99;32.1;32.1;542315
32.66;33.35;32.4;32.68;829257
33.1;34.38;33.09;33.6;572887
34.1;34.1;33.4;33.6;457584
33.89;35.07;33.54;34.6;1192840
34.41;34.7;32.91;33.1;1010450
33.3;35.5;33.3;34.54;765627
33.1;33.8;32.45;33.6;1700213
33.6;33.7;33.4;33.6;761449
33.6;33.8;32.5;33.56;577769
33.4;33.4;32.61;32.71;309610
32.4;32.59;31.78;32.17;500695
32.1;32.6;31.81;32.25;350134
32.5;32.5;31.66;32.21;524641
32.08;32.4;31.72;32.1;623359
31.98;32.34;31.91;32.1;236896
32.01;32.1;30.92;30.92;595101
31.1;31.7;30.6;31.11;727515
31.5;31.75;30.4;30.45;904325
30.65;30.88;30.4;30.8;740441
30.6;32.05;30.15;31.26;744669
31.6;32.34;31.22;31.22;622898
31.37;31.9;31.37;31.7;580919
31.85;32.54;31.63;31.92;724783
31.9;32.48;31.9;32.11;579929
32.1;32.55;31.7;31.9;1772219
32.75;33.25;31.35;31.6;994785
31.13;32.35;31.13;31.7;739625
31.6;32.5;31.55;31.55;320909
32.1;32.37;31.2;31.9;388838
31.61;32.78;31.35;31.96;477731
32.34;32.34;28.52;29.06;1285970
29.26;30.6;28.59;28.59;1529395
28.1;28.35;25.95;27.32;1093950
27.1;27.98;20.6;22.6;1816132
19.6;22.58;17.41;18.2;3340104
18.95;19.1;18.33;18.95;2043270
19.46;19.79;15;16.15;2397026
15.35;17.18;14.89;17.17;2320220
17.8;19.09;17.4;18.6;3959945
18.5;18.5;15.85;17.2;1820894
17.09;17.65;15.85;17.29;1706986
16.11;16.4;14.32;15.44;2312811
15.6;18.19;15.45;18.19;1465440
18.6;20.4;17.15;19.35;1220355
19.1;20.4;18.75;18.75;978908
18.6;19.45;18.18;18.6;826789
19.6;20.1;18.92;19.8;1097390
20;20.09;18.65;18.69;883920
18.85;19.1;18.1;18.94;535437
19.35;19.37;17.72;18.44;857678
19.59;20.25;19.1;19.72;1949488
18.91;19.6;18.86;19.3;673009
18.7;19.5;18.55;19.12;1602961
18.62;20.3;18.62;20.3;1152095
19.95;22.54;19.85;22.35;1141207
22.75;23.55;21.61;21.9;1440198
23.1;23.43;21.59;21.59;1346216
21.55;21.95;20.32;20.74;942557
20.35;21.65;20.35;21.35;455821
21.01;23.03;21.01;22.6;845026
21.6;23.05;21.6;22.45;1485970
21.95;22.67;20.9;21.04;1041756
21.6;21.89;20.22;21.69;496344
21.73;23;21.19;22.64;504616
23.09;23.5;22.49;22.65;681717
23.03;23.99;22.2;22.39;1005815
23.5;24.38;22.82;23.95;1171611
23.6;23.8;22.42;23.53;596318
22.63;22.79;21.86;22;976879
21.17;23.8;21.17;23.47;736847
22.83;23.26;22.35;23.09;299182
23.1;23.35;22.2;23.2;466890
23.25;25.1;23.2;24.87;1048438
24.41;25.43;24.41;25.02;1097353
25.1;25.1;23.47;23.96;1264917
23.6;25;23.53;24.58;819575
23.81;25.15;23.22;24.58;600304
24.57;24.57;21.2;22.48;994224
23.01;24.86;22.6;24.6;911616
25.3;28.85;24.62;26.6;3218914
26.12;27.21;26.1;27.21;1409851
25.98;26.65;25.1;26.57;1233293
25.95;27.6;25.9;27.54;863283
27.6;27.9;26.55;26.88;864411
25.85;26.75;25.44;25.5;603137
25.4;26.29;25.3;26.29;467025
25.95;26.44;25.85;26.24;236861
26.61;27.2;26.1;26.1;532173
26.58;26.58;25.6;26.18;383690
25.8;26.1;25.12;25.7;4013984
25.12;25.99;24.61;25.38;621533
25.11;25.6;24.96;25.6;439894
25.1;26.38;25;25.35;372399
25.23;26.97;25.1;26.23;665555
26.88;27.77;26.55;27.77;697476
28;30.25;27.99;29.85;1187324
29.4;29.59;28.12;28.5;577173
28.4;28.4;27.2;27.71;469622
27.12;29.6;27.12;29;763022
29.61;30;28.5;29.4;1846591
28.99;29.2;27.19;27.6;1184929
27.1;28.48;27.02;27.44;488181
27.6;28.38;27.4;28.1;769654
28.2;28.9;27.75;28;870238
27.6;27.9;26.9;27.28;790709
27.33;28.9;27.3;28.33;886430
27.4;28.56;27.4;28.17;467148
27.77;28.1;27.51;28.09;100669
28.39;28.62;27.86;28.59;288663
29.08;29.48;28.75;29.43;430722
29.8;29.8;28.9;28.9;333489
29.43;29.57;28.96;29.15;593503
29.3;29.9;29.05;29.6;1838416
29.6;30.42;29.52;29.9;1237400
29.7;30.1;29.32;29.6;987382
29.31;30.19;28.8;29.59;1098060
29.6;30.01;29.51;29.95;1025387
30.2;31.3;29.6;31.02;1456953
30.27;30.85;29.25;29.55;853419
29.55;30.06;28.95;30.06;1377790
30.06;30.06;28.73;29.2;727058
28.8;30.1;28.8;29.65;923524
29.49;30.44;29.49;30.15;745259
29.73;30.15;29.22;30.15;727119
29.85;30.95;29.77;30.62;1047463
30.24;31.04;30.17;31.04;819641
30.6;31.5;30.4;31.3;1137590
31.25;31.25;29.4;29.92;1235412
29.88;31;29.86;30.91;807215
31.1;31.19;30.18;30.44;483800
29.8;30.5;29.15;29.22;1201441
29.6;29.87;29.2;29.6;1117300
30.2;30.2;29.18;29.45;809617
29.3;29.4;29.03;29.18;427773
28.8;29;27.5;27.59;1432138
27.2;28.05;26.63;27.1;952141
26.8;27.8;26.8;27.29;585991
26.87;27.95;26.87;27.95;581790
27.95;29.45;27.6;29.3;1166594
29;29.3;28.61;28.96;586843
28.9;28.9;28.45;28.66;888757
29.04;29.85;28.7;29.84;1090790
29.8;29.84;29.33;29.45;544448
28.84;29.5;28.84;29.49;177366
29.15;29.45;27.49;27.65;1356754
27.41;28.35;27.41;27.78;394491
27.85;28.8;27.85;28.15;418203
27.95;28.6;27.7;28.2;299522
28.75;28.9;27.92;28.11;657342
28.48;30.25;28.2;29.95;1236271
29.91;30.39;29.46;30.39;600274
30.45;31.42;29.79;31.05;1480265
31.05;31.62;30.74;31.33;929553
31.4;32.63;31.4;32.09;888708
32.1;32.8;31.95;32.6;868639
32.8;34.57;32.8;34.35;2395142
33.9;35.6;33.9;34.81;1553255
34.12;35.4;34.12;35.23;728323
35.3;36.31;34.95;35.85;1417838
35.6;35.75;35.1;35.35;1089556
35.2;35.4;34.16;34.56;1019392
33.87;35.05;33.87;35.05;706838
34.82;35.7;34.82;35.33;1189951
35.1;35.54;34.9;35.25;910475
35.3;35.4;34.8;35.05;995855
34.81;35;34.14;34.6;769182
34.84;34.84;34.14;34.39;582559
34.31;34.38;33.33;33.84;992400
33.84;34.2;33.6;33.75;440019
33.9;33.9;33.45;33.6;705504
33.6;33.65;33.4;33.59;1584963
33.55;34.82;33.55;34.6;1218883
34.5;35.08;34.5;34.62;778616
35.28;35.58;34.91;35.01;1073350
35.15;35.6;34.31;35.25;1130390
35.58;35.6;35.15;35.48;673960
35.59;35.59;34.81;34.9;890033
35;35.39;34.91;35.35;556858
35.1;37.17;35;36.89;1604005
37.4;37.6;36.42;36.47;1387269
36.1;37.1;36.05;36.57;588519
36.5;36.78;36.01;36.78;467020
36.1;36.4;35.7;36.07;1103273
36.1;36.55;35.42;35.74;770547
35.74;36.12;35.2;36.12;955961
35.55;36.15;35.54;35.65;701743
35.65;35.7;34.85;35.1;658802
35.4;35.4;34.2;34.85;884423
34.3;35.62;34.2;34.45;609136
33.5;34.09;32.92;33.24;2353982
33.1;33.59;32.82;33.02;1969155
32.82;33.49;32.7;32.98;1085755
33.38;33.78;32.66;33.46;1453115
33.6;34.75;33.55;34.21;1815185
34.79;36.08;34.46;35.8;3630521
35.46;35.82;35.3;35.74;738298
35.25;35.3;33.71;34.18;1679000
33.73;35.04;33.73;34.6;1171329
34.7;34.93;33.82;34.55;417081
33.98;34.48;33.42;33.86;907628
33.4;34.04;33.4;33.86;716263
33.86;33.86;33;33.2;593637
33.42;34.31;33.25;34.1;1326716
34.45;34.45;33.16;33.9;767642
34.3;34.35;33.4;33.49;958902
34.1;34.1;33.54;33.81;609572
33.93;34;33.35;33.6;469471
33.35;33.73;32.47;32.95;733593
32.95;33.3;30.99;31.7;1284097
32.1;32.5;31.85;32.01;1262549
32.48;33.35;32.11;32.95;2058976
32.6;32.93;31.22;31.5;1784585
31.72;32.5;31.37;31.6;664592
31.78;31.8;31.04;31.65;669495
31.16;32.35;31.11;32.2;1933130
31.59;31.94;31.35;31.49;1623218
31.29;32.26;30.46;30.93;853898
31.58;31.94;30.5;31.18;526613
31.2;32;31.05;31.67;536838
30.71;31.4;30.26;30.7;678729
30.81;31.3;30.52;30.9;488952
30.9;31.45;30.9;31.15;932361
31.1;31.1;30.01;30.8;757159
31.1;31.14;29.97;29.97;508260
29.9;30.44;28.6;28.7;1863935
28.8;30.1;28.8;30.1;513118
30.44;30.44;29.7;29.92;570949
29.7;30.9;29.42;29.62;605839
29.55;30.35;28.2;28.31;860846
28.1;29;27.96;28.15;697491
27.9;28.64;27.45;27.5;641845
28;28.9;27.9;27.95;1022450
27.3;27.59;26.07;26.95;1378740
27.2;28.11;26.7;27.91;1445491
28.11;29.67;28.11;29.67;1019555
29.07;29.6;28.62;29.18;625051
28.89;29.24;26.1;26.2;1800864
26.6;26.84;24.83;24.83;1183817
25.2;26.48;24.46;25.95;1295489
26.5;27.1;25.95;27.1;590853
27.1;27.14;26.29;27.14;452860
26.66;27.9;25.87;26.1;601072
25.92;26.22;23.73;23.8;1034561
23.6;23.92;22.62;22.62;1159527
23.46;24.02;22.55;22.6;831770
22.65;23.3;21.12;21.35;719919
22.39;23;20.9;22.2;1019835
21.4;23.38;21.4;22.99;850592
23.02;24.45;23.02;24.3;914869
23.8;23.85;21.6;22.15;927294
22.58;23.2;20.77;20.77;741547
21.43;21.59;20.21;20.72;973508
20.4;21.4;19.13;19.6;1706336
21.19;21.19;20.1;20.65;1101529
20.56;20.6;19.36;19.97;1044046
20.6;22;19.42;22;985104
23.3;23.5;19.95;20.99;1906703
20.1;22.99;19.85;22.25;1891285
22.4;23.09;21.64;21.78;914779
22.3;23.38;21.73;22.72;1095106
22.75;22.75;20.6;20.6;1169011
20.4;21.6;19.5;21.21;1663797
21.35;21.6;20.62;20.91;919671
21.1;21.55;19.7;20.5;1824453
21.19;22.6;21.19;22.38;1155551
22.04;22.45;21.22;21.91;398683
22.35;22.4;20.77;21.6;371775
20.84;21.61;20.7;21.03;487822
22.18;22.2;20.92;21.67;408332
22.08;22.4;21.48;21.98;453396
21.62;24.35;21.62;24.26;676013
24.18;24.35;23.19;23.33;936633
23.16;24.6;23.16;24.25;711492
24.13;26.6;24;26.6;1306508
26.6;26.94;25.7;26.44;723571
25.72;26.77;25.48;25.65;401716
25.65;26.84;25.42;26.75;498507
26.33;26.33;24.4;24.5;735640
24.03;24.46;23.3;23.84;998027
23.9;24.57;22.7;24.1;1172454
24.1;24.29;23.2;23.31;500886
23.2;23.28;21.6;21.6;631992
21.35;22.32;21.35;21.67;700685
21.99;22.35;19.9;21.1;1233709
21.1;23;20.9;22.33;1005013
22.6;22.6;21.36;21.6;733518
22.6;23.06;21.88;22.39;644205
22.1;23.95;21.37;23.6;1519577
23.25;23.4;21.72;22.23;802135
21.81;22.95;21.6;21.77;899873
21.6;22.1;21.1;21.61;644256
22.4;23.43;21.4;21.6;956674
21.59;22.07;20.38;20.6;988688
20.48;21.5;19.22;19.4;748756
19.42;20.1;19.16;19.72;696820
19.94;20;18.71;19.28;806589
18.88;19.5;17.6;18.27;874015
17.69;19.33;17.4;17.74;1081660
18.4;19.35;17.9;19.16;994031
19.54;20.6;19.1;19.94;1029304
18.7;19.6;17.82;18.15;927447
18.6;18.84;17.14;17.59;863495
18.59;18.65;16.6;17.16;1153321
17.4;18.22;16.85;17;760395
17.13;17.87;16.13;16.64;854673
16.1;17.11;15.85;15.86;769774
16.84;17.35;16.5;16.6;1948939
16.98;17.1;15.78;15.88;756742
16.02;16.5;15.35;16.29;649147
17.08;18.05;16.7;17.66;1314886
17.1;17.45;16.25;16.54;785461
17.28;19.74;16.91;19.46;1728543
18.73;20.29;18.45;19.94;1534597
20.4;21.05;19.53;20.87;885840
21.3;21.7;19.81;21.35;1051129
20.86;21.68;20.35;21.27;568006
21.78;23.08;21.35;22.36;1382374
22.35;23.09;20.9;20.9;651800
21.77;22.05;20.93;21.67;975549
21.1;22.8;20.9;21.89;1326567
22.87;24.1;22.29;23.4;1288295
23.22;23.88;21.45;21.65;890848
21.88;22.85;21.6;22.58;1021748
22.78;24.45;22.6;24.45;1404969
24.32;24.32;23.07;23.6;514160
24.47;25.28;24.1;25.22;1212020
24.7;24.95;23.53;23.77;1736495
23.18;23.3;21.72;21.95;2894150
22.45;23.31;22.02;22.46;1674859
22.05;23.02;21.78;22.6;772116
22.01;22.59;22.01;22.11;522673
22.45;22.5;21.22;21.73;779870
21.68;22;21.07;21.48;611362
21.78;22.68;21.11;22.25;666169
22.85;24.05;22.1;23.9;1423054
23.9;25.03;23.89;24.44;747319
24;24.3;22.83;23;650198
23.08;23.55;22.52;23.3;660596
23.8;24.43;23.62;23.86;1012038
23.92;24.43;23;24.1;678501
24.3;24.3;22.7;23.21;729412
23.2;23.59;22.43;22.57;440747
22.85;23.6;22.35;23.42;4719916
22.91;24.39;22.91;24.11;534060
24.1;24.4;23.6;23.83;441257
23.68;25.29;23.68;24.22;733950
23.96;24.6;23.42;23.93;512793
23.4;24;22.94;23.16;576823
22.9;23.25;21.7;22.25;1015105
21.91;22.1;21.02;21.7;860773
22.5;22.5;20.81;21.1;677200
20.94;21.99;20.8;20.95;1022405
21.05;21.57;20.72;21.4;543879
21.75;22.85;21.3;22.6;1331370
22.74;22.74;21.35;21.6;696685
21.21;21.9;20.8;21.06;698346
21.6;21.6;20.2;20.3;841758
20;20.85;18.7;18.9;1466802
18.7;19.32;17.69;17.98;1231132
18;18.84;18;18.45;614314
19.45;19.45;17.73;18.06;815830
18.79;18.79;17.4;18.1;260621
17.7;17.9;17.12;17.38;251492
17.2;17.23;16.8;17.14;1369496
17.2;17.9;17;17.46;450163
17.5;18.6;17.2;18.35;843159
18.87;19.1;18.12;19.1;1212981
18.91;19.6;18.45;18.75;964648
18.9;18.9;18.1;18.2;750635
18.1;18.34;17.5;17.6;996031
17.51;17.85;17.02;17.57;1064402
17.25;17.73;17.1;17.2;659610
17.6;17.89;17.43;17.6;1306002
17.81;18.36;17.39;17.55;1188896
17.69;17.89;16.59;16.6;1303239
16.63;17.8;16.63;17.27;1663300
17.28;17.6;16.93;17.35;1440755
17.25;17.6;16.51;16.96;626136
17.07;17.59;16.16;16.34;795240
16.09;16.25;15.02;15.58;2009010
16.02;16.02;14.6;14.8;1157171
14.76;15.37;14.6;14.78;1075976
14.6;14.81;13.98;14.24;1319445
14.55;15.95;14.28;15.24;1477254
15.29;15.3;14.64;15.26;1509756
15.33;17.2;14.94;17.1;1246983
16.34;17.75;16.34;17.22;1028798
18.07;18.07;17.32;17.53;729270
17.48;17.8;16.1;16.19;935165
16.2;16.83;16;16.11;1063494
16.1;16.79;16.1;16.45;980810
16.21;17.5;16.21;17.23;1060050
17.35;17.55;16.62;16.85;1146095
16.99;18.2;16.66;17.97;918087
17.5;18;16.8;17.1;1013726
16.9;17.6;16.61;17.3;586599
17.3;18.75;17.3;18.26;1162828
18.85;19.1;18.34;18.49;385787
18.69;19.48;18.27;19.21;506001
19.35;19.44;18.85;19.05;732325
19;19.15;17.86;18.03;662882
17.63;18.55;17.63;18.31;537992
18.21;18.8;17.5;17.61;633946
17.3;17.6;16.6;16.85;1116564
17.1;17.61;16.4;16.45;5149959
16.1;17.78;16.09;17.61;1137763
19.05;19.05;16.09;17.1;1424204
17.53;18.18;16.98;17.26;1007649
17.29;17.39;15.97;16.3;857066
16.45;17;15.5;16.11;1112284
16.1;17;15.59;15.78;899711
15.54;15.59;14.65;14.95;858226
14.7;15.35;14.4;14.54;592498
14.18;15.4;14.12;15.12;830567
15.1;15.8;13.61;14.01;1077710
14.5;15.75;14.3;15.59;1045497
15.72;17.3;15.19;17.04;1436500
15.13;18.19;15.13;18;780271
18;19.6;17.11;18.3;1433493
18.25;18.6;17.65;18.2;962950
18.08;18.58;17.3;17.43;833610
17.54;18.95;17.54;18.95;567414
18.58;18.69;17;17.17;861629
16.71;17.1;15.71;16.86;1121676
16.32;17.29;15.9;16.04;994520
15.97;16.42;15.7;15.82;636751
15.61;15.7;14.15;14.76;1698406
14.3;14.72;13.72;13.92;1374979
13.7;14.75;13.7;14.24;989938
14.6;15.68;14.53;15.3;1138142
15.79;16.2;15.3;16.02;802390
16.3;16.68;15.61;16.08;1010575
16.95;17.88;16.45;17.41;1147154
17.4;17.47;16.29;16.6;1125035
16.32;17.56;15.31;17.1;1008941
16.93;16.93;15.3;15.4;1489983
15.6;15.81;15.25;15.25;2009454
15.2;15.7;15.03;15.13;914273
15.42;16.05;15.42;15.97;1666243
16.55;16.81;16;16.43;1701064
15.83;16.61;15.79;15.94;1220725
16.19;16.25;15.17;15.59;731139
16.35;17.9;16.2;17.1;1657795
16.7;17.69;16.68;17.05;1643022
17.1;17.1;16.35;16.5;944487
16.15;17.4;16.15;17.35;741788
17.61;18.3;17.43;17.48;992921
17.35;18.5;17.35;18.13;956623
18;18.16;17.33;17.72;1035566
18.1;19.34;18;19.14;1287033
19.09;19.46;18.52;19.3;1112004
19.34;21.57;19.1;20.47;2675743
19.95;20.5;19.3;19.62;1298655
19.16;20.44;19.16;20.22;886205
20.21;20.52;19.13;19.56;879436
19.97;19.97;18.93;19.75;1006612
19.23;20.56;19.23;20.38;1192594
20.3;21.57;20.3;21.32;1278958
21.2;21.64;20.4;20.84;992493
20.3;20.3;19.31;19.5;2814448
19.29;19.66;19.03;19.37;897218
19.57;19.57;18.25;18.88;1732010
19.01;19.68;18.82;19.59;1732302
19.93;19.95;19.26;19.7;1653895
19.67;20.17;19.67;19.78;364363
19.8;19.8;18.69;19.6;653135
19.74;20.28;19.74;19.98;538511
19.71;21.04;19.71;20.41;750141
20.24;20.9;20.2;20.56;2438776
20.1;20.23;19.05;19.48;1875016
19.48;20.5;19.31;20.5;1156485
20.68;21.9;20.67;21.15;1889974
21.42;21.69;20.27;20.66;1070489
20.66;21.68;20.66;21.28;933517
21.1;21.59;21.1;21.24;1090554
21.41;21.65;21.1;21.52;665281
21.81;21.9;21.12;21.55;815540
21.4;22.44;21.31;22.2;1510586
21.92;22.05;20.8;21.41;1957045
21.41;21.59;21.03;21.5;1008547
22.1;22.1;21.6;22;1116312
22;22.26;21.73;22;1763359
22.1;22.24;21.73;21.94;1164516
21.55;22.2;21.55;21.85;1566218
21.6;21.9;21.25;21.43;911060
21.42;21.42;20.37;20.85;2250686
19.8;20.33;18.75;19.14;3753263
18.85;20.12;18.7;19.8;1485100
20.19;20.68;19.82;20.6;1556228
20.55;20.7;19.86;20.1;1000906
19.93;20.2;19.36;19.57;944580
20.2;20.66;19.85;20.42;1335733
20.34;21.19;20.34;20.64;966891
20.8;21.5;20.64;21.07;720462
21.3;23.12;21.2;22.8;1344973
22.89;23.23;22.19;23.2;813309
23.03;23.2;22.16;22.31;605193
22.15;22.4;21.51;21.67;757786
21.39;21.85;21.21;21.42;1042193
21.48;21.59;21.02;21.3;1462549
21.17;21.54;20.97;21.21;1292619
21.12;21.99;21.01;21.42;1304057
21.21;21.44;20.26;20.74;717083
20.94;21.01;19.8;20.24;1216393
20.5;20.68;19.45;19.61;579329
19.89;20.74;19.66;20.7;843492
20.61;20.78;20.32;20.6;773319
20.6;21.05;20.6;20.9;1248825
20.8;21.25;20.5;20.74;1349591
21.1;21.5;20.89;21.32;1095656
21.18;21.51;20.46;21.1;926538
21.08;21.9;20.41;20.9;908913
21.27;22.35;21.04;22.03;1067698
22.08;23.4;21.4;22.99;2061414
22.8;22.98;22.03;22.35;969872
22.58;22.74;21.82;22;842917
21.73;22;21.22;21.6;694973
21.82;22;21.11;21.35;591636
21.56;21.78;21.16;21.52;542505
21.65;21.86;21.25;21.62;451778
21.87;21.92;21.33;21.82;610725
21.9;21.96;21.61;21.85;453409
21.98;22.7;21.7;22.65;627755
22.79;23.1;22.1;22.32;421203
22.61;22.9;22.1;22.77;380081
23.03;24.15;22.85;23.95;1077809
23.9;24.6;23.65;24.59;1415123
24.4;25.24;24.3;24.9;866110
24.95;25.09;24.32;24.67;555065
24.23;24.9;24.08;24.25;446939
24.3;24.85;23.91;23.91;592509
24.13;24.27;23.6;23.98;3850826
24.21;24.58;23.95;24.26;1132202
24.48;24.7;24.03;24.09;677399
24.55;25.19;24.31;24.9;583964
25.21;25.6;24.91;25.04;755866
25.04;26.03;24.85;25.3;1137936
25.14;25.8;24.2;24.59;753273
24.91;25.03;23.43;24.09;1308036
23.63;24.05;23.09;23.28;1349195
23.36;23.8;22.3;22.3;1323084
21.41;22.06;20.78;21.62;3049856
21.21;22.2;21.11;21.93;1185524
22.32;22.45;21.25;21.42;1287627
21.85;22.06;21.62;21.72;529952
22.07;22.6;21.9;22.55;970881
22.61;22.94;22.21;22.52;911324
22.8;22.8;21.9;22.38;583649
22.4;22.59;21.38;22.23;1451943
21.9;22.15;21.43;21.43;797863
21.43;21.6;20.67;20.8;969706
21.75;21.93;21.4;21.85;1640925
21.32;21.85;20.46;20.54;1014883
20.4;20.98;20.4;20.75;675897
20.69;20.94;20.2;20.23;742204
20.25;20.78;19.92;20.22;1824858
20.57;21.09;20;20.59;1077122
20.8;21.17;20.63;20.78;1416388
20.81;21.89;20.8;21.79;1759047
21.88;21.91;21.49;21.74;518222
21.54;21.55;21.04;21.1;726395
21.25;21.39;20.68;21.18;904694
21.48;21.66;20.72;21.6;888067
21.79;21.9;21.22;21.6;640809
21.87;22.26;21.56;22.14;490675
22.34;22.35;21.65;21.85;1554628
21.81;22.75;21.66;22.41;855468
22.04;22.22;21.42;21.42;3359358
21.78;21.78;21.35;21.58;1635138
21.46;21.57;20.8;21;1123849
21.3;21.38;20.91;21.2;1384584
21.1;21.27;20.8;20.87;1470026
20.64;21.09;20.54;21.02;1048614
21.03;21.43;20.85;21.28;1018215
21.12;21.5;21.1;21.35;836145
21.5;22.35;21.3;22.24;1757333
22.36;22.94;22.1;22.53;1307763
22.54;23.35;21.91;23.11;1503944
23.24;23.24;22.43;22.43;1245632
22.4;23.06;22.4;23;1309022
23.1;23.5;22.73;22.85;1956171
22.7;22.9;22.18;22.36;1518178
22.65;24.02;22.46;23.71;2538923
23.85;24.48;23.76;24.07;1433056
23.83;24.22;23.47;23.65;685500
23.46;23.97;23.4;23.85;580121
23.69;23.99;23.38;23.59;792746
24.15;24.4;23.95;24.3;1106035
24.31;25.07;24.1;24.96;1092425
24.23;24.48;23.83;23.98;730484
24.3;24.3;23.31;23.39;1066011
23.2;23.55;22.85;23.12;1040857
23.48;23.48;22.1;22.53;1248766
22.47;22.89;22.15;22.59;928794
22.67;23.59;22.45;23.41;564362
23.4;23.92;23.13;23.7;924927
23.6;23.9;23.4;23.58;624607
23.62;24.39;23.62;24.34;930545
24.48;24.49;23.6;23.6;1952900
23.82;24.59;23.41;24.28;889647
24.4;24.8;23.96;24.6;1263166
24.7;25.12;24.54;24.83;755781
24.65;25.08;24.5;24.9;473426
24.6;24.92;24.06;24.17;791286
24.01;24.44;23.91;24.27;346152
24.25;24.84;24.25;24.61;1008183
24.41;24.7;23.86;24.27;709759
24.17;24.68;24.07;24.23;637278
24.23;25.48;24.23;25.19;1483532
25.5;25.55;24.73;25;1028501
24.71;25;24.35;24.53;931877
24.87;24.87;23.99;24.04;1326771
23.79;24.77;23.79;24.41;713744
24.37;24.56;23.8;23.98;864275
23.76;24.58;23.76;24.49;501549
24.15;24.32;23.76;23.86;440654
23.75;24.1;23.75;23.91;502178
23.86;24.1;23.7;23.82;358409
24.23;24.23;23.7;23.93;412215
23.72;24.61;23.72;24.5;290841
24.96;24.96;24.1;24.66;347940
24.6;24.85;24.4;24.55;690491
24.56;24.88;24.4;24.6;699825
24.65;24.7;23.7;23.78;1110696
23.45;24.84;23.45;24.6;1207705
24.62;24.7;23.9;23.99;823042
24.15;24.34;23.85;23.87;615303
23.87;24.52;23.86;24.36;929920
24.19;25.2;24.19;24.94;1171158
25.04;25.04;24.41;24.57;960409
24.51;25.08;24.5;24.9;793778
25.15;25.4;24.9;25.4;664893
25.48;25.85;25.17;25.82;1151665
25.85;25.95;25.42;25.67;1034963
25.92;25.95;25.2;25.46;711064
25.75;25.96;25.34;25.6;583464
25.5;25.77;24.91;25.1;749448
25.61;25.69;24.36;24.55;1667082
24.73;25.15;24.37;24.81;1041915
24.94;24.94;24;24.54;1341659
24.78;25.02;24.41;24.74;1072687
24.53;25.08;24.03;24.07;889805
24.19;24.3;23.5;23.8;1096960
23.41;23.94;23.36;23.51;889678
23.59;23.9;23.38;23.75;1118465
23.61;23.9;23.58;23.67;457543
23.95;24.29;23.8;24.2;773459
24.3;24.56;24.1;24.51;954016
24.49;24.55;23.95;24.3;599864
24.2;24.52;24.05;24.18;630584
24.07;24.3;23.81;23.89;590035
23.87;24.29;23.82;24.14;311986
23.98;24.45;23.98;24.3;614006
24.53;24.68;23.81;24.67;604481
24.8;25.32;24.67;25.25;1079580
25.19;25.27;24.61;25.01;820046
25;25.26;24.61;25.04;554030
25.1;25.1;24.05;24.25;1169138
24.43;24.7;23.9;24.3;668891
24.16;24.49;23.56;23.72;1383767
23.97;24.19;23.75;23.91;768285
24.06;24.06;22.86;23.7;1782965
23.7;24;23.5;23.5;1099998
23.89;24.85;23.86;24.59;2482860
24.3;25.05;24.3;24.32;1193720
24.3;24.45;23.81;24.03;1357537
24.2;24.6;24.15;24.48;577029
24.35;25.2;24.3;24.75;1857322
24.8;25.15;24.35;24.51;1147104
24.1;24.4;22.9;23.08;1865092
22.82;22.87;22.1;22.31;2475783
22.17;22.48;21.8;22.02;1123522
21.86;23;21.86;22.21;1841518
22.53;22.75;22.36;22.59;952415
22.93;22.93;21.9;21.95;578291
22.19;22.34;21.5;21.59;934348
21.52;21.52;20.5;20.6;1782691
20.5;21.25;20.45;20.78;1145112
20.64;21.04;20.38;20.62;849450
20.96;21.98;20.73;21.91;1644740
22.1;22.21;21.81;21.98;881065
21.86;22.46;21.72;22.31;599526
22.16;22.43;22.01;22.05;667974
22.11;22.39;21.55;21.57;1053535
22.18;22.27;21.74;22.18;1103478
22.2;23;22.1;22.84;754143
23.15;23.45;22.91;23.3;764977
23.05;23.5;22.65;23.09;1111629
23;23.4;22.8;23.12;912488
23.37;24;23.1;23.36;1091031
23.3;23.97;23.3;23.8;692172
23.25;23.6;23.1;23.3;1301913
23.08;23.7;23.08;23.59;889468
23.63;23.73;23.28;23.69;1236984
23.72;23.72;22.78;23.04;834525
23.1;23.94;23.1;23.57;1136273
23.1;23.59;22.98;23.09;618700
23.01;23.65;23.01;23.6;773566
24.03;24.8;24;24.28;2020476
24.2;24.6;23.27;23.27;2031597
23.61;24.18;23.61;24.01;1275546
23.67;24.25;23.66;24.22;1661048
24.1;24.24;23.69;24.01;1642147
23.85;23.9;23.5;23.72;1230946
23.89;24.13;23.68;23.93;420423
23.93;24.45;23.72;24.04;1126670
23.8;24.1;23.62;23.99;629980
23.65;24.1;22.95;23.04;1177854
23.17;23.31;22.65;22.93;1481414
22.51;22.77;21.8;22.47;973136
22.7;23;22.2;22.82;3534985
22.8;23.05;22.2;22.4;543712
22.55;22.87;22.4;22.7;855167
22.49;22.6;21.85;22.08;1096609
20.7;21.37;20.35;20.88;1136289
21.19;21.2;20.74;20.98;790810
21.05;21.9;21.05;21.59;1666035
21.27;21.54;21.15;21.44;429774
21.64;21.78;21.27;21.58;484760
21.9;22.31;21.72;21.91;1947384
21.85;21.9;21.42;21.58;905412
22.01;22.74;22.01;22.63;1620742
22.9;23.36;22.53;22.62;3788406
22.66;22.84;22.2;22.56;859827
22.44;22.94;22.33;22.6;178391
22.72;22.79;22.27;22.53;671335
22.55;22.77;22.42;22.42;664944
22.6;22.9;22.4;22.78;804955
22.95;22.95;22.52;22.69;911517
23.09;23.4;22.99;23.13;913157
23.37;23.5;22.88;23.14;723821
23.31;23.7;23.16;23.18;716889
23.34;23.35;23.18;23.31;425484
22.2;22.3;21.27;21.68;5220797
21.79;21.86;21.45;21.82;1497695
22;22.02;21.5;21.68;946533
21.72;21.94;21.54;21.65;2308865
21.65;22.55;21.64;22.36;1703952
22.07;22.44;22.07;22.3;2050036
22.55;22.57;22.21;22.23;697718
22.19;22.46;21.82;22.24;722826
22.35;22.87;22.3;22.47;1016692
22.47;22.82;22.47;22.56;828090
22.37;22.86;22.37;22.56;647339
22.69;23.36;22.61;23.31;1169035
23.2;23.55;23.19;23.4;1151820
23.64;23.72;23.21;23.29;1470976
23.58;23.78;22.95;23.07;850695
23.17;23.38;22.7;22.91;768097
22.9;23.1;22.6;22.79;393521
22.85;23.04;22.5;22.62;605186
22.64;22.92;22.41;22.75;586504
22.7;22.96;22.55;22.89;521789
22.7;22.88;22.44;22.83;1158238
22.6;22.97;22.6;22.78;708064
23.01;23.02;22.46;22.66;685047
22.65;23.42;22.41;23.26;1592851
23.2;23.58;22.98;23.35;1145721
23.47;23.55;22.9;23.09;859336
23.04;23.33;22.79;23.12;649991
23.28;23.78;22.89;23.56;1107721
23.65;24.62;23.41;24.4;1757875
24.05;24.41;23.95;24.15;1229657
24.32;24.33;24.02;24.09;844857
24.09;24.21;23.8;23.94;734219
24.05;24.3;23.92;24.09;976889
24.21;24.75;23.85;24.19;2128480
24.23;24.67;23.67;23.97;2502477
23.83;24.07;23.61;23.88;1491360
23.77;23.88;23.5;23.65;708608
23.92;23.96;23.36;23.83;993983
23.69;23.7;23.1;23.37;559817
23.64;23.8;23.37;23.41;602785
22.97;23.2;22.6;22.61;1185864
22.61;22.85;22.22;22.52;880752
22.45;23.05;22.39;22.93;937801
23.1;23.17;22.35;22.58;858634
22.53;22.98;22.08;22.29;814298
22.26;22.82;22.11;22.59;618584
22.48;22.95;22.41;22.9;470985
22.85;23.22;22.7;23.07;682393
23.07;23.34;22.73;23.2;591790
23.36;23.77;23.26;23.51;762852
23.64;23.69;23.33;23.35;553974
23.6;24.05;23.52;23.8;527024
23.79;24.05;23.5;23.95;437932
24.07;24.08;23.53;23.68;514034
23.89;23.99;23.55;23.63;532872
23.8;24.01;23.76;23.82;536997
24.01;24.05;23.71;23.81;226822
23.56;23.65;23.11;23.3;1863172
22.99;23.56;22.99;23.25;898351
23.15;23.76;23.11;23.62;552392
23.4;23.55;22.99;23.53;988586
23.62;23.82;23.33;23.33;623222
23.3;23.75;23.19;23.61;753449
22.5;22.5;21.03;21.37;5825082
21.2;21.54;20.94;21.22;2030310
21.18;21.34;20.94;21.09;1092295
21.11;21.65;21.09;21.6;801608
21.54;21.55;21.15;21.27;877514
21.4;21.5;21.11;21.16;783784
21.1;21.12;20.73;20.94;940944
20.94;21.16;20.69;21.1;971903
21.1;21.15;20.7;20.87;828444
20.82;20.85;20.32;20.53;1406891
20.6;20.68;19.42;19.66;2452668
19.56;19.74;19.3;19.61;1723715
19.64;20.45;19.51;20.1;1498954
20.03;20.15;19.61;19.85;1153462
19.73;19.74;19.24;19.55;1353106
19.54;19.81;19.47;19.76;962182
19.85;21.02;19.71;19.98;3004507
20.16;20.63;20.02;20.59;1398587
20.8;20.89;20.2;20.58;1287463
20.5;20.6;20.15;20.47;1463059
20.51;20.88;20.49;20.87;1117827
20.96;21.6;20.82;21.38;1922236
21.08;21.2;20.66;20.93;1353597
20.76;20.9;20.64;20.86;354460
20.57;20.8;19.89;20.25;1089805
20.5;20.77;20.32;20.57;630279
20.13;20.53;20.05;20.15;727426
19.92;20.24;19.9;20.21;530731
20.27;20.3;19.66;19.66;656470
20.12;20.25;19.67;19.73;1167363
19.58;19.8;19.4;19.74;941336
19.97;19.97;19.66;19.82;921273
19.95;19.99;19.75;19.85;685104
19.46;19.46;19.07;19.21;681757
19.46;19.76;18.97;19.67;1360597
19.8;20.18;19.27;20.05;1365771
20.31;21.01;20.25;20.63;1755551
20.75;21.48;20.67;21.14;1664780
20.98;21.15;20.77;20.87;1331498
20.95;21.35;20.95;21.31;732453
21.49;21.5;20.81;21;1361812
20.84;21.2;20.81;21.16;1143750
21.44;21.56;21.13;21.29;871146
21.26;21.39;20.95;21.33;630238
21.37;21.45;21.1;21.29;859667
21.27;21.57;21.2;21.55;487028
21.49;22.15;21.47;22.1;953813
22.2;22.4;21.85;21.95;932908
22.14;22.35;21.91;22.05;734934
22.1;22.17;21.57;21.68;788211
21.94;22.43;21.84;22.39;1253286
22.27;22.54;22.21;22.34;793374
22.44;22.44;21.87;22.16;615489
22.04;22.04;21.45;21.66;572536
21.88;21.88;21.19;21.19;840083
21.4;21.5;21.17;21.41;979077
21.36;21.79;21.36;21.5;517041
21.46;21.46;21.09;21.25;442597
21.19;21.7;21.18;21.3;593016
21.51;21.51;20.65;20.66;1100260
20.7;21.04;20.65;20.8;1085175
20.95;21.09;20.75;20.8;1105454
20.67;20.98;20.2;20.36;1380856
20.35;20.66;20.25;20.48;1459851
20.49;20.8;20.31;20.74;557182
20.51;20.74;20.49;20.65;593977
20.47;20.75;20.02;20.22;1124085
20.3;20.52;20.08;20.42;913470
20.46;21.04;20.29;20.85;1210743
21.05;21.1;20.72;20.75;1240796
20.33;21;20.33;20.91;1035202
20.9;21.25;20.9;21.1;1275176
20.97;21.18;20.73;20.9;1155651
20.84;20.9;20.66;20.77;1136554
20.8;21.19;20.77;20.94;1202852
21.15;21.58;20.96;21.41;774647
21.23;21.53;21.23;21.43;526301
21.44;21.51;21.23;21.51;42875
21.23;21.33;21.1;21.14;354708
21.1;21.16;20.8;20.93;1007399
20.69;21.08;20.68;20.92;640146
21.11;21.11;20.81;20.89;250855
20.7;20.85;20.5;20.81;192307
20.81;21.1;20.81;20.93;376182
20.85;21.28;20.84;21.21;749016
21.05;21.26;20.84;20.85;765504
20.83;21.25;20.82;21.2;878413
21.15;21.2;20.85;21.03;1405202
21.1;21.1;20.72;20.89;1650980
21.09;21.09;20.18;20.61;1316372
20.49;20.6;20.12;20.24;1425777
20.28;20.46;20.03;20.1;1008543
19.95;20.58;19.85;20.35;1431045
20.5;20.66;20.37;20.66;984416
20.48;20.96;20.48;20.91;1113070
20.87;21.38;20.86;21.27;1119232
21.24;21.52;20.9;21.32;1332233
21.49;21.87;21.23;21.8;1378329
21.78;21.78;20.93;21.06;1470433
21.16;22.22;21.05;22.01;1285059
22.18;22.41;21.35;21.59;981692
21.76;22.25;21.7;22.08;999321
22.08;22.09;21.66;21.77;642451
21.89;22.3;21.73;22.16;1019790
21.95;22.3;21.9;22.18;627023
22.22;22.89;22.21;22.75;1175107
22.73;23.34;22.73;22.8;1297134
22.89;23.04;22.72;22.99;653285
23.1;23.57;22.97;23.35;1142500
23.37;23.39;23.15;23.2;759995
23.22;23.22;22.8;22.98;694691
23.09;23.32;23;23.26;724881
23.59;24.55;23.53;24.11;2937722
24.2;24.59;23.95;24.06;1297109
24.04;24.8;24.01;24.58;864102
24.56;24.58;23.65;23.78;1297732
23.75;24.28;23.75;24.09;821867
24.16;24.72;24.04;24.46;1111024
24.27;24.5;23.71;23.96;1152654
23.72;24;23.46;24;1078967
23.95;23.95;23.41;23.85;1065956
24.1;24.1;23.5;23.63;757758
23.87;24.32;23.8;24.1;896243
24.29;24.29;23.8;23.99;1032790
24;24.54;23.86;24.36;925674
24.4;24.45;24.12;24.43;459426
24.42;24.42;23.91;24.24;653202
24.45;24.46;23.9;24.1;713229
24.14;24.45;23.87;24.18;888039
24.23;24.32;23.82;24.32;1458644
25.15;26.13;25.15;25.58;3086822
25.72;27.4;25.72;26.91;2762981
27.1;27.4;26.44;26.68;1322359
26.65;27.27;26.6;27.1;1486602
27.38;27.64;27.22;27.35;1631014
27.15;27.57;26.96;27.02;1215391
27.04;27.11;26.41;26.48;1627907
26.5;26.66;25.92;26.16;1637153
26.15;26.45;26.15;26.21;1095854
26.28;26.49;26.02;26.21;877402
25.73;26.35;25.73;26.26;610929
26.21;26.78;26.05;26.69;721216
26.67;26.67;26.27;26.58;720538
26.6;26.6;26.19;26.2;727272
26.58;26.83;26.25;26.36;647321
26.35;26.78;26.2;26.49;753762
26.46;26.59;25.99;26.46;930902
26.8;26.8;26.5;26.58;1573015
26.59;26.88;26.45;26.82;984963
26.71;27.1;26.68;26.91;688444
27.05;27.1;26.25;26.26;1045675
26.3;26.34;25.95;26;965994
26.1;26.45;25.92;26.21;1133450
26.61;26.7;26.45;26.5;820378
26.42;26.42;26.12;26.21;401532
26.1;26.1;25.42;25.47;1232364
25.01;25.24;24.68;24.99;870179
25.01;25.32;24.65;24.65;943901
24.97;25.43;24.78;25.41;1190235
25.13;25.57;24.98;25.16;1102906
25.3;25.38;25.04;25.04;876484
25.16;25.36;24.95;25.09;1076910
25;25.1;24.72;24.91;804510
24.62;24.86;23.99;24.24;1530202
24.7;24.72;24.2;24.29;1277816
23.86;24.34;23.86;23.97;990598
24.3;24.69;24.2;24.5;790239
24.6;24.6;24.22;24.4;883003
24.55;24.57;24.1;24.44;754983
24.73;24.9;24.5;24.83;374121
24.64;24.83;24.21;24.71;936864
24.52;24.75;24.45;24.59;585691
24.41;24.69;24.3;24.54;593948
24.25;24.64;24.25;24.34;1183625
24.4;24.73;24.33;24.52;1161021
24.41;24.64;24.34;24.63;767732
24.63;24.79;24.62;24.71;519485
23.6;24.19;23.5;24.14;1312402
24.3;24.67;24.08;24.5;984603
24.65;26.58;24.5;26.2;2369542
25.85;26.32;25.84;26.07;1250353
26.15;26.2;25.69;26.09;611578
25.98;26.1;25.45;25.7;449730
25.8;25.97;25.55;25.9;658790
26.09;26.33;25.9;26.19;548095
26.32;26.35;25.51;25.56;1100588
25.69;26.29;25.53;26.2;869046
26.45;26.45;25.89;26.09;758062
26.1;26.42;26.1;26.4;809243
26.39;26.41;26.15;26.29;551199
26.46;27.04;26.33;26.82;1074504
26.62;26.98;26.5;26.68;706622
26.8;26.99;26.3;26.81;760219
26.74;27.19;26.63;27.13;656797
27.15;27.15;26.65;26.92;729111
27.11;27.3;26.77;27.19;804789
27.34;27.73;26.97;27.72;882096
27.71;27.85;27.53;27.79;778963
27.73;28.02;27.4;27.4;928188
27.54;27.93;27.4;27.79;710205
27.61;28.42;27.6;28.1;1062217
27.82;27.92;27.65;27.75;853164
27.69;28.2;27.55;28.09;795304
27.95;28.09;27.74;27.96;766288
27.95;28.07;27.78;27.94;468080
27.55;27.75;27.42;27.5;669110
27.1;27.53;27;27.08;747829
27.2;27.39;26.66;27.18;969277
27.18;27.63;26.95;27.55;1071927
27.57;27.8;27.13;27.37;1087848
27.15;27.7;27.14;27.65;1153435
27.65;27.83;27.45;27.71;522639
27.8;28.62;27.67;28.55;1978391
29;29.42;27.96;28.49;2422218
28.86;29.02;25.85;27.9;3422855
28.5;29.23;28.38;29.08;1476794
29.07;29.55;29;29.16;786617
29.04;29.5;28.73;29.3;695986
29.43;29.5;29.13;29.47;726370
29.36;29.5;29.03;29.3;684518
29.45;29.45;28.82;29.36;753718
29.35;29.55;29.1;29.44;361459
29.45;30.2;29.34;30.13;1381265
29.88;30;29.69;29.8;1116754
29.79;30.03;29.22;29.64;866520
29.89;30.7;29.66;30.24;1257184
29.84;30.08;29.28;29.65;1173983
29.58;30.12;29.42;30.1;907089
30.1;30.25;29.88;29.98;527922
30.26;31.02;30.26;31.02;1728563
31.08;31.08;30.28;30.6;846762
30.72;30.85;30.62;30.77;322855
30.74;31.04;30.43;31.04;427083
31.08;31.08;30.58;30.7;555718
30.6;30.74;29.9;30.38;815025
30.12;32.55;30.12;32.29;2950802
32.22;32.72;31.6;32.05;990658
31.81;32.46;31.4;32.29;650144
32.4;32.89;31.83;32.72;520030
32.6;32.6;31.96;32.08;396674
31.87;32.04;31.47;31.63;379259
31.51;31.69;31.33;31.52;299377
31.05;31.78;31.05;31.36;550757
31.42;31.9;30.97;31.39;582661
31.36;31.48;30.83;31.16;466033
31.32;31.5;30.85;31.37;857891
31.46;32.05;31.31;32;1048257
31.71;32.1;31.4;31.85;1075887
32.04;32.04;31.65;31.88;963907
31.77;31.8;31.12;31.19;872116
31.35;31.4;30.68;30.95;478370
30.82;31.21;30.65;30.96;568181
30.96;31.17;30.54;30.9;835818
30.8;31.39;30.71;31.35;1022455
31.61;31.75;31.25;31.35;912663
31.3;31.59;30.86;30.96;1087572
31.16;31.78;31.1;31.66;653728
31.7;32.35;31.67;32.09;1085120
32.1;32.1;30.72;30.93;1817689
30.84;30.98;30.55;30.7;1681568
30.7;30.8;30.09;30.5;1274583
30.52;30.82;30.41;30.55;892279
30.6;30.71;29.92;30.07;1159828
30.24;30.31;29.77;30.2;991937
30.21;30.62;30.2;30.55;855282
30.75;30.85;30.51;30.61;1121825
30.5;30.5;29.99;30.06;801797
30.15;30.3;29.88;30.19;1167059
29.98;30.2;29.35;29.39;1016515
29.43;29.75;29.29;29.43;884967
29.84;29.9;29.22;29.55;532963
29.55;30.18;29.55;29.95;870128
29.8;30.23;29.8;29.83;1163139
29.84;29.97;29.36;29.6;968538
29.68;30.49;29.57;30.3;1143765
31.1;31.7;30.6;30.62;2133990
30.9;31.59;30.9;31.06;1335381
30.97;31.58;30.65;31.47;757710
31.16;31.78;31.16;31.4;1162157
31.05;31.27;30.73;31;1004550
30.7;31.21;30.22;30.85;1579824
31.37;32.8;30.93;32.17;2052079
31.95;32.61;31.2;31.62;1676354
31.32;31.48;31.17;31.3;1137582
31.35;31.35;30.45;30.68;1247899
30.6;31.28;30.6;31.03;1341462
31.31;31.34;30.85;31.22;855531
31.31;31.46;30.61;30.68;1346595
30.04;30.15;29.21;29.58;2400980
30.07;30.09;29.56;29.71;872179
29.15;29.61;28.92;29.11;1100237
29.26;29.96;29;29.84;664703
29.85;30.1;29.47;29.96;929119
30.1;30.38;29.76;29.9;854938
29.61;30.23;29.31;29.61;1082002
29.68;29.98;29.31;29.51;839589
29.91;30.26;29.71;30.26;530629
30.26;30.54;30.03;30.04;549641
29.83;30.85;29.83;30.72;1066030
30.7;32.5;30.7;32.35;2375166
32.07;32.45;31.92;32.16;1073102
32.02;32.18;31.75;32.18;1065940
32.1;32.1;31.48;31.8;1255273
32;32;31.48;31.9;653600
32;32.7;31.76;32.44;1120643
32.6;33.58;32.43;33.4;1019826
33.18;33.35;33.05;33.1;707172
33.14;33.24;32.7;33.15;625687
33.19;33.19;32.76;32.9;698753
33.1;33.92;32.99;33.65;1488780
34;34.55;33.74;33.88;1515107
34.2;34.2;33.56;33.76;964847
33.72;34.2;33.34;34.09;728039
34.2;34.38;33.5;33.87;752992
33.97;34.14;33.48;33.69;724327
33.7;33.75;33.55;33.75;477291
33.8;34.16;33.65;34.06;1396673
33.95;34.09;33.55;33.77;1021112
33.82;33.84;33.33;33.75;1355571
33.88;34.31;33.51;34.22;1038439
34.35;34.81;33.95;34.46;767549
34.38;34.76;33.94;34.1;588038
34;34.23;33.58;33.89;1066781
33.98;34.13;33.59;33.84;995876
33.75;34.22;33.3;34.19;1117868
34.11;34.46;34.03;34.28;576236
34.19;34.28;33.94;34.07;1007096
33.97;34.6;33.61;34.27;1401138
34.4;34.4;33.79;33.85;741957
33.75;33.94;33.69;33.9;1357489
33.75;34.15;33.69;33.92;1264367
33.67;34.2;33.67;33.92;637079
33.62;33.8;33.56;33.78;477265
33.71;34.48;33.71;34.39;888329
34.35;34.6;34.23;34.4;601894
34.59;34.6;34.27;34.42;374613
34.55;35.75;34.43;35.35;806898
35.56;35.58;34.82;35;404328
35;35.51;34.74;35.39;396380
35.44;35.47;34.9;35.06;375975
34.9;35.85;34.9;35.5;222328
35.4;36.3;35.4;35.99;1106927
36.3;36.88;36.26;36.75;1120817
36.99;36.99;36.25;36.3;1295875
36.65;37.86;36.6;37.61;1505450
37.65;39;37.3;38.37;2272823
38.29;38.9;37.9;38.8;2620607
39.1;39.5;38.31;38.65;1274917
38.35;38.65;37.94;38.07;1010307
38.07;38.07;36.71;37.19;1905647
37.1;37.75;37;37.63;663489
37.99;39.45;37.69;39.2;2757265
38.6;40;38.36;39.4;2575382
39.35;40.85;39;40.2;1876688
39.95;40.35;39;39.15;1143313
38.6;38.95;38.36;38.85;1393530
38.75;39.25;38.5;38.59;920331
38.6;38.9;38.14;38.37;1877722
38.8;39.1;38.42;38.6;2191397
39.1;39.2;37.76;38.17;2025442
38.38;38.7;37.9;38;1893226
37.79;38;37.35;37.93;2310698
38.14;39;37.61;38.65;2066867
38.85;39.05;37.62;37.76;1299123
37.74;38.57;37.74;38.45;1030220
38.65;40.9;38.6;40.4;2664005
40.65;40.7;39.55;40.1;1645292
39.7;39.8;39.3;39.5;704229
39.95;40.65;39.75;39.75;593600
39.75;39.9;39.2;39.2;512538
39;39.55;38.15;39.4;1158788
39.5;39.5;38.56;38.9;942957
39.3;39.3;38.46;38.48;689559
38.85;39.05;38.19;38.3;732466
38.36;38.95;38.25;38.95;823833
39.1;39.1;38.23;38.23;625981
38.34;38.95;37.99;38.07;1056594
38.04;38.32;37.72;37.97;804672
38.13;38.23;37.71;37.94;1060228
38.5;38.9;37.96;38.3;1145466
38.5;38.6;38.11;38.41;1067356
38.6;40.8;38.48;39.05;2730670
39.5;40.35;39.25;40;1422984
40.05;40.6;39.3;39.45;1199860
40.2;41.55;39.95;40.05;2180985
40.55;41.25;40.2;40.45;1336284
40.45;40.85;39.45;39.85;1452839
38.2;38.5;35.95;36.07;5722162
36.21;36.7;35.4;36.55;2930845
36.4;37.08;35.92;37;1323699
37.34;37.44;36.45;36.7;1198300
36.65;36.75;35.6;35.8;1641304
35.82;36.1;35.43;35.56;1832163
35.79;35.8;35.14;35.63;1340354
35.73;35.86;35;35.05;1915052
35.25;36.82;35.11;36.3;2140263
36.61;37;36.32;36.89;2244431
36.4;37.12;36.21;36.82;1651343
37.33;37.33;36.7;37.02;1328919
37.26;37.26;36.57;36.9;1117781
37.19;37.27;36.31;36.37;652814
36.37;36.7;35.98;36.4;1062385
36.21;36.69;36.21;36.62;582142
36.75;36.99;36.4;36.71;1260871
36.32;36.59;36.12;36.17;1062323
36.59;36.59;36.25;36.42;1133026
36.49;36.49;35.74;35.77;1280438
35.86;36.19;35.4;35.6;987280
35.61;35.8;35.11;35.22;1736081
35.23;35.45;35;35.29;1321692
35.5;35.85;35.31;35.62;1287027
35.33;35.86;35.13;35.13;1262751
34.98;35.34;34.45;34.8;1351731
34.71;35.15;34.71;35.08;1072591
35.17;35.55;35;35.51;1135618
36.24;36.87;36.24;36.77;2492208
36.88;38;36.51;37.89;2540861
37.99;38.45;37.57;37.78;994098
37.59;38.16;37.45;38.09;857966
38.42;39.2;38.3;38.7;1954639
38.6;39;37.92;38.15;1248555
39.2;39.5;37.9;38.27;1828103
38.47;38.7;37.9;38.49;943933
38.25;39.25;38.24;39.05;1532248
39.15;39.3;37.63;37.9;1430661
37.9;39.5;37.9;39.45;1622502
39.5;40.3;39;39.85;1728429
39.7;40.25;39.6;40.05;792060
39.85;40.2;39.6;40.1;658558
40.65;41.35;39.4;39.6;2374427
39.6;40;38.52;38.65;3182344
38.4;38.65;37.85;37.9;2543038
37.86;37.87;36.91;37.28;1466277
37.1;37.72;36.9;37.19;998878
35.96;36.6;35.2;35.24;1800386
35.4;35.76;34.66;34.77;2401561
34.79;35.69;34.6;35.47;1605177
35.5;35.5;34.42;34.46;1391194
34.37;35.55;34.37;35.2;1643169
34.8;35.1;33.75;34.04;1933169
34.1;34.58;33.5;34.16;1369837
34.7;34.95;33.91;34.47;1664827
34.4;35.29;34.3;34.98;704803
34.71;35.1;34.27;34.41;1317165
34.3;34.7;33.83;34.36;1218740
34.15;34.84;33.8;34.79;1290452
35.11;35.5;34.67;34.88;1357402
34.79;35.16;34.15;34.24;738488
33.6;34;32.32;32.62;2631124
32.81;33.42;31.97;33.11;1771374
31.8;32.6;30.9;31.28;3241040
32.65;32.78;31.97;32.35;3179900
32.32;32.87;32.31;32.57;1262048
31.9;32.6;31.83;32.16;1818287
32.9;33.04;31.78;32.97;1776657
33.09;34.3;33.04;34.05;1738278
34.58;34.79;34.16;34.47;2297150
34.79;34.97;34.6;34.69;887297
34.3;35.01;34.3;35.01;806589
35.35;35.35;34.7;35.23;1158903
36.15;36.58;35.52;35.77;1126595
36;36.02;34.96;35.53;1299818
35.54;35.63;34.95;35.28;700931
35.47;35.47;34.35;34.39;1177725
34.02;34.88;34.02;34.5;944402
35.18;35.22;34.55;35.15;1100357
35.76;36.32;35.28;36.19;1125808
36.15;36.19;35.52;35.81;802121
36.03;36.05;35.62;35.86;558204
35.72;35.85;34.91;35.2;486654
35.07;35.42;34.73;34.94;1006989
34.9;35.58;34.79;35.4;419940
35.16;35.99;34.9;35.9;686741
35.6;35.89;34.91;35.06;843760
35.22;35.68;35.22;35.42;457377
34.96;35.24;33.92;34.2;1345748
33.75;34.54;33.44;33.6;791445
33.66;33.97;32.71;32.8;1205436
32.81;32.94;32.12;32.67;1195217
32.85;33.83;32.31;33.73;1359331
34.2;34.69;33.97;34.14;797756
34;34.09;32.95;33.06;1798089
33.28;35.08;33.16;34.93;1062357
35.11;35.23;34.2;34.43;1087686
34.46;34.7;34.17;34.25;1290747
34.39;35.46;34.29;35.29;1798593
35.24;35.24;34.45;34.71;1138166
34.75;35.28;34.71;34.78;833419
35.05;35.29;34.17;34.33;654200
34.46;35.02;34.17;34.87;584091
34.73;35.15;34.18;34.29;798044
34.41;35.41;34.35;35.06;1014727
34.22;34.61;33.91;34.16;1129842
33.9;34.35;33.6;33.93;814433
34.15;34.58;33.77;34.35;809744
33.63;33.9;33.15;33.8;1632324
33.86;34.31;33.77;34.09;727803
34.21;34.4;34.09;34.26;612081
34.24;34.9;34.04;34.65;1175718
34.9;35;34.68;34.98;1735114
35;35.93;34.75;35.82;2018561
35.63;36.1;35.48;35.5;1530365
35.55;35.9;34.23;35.14;2428318
35.43;35.44;34.52;35.14;1285138
35.39;35.4;34.81;35.03;661329
34.89;36.02;34.85;35.82;1343468
36.19;37.2;36.1;36.85;2242135
37;37.18;36.66;37.18;720746
37.24;37.4;36.76;36.78;1069211
37.19;38.75;36.81;38.49;2034941
38.75;38.9;38.02;38.55;1903989
38.65;39.1;38.32;38.6;1637152
38.8;39;38.57;38.6;875216
38.75;38.8;37.78;38.03;1214762
38.6;39.1;37.9;38.14;3287098
38.14;38.42;36.8;37.45;2479047
38.11;39.9;38.03;39.6;2730684
39.45;40.1;39;39.4;995665
39.55;40;39.35;39.9;1027335
39.9;40.4;39.6;40.05;964860
40;40.2;39.4;39.95;1293252
39.75;40.4;39.45;40.3;2483736
40.2;40.4;39.95;40.3;664822
40.05;40.25;39.75;39.8;900448
39.65;41.05;39.65;40.8;1496827
40.85;41.25;40.35;41.25;772833
40.75;41.3;40.7;41.1;1541173
40.95;41.5;40.6;41.1;1198579
41.35;43;41.2;42.4;2426955
42.65;43.55;42.1;42.45;1954910
42.1;42.4;41.6;42.25;1263141
42.25;42.5;42.05;42.35;851409
42.45;42.55;41.8;42.1;603413
41.7;41.8;40.85;41.6;1625771
41.6;41.9;41.15;41.25;2128106
41.55;42.15;41.45;42;1780227
42.05;42.55;41.8;42.1;1370853
42;42;41.15;41.6;1356897
41.7;42.05;41.15;41.75;625174
41.8;42.15;41.45;42.1;552618
42.05;42.55;41.75;42.45;872281
42.55;43;42.25;42.6;863921
42.75;43.55;42.7;43.1;845947
42.8;42.9;41.65;42;1664881
42.25;43;42;42.75;789467
42.55;43.3;42.1;42.95;848949
42.95;43.2;42.25;42.85;1609061
42.95;43.5;42.55;43.35;809159
43.1;43.3;42.8;43.25;990614
43;43.95;42.95;43.65;1382870
43.7;44.05;43.5;43.75;1334806
43.75;44.05;43.55;43.85;1218061
43.75;43.75;42.85;43.55;625177
43.6;43.8;42.8;43;636913
43.15;43.8;42.85;43.65;720071
43.25;43.6;43.1;43.3;695136
43.2;43.6;42.75;43.4;518941
43.45;44.6;43.3;44.5;1162131
44.35;44.55;44;44.4;746938
43.95;44.35;43.6;43.8;918007
43.65;44.1;43.6;43.8;552180
43.65;44.6;43.4;44.1;754926
44;44.75;43.95;44.1;889930
44.15;44.55;43.8;44.1;656323
44.2;45.2;44.2;44.9;974830
44.85;45.7;44.8;45.55;1017840
45;45.8;44.9;45.1;973324
44.65;45.35;44.4;45.1;547044
44.9;45.55;44.9;45.05;690052
45.2;45.6;45.05;45.5;1364504
45.45;45.95;44.9;45.25;500611
45.25;45.4;44.45;45.25;968802
45.05;45.2;44;44.1;1234071
44.1;44.1;43;43.5;1388887
43.75;44.35;43.45;44.3;707752
44.4;44.8;43.4;43.5;1331516
43.5;44.85;43.35;43.7;1907698
44.1;44.5;43.8;44.5;906041
44.45;45.85;44.35;45.5;1056769
45.25;45.65;44.6;44.9;968931
44.8;46.6;44.8;46.4;1626005
46.15;47.15;45.95;46.8;1524541
47.2;47.35;46.5;46.65;1446821
46.7;46.9;46.4;46.6;982533
46.6;46.6;46.05;46.35;1276245
46.2;46.7;46;46.6;1178980
46.5;46.85;46.2;46.6;871018
46.7;47;46.4;46.85;1061201
46.5;46.8;46.05;46.35;835925
46.5;46.95;46.4;46.65;572981
46.35;47.55;46.35;47.55;950347
47.2;47.55;46.65;46.75;623543
46.9;47.85;46.6;47.6;805262
47.5;47.6;47.2;47.55;324558
47.6;47.85;47.1;47.3;251350
47.5;48.1;47.15;48;656568
47.85;47.95;47.4;47.65;712987
47.75;48.55;47.4;47.75;972183
47.6;48.25;47.25;47.75;895802
47.85;47.95;47.3;47.65;545618
48.1;48.7;47.75;48.4;1037873
47.9;48.35;47.55;47.9;1100308
48.75;50.8;48.75;50.7;3066242
50.85;53.5;50.4;51.8;2891505
52.15;52.55;50.8;51.1;1446643
51.1;51.4;50.3;50.55;885769
50.15;51.9;50.15;51.25;1774095
52.05;52.75;51.55;52.1;1607364
52.7;53.6;52.35;52.85;1657643
53.15;53.5;51.9;52.25;1493816
52.55;53.15;52.25;52.7;1133706
52.75;52.85;52.15;52.5;987045
52.4;52.55;51.2;51.55;1018047
51.45;51.9;50.75;51.2;719035
51.45;52.2;51.4;51.75;644559
51.8;52.65;51.4;52.2;909326
51.85;52.5;51.7;52.2;994512
52.6;53.1;51.75;52.4;966601
53.25;54.9;52.45;54.35;2640026
54.85;56.3;54.85;55.6;2330228
55.3;55.8;55.25;55.55;1226195
55.45;57.35;55.4;57.2;2158392
57.05;58.3;57.05;57.45;1871620
57.8;57.85;56.65;56.75;837581
56.8;57.25;56;56.8;1558139
56.7;57.85;56.7;57.75;767274
57.7;59.1;57.7;59;2123062
59;60.9;59;60.1;2319429
59.9;61.3;59.9;61;2131226
60.94;61.4;59.9;60.04;1311258
60.4;60.45;58.71;59.02;1173128
59.36;59.56;58.82;58.85;702157
59.85;60.3;59.4;59.88;698905
59.7;60.06;58.84;59.08;1202041
59.1;59.93;58.85;59.54;870596
58.8;59.08;55.19;56.21;2396249
54.6;57.09;53.51;55.33;3640844
55.35;57.54;54.38;55.7;4615133
56.6;57.55;54.75;55.21;2068189
54.25;55.04;53.68;54.28;1907394
54.61;56.39;54.34;56.1;2069349
57.45;58;55.7;56.95;2651784
57.55;57.75;56.6;57.55;1710847
57.82;58.6;56.82;58.13;1113193
58.75;59.54;58.22;58.38;1665302
58.55;58.72;56.67;56.98;1336444
55.27;56.54;54.68;55.71;1745782
56.57;56.76;55.73;55.97;1924353
55.65;56.73;55.53;56.36;1720394
58.15;58.16;56.61;57.05;776810
57.38;58.97;57.01;58.9;1716996
58.92;60.23;58.2;58.5;1405043
59.55;60.1;59.01;59.55;1423878
59.17;60.05;58.95;59.67;579576
59.84;59.98;58.5;58.93;740444
59.15;59.5;58.91;59.07;939582
58.92;59.1;58.35;58.66;772567
59.19;60.35;58.94;60;608138
59.83;60.61;59.39;60.14;849640
60.2;61.54;59.7;61.5;1211824
61.6;62;60.85;61.37;1195575
62.09;62.45;61.2;61.63;1255297
61.22;61.6;60.88;61.19;642745
61.6;61.79;61.14;61.75;1058436
61.6;61.6;60.25;60.99;993666
60.74;61.12;60.32;60.79;1431733
60.8;61.04;60.22;60.93;794205
61.06;62.06;60.97;61.89;724032
61.82;62.1;61.18;61.45;1030876
61.59;61.98;60.92;61.16;971177
61.09;61.82;60.46;61.56;1250733
61.6;62.62;61.28;62.3;2231172
62.41;62.65;61.8;62.2;880518
61.6;61.6;59.23;59.62;3302262
59.85;60.31;59.75;59.95;1585239
60.1;60.55;57.96;58.35;2061652
58.6;58.75;57.58;58.04;1577309
57.97;59.08;57.96;58.08;664706
58.2;58.75;58.2;58.36;2095579
58.7;60.2;58.25;60;1564215
60.21;60.84;59.52;60.6;1173101
60.6;60.82;59.93;60.46;342712
60.59;60.59;59.05;59.48;861300
59.46;60.81;59.46;59.81;968095
60.1;61.17;60.1;60.6;1572718
60.1;60.5;59.05;59.93;1118750
59.48;60.19;58.96;59.05;845030
58.85;60.1;58.6;59.97;1399794
57.04;57.95;56.45;57.45;2052116
57.45;58.09;57.24;57.73;718213
57.39;58.1;57.35;57.86;1067899
57.64;57.7;56.8;57.09;1103775
56.67;57.05;56.2;56.5;1027516
56.34;57.88;56.33;57.51;1245571
57;57.24;56.27;56.45;1098784
56.1;57.1;56.1;56.71;836853
56.4;56.84;56.21;56.81;81397
56.51;56.76;55.95;56.19;897235
55.76;57.56;55.35;57.33;1416437
57.18;58.04;56.77;57.71;1831948
57.66;58.55;57.1;58.35;1344026
58.32;58.55;57;57.19;943147
57.12;58.12;57;57.19;1213065
56.84;56.91;54.15;54.61;2393125
54.55;55.06;53.42;53.84;2175234
53.55;54.8;53.25;54.2;1630805
54.6;55.27;54.22;54.79;1313317
54.97;55.2;54.37;54.86;966350
53.9;54.74;53.85;54.15;2555960
54.83;55.3;54.15;55.14;1258181
55.81;56.08;54.57;55.86;2961002
56.1;56.57;55.02;55.34;1131098
55.59;56.06;54.19;54.22;1139294
54.72;55.5;54.45;54.96;1461709
54.4;54.98;53.91;54.6;1362374
54.93;55.1;53.76;53.86;1334940
53.6;53.7;52.62;53.57;1761527
53.08;53.39;52.48;53.14;1662750
52.51;53.19;52.22;53.05;1658342
53.89;54.23;53.41;54;1570141
54.38;54.6;53.28;54.32;1238077
53.74;54.44;53.74;54.26;673194
54.61;54.61;53.44;53.5;1215896
56.8;60.29;56.6;60.16;5979822
60.05;60.8;58.35;59.3;2635779
59.32;59.5;58.65;59.25;1036940
59.15;59.75;58.7;59.48;1371485
59.2;59.48;57.8;57.91;1444606
57.54;63.92;56.47;61.56;5484947
61.4;61.95;59.52;60.48;3418505
60.91;61.51;59.6;60.21;1655016
60.6;60.75;59.24;59.5;905111
59.4;59.52;58.4;58.77;1164681
57.35;57.86;56.51;56.7;3337892
56.94;58.07;56.8;57.17;1043373
56.9;57.16;55.24;55.24;1219642
55.12;56.07;54.9;55.89;1033079
56.04;56.04;54.88;55.17;1258881
55.1;55.1;54.25;54.69;1473718
54.8;54.86;51.55;51.55;2643840
51.39;51.5;49.78;50.42;2795612
50.23;50.4;49.33;49.77;2134469
50.51;52.45;50.3;51.9;2123084
50.95;51.38;50.1;50.15;1991264
50.8;51.25;49.75;50.17;1827770
50.41;50.47;47.97;48.11;2075265
47.66;48.28;46.74;46.91;2080293
47.8;47.8;46.92;47.15;2329303
47.6;51.03;47.33;50.55;2906960
50;51.26;47.7;48.29;2961668
47.09;47.09;45.6;45.76;2335127
46.6;47.88;45.75;47.63;2317068
47.6;49.37;46.75;48.04;2220596
46.86;47.27;46.5;46.63;1709569
45.72;45.99;43.32;44.1;2432949
44.3;45.3;43.32;43.85;3122805
44.97;45.29;44.15;44.8;1675236
44.82;45.78;44.11;45.78;1464321
46.06;48.21;45.65;48.02;2039975
49.1;49.75;48.55;48.58;1601043
48.12;49.09;47.88;49.09;656146
49.51;50.22;48.95;49.16;705640
49.15;49.33;47.68;48.03;816840
48.59;51.51;48.37;51.51;2733517
52.5;52.65;50.15;50.97;1902428
51.77;52.06;51.43;51.61;1781555
52.4;53.14;52;52.47;1141721
52.5;52.77;51.79;51.85;870143
51.85;51.99;49.9;49.9;1703492
50.19;51.05;49.74;50.73;1128139
50.85;50.86;48.84;48.84;1398712
48.84;49.35;47.66;48.48;1507129
49.5;50.08;48.62;50.02;945164
50.02;51.19;49.71;50.94;1123569
50.95;52.1;50.63;51.85;1340008
51.69;51.9;50.1;51.27;1304565
51.41;51.67;49.26;49.62;1991898
49.32;50.69;49.31;50.05;1167010
51.6;52.64;51.55;52.05;1960703
51.71;51.89;51.12;51.35;1165168
51.35;52.03;50.17;50.65;3317577
50.96;51.01;49.67;50.66;950621
50.63;50.99;48.7;49.2;1490975
49.59;49.94;48.68;48.79;1549175
49.36;51.95;49.36;51.45;2303943
51.65;51.82;50.21;50.86;1182809
50.82;52.45;50.72;52.44;939518
53.4;55.44;53.16;54.83;1911663
54.89;55.28;54.61;55.05;786204
55.03;55.43;54.6;55.1;888114
55.49;56.85;55.2;56.15;1104668
56.44;57.59;56.28;57.01;997627
57.49;57.6;56.67;57.31;1036635
57.6;57.9;56.48;56.74;1167710
56.57;57.9;56.57;57.06;910369
57.1;57.1;55.5;56.76;996349
56.76;57.29;55.77;56.1;573647
55.62;56.56;55.23;55.92;1027559
56.19;56.6;55.11;55.43;1115072
55.9;56.1;54.9;55.21;820314
54.94;55.49;53.15;53.58;1198316
52.3;53.15;51.72;52.87;1764666
54.4;55.15;53.5;54.55;1427177
54.95;55.02;53.46;53.56;1025224
54;55;54;54.83;1463785
54.94;55.02;53.7;54.02;1017001
55.05;55.19;53.99;54.2;935851
53.78;54.5;53.26;53.4;764992
53.23;54.85;53.23;54.47;761536
54.6;54.6;53.19;54.21;898173
53.6;54.13;53.23;53.99;682825
53.85;53.85;52.66;52.81;997627
53.05;53.45;52.01;53.22;1521900
52.41;53.39;51.11;51.51;1445969
50;50.45;49.24;49.54;2127879
49.77;49.92;46.72;47.33;3124199
47.4;48.3;46.77;47.7;1466924
47.18;47.95;46.7;47.67;1608309
48.1;49.68;48.1;48.72;1299858
48.61;49.09;46.85;47.38;1311780
47.2;47.74;46.8;47.44;1341683
47.51;47.8;45.4;45.75;1784403
45.92;46.51;45.4;45.6;1572535
44.81;44.81;43.75;44.5;2037310
44.81;45.19;44.14;44.9;1898311
44.82;45.89;44.42;45.5;1059956
46.27;46.4;44.5;44.7;863051
43.95;45.01;41.56;42.55;2913837
43.43;45.38;42.2;45.1;1983176
45.46;46.2;44.15;45.2;1548238
45.2;46.75;44.96;46.45;1503393
46.68;47.43;45.33;45.52;1314883
45.76;45.76;43.91;44.56;1880172
45.22;46;44.6;45.71;825351
46.1;47.35;45.28;46.54;1317932
46.92;48.15;46.8;47.36;1224533
47.05;48.49;46.9;48.01;1085918
48.1;48.45;47.07;47.57;1083779
46.5;47.01;45.43;46.41;1906006
45.5;45.78;43.85;44.7;2550808
45.83;45.88;44.4;44.87;1388473
44.03;44.1;42.44;42.6;2115795
42.39;42.8;42.06;42.25;1983398
42.2;42.2;41.08;41.43;2103443
42.4;43.2;40.81;41.2;3287616
42.2;42.52;41.95;42.35;5245315
41.8;43.5;41.75;42.6;446196
42.63;42.8;41.88;42.07;1262372
41.84;43.4;41.79;43.35;962816
43.89;43.89;43.03;43.3;324287
43.35;44.35;42.89;43.02;1189792
42.67;43.32;42;42.63;1395766
42.1;42.41;41.1;41.39;2674683
41.1;41.74;39.95;40.26;1513695
40.33;40.56;37.85;39.63;2143034
39.1;39.4;36.67;36.69;3136311
38.45;38.51;37.2;38.1;3474737
38.06;39.35;37.3;39.14;2457532
39.29;41.1;39.29;40.9;2627191
40.97;41.28;39.3;39.86;2435661
39.66;39.79;37.73;38.48;4178425
39.1;39.48;37.52;37.85;3169458
37.64;38.98;37.13;37.43;2680285
36.7;36.86;34.3;34.9;2996002
33.43;36.78;33.07;35.88;3624109
36.75;36.75;34.16;35.68;2730962
37.52;40.78;37.19;40.78;4088036
41.5;41.78;40.31;40.66;2273050
39.63;40.59;39.33;40.52;1251187
41.08;41.7;40.61;41.15;1387033
41.15;41.8;40.65;41.05;1350265
40.88;41;38.24;39.6;2766908
39.86;40.78;39.1;40.1;2294813
40.8;40.83;39.74;40.07;1541326
39.9;40;37.75;38.37;2661123
37.65;38.79;37.6;38.16;2201096
38.04;38.11;36.65;37.07;2280327
37.58;38.26;35.95;36.12;1477164
35.8;35.85;34.8;35;1953145
35.24;36.44;35.05;36.24;2899500
35.99;37.4;35.63;37.2;2179598
38.1;38.8;37.8;38.15;2270602
37.66;38.35;36.4;36.62;1395161
37.04;38.4;36.91;38.19;1509138
38.09;40.2;37.62;39.85;2212283
39.08;39.89;38.77;39.77;1095207
40.23;41.1;39.86;40.61;1253576
40.19;41.1;39.55;40.25;1182532
40.6;42.12;40.6;41.95;993692
42.6;42.99;41.4;41.8;1537789
41.63;42.4;37.96;39.55;3845012
39.05;39.35;37.8;38.05;2066617
37.7;37.75;35.62;35.84;2629760
34.85;35.9;34.35;35.51;1933908
35.74;35.85;34.58;34.9;2351936
35.47;36.61;35.21;36.24;1248156
36.4;36.52;34.59;34.6;1818056
34.4;35.73;34.38;34.92;1721399
34.7;34.8;33.5;33.58;2171407
33.82;34.69;33.59;33.88;1671705
34.6;34.92;33.7;34.66;1485466
33.81;34.05;33.22;33.6;1834765
33.79;34.35;32.32;32.84;1857555
31.7;32.04;31.05;31.05;2643334
31.72;32.57;31.3;32.3;1336162
32.77;33.58;32.02;33.3;2012137
32.74;33.36;32.07;33.32;1520209
35.28;36.05;34.87;35.9;1645737
35.5;36.03;35.35;35.84;966362
35.59;36.68;35.4;35.86;1159687
35.7;35.87;34.24;34.41;1220603
33.95;34.94;33.5;34.86;1146456
34.65;36.32;34.65;36.31;1110601
36.89;37.69;36.36;37.59;1951332
37.48;37.99;36.85;37.24;1182654
37.55;38.25;37.3;38.25;1657851
38.53;38.6;37.66;37.9;996475
37.61;37.61;36.7;37.02;1626243
36.75;37.57;36.6;36.77;1266818
36.76;36.91;35.84;36.85;1110845
37.19;37.85;36.71;37.15;1544950
36.6;37.26;36.55;36.82;1260204
36.81;37.17;36.35;36.95;1292163
36.6;38.12;36.41;38.02;1759095
38.13;38.99;38.1;38.9;1470984
39.31;40.39;38.71;40.21;2043451
40.46;40.92;39.76;40.1;904024
39.65;39.98;38.52;38.7;1525678
39.27;39.7;38.2;39.62;1275337
39.68;39.91;39.14;39.91;1276237
40.44;41.97;40.23;41.7;1892029
41.81;42.34;41.51;41.8;1378832
41.43;41.65;40.87;41.21;1008135
41.1;41.99;40.76;41.9;1112235
42.59;43.2;42.35;42.75;1025198
44.6;44.9;43.3;43.34;2291575
43.29;44.09;42.93;43.49;1365090
43.9;43.95;42.95;43.58;1027683
43.01;43.46;42.78;43.1;890116
42.95;43.09;41.76;42.9;1086862
43.15;43.62;42.28;42.99;555784
43.29;43.79;42.83;43.49;935793
43.63;43.95;43.17;43.52;1074565
40.31;40.31;39.02;39.43;1989659
39.6;40;38.84;39.08;1449276
39.38;39.88;38.93;39.25;1154546
38.76;38.99;37.77;37.98;1598300
37.92;38.31;37.26;37.72;1176851
37.11;37.5;36.56;37.28;1424444
37.14;37.27;36.72;36.91;1265464
36.88;37.26;36.15;36.68;705170
36.61;37.18;35.87;36.94;1383400
37.22;37.98;36.95;37.57;1032358
37.64;37.94;36.73;37.25;1230327
37.41;37.95;37.1;37.65;1094729
37.74;37.83;36.71;37.06;913401
36.7;37.91;36.7;37.63;917108
37.59;37.67;36.59;37.53;733618
37.7;38.23;36.52;36.7;1800484
36.83;37.14;35.65;36;2768676
35.67;35.95;35.1;35.45;2484386
34.91;35.42;34.28;35.15;2321618
35.85;36.28;34.78;35.08;1977175
34.85;35.53;34.66;35.23;1114193
35.18;36.13;34.37;35.79;940776
35.82;35.98;34.7;35.22;882339
35.33;36.69;35.24;35.91;2025334
35.01;35.18;34.44;34.69;2729761
34.17;34.35;33.53;33.53;2104838
33.54;33.72;31.95;32.4;2628140
32.28;32.56;31.71;31.91;1364688
31.91;31.99;30.95;31.74;1698272
31.68;32.58;31.56;32.4;1338325
32.22;32.34;31.69;31.95;1703965
31.84;32.34;31.01;31.29;2571427
31.12;31.46;30.13;31.03;1393590
31.05;31.35;29.82;30.92;2098572
31.16;32.24;31;31.63;2240882
31.59;31.6;30.3;31;2937374
31.3;31.3;30.46;30.6;1415333
31.09;31.13;30.43;30.6;1542875
29.66;30.6;29.54;30.6;1957268
30.97;31.07;30.14;30.57;1872449
30;30.1;28.62;28.81;2489720
28.69;29.3;27.95;28.37;2061794
29.11;29.98;28.74;29.2;1858946
28.58;28.6;27.04;27.96;2089695
27.99;28.95;27.37;28.9;1169950
29.59;31.11;29.59;31.11;2058851
30.31;32.56;30.17;32.35;1833905
32.2;32.66;31.3;32.64;1387470
32.03;32.75;31.14;32.62;841506
33.2;34.43;32.77;34.39;1908832
34.63;35.1;33.29;33.68;1604069
32.82;34.24;32.62;33.93;1607136
33.57;33.57;32.32;32.46;1280620
32.01;32.26;30.73;31.88;2068301
32.16;32.59;31.65;31.8;1150052
31.8;32.41;31.04;31.66;1117236
30.9;32.6;30.9;31.81;955325
31.63;32.03;31.05;31.7;708994
32.06;34.14;32.05;33.8;1251833
34.29;35.3;34.14;35.15;1468705
34.78;35.55;34.7;34.9;1513222
34.64;35.96;34.64;35.81;1807661
35.63;36.5;35.57;36.19;722570
36.41;36.96;35.9;36.6;1267099
36.19;36.28;34.77;35.04;1772485
35.39;35.9;34.9;35.31;1009116
35.61;36.24;35.11;35.99;1019694
35.75;36.1;34.95;35.35;1045356
34.65;34.7;33.3;33.53;1594718
33.54;33.85;32.79;33.33;1247936
32.75;33.68;32.45;32.95;969956
32.91;34.1;32.66;34.03;1022548
33.75;34.09;33.22;33.83;420751
33.43;34.26;32.7;34.03;810076
33.99;33.99;32.67;33.59;985086
32.7;33.74;31.4;33.11;2203463
33.48;34.09;33.08;33.85;899115
32.55;33.32;31.81;33.19;1259258
33.04;35.83;33.04;35.1;1713813
34.46;35.03;33.95;34.54;1111020
34.44;34.64;33.04;33.1;1169222
32.45;32.7;31.69;31.84;1355427
32.82;34.18;32.52;32.9;1235791
32.89;33.97;32.62;33.07;1191394
33.1;33.1;31.83;32.69;937246
32.54;32.7;31.25;31.85;1217981
32.38;32.61;31.41;31.97;787611
31.38;31.94;30.46;31.55;1733704
30.76;31.48;29.97;30.35;2286007
30.92;31.1;29.23;29.34;1731280
29.16;29.6;27.92;28.23;1853362
30.87;31.7;29.76;31.35;3411072
30.6;31.14;30.01;30.14;1384471
30;30.13;27.91;28.4;2027478
28.31;29.09;27.93;28.65;1024032
28.59;29.95;28.42;29.59;1355026
28.95;29.44;28;28.35;1087890
28.31;28.68;26.38;26.48;1470092
25.72;26.96;25.59;25.98;1898070
26.48;26.54;25.21;25.83;1435026
25.55;26.81;24.03;24.54;2487805
24.95;25.29;22.66;23.82;2217561
22.35;23.12;21.44;22.47;2670564
23.11;23.58;20.9;21.11;1822526
19.6;21.64;18.4;20.27;2185804
20.9;22.27;19.82;20.51;2357150
17.95;19.54;17.35;17.35;3258841
19.11;20.73;18.35;20.27;2220618
21.88;24.2;21.7;24.2;3685607
23.6;23.92;20.45;20.6;2064274
17.9;20.02;17.57;18.7;2871618
19.8;19.88;16.15;17.59;3603037
18.46;19.11;17.79;19.11;1763211
19.59;20.17;19.11;19.93;1580407
19.29;19.84;18.35;18.52;1519777
18.72;18.79;15.81;16.4;2275679
15.3;15.39;13.27;14.51;2869560
13.46;14.2;12.83;13.56;2482612
15.55;15.55;13.47;13.79;1475266
15.53;16.89;15.22;16.89;2498866
17.6;18.5;16.62;17.58;2052916
17.35;18.95;17.31;18.95;1688849
19.26;19.84;18.35;18.77;1301004
19.35;20.81;18.85;20.74;1704930
20.85;20.85;19.63;20.05;1231571
19.03;19.97;18.44;18.44;1792334
18.51;19.8;18.45;19.44;1273887
20.38;20.85;19.45;19.57;788404
19.08;19.26;16.97;17.22;1202814
17.79;17.97;16.18;16.42;1342127
16.32;17.4;15.66;16.15;1124062
17.6;17.84;15.9;15.9;1301519
15.91;16.3;14.84;14.9;1083805
15.09;15.38;14.17;14.64;1252107
14.92;15.78;14.51;14.6;1610690
13.96;14.36;13.45;14.03;1493952
14.28;15.3;13.72;14.49;2054277
15.25;16.58;14.83;16.51;1465266
16.6;18.4;15.94;17.54;1873782
17.6;17.8;16.87;17.28;1258236
17.73;18.55;17.68;18.43;605870
18.21;18.82;17.42;18.82;807152
18.63;18.84;16.92;17.25;754067
16.6;18.21;16.6;18.05;1284153
18.08;18.84;17.17;18.6;953584
18.51;20.4;18.51;19.6;2046308
19.32;19.32;17.96;18.05;1327127
19.75;20.69;19.74;20.37;916341
20.23;21.58;19.75;21.16;1280928
21.18;23.12;20.7;22.53;1514408
22.32;22.95;21.59;22.18;911247
20.65;22.2;20.27;21.97;1241966
22.28;22.37;21.4;21.9;543204
22.1;23.04;21.88;22.51;728853
22.94;23.25;22.06;23.24;811407
23.09;24.1;22.78;23.33;1731604
22.91;23.98;22.6;23.7;1278979
23.33;23.5;22.55;22.55;984629
22.36;23.65;22.36;22.94;1197749
22.94;23.7;21.76;22.11;266026
22.16;23.13;21.9;22.32;874985
22.65;23.62;22.58;23.62;591808
23.8;24.09;23.52;23.71;324495
24.07;24.87;23.59;24.87;863801
25.08;26.1;24.93;25.77;1557324
25.8;25.84;23.9;23.95;1976613
23.66;23.82;21.82;22.3;2793570
22.14;22.71;21.59;21.82;2446432
21.93;22.72;21.75;22.55;1713424
22.25;22.71;21.52;21.66;1276918
21.54;22.08;21.28;21.43;1908592
21.66;22.01;20.01;20.16;1859097
20.16;20.87;17.7;18.37;3958732
19.31;20.7;19.11;19.69;2886017
19.86;20.55;18.44;18.9;1639635
18.92;19.31;17.61;17.74;2010802
17.47;18.35;16.65;17.99;2395042
18.3;19.14;18.02;18.38;1841675
18.49;18.7;17.33;17.78;1378990
17.75;18.36;17.5;18.16;1720026
18.07;18.82;17.52;18.73;1856839
19.17;20.5;18.6;20.27;1690218
20.39;20.39;19.17;19.55;1443818
19.57;19.91;18.87;19.6;2092956
19.06;19.63;18.755;19.23;1392071
19.38;19.885;18.6;19.735;1383398
19.86;20.995;19.755;20.97;1673838
20.3;21.225;20;21.07;1762611
21.11;23.175;20.605;23.02;2322357
22.65;23.15;22.445;23.1;1017343
23.1;23.22;21.88;21.88;938906
21.555;22.045;21.19;21.89;768331
21.71;21.89;20.19;20.6;1175023
21.1;21.51;20.74;20.94;751784
20.76;20.94;20.255;20.32;567282
20.19;20.19;18.87;19.37;1197683
19.52;19.55;18.6;18.935;921716
19.26;19.41;18.745;18.89;920364
18.4;18.95;18.33;18.57;1604788
19.085;19.96;18.175;18.46;1203544
18.22;18.995;17.725;18.98;1143934
19.9;20.14;16.3;17.085;2204660
17.205;18.05;17.105;17.8;1860775
17.58;17.58;16.55;17.03;1614389
16.505;16.55;15.825;15.825;1359582
15.96;16.6;15.9;16.16;1392443
16.585;16.65;15.92;16.64;1378331
16.405;16.405;14.665;14.665;2280251
14.795;15.13;14.13;14.21;1904773
14.495;14.54;14;14.34;1238935
14;15.73;14;15.54;1448887
15.505;16.56;15.18;16.295;1611788
16.08;16.195;15.12;15.65;963117
16.245;17.18;15.755;16;944840
16.6;16.655;16.29;16.655;904004
16.4;16.575;15.705;16.005;614960
16.525;17.335;16.43;16.88;1171785
17.3;17.8;17.06;17.7;1741580
17.64;17.64;16.32;17.17;1247560
17.6;17.66;16.77;17.29;952289
17.6;17.6;16.29;16.61;1099035
16.555;16.79;16.035;16.645;947886
16.6;16.6;15.35;15.565;1049439
14;15.5;14;14.445;1775518
14;15.025;13.8;13.8;1310564
14.09;14.865;14.09;14.815;1658633
14.68;15.675;14.56;15.675;1473448
16.1;17.205;16.06;17.06;2773195
17;18.55;16.63;17.88;1552905
18.36;18.945;17.92;18.41;1432059
18.6;18.665;17.155;17.525;941278
17.1;18.385;17;18.295;904907
18.6;19.96;17.9;19.6;972214
19.84;20.79;19.17;20.095;1277117
19.595;20.17;19.15;20.07;967528
19.955;21;19.915;20.6;1111687
19.33;19.83;18.3;19.1;2343664
19.09;19.09;17.27;17.66;2247913
17.79;18.135;17.255;18.135;1466937
18.22;18.89;17.435;18.89;1683962
18.795;20.8;18.4;20.795;2152286
21.05;21.285;20.37;21.285;1297561
20.5;20.6;18.895;20.07;1534474
19.605;19.63;18.42;18.59;1360079
18.745;19.875;18.745;19.875;1068492
20.6;21.25;20.345;20.82;1481023
21.1;22.765;21.025;22.68;999196
22.8;23;22.305;22.9;1813024
22.8;23.89;22.73;23.735;1862452
24.2;24.8;23.95;24.09;1500085
25.25;25.25;23.62;24.04;724935
24.3;24.3;22.51;22.64;1133655
22.185;22.76;21.81;22.1;1207936
22.19;22.545;20.545;20.545;2033459
20.545;21.345;20.2;20.63;1288412
20.8;21.1;19.95;20.18;1001875
20.11;22.55;19.77;22.55;1375678
22.75;24.06;22.55;23.745;1183558
21.95;22.35;21.12;21.27;1251701
20.715;21.25;20.37;20.63;920253
20.935;21.1;19.95;20.1;756579
20.1;20.7;19.7;20.565;521117
20.25;21.345;19.9;21.21;1137424
21.37;21.995;21.35;21.66;1197202
20.985;21.445;20.4;20.69;1067512
21.045;21.135;19.85;19.93;3031386
20.45;20.565;20.105;20.515;743937
20.3;20.62;20.1;20.2;971011
20.365;20.48;19.71;19.845;632541
19.855;20.18;19.25;19.25;1078522
19.3;19.725;18.855;19.105;1410419
18.79;19.345;18.72;18.88;821533
18.7;19.19;18.56;18.76;1323618
18.745;19.415;18.74;19.15;1366421
19.105;19.14;18.73;18.97;753164
18.995;19.155;18.73;18.76;818638
18.6;18.6;18.1;18.13;1469231
18.27;18.3;17.745;17.745;793082
17.7;17.715;16.35;16.45;1310209
16.6;16.98;16.2;16.81;926428
16.66;17.265;16.445;17.05;1922546
16.94;17.16;16.2;16.2;1082506
16.2;16.485;15.84;15.89;652740
16.19;17.15;16.14;17.125;1494720
16.98;17.53;16.67;17.25;1150978
17.54;17.71;16.52;16.69;1502541
16.85;17.7;16.85;17.44;1838834
17.595;17.595;16.85;16.855;1207104
16.85;17.305;16.85;17.02;966388
16.85;17.16;16.815;16.85;1297513
16.82;17.16;16.645;17.02;842216
16.75;16.92;16.54;16.7;1042719
16.4;16.78;16.11;16.4;1574978
16.37;16.495;16.1;16.18;937081
16.105;16.52;15.865;15.99;923403
15.935;16.33;15.535;15.63;959378
15.6;16.16;15.6;16.16;691757
16.25;16.3;15.9;16.12;632022
16.275;16.645;16.21;16.6;1053914
16.6;17.33;16.48;17.06;1242795
15.355;15.6;14.8;14.915;3887495
15.11;16.49;15.08;16.49;2333485
16.44;17.88;15.9;17.715;3236077
17.5;17.655;16.855;17.515;1630906
17.35;17.39;16.26;16.98;1279048
16.96;17.02;16.445;16.95;694749
16.815;17.095;16.49;17.08;818241
17.01;17.29;16.63;16.68;770998
16.6;17.69;16.6;17.59;1159172
17.65;17.75;16.45;17.52;2054923
17.38;18.55;17.085;18.55;1638738
18.55;19.27;18.265;19;1118726
19.265;20.02;19.105;19.75;1445355
19.75;21.345;19.445;20.37;1673242
20.5;21.935;20.5;21.405;1784817
21.435;21.625;20.71;21.52;1156331
21.19;22.06;20.99;22.04;765611
21.97;22.27;20.855;21;1251283
20.91;20.94;19.82;20.1;1602270
20.29;21.08;20.04;21.04;1103726
21;21.045;20.15;20.225;897533
20.17;20.29;19.52;19.645;911548
19.645;20.205;19.595;20.145;469543
20.08;20.715;20.005;20.495;665369
20.78;21.705;20.67;21.5;981915
21.495;22.69;20.925;22.585;1283064
22.6;22.8;22.18;22.605;1177163
22.35;23.075;22.2;23.005;1545500
22.9;24.065;22.83;23.6;1714215
27.21;27.33;25.355;25.605;3331854
26.295;26.45;25.225;25.64;1712019
25.67;25.84;25.32;25.32;621330
25.42;25.78;23.52;23.52;1664430
23.5;23.79;22.87;23.68;1243660
23.86;24.635;23.335;24.23;1009576
24.475;24.73;23.77;24.035;695562
24.51;25.48;24.45;25.1;815130
25.39;26.49;25.045;26.16;1236471
26.06;26.29;25.465;25.78;1592544
25.79;26.065;24.55;24.8;1608717
24.69;25.83;24.685;25.71;1125829
25.355;25.595;24.66;25.5;872668
25.35;25.92;25.18;25.5;898321
25.665;26.295;25.29;26.015;1338480
26.285;27.09;26.14;26.93;1236017
26.52;26.85;26.04;26.04;1209250
26.22;26.765;26.15;26.54;770539
26.98;28.55;26.905;27.775;1697265
27.76;28.15;27.605;27.845;838142
27.695;27.7;26.61;26.855;1071704
26.965;27.005;26.18;26.345;913314
26.275;26.625;25.565;26.54;882338
26.41;26.885;26.41;26.545;587995
26.785;27.35;26.355;26.64;992673
26;26.585;25.35;25.555;1526505
25.35;25.54;24.245;24.68;984576
24.68;25.39;24.55;24.81;714651
25.1;25.94;24.75;25.93;822836
26.1;26.94;26.01;26.27;955377
26.775;27.06;26.13;26.25;798098
26.025;26.715;25.47;25.7;735891
25.85;26.44;25.73;26.285;673107
25.965;26.62;25.81;25.935;726353
26.31;26.89;26.19;26.41;850644
26.455;26.695;24.905;25.1;1445724
25.1;25.48;24.5;24.68;1541279
24.72;25.25;24.5;24.885;1036342
25.095;25.23;24.65;24.8;799961
24.91;25.005;24.17;24.345;889888
24.07;24.07;23.305;23.615;804990
24.1;24.385;22.86;22.91;1473307
23.09;23.45;22.35;22.47;1293311
22.4;22.705;21.46;21.8;1393172
21.8;21.88;20.465;20.835;2154830
21.12;22.7;20.905;22.38;1973035
22.43;23.38;21.145;21.275;1706501
21.14;21.675;20.735;21.375;1017801
20.925;21.3;20.515;21.05;1258621
21.65;23;21.615;22.92;1432650
22.61;23.41;22.1;23.15;1313674
23.155;23.8;22.8;23.315;1220248
23.585;23.775;23.375;23.6;801468
23.61;23.86;23.295;23.405;712951
23.6;23.775;23.215;23.49;878625
23.32;23.605;22.71;22.815;1253659
23.08;24.39;22.965;23.64;1567707
24.185;24.695;23.805;24.68;1101513
25.52;26.67;25.39;25.54;2912557
25.61;25.835;24.805;24.93;949977
24.89;25.195;24.3;24.515;1172398
24.58;24.75;23.76;23.86;1211951
24.125;25.38;24.125;25.105;930915
24.85;25.55;24.73;25.08;875723
25.74;26.265;25.28;25.81;907884
25.62;25.7;24.1;24.21;947663
23.9;24.84;23.67;24.75;1148963
25.08;25.08;23.935;24.24;913221
24.575;25.48;24.53;25.44;718768
25.4;25.705;24.905;25.355;580320
25.7;26.28;25.6;25.875;881109
25.815;26.65;25.42;26.555;825947
26.37;26.635;26.035;26.21;440564
26.22;26.68;25.505;26.04;680429
25.905;26.4;25.68;25.98;549131
25.935;26.545;25.6;26.545;642893
25.96;27.08;25.82;26.8;780322
27.1;27.16;26.725;27.15;592978
27.2;27.475;26.1;26.745;1127821
26.8;26.84;25.455;25.75;2195211
25.76;26.535;25.67;25.885;1263094
25.96;26.51;25.735;26.22;1153042
26.6;26.84;26.265;26.72;541106
26.8;27.15;26.685;26.8;529727
27.08;27.1;26.73;26.91;408536
26.615;26.95;26.6;26.79;62742
26.8;27;26.725;26.855;241514
26.9;26.98;26.47;26.575;318797
26.4;26.675;26.24;26.45;223884
26.67;26.95;26.625;26.85;152107
26.755;27.49;26.62;27.49;611777
27.425;27.5;26.8;27.25;657008
27.06;27.2;25.845;26.79;1326492
26.655;26.655;26.065;26.4;962147
26.645;26.775;26.155;26.425;780873
26.71;26.71;26.16;26.185;1394751
25.845;25.85;25.21;25.355;1184676
25.21;25.57;25.2;25.515;792254
25.8;26.135;25.61;25.89;822156
26.075;26.615;25.44;25.64;958951
25.915;26.41;25.55;26;614511
25.94;26;25.17;25.79;745689
25.345;26.495;25.345;25.82;1105244
26.06;26.775;25.68;25.72;977008
25.69;25.69;24.82;25.1;947909
24.83;25.455;24.805;25.115;626562
24.74;25.06;24.46;25.05;568547
24.68;25.225;24.3;25.08;970720
25.43;25.63;24.825;24.845;746583
25.065;25.54;24.865;25.2;568721
25;25.465;24.96;25.285;487179
25.22;26.025;25.055;25.77;635577
25.965;25.965;25.115;25.28;730229
25.345;25.6;24.165;24.32;1134453
24.2;24.23;23.01;23.23;1614738
23.41;23.53;22.74;23.175;924564
23.2;23.52;22.9;23.3;915489
23.6;24.09;23.47;23.73;644092
23.91;24.07;23;23.5;838506
23.765;24.005;23.11;23.255;1000152
23.43;23.66;23.11;23.185;494061
23.62;24.075;23.295;23.69;978752
24.19;25.295;24.135;25.18;1397873
25.165;25.47;24.75;25.265;759120
25.12;25.96;25.095;25.96;1070782
26.08;26.08;25.17;25.2;850971
25.27;25.84;24.95;25.065;1161640
25.16;26.695;25.16;25.7;2278212
25.59;26.415;25.36;25.67;1056584
25.905;26.04;25.205;25.745;922840
25.83;26.98;25.76;26.95;1145820
26.965;28;26.905;27.975;1403722
27.785;28.345;27.705;28.275;1091315
27.79;28.35;27.4;27.705;1085791
27.925;28.155;27.76;28.095;875819
28.15;28.25;27.775;28.025;456669
28.1;28.135;27.505;27.9;606606
27.85;27.95;26.95;27.52;1194356
27.435;28.085;27.435;27.985;718011
28.08;28.3;27.875;27.975;967420
27.82;28.145;27.745;27.925;522778
28.12;28.795;28.03;28.56;704997
28.68;29.56;28.675;29.41;1074506
29.345;29.745;29.12;29.22;919044
29.4;29.6;28.795;28.9;942521
28.88;28.89;28.075;28.515;685774
28.5;29.685;28.46;29.57;930546
29.565;29.9;28.97;29.33;538121
29.49;29.79;29.315;29.615;566208
29.6;29.6;29.26;29.59;334177
29.655;29.95;29.485;29.885;606426
29.98;29.98;29.445;29.545;536629
29.52;30.09;29.25;29.56;866069
29.98;31.335;29.97;31.04;1486511
31.1;32.255;31.005;31.98;1433008
31.905;32.165;31.56;32.035;652991
31.86;32.235;30.965;31.52;750247
31.78;32.885;31.735;32.77;1135819
33.035;33.23;32.8;33.09;725972
32.76;32.95;32.035;32.155;1286477
32.275;32.44;31.555;31.865;838504
32.02;32.11;31.645;31.99;664330
31.835;31.915;31.34;31.34;1114450
31.13;31.51;30.785;31.095;802190
31;31.26;30.85;31.24;560779
32.545;32.845;31.66;31.7;1254147
31.795;32.27;31.2;31.43;997450
31.41;32.67;31.205;32.47;777565
32.79;33.545;32.76;33.245;903043
33.26;33.29;31.95;31.95;703031
31.6;31.77;30.31;30.41;1233959
30.62;31.89;30.105;31.825;971706
31.85;32.335;31.445;31.59;716394
31.24;31.915;30.905;31.915;591521
32.08;32.19;30.25;30.39;960347
30.315;30.68;28.655;28.89;1216858
28.59;29.815;28.105;28.395;1533965
27.08;27.735;26.145;26.53;2380317
28.31;30.23;27.66;30.035;1934436
29.83;30.015;28.855;29.545;925150
29.22;30.89;29.22;30.7;822558
31.085;31.165;30.29;30.585;661662
30.39;30.39;29;29.245;931273
28.955;29.74;28.6;28.955;658893
29.685;30.07;29.355;29.655;554768
29.105;29.275;27.395;28.07;1412729
28.51;29.355;27.16;27.85;1880207
27.845;28.015;27;27.7;1420173
27.985;27.99;26.675;26.95;1157218
25.925;26.015;25.175;25.55;1451867
26.12;27.265;25.855;26.71;1059835
27.17;27.69;26.795;27.69;823566
27.805;27.815;27.35;27.415;536346
27.31;27.745;27.305;27.39;254596
27.305;27.455;26.23;27.26;840304
26.8;27.425;26.57;27.35;474344
28.3;28.88;28.105;28.77;814691
28.97;29.47;27.645;27.77;1388507
27.25;28.285;27.25;27.475;751813
27.67;27.67;26.48;26.78;778245
26.97;27.575;26.79;27.405;656390
26.95;29.1;26.95;28.84;1030337
29.095;29.61;28.805;29.485;1034043
29.8;30.62;29.7;30.6;1075098
30.17;31.205;30.065;31.115;1068833
31.26;31.42;30.985;31.355;781243
31.32;32.255;31.11;32.255;1005050
32.3;32.555;32.125;32.435;949786
32.65;32.79;31.19;31.25;1049122
31.09;31.205;30.565;30.71;962673
30.455;30.485;29.58;29.71;1113190
29.875;30.035;29.12;29.19;1266744
29.105;29.305;28.36;28.485;729794
28.505;29.27;28.1;28.99;943902
28.34;28.67;27.39;27.64;1359079
27.825;27.825;26.635;26.85;1244449
26.12;26.525;25.33;25.725;1523580
24.4;24.4;23.14;23.53;2924680
23.8;23.99;22.685;22.77;2385226
22.75;22.995;22.255;22.775;3058704
23.245;23.43;22.9;23.39;2504645
23.5;23.79;23.4;23.65;1194714
23.73;23.85;23.445;23.505;924940
23.675;23.815;23.295;23.455;680106
23.36;24.255;23.305;24.25;1056701
24.25;24.315;23.71;23.875;1313611
24;24.5;23.655;23.775;1832763
23.945;24.085;23.26;23.26;1733689
23.2;23.425;22.85;23;1172918
23.16;23.25;22.91;23.185;1120705
23.705;24.57;23.34;24.49;2504433
24.47;25.165;24.195;25.165;1421460
25.145;25.705;25.055;25.495;1088924
25.635;25.78;25.215;25.78;653461
25.75;25.75;25.125;25.47;1203367
25.48;25.6;25.005;25.34;723489
25.305;25.53;25.045;25.11;550359
25.045;25.2;24.65;24.855;741425
25.09;25.7;24.975;25.655;419047
25.675;25.8;25.365;25.6;551130
25.51;25.615;25.13;25.4;547119
25.335;25.49;25.02;25.035;500828
25.16;25.38;24.605;24.75;771519
25;25.04;24.735;24.85;397095
24.845;24.97;24.5;24.65;706681
24.47;24.55;23.825;23.895;567091
23.83;24.005;23.32;23.475;898885
23.585;23.65;23.14;23.305;526417
23.34;23.43;22.965;23.12;619559
23.22;23.755;23.19;23.745;1027591
23.685;23.965;23.45;23.81;836771
23.98;24.23;23.36;23.445;991740
23.39;23.625;23.1;23.12;1000433
23.14;23.625;23.14;23.36;652270
23.51;24.055;23.28;23.43;1841464
23.4;23.665;23.15;23.5;1418047
24.555;25.13;24.24;24.405;2345960
24.285;24.345;23.72;24.275;1389577
24.395;24.57;24.16;24.4;520113
24.095;24.37;23.98;24.21;1018678
24.325;25.16;24.27;25.16;1126848
25.035;25.27;24.975;25.22;1218079
25.235;25.665;25.12;25.315;1093722
25.5;25.565;25.33;25.45;430760
25.415;25.475;24.845;25.125;753651
25.025;25.275;24.8;25.195;629739
25.115;25.83;25.07;25.83;978183
25.75;26.085;25.75;25.96;807025
26.1;26.445;25.83;26.405;1325052
26.325;26.725;26.325;26.45;1415862
26.55;26.64;26.01;26.235;1646992
26.295;26.325;25.99;26.005;734988
26.295;26.55;26.16;26.39;1468184
26.53;26.65;26.205;26.56;911399
26.655;26.89;26.425;26.555;810041
26.56;26.6;26.065;26.09;530591
26.21;26.3;25.465;25.93;576863
25.875;26.275;25.645;26.21;732973
26.55;27.05;26.52;26.92;1155610
26.81;26.94;26.06;26.33;1119637
26.46;26.81;26.41;26.565;1043139
25.75;27.2;25.55;26.785;1808010
26.99;27.09;26;26.4;1777266
26.395;26.405;25.84;26.04;943673
26.04;26.88;25.92;26.85;907811
26.95;27.955;26.95;27.67;1747197
27.85;27.98;26.95;27.05;2192524
27.05;27.395;26.96;27.32;906657
27.37;27.655;27.165;27.585;583747
27.31;28.19;27.3;28.155;1579976
28.2;29.1;28.14;28.85;1599560
28.99;28.995;28.31;28.385;1023176
28.82;29.56;28.595;29.38;1579241
29.335;29.42;28.615;29.4;1085394
29.395;29.71;28.98;29.13;866909
28.81;29.17;28.81;29.03;777630
29.44;29.735;28.62;28.73;2046394
28.68;29.765;28.67;29.53;1020165
29.705;29.76;29.44;29.585;635718
29.495;29.86;29.32;29.79;711349
29.72;29.77;29.2;29.225;1023155
29.22;29.455;28.95;29.13;752703
29.135;29.63;28.985;29.465;651855
29.67;29.67;29.16;29.385;582716
29.34;29.875;29.305;29.69;419653
29.745;29.98;29.58;29.83;880633
30;30.78;29.98;30.7;1072487
30.815;31.22;30.75;31.09;1526587
31.025;31.5;31.015;31.325;667098
31.385;32.07;31.12;31.92;1881976
31.685;32.17;30.94;31.05;1189154
31.14;31.36;30.785;30.985;1049332
30.74;32.055;30.5;31.63;1218870
31.5;31.61;31.18;31.49;796109
31.345;31.42;30.92;30.92;812697
30.79;31.015;30.65;30.84;979764
31.045;32.145;30.98;32.105;931904
32.22;32.23;31.73;32;456509
32.19;32.38;32.005;32.085;546491
31.935;32.65;31.64;31.675;902916
31.725;32.945;31.545;32.865;910191
32.81;33.675;32.385;33.615;1092709
33.415;33.775;33.075;33.66;871648
33.675;33.87;32.805;32.915;936399
32.875;33.235;32.455;32.565;803491
32.91;33.24;32.42;33.025;971749
33.02;33.47;32.925;33.295;903527
33.305;33.635;33;33.235;808010
33.235;33.865;33.235;33.6;900468
33.65;34.025;33.625;33.76;938659
33.595;33.79;33.42;33.495;543365
33.75;33.98;32.875;33.11;858187
33.17;33.455;33.04;33.125;540767
33.175;33.35;32.855;32.985;746689
33;33;32.725;32.865;592004
32.625;32.82;32.35;32.695;563596
32.505;33.025;32.255;33.025;818475
33.02;33.285;32.735;32.96;837222
32.96;33.3;32.81;32.955;371430
32.97;33.48;32.655;33.37;520273
33.28;33.88;33.25;33.65;501795
33.65;33.835;33.37;33.62;348538
33.695;33.88;33.185;33.6;92930
33.12;33.6;32.645;33.565;189712
33.525;33.65;33.21;33.38;170612
33.4;33.75;33.37;33.71;228012
33.615;33.75;33.35;33.37;162561
33.305;33.525;33.04;33.3;73860
33.38;33.945;33.21;33.8;385247
33.74;33.905;33.555;33.89;575676
33.775;33.9;33.285;33.495;696571
33.57;34.205;33.5;33.94;941546
33.94;34.145;33.4;34.065;1013391
34;34.05;33.155;33.845;822853
33.96;35.235;33.815;35.12;1109555
35.305;36.2;35.19;35.8;1227177
35.795;35.83;35.05;35.105;1080629
35.165;35.89;35.165;35.7;1083958
35.695;35.8;35.09;35.1;682837
35.125;35.46;34.74;34.98;825890
35.115;35.315;34.66;34.67;913704
34.065;34.5;32.49;32.515;2984671
32.865;32.93;32.435;32.61;1236266
32.86;33.025;32.46;32.69;1090893
32.845;33.29;32.5;32.65;1472650
32.77;34.035;32.77;34.025;1555850
34.095;34.23;33.575;33.575;1331215
33.675;34.27;33.42;33.5;1059977
33.385;33.58;33.065;33.4;887922
33.435;34.07;33.265;34.04;1122423
34.105;34.38;32.835;32.9;1262988
32.9;33.105;32.52;33;1025676
33.5;33.73;32.95;33.705;1136479
33.795;34.085;33.68;33.995;680489
34.015;34.97;33.915;34.89;1386799
34.815;35;34.7;34.7;500584
34.795;34.88;34.32;34.725;514089
34.64;34.79;34.18;34.58;604675
34.625;34.885;34.46;34.74;392848
34.68;34.995;34.41;34.905;649412
34.955;35.235;34.835;35.235;562056
35.28;35.45;35.075;35.27;507927
35.28;35.795;35.15;35.505;641242
35.445;35.525;34.93;35.065;378202
34.895;35.585;34.4;35.2;828958
34.975;35.2;33.43;33.905;1713164
33.25;33.43;32.2;32.7;1481395
33.04;33.675;32.815;33.675;772701
33.635;34.38;33.4;34.075;1060110
34.115;34.55;33.175;33.335;808680
33.15;33.225;32.725;32.925;667496
33.075;33.92;32.975;33.495;556472
33.52;33.805;32.65;32.8;574497
32.7;32.8;32.315;32.44;914698
32.655;33.03;32.03;32.865;882994
32.975;33.65;32.93;33.075;530756
32.79;32.955;32.495;32.53;569115
32.23;32.435;32;32.14;1214611
31.905;32.46;31.79;31.97;1117621
31.3;31.4;30.145;31.19;1371014
31.3;31.415;30.1;30.21;1125798
30.3;31.175;30.105;31.165;1276941
31.14;31.415;30.7;30.86;1168488
31.27;31.555;31.03;31.315;808751
31.395;31.42;30.95;30.95;630510
30.89;30.975;30.335;30.77;778877
30.74;31.995;30.67;31.925;1135888
32.035;32.22;31.835;31.835;509382
31.78;31.95;30.73;30.8;1078994
30.96;31.45;30.65;31.45;1059978
31.89;32.2;31.515;32.125;814605
32.12;32.285;31.645;31.705;487183
31.935;32.24;31.6;31.975;695771
31.965;32;31.635;31.8;432151
31.845;31.85;31.225;31.5;614964
31.605;31.76;31.325;31.67;628931
31.655;31.795;31.135;31.165;506487
31.4;31.545;30.735;30.81;634159
30.685;30.7;30.25;30.42;997611
30.25;30.865;30.125;30.18;1011344
30.33;31.015;30.155;30.8;802773
31.72;31.74;30.56;30.66;1205177
30.725;30.88;30.57;30.72;624047
30.72;30.96;30.14;30.275;1044944
30.38;30.875;30.26;30.66;688072
30.94;31.605;30.94;31.45;797871
30.41;30.95;29.905;30.195;2575012
30.245;30.43;29.94;30.045;1088665
30.175;30.22;29.97;30.13;1076818
30.11;30.345;29.98;30.25;852560
30.31;30.39;29.955;30;614185
30.285;30.285;30.025;30.135;678716
30.005;30.12;29.4;29.615;1355738
29.51;29.565;28.72;28.75;1866179
28.92;29.26;28.795;29.2;1366335
29.21;29.34;28.57;28.865;2289228
28.825;29.245;28.63;29.125;1184303
29.895;30.49;29.8;30.05;2159292
30.19;30.97;29.825;30.75;1933401
30.5;30.58;30.35;30.53;743079
30.7;30.8;30.355;30.5;775876
30.275;30.89;30.265;30.825;1094392
30.705;30.935;30.195;30.205;1193188
30.345;30.94;30.28;30.78;1190908
30.82;31.24;30.72;31.24;950268
31.44;31.49;31.115;31.115;895529
30.81;30.83;30.245;30.465;1156648
30.595;30.82;30.12;30.365;675265
30.145;30.47;30.105;30.375;551165
30.58;31.23;30.535;30.945;939686
31.22;31.62;31.175;31.505;1218184
31.545;31.64;31.405;31.5;272389
31.685;31.96;31.485;31.82;1020706
31.295;31.295;30.77;30.825;880698
30.5;30.59;30.135;30.135;697223
30.17;30.31;29.875;30.185;819325
30.175;30.37;29.91;30.015;514245
29.95;30.095;29.78;29.78;930541
29.58;29.675;29.08;29.08;1027512
29.11;29.585;28.93;29.585;692045
29.645;29.82;28.945;28.99;759595
29;29.07;28.76;28.865;345272
28.98;29.185;28.875;29.1;479461
29.105;29.15;28.395;28.395;839362
28.33;28.38;27.81;28.115;994884
28.08;28.26;27.68;28.115;888629
27.71;28.14;27.67;28.05;556992
28.195;28.975;28.14;28.905;1070304
28.89;29.475;28.76;29.37;808190
29.205;29.215;28.075;28.21;1065723
28.645;29.15;28.45;28.59;804910
28.565;28.87;28.475;28.585;422973
29.25;29.99;29.25;29.875;1185572
30.085;30.85;30.045;30.625;1106959
30.705;30.885;30.365;30.835;622863
30.795;30.96;30.615;30.925;539933
30.935;31.35;30.86;31.215;474822
31.215;31.33;30.965;31.15;484197
31.255;31.485;31.11;31.445;990331
31.55;31.715;31.22;31.27;1138476
31.53;31.995;31.215;31.445;1683695
31.085;31.45;30.71;30.8;804172
30.445;30.485;29.42;30.285;995992
30.05;30.435;29.95;30.29;742570
29.905;30.105;29.64;29.64;936840
29.415;29.545;29.16;29.175;967359
29.03;29.035;28.29;28.5;1095638
28.71;29.5;28.565;29.5;1203244
29.755;30.645;29.75;30.31;1294952
30.37;30.76;29.78;30.63;908835
30.935;31.88;30.665;31.46;1180937
31.17;31.46;31.015;31.12;966669
31.365;31.43;30.87;31.33;913241
31.535;31.975;31.01;31.53;1232702
31.09;31.235;30.8;31.215;593864
30.83;31.155;30.525;30.77;606878
31.2;31.2;29.85;29.945;877835
29.71;29.975;28.82;28.82;1043884
28.54;28.66;28.13;28.235;1339140
28.79;28.825;25.91;26.02;1724185
25.185;26.685;25.02;25.47;2389998
25.175;25.765;23.215;23.215;1899024
23.215;24.8;22.165;24.77;3365825
25.25;25.44;23.64;23.895;2126833
24.725;24.975;23.15;24.385;1753937
24.36;25.49;23.755;25.49;1336137
25.675;26.185;25.555;26.06;864694
25.825;26.01;25.03;25.405;805445
25.305;26.34;25.03;25.88;1030430