46.8;48.8;45.54;45.54;5323855
46.2;46.38;42.64;44.5;5317080
42.2;43.18;41.8;42.9;6928635
42.44;42.96;42;42.3;6277465
40.1;43.4;39.4;43;14515980
43.98;45.3;43.5;44.36;5534780
44.3;44.48;42.86;43.64;4019970
41.5;43.12;41.5;42.8;7064350
42.2;43.68;41.66;42.86;6045960
43.2;45.42;43.02;45.2;7114805
45.4;45.74;41.96;43;10337235
43.2;43.2;41;41.1;8291885
40.8;41.58;39.24;40.6;10863640
41.2;42.4;40.84;40.84;6803165
40.28;41.7;39.76;41.2;6301575
41.62;42.68;41.22;41.4;6190520
40.4;41.8;40.04;40.68;5648830
40.96;41.48;40.38;40.6;4981170
41;41.08;40.4;40.82;4690895
41.3;41.8;40.6;41.24;4680105
40.6;41.4;40.3;40.8;4089235
41.58;42.54;41.2;41.6;5124520
42.4;44.7;42.4;44.16;7808480
47;50.54;46.8;49.48;19273905
50.1;56.98;50.1;51.7;15827970
53.84;55.6;52.68;53.5;7913285
54.26;56.16;54.22;54.4;6724500
55.9;56.86;51.7;52.02;7689795
51.2;53.9;50.78;52.88;3926280
54.4;56.14;54.1;55.98;7794085
55.2;55.78;53.66;54.6;3032385
55.56;55.88;53.1;53.5;3086420
54.16;54.32;51;52.4;5576430
52.8;53.7;51.2;51.8;4419125
52.6;52.6;47.6;47.96;8787135
47.58;47.78;45.68;47.28;3858675
47.78;49.24;47;47.5;5964500
47.62;49.9;43.02;43.4;27620800
44.56;47.6;43.6;45.02;21432695
46.4;47.1;46.1;46.98;12409780
47.56;48.76;46.7;47.48;6134035
47.8;49.92;47.3;48.64;10637955
49.2;50.5;48.84;49.1;6843715
49.7;49.7;48.82;49.08;4146695
49.6;49.6;47.8;48.8;4247690
49.7;49.88;48.8;49.8;3666400
49.4;51.46;49.02;50;6368570
48.8;50.32;48.3;48.8;4875335
50.28;50.28;48.8;50;3313540
51.2;51.88;51.1;51.4;4770725
50.36;50.38;48.32;48.7;4176470
48.56;49.1;47.66;48.2;3410290
46.78;47.26;45.8;45.82;4674375
45.8;46.38;43.8;44.04;6289640
45.9;45.9;44.02;44.7;6551750
45.38;47.14;44.86;46.84;4727325
46.3;46.84;44.92;46.52;3404080
46.8;47.16;44.46;45.42;5728540
45.62;46.36;44.86;45.2;3812625
45.6;47.4;45.4;46.9;5475825
47.74;48.2;47.2;48;2832190
48;49.38;47.7;48.62;5428630
48.2;48.5;47.4;47.7;4020765
47;47.2;45.42;46;4448870
44.6;46.1;44.2;45.86;4711600
46.3;46.3;42.6;43.14;5385250
43.02;43.18;41.5;41.7;6212630
40.8;42.6;39.1;39.42;10608610
40.86;43.2;40.4;42.9;5880550
47.6;48.28;46.32;47.1;11566560
48.6;49.2;47.3;47.62;5302245
45.44;46.74;44.2;46.52;4908595
46.5;47.4;45;45.56;3744080
43.9;45.1;43.56;44.6;6240495
44.4;44.52;42.58;43.6;4612880
42;43.2;41.2;43.12;6507360
44;45.34;43.52;44.06;6257565
45.02;46.96;44.38;46.6;5932150
45.7;46.54;45.6;46.2;2277090
45.4;46.98;45.1;46.76;2614690
47.8;48.7;47.32;47.54;6834895
47.7;47.92;45;46.68;4365410
48.16;51;47.98;51;9918700
52;52.36;50;51.6;8014005
50.72;52.6;50.18;50.3;5754295
51.96;55.2;51.36;55.1;18748710
56.2;59.94;56.2;59.22;20578405
59.6;61.4;58.46;59.9;8144325
59.02;59.3;56.2;57.2;10664375
57.16;57.58;54.1;54.6;7215340
53.6;56.08;52.62;55.36;7843535
56;56.92;55.66;56.32;4327100
56;57.3;55.32;56.4;2981165
57.34;58.92;57.34;58.3;5002975
58.76;59.32;57.3;58.04;6432355
57.36;58.28;55.62;56;4308200
55.26;55.32;52;52.94;8341985
53;54.6;49.2;50.85;3960069
52.5;53.85;51.3;52.35;6439748
50.4;51.85;49.1;49.58;10309799
50.95;52.45;49.6;50.9;9490052
50.55;55;49.5;53.3;6398955
54.1;56.7;53.5;55.7;5572437
56.85;59.6;55.7;59.2;7667815
60;61.05;57.9;59.3;10643601
58.75;61.2;58.1;61;4408931
61.9;66.5;61.4;65;9324629
64.9;66.1;62.3;64.9;5274744
64.1;66.1;62;62.85;5033146
62.2;62.6;60.25;61.7;5582844
62.6;64.9;61.9;64.15;7760087
64;66.6;63.75;65.8;6494594
65.1;68.2;64.45;64.45;12019987
65.5;66.8;64.7;65.45;13766711
65.35;65.9;64.25;65.05;3429952
66.3;67.25;65.3;67.25;5855656
66.8;69.25;66.6;68.35;6042586
69.5;72.65;69.25;71;10315541
70.5;74;70.5;72.2;6203006
72.95;74.6;71.8;72.5;5166137
70.7;73.5;69.4;71.5;5050319
71.6;73.1;70;71;3459400
71.8;72;68.5;69.9;4904645
70;70.95;68.05;69.25;4126506
70;70.45;64.1;64.1;8820494
65.4;68.85;65.1;68.7;6750459
69.2;69.5;67.6;69.25;3011101
69.9;72.7;69.5;72.3;4003608
72.3;72.5;68.8;70;5176931
69.1;71.95;67.8;71.95;5595938
72.55;74.4;72.5;74.4;5519387
73.05;75.5;73.05;74.4;4735265
74.6;77.2;74.25;76.9;5031330
77.25;79;75.7;77.05;4161125
77;79.8;74.5;79.6;4504545
80;82.8;79.7;81.6;6138574
81;81.75;77.6;78.6;4944119
79;80.2;75.6;76.5;4350488
76.2;79.2;74.8;78.6;4502828
76.6;78.05;75.8;77.65;3443274
77.9;81.3;76.7;80.95;4094046
80.05;80.6;78.55;79.1;3839524
81.8;81.8;76.55;77.5;5783799
79;84;75.65;80.5;14731414
79.25;80.9;76.75;77.35;7413247
77.4;79.75;76.8;79.6;3682384
79.45;80.65;78.05;78.85;2721579
79;79.5;74.3;76;5448322
74.5;74.75;70.2;71;11221459
73.6;76.45;72.65;74.6;7510648
75;77;74;76.6;3390647
77.1;79.8;76.15;78.4;4030875
79.95;82.55;79.05;80.9;6118144
80;81.2;78.3;80.35;3124494
79.5;81.6;77.8;78.15;3197083
79.55;81.25;77.9;79.8;2759835
81;81.95;78.6;79.05;1715379
79.5;82.35;79.05;81.65;3086599
82.1;83.9;81.25;82.65;3424293
83.5;86.1;83.4;85;5313825
84.05;84.85;82.85;83.6;3237534
83.55;83.95;81.4;82;2734375
82;82.2;79.9;80.8;3375813
81.6;83.1;81.2;82.25;3616731
83.2;86;83.2;85.85;3098885
85.5;87.8;85.05;86;3801064
85.75;87.75;84.4;86.9;2964424
86.25;91.3;85.7;90.9;6644276
90.3;93.15;90.3;92.05;5818341
93.3;95.05;91.85;93.75;5563753
93;97.05;93;97.05;3286360
97;97.15;94.2;94.5;4182482
94;95.6;92.2;92.5;2365504
91.6;94.35;91.5;93.25;3300244
92.2;93.7;89.15;89.75;3677537
89.95;91.3;86.5;89;5877140
87;87.95;85.2;87.95;5586725
86;86.45;82.65;83.8;10145876
85.5;89.9;85.2;89.9;6739142
89.15;91.3;87.25;91.3;8332083
89;89.8;87.2;87.2;4495899
85;87;83.8;86.1;3785041
88;88.4;82.6;83.5;3642775
82.6;83.8;76.5;78.5;11045223
74;79.3;72.1;79.3;13075517
81;83.3;80;83;4174371
80.6;82.1;78.65;78.75;5249449
77.5;81.35;77.2;80.3;5937155
80;80.35;73.9;75.35;11740364
76;76.8;70.25;72.5;10078751
71.1;75.25;70.5;73;5325321
72.9;76.9;71.5;76.75;4971875
76.05;76.5;72.5;73.35;5261467
74.85;77.45;74.8;76.8;4975155
77.3;78.65;74.65;75;3500007
73.75;74.2;71;72.25;3913178
74.1;76;73.1;76;7342019
70.55;71.8;67.4;69.2;16974155
71.6;74;66.6;71.4;8925480
68;75.3;68;75.3;8895119
78.8;78.9;75.7;77.05;5322128
77;78.3;74.6;75.7;3943100
72.5;72.7;68;69.5;12096168
72.9;75.7;70.3;74.8;8257805
76.3;79.6;72.2;76.45;12329929
77;77.65;73.6;76;4765155
74.25;81.1;73.45;80.9;7038121
74.3;76.25;70.75;74.4;18209634
72.5;74.75;70.5;70.5;7132548
74.6;75.8;72.75;73.5;8338709
72.8;73.5;69.9;71;7883545
74.25;75.45;67.5;71.9;22789514
74.4;74.75;69.95;71.7;8683726
71.5;74.2;70.5;73.4;6097179
74;75.75;72;74.85;4676822
75.9;77.75;75.3;75.35;5380021
76.9;77.1;73.55;77;4409951
77.4;78.15;73.8;74.5;5302921
73;73.2;70.5;72.2;7846972
72.2;73.8;67.1;67.85;9223087
67;67.75;62.6;63.55;8325747
65.5;68.1;64.8;67.9;8180695
69;69.6;66.3;67.7;6284305
67.7;67.8;64.65;67.25;5469290
65.15;66.5;62.5;62.5;9085550
63.9;64;56.5;57.3;12593096
57.4;59.6;55.3;58.6;14879963
58.7;58.75;55.85;56.35;6738378
56.8;60.5;56.6;60.5;7570369
60.5;63.9;58.35;63.15;8630563
65;66.75;62.4;63;7887738
62.5;63.55;60.45;60.7;9531605
59.25;61.7;58.2;61;9467195
59.5;60.4;56.25;57;10658985
59;61.1;58.45;59.1;11582834
60;61.75;57.95;60.4;6405449
62;66.7;62;66.7;8754684
70;72.5;69.5;70.9;14271130
68.9;73.75;68.15;72.1;8842065
72.6;75;72.3;73.35;7057381
75.05;77.9;73.8;77.45;7659795
76.7;76.95;72.65;74.05;7068496
75.4;75.6;68.7;69.4;10692446
68.5;71.8;66.65;69.6;8356967
67.8;69.3;67;69.25;6160360
70.1;71.95;68.85;68.85;6397521
67.55;69.2;66.05;67.8;8184955
64.55;65.2;59.2;59.5;13510182
58.5;62;56.85;62;10839448
60.3;61.75;58.65;61.35;6337035
61.5;61.7;60;61.15;2905763
61.75;62.7;61.6;62.1;2762728
62.9;63.9;60.5;60.5;2564851
60.5;61.55;56.2;57.5;7231190
56.1;56.4;51.6;54.5;15292270
61.9;62.8;60;62.3;15190364
61.4;65.1;60.8;61.65;9603071
60.05;62.5;59.4;61.45;8541143
63.5;64.25;59.7;61.3;12856563
61.75;62.55;59.05;61.25;9757425
61.5;62.75;59.8;62.6;8604859
64.05;67.9;64.05;67.45;14343665
67.5;69.7;66.3;68.8;5086483
68.45;68.85;66.75;67.75;7749640
69;70.4;68.65;69.8;11093097
69.4;70.4;66.75;68.1;10773898
70.2;72.35;68.75;68.75;15610607
68.45;69.5;65.5;67.05;8033970
65.95;66.8;64.55;66.2;7245203
68.55;68.9;66.55;67.1;7796882
65.5;67.9;63.8;64;9246420
61.35;62.4;60.3;61.9;18700021
63.2;63.4;59.6;60.45;12366594
61.1;62.45;57.5;59.1;17202385
60;63.75;59.8;63.75;18353979
63;64.5;61.4;63.2;11984424
63.6;64.3;61.55;61.6;7166699
60.7;61.25;58.95;60.2;9450594
60.4;62.15;60;61.7;7993791
59.9;60.25;58.3;59.2;8503331
59.4;60;57.95;57.95;7977761
57.95;58.4;55;55.15;13928884
55.55;56.8;55.15;56.2;8301774
57.05;57.2;55.2;56.6;7730393
55.2;55.75;52.5;53.6;6957453
54.2;56.55;53.65;56.5;10509029
52;52.8;50.65;51.55;22471275
51;51.9;48.71;49.75;7022730
50.7;51.6;47.7;48.55;10867759
47.5;47.7;45.05;46.5;15055349
45.4;47.4;43.2;46;17661639
46;46.2;42.06;42.5;15780591
44.2;45.7;43.06;44;12325692
44.25;45.29;43;44.03;10087702
42.5;43.9;42;42.3;8939419
42;42;39.8;41.68;13321716
41.5;43.99;40.88;42.2;12650252
43;44.95;42;44.66;8068535
45.52;48.9;45.35;47.65;13579518
46.22;48.6;45.5;47.35;11360087
45.9;48.1;44.95;45.2;12679665
43.6;44.3;42.15;42.5;9071362
41.99;41.99;38.8;39.24;15103452
38;40.38;37.6;39.7;15484000
41.05;41.25;37.11;39.93;16063762
40.5;41.75;39.5;40.4;11823505
40.2;40.25;37.95;37.95;7879626
37.9;38.8;35.85;36.8;9278660
38.3;39.35;37.75;39.24;8737918
37.2;38.64;36.6;37.65;9837275
37.97;38.6;36.21;37;10991567
39.1;40.59;39.05;40.4;11542241
41.06;43;40.55;42.21;9447279
41.1;43;40.65;42.82;8251602
41.8;42.05;39.43;39.75;12586171
37.4;37.8;36.34;36.8;16690353
36.45;37.49;33.85;34.25;16729354
33.8;34.37;32.3;33.75;14210921
32.35;32.59;30.5;30.59;13688379
29.9;32.38;29.65;31.9;16927846
32.25;33.58;32.15;32.41;10947369
33.8;33.89;30.37;31.1;12066815
30.66;32.4;30.01;31.75;10814531
32.8;34.45;32.55;34.45;11461865
35.04;36.98;34;36.02;16557505
35.75;36.75;35;36;8026479
33.51;34.61;32;33.57;13179370
36;37.5;35.75;37.25;12832640
38;38.58;36.12;36.57;13879056
37;37.5;35;35.8;11214084
35.3;35.97;34.51;34.8;5288492
34.5;35.25;32.17;33.3;17234701
33;33.25;31.52;32.28;17384772
33.5;34.35;32.6;33.63;18784735
33.2;35.11;32.71;34.12;12449735
34.95;37.1;34.71;36.7;8847230
38;38.98;37.13;38;14293831
38.5;38.75;36.46;37;9455880
36.75;37.85;35.85;37.1;9732231
37.32;38.19;37.32;38.01;5333159
37.95;39.14;37.22;38.4;7704096
37.25;37.95;36.78;37.01;11518728
37.02;38.84;36.69;38.44;10799909
37.9;38.55;37.33;37.84;5449978
37.16;37.35;36.25;36.38;5213935
36.4;37.27;36.14;37.16;4660588
36.3;36.48;34.05;35.7;16181765
36.9;37.29;35.6;36;11450080
34.4;34.74;32.58;33.4;27343756
34.2;34.78;32.9;34.59;9839839
35.4;36.18;34.75;36.15;17189354
35.9;36.05;33.15;34.25;18486065
34.4;35;33.8;34.3;4796673
34;34.35;31.7;31.95;13150277
32.25;32.37;31.63;31.8;5747901
31.8;33.89;30.8;30.85;25447658
32.3;32.5;28.57;29.26;35524745
29.1;30.15;28.25;29.95;16289713
29.8;29.8;28.65;29.3;8224893
29.69;30.23;28.65;30.21;8023253
31.07;31.6;30.26;30.45;8260925
30;30;29;29.2;9153280
29.8;30.74;29.15;29.25;11717464
29.35;30.16;29.05;29.4;5826884
29.74;29.78;27.27;28.25;15810882
28.5;28.62;27.49;27.95;7919102
27.3;27.65;26.55;27;11177623
26.6;26.84;25;25.79;15529627
25.87;26.3;24.7;25.13;10561562
25.39;26.13;24.9;24.91;9321305
24.5;24.5;23.29;24.15;12754982
24.72;24.8;23.45;24.15;10479326
24.5;25.23;23.9;24.65;10488987
24.39;24.45;23.73;24;8673210
23.91;23.92;22.22;22.77;10730427
23.3;23.85;22.8;23.03;9554273
22.98;24.29;22.3;23.86;11369356
23.69;24.75;23.5;24.7;10641919
24.9;25.26;24.45;25.26;8830073
25.3;25.61;24.7;24.75;8282716
24.22;24.25;22.61;22.9;13462264
20.8;21.47;20.25;20.3;24526370
20.3;20.3;18.86;19.13;17112782
19.5;19.58;18;19.45;11687046
19.01;20.34;18.71;18.82;11048460
18.08;18.73;17.6;17.92;11649404
19.05;19.24;18.23;18.35;9609337
18.78;19;18.35;19;6838524
19.1;19.45;18.81;19.25;5537476
18.6;19.41;18.4;19.41;6576457
19.39;19.72;18.91;19.1;8605598
19;19.75;18.74;19.69;8578442
19.05;19.3;18.15;18.25;8735331
18.27;18.81;18.01;18.34;5328489
18.3;18.38;17.53;17.69;8269654
17.45;17.7;16.73;16.91;10139611
17.7;18.09;17.15;17.7;18193173
18;19.01;17.83;18.9;10267778
19.15;19.84;18.75;19.64;9629097
18.8;20.4;18.8;20.35;12179874
20.34;21.45;20.05;21.06;10464535
21.5;22.58;21.26;21.35;19023355
21.36;21.7;20.86;21.1;7345262
21.1;21.3;20.43;20.94;6028807
20.69;20.8;20.06;20.6;7759436
20.3;20.33;19.51;19.75;9622239
19.1;19.15;18;18.25;14277522
18.41;18.87;17.61;17.88;9043090
18.2;18.5;17.76;18.37;5855981
18.8;19.25;18.7;18.94;5674304
18.89;19.05;18.41;18.5;3369266
18.11;18.15;16.87;17.44;10410926
17.89;18.16;16.74;17.05;9508951
17.05;17.35;16.45;17.06;6258034
17.25;17.41;16.87;17.35;6797684
16.8;17.63;16.7;17.11;8255013
17.49;17.9;17.06;17.6;5944816
18.1;18.75;17.9;18.75;8804497
19.05;19.38;18.86;19.08;6728162
19;19.43;17.83;18.15;8834154
18;18.84;17.56;18.55;20604970
18.25;18.45;17.1;17.18;8839507
17.15;17.55;16.92;17.01;7639454
17.39;17.42;16.43;17;4327746
17.59;17.7;15.85;16.95;15705302
16.25;16.42;14.78;15;20349860
15.25;15.43;13.55;14.3;21513693
14.26;14.85;13.55;14.3;17751950
13.75;14.63;13.65;14.29;12680737
14.69;15.4;12.6;12.6;14840991
11.63;13.94;11.6;13.8;12521035
13.8;13.98;12.86;12.9;6842281
13.14;13.5;12;12.65;16304692
12.7;13.29;12.1;13.12;11778487
13.3;13.73;12.82;13.35;19662653
13.5;14.15;13.13;13.15;11371618
13.29;13.53;12.6;12.6;9764463
12.39;12.48;11.5;11.5;14420152
12.08;12.47;11.71;12.44;9276854
12.2;13.25;12.02;12.75;11433269
12.8;13.46;12.56;12.9;12100742
12.72;13;12.12;12.3;10658245
12.71;13.01;12.11;12.63;9120517
12.88;12.95;12.01;12.25;5216291
12.41;12.55;11.46;12.55;9046754
12;12.01;11.34;11.6;15667091
12.5;12.55;11.58;12.4;22727138
11.75;12.79;11.6;12.05;15500860
11.75;12.25;11.61;12.02;9099400
12.02;12.73;11.91;12.49;10475936
12.25;13.79;12.11;13.75;16345535
14.15;14.79;13.88;14.05;16535477
15;15.36;14.35;14.74;16787431
14.4;14.62;13.6;13.81;8432383
13.94;15;13.65;15;9826159
15.73;17.48;15.7;16.9;28338363
15.92;16.35;15.65;16.15;14643438
16.26;16.64;15.24;15.59;14855424
15.79;16.2;15.65;16.2;5453526
16.6;17.08;16.52;16.6;9334163
16.3;17.38;16.12;17.11;10375290
17.31;17.96;16.25;16.63;10193503
17.39;17.56;16.97;17.39;9171913
17.3;17.35;16.68;16.68;6869797
16.1;16.14;15.27;15.7;12249628
15.1;16.98;15.1;16.77;21518186
16.69;17.18;16.12;16.9;7179305
17.37;17.85;17.15;17.34;10843669
17.21;18.77;17.21;18.64;9763543
19.2;19.83;18.6;18.92;17311745
19.24;19.62;18.04;18.73;22663690
18.8;19.49;18.23;19.24;21009493
18.75;19;18.56;18.65;9664520
18.65;18.89;17.7;18;9199464
18.58;19.74;18.52;19.62;14841641
19.7;20.49;19.66;20.18;15488796
20.75;21.16;20.09;20.77;13750830
20.9;21.58;20.32;21.5;9978914
21.75;22.7;21.5;22.2;11736616
22.25;22.25;20.54;20.95;10788122
20.37;21.15;20.11;20.4;7159458
20.6;21.56;20.55;21.19;4747963
21.35;21.7;20.33;21.05;6041885
21.6;22.13;21.3;21.3;8709922
21.64;22.14;20.5;20.85;9585593
20.8;21.3;19.4;19.55;13044954
19.31;20.29;19.02;19.65;15686365
20.34;20.38;19.67;20.38;8469031
19.99;20.05;19.58;19.79;5200448
19.95;20.38;19.81;20.38;6930916
21.21;22.18;21.07;21.96;15290878
22.3;23.29;22.25;22.46;13436332
22.49;22.84;22.15;22.15;5699660
21.7;21.88;21.09;21.34;5479861
20.92;22.39;20.72;21.96;6741355
22.45;22.68;21.09;21.11;8188672
21.03;21.58;18.93;19.55;19630420
19;19.24;18.56;18.74;8786293
18.89;19.84;18.55;19.78;7516559
19.95;20.28;19.31;19.31;5347068
19;19.55;18.23;19.1;9493415
18.74;19.17;17.83;18;10320588
17.7;18.33;17.4;18.25;11765891
18.25;18.45;18.06;18.21;1235568
18.71;18.87;18.26;18.79;3895527
18.79;19.21;18.77;19.2;3925856
19;19.45;18.61;18.95;4155397
19.39;20.77;19.3;20.67;9266945
21.5;21.62;20.17;20.79;10741659
21.05;21.45;20.36;20.9;8462352
20.45;20.6;19.71;20.15;11571103
20.15;20.35;19.37;20.05;9459922
19.6;19.75;18.97;19.26;9175396
19.25;19.75;18.61;19.34;7416240
18.94;18.94;18.46;18.5;6090903
18.3;19.1;17.86;19.1;11329095
18.45;18.82;17.99;18.01;9422346
18.38;18.54;17.95;18.15;8198709
17.79;17.9;17.46;17.78;9863166
17.74;17.74;16.9;17;9008104
17;17.87;16.54;17.06;16053980
16.86;17.39;16.46;16.7;9740242
17.05;17.96;17.02;17.5;19589937
17.4;17.4;16.58;16.88;16410276
17.15;17.38;16.93;17.3;7486855
17.5;17.95;17.23;17.23;13220490
16.81;17.23;16.61;17.2;11769871
18.2;18.39;17.4;17.6;16585085
17.92;18.18;17.46;17.68;10271917
17.71;17.73;17.05;17.27;5949716
16.7;16.95;16;16.37;14567641
16.3;16.89;15.95;16.5;13603396
16.03;16.85;15.91;16.7;16879368
16.5;17.01;16.3;16.9;7710687
17.3;17.73;17.19;17.19;8951872
17.6;17.77;16.76;17.11;13377758
17.11;17.28;16.55;17.03;7715434
17.13;17.45;16.87;17.21;12301106
16.95;16.95;15.85;16.06;14839107
15.94;16.4;15.81;16;3963825
15.75;15.81;15.26;15.35;10278588
15.35;15.51;14.62;15.12;8553241
15.75;15.85;14.87;15.34;9738823
14.9;15.15;14.73;15.03;9108325
15.39;15.62;15.05;15.35;6458548
15.7;16.04;15.57;15.75;19642168
15.95;16.28;15.8;16.21;7381493
15.9;16.48;15.58;16.05;7891672
15.75;16.25;15.75;16.06;5930533
16.6;17.21;16.5;17.2;8645146
17.25;17.55;16.91;17.35;10746150
17.22;17.65;17.13;17.44;7784268
17.88;18.55;17.87;18.07;11660919
17.81;18.54;17.6;18.44;11620022
18.59;18.72;17.81;18;7369457
18.08;18.26;16.8;17.16;15304574
17.1;17.35;16.65;16.9;8413133
16.84;17.08;16.22;16.42;7469416
16.45;16.73;16.18;16.28;7769159
16.7;17.17;16.62;16.78;7489140
16.7;16.8;15.97;16.24;13831338
16.15;16.36;15.42;15.7;11820683
15.54;16.16;15.45;15.8;7198922
16;16.39;15.63;16.35;11969910
16.35;16.94;16.22;16.35;6927743
16.27;16.69;16.11;16.6;6274911
16.7;16.76;16.18;16.39;8825056
16.2;16.52;16.07;16.36;9486512
16.45;16.5;15.95;16.25;6902370
16;16.4;15.92;16.3;6903007
16.07;16.23;15.71;15.77;7274872
15.95;15.98;15.5;15.5;5037274
15.5;15.59;14.72;14.99;9355197
15.39;15.53;14.8;15.42;14838475
15.16;15.54;14.86;15.48;14534517
15.26;15.65;14.3;14.41;8905080
14.5;14.55;14.18;14.43;5424490
14.65;15.32;14.51;15.27;9010667
15.45;16.2;15.32;15.98;12251162
16.4;16.47;15.86;16.03;7759887
15.88;16.58;15.4;15.69;14601150
15.4;15.83;15.25;15.39;5717713
14.9;14.95;14.18;14.73;10749859
14.83;15.14;14.3;14.66;7356153
14.6;14.93;14.31;14.31;7333063
14.6;14.68;13.33;14.3;12113445
14.4;14.83;14.16;14.38;11902709
14.15;14.25;13.88;14.07;9915570
13.95;14.27;13.54;13.88;10640585
14;14.09;13.12;13.15;9601124
13;13.17;12.06;12.63;11713617
12.69;13.11;12.45;12.83;5504740
12.37;13.07;12.17;12.45;9990857
13.1;13.68;12.95;13.68;8964139
13.98;14;13.21;13.36;5606104
13.29;13.29;12.7;12.8;5043989
12.5;13.39;12.32;13.28;6436190
13.5;14.22;13.12;13.9;9715575
14.3;14.6;13.81;14.21;8454184
14.18;14.36;13.62;13.91;9704840
14.13;14.48;13.83;13.92;6326190
14.1;14.37;13.65;13.83;3559064
13.8;14;13.44;13.5;6177370
13.38;13.55;12.78;13.03;6993696
13.29;13.4;12.75;13;7345865
13.36;13.46;12.78;12.9;4233048
12.85;13.08;12.83;12.94;2395677
13.07;13.39;12.75;13.04;3761580
12.97;13.11;12.79;12.92;32828490
12.82;12.89;11.95;12.12;13937116
12.25;12.72;12.1;12.7;6808021
12.45;12.78;12.39;12.65;3834604
12.25;12.49;11.88;12;8958548
12.23;12.32;11.61;11.8;7736031
11.95;12.2;11.37;11.45;7414874
11;11.09;10.6;10.86;9966666
11.14;11.25;10.52;10.88;7886453
10.91;11.4;10.31;11.04;15223955
10.66;10.82;10.31;10.46;11073599
10.68;10.89;9.92;10.17;12035394
9.9;10.08;9.56;9.83;12774701
10;10.29;9.85;10.29;7560766
10.36;10.45;9.92;10.1;7719345
9.7;9.84;9.36;9.46;12461110
9.3;9.66;8.87;9.06;10155172
8.88;9.3;8.43;8.95;14081678
8.94;9.04;8.33;8.65;11855469
8.95;9.38;8.48;9.35;14989320
7.5;8.15;6.83;7.81;27242781
7.85;8.08;7.11;7.35;18119497
7.47;7.65;6.8;7.04;22208803
7.16;7.68;6.74;7.36;12429238
7.14;7.29;6.47;6.77;11929058
6.74;6.94;5.43;5.67;41258235
6;6.22;5.9;6.22;17631802
6.3;6.92;6.02;6.63;20924543
6.55;6.99;6.32;6.7;15603993
6.5;6.72;5.85;6.55;22205468
6.18;6.5;6.05;6.05;15839066
5.99;6.55;5.82;5.9;15727651
6.48;6.49;6.1;6.35;16598338
6.35;6.41;5.96;6.2;10993717
6.36;6.5;5.73;6.29;19357325
6.18;7.05;6.16;6.9;20787195
6.99;7.47;6.73;7.2;18486935
6.75;6.84;6.3;6.3;20514579
6.31;6.35;5.91;5.93;11807926
6.08;6.23;5.55;5.73;13827373
5.6;5.84;4.96;5.63;16320012
6.15;6.15;5.18;5.41;18841177
5.25;5.33;4.8;4.9;15048859
4.98;5.22;4.7;5.22;18099674
5.28;5.36;5.1;5.32;12653220
5.38;5.75;5.21;5.36;13089176
5.43;5.55;4.95;4.99;9334819
5.08;5.08;4.81;4.89;9838223
4.94;4.94;4.56;4.61;9304771
4.5;4.89;4.32;4.8;18199549
4.97;5.1;4.55;4.68;9449535
4.79;5.02;4.74;4.99;15987732
5.06;5.2;4.7;4.85;10900664
4.83;4.88;4.74;4.8;5183319
4.84;4.89;4.7;4.8;4453197
4.64;4.75;4.55;4.68;8243381
4.9;5.03;4.81;4.99;5655741
4.99;5.01;4.62;4.81;5387881
4.82;5.16;4.81;5.15;6659791
5.13;5.27;5;5.05;9419080
5.05;5.7;4.92;5.53;18484105
5.72;6.24;5.68;6.24;15722092
6.27;6.3;5.91;5.92;9587000
5.9;5.95;5.58;5.59;5012210
5.75;6.07;5.62;5.9;11454774
5.65;5.67;5.28;5.38;13727308
5.35;5.5;5.05;5.31;10207429
5.4;5.44;5.06;5.18;12011949
5.21;5.23;5.03;5.08;4701343
5.03;5.05;4.41;4.67;18693968
4.67;4.75;4.46;4.6;12062547
4.75;4.75;4.33;4.4;10611772
4.44;4.65;4.37;4.56;9314987
4.58;4.58;4.35;4.44;4973086
4.55;4.68;4.3;4.35;12577541
4.4;4.4;4.13;4.32;15890730
4.26;4.28;4.08;4.1;11627368
4.05;4.05;3.5;3.76;25940892
3.8;3.84;3.6;3.69;10858049
3.83;3.88;3.31;3.35;21960536
3.29;3.3;2.97;3.05;27008389
3.06;3.1;2.48;2.51;46127018
2.5;2.85;2.13;2.7;65849063
2.8;2.85;2.26;2.3;30419511
2.31;2.39;2.05;2.36;28906960
2.45;2.73;2.38;2.63;35543680
2.73;2.78;2.5;2.64;20977103
2.55;2.6;2.43;2.47;18051111
2.38;2.4;2.21;2.35;20285931
2.36;2.44;2.3;2.36;13485324
2.58;2.69;2.44;2.69;22928795
2.5;2.7;2.49;2.59;14077643
2.56;2.66;2.37;2.45;15344771
2.39;2.42;2.35;2.4;8260642
2.39;2.48;2.28;2.3;21215972
2.39;2.47;2.34;2.44;14012295
2.37;2.66;2.34;2.66;19116455
2.78;3.05;2.76;3.05;31072597
3;3.12;2.89;2.97;15058342
3.04;3.6;3.04;3.49;22269053
3.35;3.84;3.28;3.44;22094260
3.57;4.08;3.5;4;29208429
4.3;4.3;3.71;4.03;27770526
4;4.22;3.83;4.21;19971138
4.21;4.46;4.07;4.19;18373283
4.17;4.25;3.53;3.53;16564224
3.7;3.82;3.41;3.8;21984241
3.65;4.01;3.6;3.9;13824723
4.24;4.26;4.05;4.15;20005816
4.07;4.15;3.67;3.7;12926517
4.05;5.26;4;5.2;87625404
5.21;5.54;4.81;5.04;50579567
4.95;5.15;4.61;5.11;19935201
5.34;5.82;5.3;5.67;23796065
5.48;5.77;5.34;5.68;18393934
5.85;5.95;5.52;5.67;13299297
5.6;5.68;4.9;4.92;23433825
4.85;5.07;4.61;4.81;22756063
4.71;4.74;4.53;4.59;10922938
4.5;5.01;4.4;4.97;16902775
4.97;4.97;4.57;4.85;13029890
4.8;5.22;4.72;5.16;19485497
5.33;5.45;5.19;5.34;24500436
5.43;5.52;5.2;5.3;12575940
5.15;5.19;4.85;4.94;14863735
4.93;5.09;4.68;4.99;16007917
5.25;5.35;5.13;5.35;20444150
5.4;5.7;5.26;5.65;20653940
5.75;5.89;5.46;5.78;13684952
5.83;5.95;5.56;5.67;17132905
5.5;5.84;5.36;5.75;30791670
5.88;6;5.71;5.95;12603967
5.95;5.96;5.53;5.75;17558584
5.83;6.53;5.77;6.25;23648900
6.4;6.65;5.98;6.13;27649225
6.01;6.2;5.75;5.81;18844951
5.88;6.02;5.56;5.61;20574337
5.59;5.82;5.35;5.68;14772201
5.82;5.85;5.39;5.45;9154192
5.3;5.59;5.09;5.28;17086790
5.4;5.47;5.08;5.33;11841933
5.23;5.3;4.35;4.5;39395096
4.64;4.7;4.5;4.61;58943086
4.68;4.88;4.59;4.85;21472066
4.92;5;4.68;4.74;17556310
4.72;4.76;4.48;4.51;14674963
4.55;4.62;4.24;4.38;15497778
4.38;4.65;4.3;4.65;12703073
4.69;4.79;4.51;4.58;10107882
4.65;4.67;4.53;4.53;2321774
4.43;4.61;4.36;4.39;5186219
4.39;4.39;4.26;4.3;10831847
4.27;4.35;4.14;4.18;6400008
4.16;4.74;4.16;4.72;10610734
4.84;4.88;4.6;4.66;12962929
4.75;4.88;4.55;4.88;13033053
4.95;5.04;4.81;4.89;13391538
4.81;4.84;4.66;4.73;11044745
4.7;4.79;4.52;4.78;12856320
4.77;5.38;4.74;5.33;39320029
5.45;5.84;5.42;5.56;26206913
6.03;6.74;5.88;6.72;89591267
6.84;7.25;6.5;6.61;54273722
6.52;6.86;6.35;6.43;23442022
6.3;6.4;6.06;6.1;19264632
6.03;6.3;6.03;6.15;10705822
6.39;6.56;6.32;6.43;24584298
6.47;6.49;6.15;6.33;17878936
6.64;6.95;6.36;6.42;34248266
6.6;6.99;6.52;6.59;30123970
6.5;6.57;6.22;6.35;26138230
6.5;6.6;6.18;6.2;17775076
6.12;6.2;5.82;6.15;27388353
6.26;6.56;6.21;6.4;19945032
6.2;6.78;6.15;6.74;33452804
6.89;6.94;6.51;6.72;17619581
6.2;6.43;6.12;6.2;53752857
6.22;6.5;6.02;6.5;19395842
6.44;6.64;6.37;6.47;18290919
6.52;6.59;6.36;6.4;12861798
6.44;6.54;6.29;6.5;13761895
6.65;6.79;6.63;6.78;15701919
6.69;6.84;6.64;6.77;10572110
6.67;6.98;6.62;6.72;17712170
6.84;7.06;6.82;6.96;15257628
7.1;7.4;7.1;7.4;14863302
7.4;7.59;7.14;7.54;20046163
7.45;7.53;7.22;7.22;15292827
7.17;7.26;6.89;6.93;18825668
6.7;6.84;6.54;6.65;16301280
6.69;6.78;6.46;6.59;11105752
6.46;6.48;6.08;6.08;15209836
6.33;6.35;5.97;6.05;23162846
6;6.4;5.79;6.31;22296611
6.35;6.74;6.3;6.69;14977399
6.77;6.87;6.55;6.56;9286620
6.41;6.44;6.18;6.24;9929670
6.12;6.43;6.03;6.36;10717289
6.43;6.46;6.16;6.4;8997163
6.23;6.39;6.11;6.3;11466342
6.3;6.34;5.98;6;10391685
5.92;5.98;5.42;5.95;29580923
6;6.13;5.57;5.64;14577191
5.79;5.95;5.7;5.85;15682341
6.08;6.64;6.05;6.64;26026584
6.19;7.16;6.16;6.95;18781006
7.1;7.3;6.77;6.9;22075150
6.98;7.17;6.81;6.9;11939308
6.63;7.05;6.63;6.95;9848179
7.03;7.31;7;7.27;13202872
6.95;7.04;6.43;6.43;18726696
6.29;6.82;6.09;6.78;13661052
6.81;7.09;6.75;6.9;12279149
6.74;6.85;6.68;6.75;6746527
6.75;6.88;6.48;6.85;9564053
6.52;6.64;6.22;6.27;13411935
6.36;6.5;6.1;6.43;11712204
6.59;6.75;6.53;6.75;12489776
6.81;7.11;6.77;6.89;21281771
6.9;7.14;6.8;6.95;12728121
7.29;7.42;7.21;7.24;19671064
7.11;7.17;6.91;6.96;19022575
6.94;7.31;6.82;7.12;17605945
6.97;7.23;6.9;7.1;16236247
7.17;7.49;7.1;7.28;14812813
7.37;7.45;7.13;7.39;9732685
7.45;7.5;7.28;7.45;14711393
7.6;7.86;7.59;7.65;21420753
7.55;7.69;7.47;7.54;9709711
7.72;7.82;7.57;7.82;17778000
7.95;8.1;7.55;7.64;25958132
7.64;7.88;7.25;7.4;24102220
7.5;7.57;7.19;7.34;11514985
7.35;7.44;7.07;7.22;26123474
7.5;7.65;7.37;7.41;22641485
7.41;7.47;7.25;7.34;12901291
7.32;7.44;7.06;7.43;12688027
7.54;7.69;7.45;7.65;9404748
7.7;7.78;7.57;7.76;10415875
7.64;7.77;7.46;7.5;18826341
7.53;7.56;7.2;7.24;8969638
7.2;7.41;6.92;7.1;15811982
7.2;7.34;6.94;7.31;8975424
7.34;7.42;7.07;7.2;9745182
7.2;7.29;7.03;7.05;13071966
7.1;7.42;7.06;7.36;11077501
7.4;7.59;7.24;7.37;9713542
7.2;7.23;6.87;6.92;11428683
6.93;7.08;6.85;6.95;11792210
6.88;6.92;6.54;6.69;18843563
6.7;6.89;6.65;6.86;11102979
6.98;6.98;6.7;6.87;7995661
6.76;6.91;6.67;6.69;3951355
6.74;6.92;6.52;6.85;11418022
7.06;7.27;7.01;7.21;13715389
7.12;7.53;7.12;7.51;10842953
7.53;7.9;7.41;7.79;17880070
7.88;8.1;7.84;8.09;14466675
7.75;7.87;7.53;7.68;46457467
7.6;7.82;7.54;7.69;27998756
7.86;7.91;7.61;7.82;18760702
7.9;8.31;7.86;8.22;25147908
8.04;8.15;7.86;7.94;9440766
7.86;8.3;7.81;8.24;22029510
8.3;8.4;8.03;8.15;14563466
8.27;8.33;7.94;8;17055138
8;8.09;7.68;7.78;13430568
7.74;8.24;7.72;8.24;12921741
8.37;8.47;8.31;8.46;15361076
8.4;8.45;8.35;8.44;11276271
8.46;8.54;8.38;8.44;14240228
8.3;8.4;8.22;8.29;12582575
8.22;8.28;7.97;7.99;7511431
8.05;8.05;7.68;7.73;18044489
7.79;7.86;7.67;7.8;16096211
7.72;7.95;7.68;7.9;10127326
8.07;8.12;7.95;7.98;8624328
7.95;8.04;7.82;7.85;9079954
7.8;7.88;7.56;7.59;10171653
7.81;7.95;7.72;7.93;7995414
8;8.05;7.81;7.95;7957021
7.85;8.04;7.82;8;2944345
8.06;8.46;8.05;8.43;10282092
8.41;8.5;8.25;8.36;9363000
8.31;8.42;8.15;8.27;8106311
8.33;8.35;8.08;8.17;8757969
8.05;8.11;7.95;8.02;7539919
8.15;8.28;8.06;8.22;4864984
8.23;8.38;8.17;8.27;7128266
8.22;8.3;8.02;8.07;8450787
7.95;7.99;7.57;7.64;20668909
7.75;8.11;7.75;7.99;17752991
8.1;8.1;7.72;7.74;9598853
7.85;7.92;7.72;7.83;7104101
7.87;8;7.85;7.87;7840507
7.86;8.14;7.77;8.12;11626113
8;8.09;7.91;8.01;11187339
8.09;8.19;7.82;7.82;15932565
8.16;8.47;8.05;8.29;35808871
8.29;8.8;8.27;8.72;36290130
8.79;8.94;8.54;8.92;16443202
8.84;9.25;8.75;8.95;20087440
8.95;9.17;8.83;8.83;8960481
9;9.1;8.88;8.99;10843795
8.75;8.86;8.65;8.65;14388225
8.76;8.76;8.5;8.6;10519855
8.63;8.8;8.53;8.6;7188907
8.72;8.78;8.58;8.76;4294908
8.8;8.92;8.75;8.81;5078158
8.89;9.07;8.86;8.93;7385652
8.9;9.15;8.87;9.15;6915510
9.08;9.27;9.07;9.25;5671639
9.26;9.46;9.18;9.45;7131773
9.5;9.8;9.45;9.67;13404083
9.66;9.69;9.31;9.44;8921455
9.53;9.67;9.48;9.51;8545540
9.51;9.97;9.5;9.72;12096341
9.66;9.69;9.52;9.58;4565403
9.67;9.84;9.5;9.55;6520670
9.68;9.79;9.64;9.69;6635297
9.76;9.92;9.67;9.8;7355403
9.95;10.12;9.9;9.9;9397796
10.04;10.37;10.02;10.32;11410984
10.36;10.47;10.23;10.35;7984210
10.51;11.36;10.51;11.27;25801808
11.26;11.27;10.8;10.94;21749701
11.15;11.29;10.95;11.12;17660337
11.02;11.49;10.86;11.44;13260338
11.62;11.89;10.93;11.23;30193633
11.05;11.11;10.56;10.57;23942356
10.33;10.91;10.26;10.65;18741488
10.95;11.09;10.59;10.85;16815389
10.96;11.04;10.61;10.64;11098351
10.7;11.01;10.43;11.01;16922764
11.4;11.59;11.32;11.38;20395278
11.41;11.65;11.23;11.62;10910668
11.69;11.7;11.2;11.22;13019958
11.06;11.09;10.57;10.69;17975123
10.73;10.85;10.41;10.65;16565917
10.89;11.03;10.65;10.71;9282470
10.46;10.61;10.27;10.41;18380795
10.29;10.39;9.8;10.19;20239107
10.1;10.65;10.07;10.29;14271031
10.41;10.54;9.94;10.17;15619535
10.21;10.3;9.89;10.26;12898746
10.54;10.67;10.4;10.63;17576768
10.67;11.11;10.55;11.1;16881796
11.1;11.16;10.9;11.08;8050240
11.15;11.15;10.76;10.92;9565382
10.81;11.34;10.73;11.01;17018261
11.1;11.5;10.97;11.5;13313676
11.45;11.61;11.13;11.3;12399013
11.3;11.61;11.23;11.61;9413024
11.65;11.67;11.24;11.35;14101694
11.52;11.63;11.4;11.43;14167163
11.31;11.5;10.96;11;21395428
11.16;11.41;11.06;11.15;9633031
11.08;11.19;10.9;10.93;8306033
11.07;11.14;10.88;11;9501326
11;11;10.6;10.67;11956741
10.48;10.62;10.36;10.42;16225212
10.52;10.85;10.45;10.78;10792644
10.84;11;10.66;10.95;9429767
11.02;11.35;11.01;11.32;11717973
11.48;11.57;11.25;11.57;14354531
11.33;11.65;11.1;11.25;27940847
11.25;11.36;11.1;11.35;10566752
11.39;11.62;11.37;11.61;12011930
11.6;11.62;11.32;11.47;8951269
11.31;11.44;11.11;11.13;10137682
11.21;11.49;11.14;11.25;10611967
11.42;11.6;11.37;11.51;10260689
11.31;11.44;11.19;11.22;8053787
11.13;11.2;11.05;11.13;5554183
11.15;11.26;11.07;11.16;6234890
11.3;11.37;11.06;11.09;10984297
11.06;11.3;11.06;11.14;5834225
10.99;10.99;10.53;10.57;14118837
10.69;10.8;10.56;10.58;12265549
10.48;10.58;10.39;10.54;11738384
10.72;10.78;10.24;10.55;17330183
10.5;10.7;10.39;10.55;9459928
10.57;10.84;10.57;10.75;8231526
10.89;10.95;10.7;10.87;10293989
10.9;11.1;10.83;10.9;8839153
11.02;11.05;10.9;11.05;4124757
11.1;11.19;10.82;10.89;19427423
11;11.19;11;11.14;8253896
11.16;11.2;10.94;10.98;8877140
10.91;11.1;10.87;11.1;14449140
11.08;11.13;10.93;11.07;10366532
10.93;11;10.69;10.75;8752081
10.65;10.76;10.55;10.63;5032654
10.78;10.81;10.57;10.63;7806893
10.6;10.69;10.32;10.39;14070779
10.5;10.64;10.35;10.58;8822596
10.7;10.75;10.52;10.68;6921004
10.89;10.93;10.66;10.67;8029895
10.55;10.55;10.29;10.33;13842986
10.39;10.44;10.05;10.24;13731984
10.19;10.36;10.05;10.35;10376628
10.58;10.59;10.22;10.34;9417196
10.21;10.34;10.1;10.1;7408229
10.13;10.18;9.95;9.98;8808280
9.97;10.29;9.96;10.25;3067864
10.25;10.37;10.16;10.36;4599888
10.45;10.47;10.28;10.33;4915201
10.26;10.36;10.21;10.21;3688522
10.26;10.52;10.25;10.5;5169709
10.51;10.54;10.41;10.45;10123171
10.55;10.96;10.52;10.9;15934457
10.97;11.11;10.81;10.96;16042123
11.25;12.43;11.25;12.1;59433837
12.25;12.47;11.96;12.29;26342083
12.29;12.5;12.23;12.41;11915543
12.5;13.45;12.45;12.91;50150007
13.18;13.38;12.92;13.08;24305340
12.94;13.3;12.82;13.15;16206334
13.5;13.98;13.38;13.73;22095355
13.92;14.21;13.82;13.97;17592188
14.02;14.17;13.45;13.53;22836516
13.19;13.52;12.92;13.2;24922941
13.38;13.46;12.96;13.01;16665664
12.95;13.29;12.83;13.15;11361287
13.15;13.26;13.05;13.21;6669715
13.49;13.65;13.35;13.4;10664801
13.37;13.66;13.29;13.36;8853621
13.16;13.31;12.92;13.02;10142977
13.65;13.84;13.22;13.28;23245002
13.42;13.56;13.18;13.3;10250804
13.39;13.4;12.94;13.14;14030790
12.76;12.94;12.4;12.52;22766695
12;12.76;11.95;12.27;41078992
12.5;12.63;11.9;12.11;27171897
12.26;12.44;12.15;12.19;15819610
12.19;12.63;12.06;12.52;14059268
12.64;12.94;12.54;12.79;12299943
13;13.02;12.71;12.78;9836261
12.73;12.89;12.34;12.43;8070628
12.48;12.54;12.35;12.52;3377455
12.66;12.84;12.5;12.59;9768977
12.7;12.93;12.62;12.76;7516629
12.9;13.03;12.75;12.97;7900814
12.76;12.83;12.51;12.58;8984481
12.59;12.72;12.46;12.48;7792955
12.46;12.54;12.3;12.45;13554789
12.52;12.98;12.51;12.97;16595365
13.03;13.17;12.86;13;11355431
13.2;13.21;12.97;13.02;9114837
12.95;13.32;12.95;13.31;8928660
13.4;13.89;13.27;13.89;16025211
13.9;14.11;13.72;13.92;21339245
13.94;14.49;13.91;14.49;20299042
14.41;14.49;13.91;14.35;16079312
14.48;14.82;14.39;14.73;16239098
14.34;14.38;13.88;13.93;19298552
13.76;13.78;13.4;13.64;16579201
13.25;13.3;12.53;12.82;38095677
12.52;13.3;12.5;13.11;18635747
13.11;13.25;12.24;12.34;17701053
12.3;12.72;12.22;12.53;12872031
12.65;13.14;12.65;13.1;13486323
13.1;13.1;12.51;12.54;12774846
12.78;12.86;12.31;12.67;19428773
12.41;12.46;11.92;12.1;21100888
12.1;12.37;12.05;12.21;10954110
12.25;12.37;11.86;12.12;13097535
12.3;12.68;12.27;12.62;14760293
12.87;12.93;12.55;12.67;10252059
12.61;13;12.61;12.88;8966019
12.89;12.98;12.64;12.84;10185486
12.84;13.1;12.78;12.84;11495746
12.97;13.53;12.91;13.46;19440434
13.5;13.89;13.43;13.72;14802787
13.86;14.05;13.76;13.96;10592624
14.09;14.09;13.25;13.75;22145708
13.68;14.1;13.68;13.87;14739760
14.02;14.1;13.95;13.99;8992541
14.05;14.09;13.71;13.81;8495341
13.45;13.53;13.17;13.42;18154717
13.38;13.47;13.06;13.08;12442812
13.04;13.39;13.03;13.23;12131952
13.14;13.34;12.98;13.04;7680735
13.32;13.62;13.16;13.23;14176683
13.05;13.2;12.67;12.69;16692298
12.89;13.19;12.75;13.15;13214292
13.36;13.5;13.31;13.34;8463122
13.46;13.59;13.33;13.45;8590198
13.49;13.64;13.28;13.42;12653756
13.48;13.57;13.04;13.19;16125917
12.93;13.12;12.84;12.99;16019843
13.19;13.39;12.28;12.43;35321641
12.43;12.83;12.04;12.79;14342483
12.74;13.07;12.66;12.88;13200232
12.87;13.02;12.68;13;8145979
12.82;12.89;12.39;12.4;12437933
12.44;12.55;12.17;12.45;11165846
12.01;12.25;11.8;11.87;19242174
12.16;12.21;11.95;12.16;10618271
12.22;12.23;11.59;11.61;15010722
11.73;11.91;11.57;11.78;12846914
11.7;11.75;11.33;11.45;16233613
11.15;11.22;10.88;11.1;18370751
11.3;11.44;11.25;11.38;9413155
11.6;12;11.6;11.83;14057009
11.66;11.71;11.44;11.68;5592282
11.71;11.74;11.32;11.45;7670652
11.51;11.8;11.47;11.59;8202574
11.47;11.57;11.33;11.42;5859469
11.82;11.85;11.61;11.66;7724963
11.75;12.08;11.7;11.99;10914411
12.04;12.09;11.66;11.77;8525584
11.69;11.89;11.68;11.84;2018628
11.79;11.83;11.52;11.55;5737935
11.61;11.75;11.45;11.48;8434179
11.44;11.47;11.27;11.35;8507755
11.42;11.61;11.39;11.51;9716425
11.66;11.73;11.55;11.64;9292056
11.75;11.75;11.36;11.36;14412527
11.4;11.55;11.28;11.32;8011228
11.3;11.41;11.1;11.21;7417832
11.22;11.33;11.08;11.27;5763492
11.29;11.29;10.93;10.98;10061496
11;11.34;10.92;11.24;11734447
11.33;11.66;11.31;11.6;15945995
11.51;11.68;11.35;11.44;7755005
11.32;11.48;11.25;11.48;10867356
11.55;11.64;11.38;11.59;10646998
11.49;11.66;11.38;11.45;9440297
11.7;12.06;11.67;11.98;22980264
12.25;12.57;12.23;12.54;17291298
12.44;12.57;12.34;12.55;9449707
12.44;12.82;12.42;12.67;9665338
12.51;12.79;12.51;12.72;10002354
12.8;12.88;12.61;12.68;11259645
12.8;12.86;12.33;12.35;12801931
12.3;12.44;12;12.1;12445258
12.12;12.28;12.08;12.15;3751165
12.18;12.24;11.93;11.95;5809363
11.94;12.19;11.9;11.9;7716854
11.8;11.83;11.65;11.77;9294788
11.67;11.81;11.55;11.61;8664767
11.55;11.7;11.37;11.4;6794059
11.49;11.65;11.39;11.56;8968199
11.45;11.9;11.45;11.81;9458145
11.84;11.89;11.34;11.42;14925843
11.42;11.75;11.41;11.44;7560271
11.38;11.52;11.31;11.32;6349293
11.3;11.48;11.27;11.42;8874151
11.75;11.98;11.68;11.72;16569923
11.47;11.47;11.24;11.37;15206619
11.43;11.48;11.16;11.18;7424910
11.15;11.29;10.86;10.86;11619671
10.96;11.05;10.8;10.88;10405681
11.1;11.29;10.95;11.05;15028561
10.85;11.16;10.31;11.1;42309491
11.1;11.1;10.63;10.76;13762776
10.64;10.65;10.28;10.37;14887475
10.43;10.52;10.05;10.44;14160810
10.23;10.32;10.07;10.27;12208980
10.37;10.49;10.05;10.07;14076598
9.9;10.08;9.56;9.78;20958325
9.78;9.85;9.36;9.6;17417585
9.58;9.77;9.51;9.74;12017239
9.79;9.79;9.17;9.28;21110903
9.37;9.42;8.86;8.95;20028608
8.8;9.23;8.77;9.04;14496716
9.04;9.52;8.93;9.52;16685479
9.54;9.87;9.42;9.73;14665445
9.75;9.83;9.54;9.78;9155438
9.93;9.99;9.72;9.8;14666612
9.8;9.82;9.58;9.74;4938111
9.9;9.99;9.78;9.92;7477900
9.96;10.18;9.88;10;13366074
10.09;10.15;9.93;10.04;8453574
10.21;10.24;10.07;10.19;9232582
10.22;10.24;9.99;10.14;7145637
10.14;10.14;9.92;9.98;5524530
9.89;9.91;9.54;9.6;16298217
9.65;9.74;9.57;9.66;9288418
9.63;9.66;9.5;9.57;13226209
9.48;9.63;9.28;9.61;13077619
9.57;9.81;9.46;9.73;8230195
9.67;9.68;9.54;9.62;10994728
9.55;9.98;9.46;9.86;22694661
9.8;9.84;9.53;9.65;14625439
9.74;9.93;9.72;9.88;9924377
10.02;10.27;10.01;10.25;13927464
10.24;10.35;10.06;10.2;11637860
10.2;10.27;9.93;9.95;9963671
9.9;10.04;9.68;9.85;14269340
9.76;10.12;9.73;9.97;10499500
9.96;9.99;9.66;9.81;14567887
9.77;9.93;9.72;9.83;7101901
9.84;9.98;9.69;9.72;9820575
9.61;9.65;9.39;9.48;14052734
9.51;9.54;9.39;9.51;5842935
9.5;9.5;9.18;9.28;9295613
9.15;9.45;9.13;9.31;12171525
9.35;9.53;9.27;9.42;10158489
9.55;9.64;9.4;9.41;15662197
9.52;9.85;9.49;9.85;12421151
9.95;10.23;9.95;10.14;17846580
10.07;10.2;9.97;10.08;10451579
10.06;10.15;9.96;10.04;6693310
10.24;10.45;10.12;10.32;19899785
10.2;10.42;10.16;10.28;15291897
10.21;10.31;10.12;10.21;6815575
10.21;10.25;9.88;9.99;12141280
10.15;10.24;10.01;10.1;10528469
9.94;10.18;9.88;10.05;11797607
9.96;10.24;9.93;10.21;10065259
10.18;10.27;9.96;9.98;11669757
10.19;10.35;10.14;10.23;15757548
10.01;10.31;10.01;10.13;14458224
10.65;11;10.48;10.94;44484929
11.16;11.41;11.04;11.22;32701834
10.93;11.12;10.86;11.05;12016472
11.12;11.14;10.75;10.97;11625788
11.04;11.2;10.88;11.2;10590715
11.6;11.62;11.37;11.56;29020222
11.48;11.53;11.31;11.46;12033902
11.4;11.58;11.36;11.56;6456298
11.6;11.75;11.45;11.72;10105798
11.8;11.89;11.67;11.73;11264011
11.59;11.62;11.27;11.44;13821919
11.56;11.85;11.5;11.67;13130132
11.65;11.76;11.58;11.69;7352006
11.66;11.69;11.47;11.61;7638919
11.62;11.77;11.52;11.53;6975835
11.52;11.89;11.42;11.78;12089274
11.9;11.93;11.75;11.82;7617271
11.89;11.99;11.72;11.79;8182029
11.8;11.82;11.58;11.66;6412192
11.7;12.1;11.68;12.07;10641910
12;12.25;11.99;12.16;10703234
12.22;12.38;12.11;12.12;10410572
11.91;12.13;11.9;12.05;7426862
12.18;12.25;11.93;11.96;7801645
12.09;12.1;11.83;11.9;7805759
11.97;12.09;11.92;12.01;5154754
11.96;11.98;11.76;11.88;6553249
11.87;12.11;11.85;11.9;8755172
11.9;11.93;11.68;11.74;7642577
11.65;11.97;11.64;11.94;11016575
12.14;12.21;12.05;12.14;12514815
12.24;12.28;11.97;12.02;10188363
12;12.07;11.84;11.93;7098206
11.88;12.09;11.88;11.93;6653443
11.81;11.9;11.66;11.74;7014224
11.67;11.73;11.28;11.33;19447962
11.47;11.49;11.33;11.46;8290236
11.52;11.55;11.42;11.45;8362924
11.5;11.54;11.34;11.4;9272880
11.4;11.43;11.21;11.24;9112659
11.27;11.51;11.24;11.34;11145528
11.34;11.41;11.15;11.23;12403244
11.21;11.27;11.12;11.13;6504946
11.13;11.16;10.97;10.99;9373822
11.14;11.15;11.02;11.11;8923960
11.1;11.18;11.05;11.17;5331550
11.24;11.24;11.1;11.15;831023
11.15;11.19;11.02;11.05;4671909
11.09;11.34;11.01;11.3;5833489
11.37;11.46;11.31;11.36;6832989
11.44;11.44;11.27;11.42;3576346
11.32;11.45;11.32;11.45;1953715
11.55;11.7;11.5;11.62;9403330
11.57;11.62;11.42;11.44;6853450
11.29;11.3;11.2;11.2;8666553
11.26;11.32;11.08;11.13;10636067
11.12;11.22;11.05;11.13;10135359
11.17;11.22;11.05;11.17;7009543
11.17;11.2;11.01;11.03;10326515
11.1;11.2;10.81;10.81;14912056
10.93;10.98;10.7;10.8;11660515
10.72;10.87;10.66;10.79;9894487
10.85;10.96;10.81;10.96;4771788
10.97;10.97;10.55;10.75;12899679
10.8;10.93;10.65;10.7;8918400
10.55;10.66;10.45;10.61;12398879
10.56;10.71;10.52;10.63;7969463
10.6;10.61;10.38;10.42;10187380
10.4;10.59;10.38;10.53;10695033
10.62;10.81;10.53;10.79;10953823
10.83;10.94;10.7;10.92;10731089
10.94;11.03;10.78;10.79;6017464
10.92;11.05;10.9;11.01;8744691
11.05;11.24;11.05;11.23;12279718
11.27;11.32;11.13;11.23;9552711
10.3;10.47;9.66;9.68;92407933
9.72;9.83;9.57;9.7;28502697
9.85;9.98;9.81;9.92;16078217
9.95;10.15;9.83;10.01;14183846
10.06;10.11;9.91;10;9963836
9.98;10.03;9.83;9.87;11002381
9.9;10.02;9.83;9.92;12275977
9.97;9.98;9.84;9.92;7867870
9.92;9.92;9.75;9.88;12098607
9.83;9.85;9.66;9.74;15072437
9.7;9.75;9.53;9.57;13257671
9.52;9.54;9.36;9.51;17052064
9.55;9.62;9.47;9.56;7766554
9.6;9.92;9.48;9.82;18486759
9.79;10.14;9.72;9.94;24464407
9.99;10.04;9.81;9.89;10278826
10;10.09;9.96;10.02;8870461
10.08;10.09;9.85;9.85;8163220
9.86;10.01;9.8;9.97;8780516
10;10.08;9.91;10.05;8067131
10.01;10.13;9.95;10.01;5687756
10.08;10.08;9.97;9.98;5169246
10.13;10.18;10;10.17;10943118
10.13;10.27;10.01;10.07;12464223
10.09;10.17;10.04;10.12;11620563
10.08;10.09;9.89;9.89;10364842
10;10.02;9.87;9.91;5598129
9.86;9.9;9.75;9.82;7280055
9.88;9.96;9.84;9.84;6732929
9.82;9.83;9.62;9.65;12296567
9.63;9.78;9.6;9.7;7980495
9.75;9.77;9.57;9.67;8865370
9.72;9.74;9.52;9.56;6737750
9.59;9.68;9.52;9.65;8500660
9.54;9.59;9.43;9.49;11277047
9.53;9.62;9.47;9.53;7983378
9.52;9.62;9.49;9.58;8897331
9.58;9.58;9.4;9.44;11170798
9.54;9.55;9.35;9.36;10040513
9.36;9.46;9.29;9.38;12793331
9.35;9.37;9.22;9.24;9148821
9.3;9.33;9.22;9.28;6692889
9.3;9.5;9.3;9.47;8923633
9.51;9.6;9.34;9.43;9203402
9.4;9.55;9.34;9.41;8808555
9.35;9.44;9.31;9.37;9952669
9.36;9.44;9.25;9.27;8735621
9.35;9.4;9.29;9.33;7702586
9.27;9.31;9.2;9.2;7666968
9.11;9.14;8.9;8.95;17748452
8.7;8.82;8.55;8.7;18190485
8.78;8.92;8.67;8.73;10917057
8.87;8.99;8.82;8.92;15317721
8.8;9.07;8.77;8.98;14555217
9.2;9.24;9.03;9.09;8869335
9.07;9.09;8.97;9.08;5604527
9.13;9.13;8.97;9.09;6891047
9.04;9.08;8.88;8.95;12074851
8.89;8.89;8.14;8.25;44173241
8.27;8.44;8.21;8.24;18942397
8.37;8.39;8.25;8.36;7745743
8.4;8.44;8.26;8.42;8126823
8.43;8.47;8.27;8.43;11634139
8.46;8.57;8.41;8.53;5526266
8.54;8.58;8.45;8.57;6367594
8.52;8.55;8.42;8.48;7083660
8.52;8.57;8.3;8.39;7949079
8.35;8.43;8.3;8.32;6337943
8.39;8.46;8.33;8.4;5972639
8.33;8.5;8.32;8.46;6159853
8.41;8.74;8.4;8.66;10631570
8.75;8.76;8.58;8.65;8649925
8.72;9.1;8.72;9.08;23375754
9.17;9.2;9.08;9.13;11657586
9.12;9.19;9.06;9.17;7241194
9.2;9.32;9.17;9.2;7766169
9.18;9.21;8.96;9.07;9820750
9.01;9.05;8.9;8.9;8513414
8.92;8.99;8.78;8.87;11579326
8.9;8.96;8.78;8.85;9325834
8.79;9.01;8.78;8.98;4392460
8.96;9.02;8.82;8.87;7400967
8.88;9.06;8.78;9.06;10575306
9.06;9.22;9;9.14;12082568
9.15;9.19;9.01;9.03;6568699
8.98;9.05;8.87;8.9;5544200
8.95;9.06;8.94;9.01;6901324
8.92;9.12;8.91;9.06;7740697
9.05;9.09;8.94;8.95;7581454
9.03;9.19;9.01;9.15;12734874
9.15;9.25;9.06;9.1;8460613
9.12;9.38;9.07;9.35;12668267
9.42;9.64;9.4;9.49;25845265
9.57;9.67;9.44;9.67;12437471
9.65;9.69;9.52;9.61;14397911
9.52;9.55;9.4;9.45;9363674
9.5;9.59;9.42;9.55;8583392
9.55;9.58;9.44;9.49;7474000
9.49;9.56;9.33;9.43;11523526
9.28;9.3;9.1;9.11;13266471
9.03;9.06;8.88;8.92;12174500
8.92;9.03;8.85;8.95;9400220
9;9.35;8.97;9.32;16831129
9.29;9.3;9.06;9.07;14481362
9.02;9.11;8.97;9.04;11792575
9.05;9.05;8.96;8.97;4804885
8.98;9.04;8.9;8.99;9157116
9.01;9.14;8.99;9.05;9142835
8.99;9.03;8.47;8.78;23702432
8.92;8.99;8.85;8.99;9778286
9.05;9.26;9.03;9.2;10416495
9.85;10.03;9.65;9.8;64336571
9.9;9.99;9.88;9.94;15252098
10;10.16;9.96;10.02;14278162
10.02;10.04;9.91;9.92;7646925
9.98;9.99;9.8;9.91;9546786
9.9;10.05;9.89;10.05;11879267
9.95;10.02;9.86;9.9;7139727
10;10.15;9.82;9.89;19143914
9.86;9.96;9.8;9.84;5238840
9.92;9.93;9.72;9.78;5400682
9.82;9.9;9.73;9.78;8100377
9.8;9.83;9.66;9.67;11043039
9.92;10.2;9.91;10.09;26017893
10.16;10.29;10.05;10.07;15200125
10.07;10.17;10.04;10.07;6552793
10.08;10.22;10.06;10.18;10594405
10.2;10.23;10.12;10.17;7697580
10.15;10.21;10;10;9713720
9.98;10.11;9.87;9.87;9058559
9.96;10.02;9.87;9.9;6749814
9.93;9.98;9.82;9.96;6874366
9.96;10.13;9.91;10.1;8095277
9.99;10.03;9.91;9.94;5640828
9.95;9.98;9.8;9.84;7322388
9.92;9.92;9.82;9.88;3150790
9.94;10.04;9.77;9.85;8258879
9.8;9.85;9.74;9.81;6011489
9.85;9.85;9.71;9.74;5566291
9.74;9.86;9.72;9.82;5982440
9.82;9.84;9.75;9.83;3263449
9.78;9.8;9.7;9.71;5428807
9.7;9.7;9.47;9.55;10644398
9.45;9.51;9.35;9.45;12040748
9.46;9.57;9.39;9.41;8533442
9.32;9.47;9.27;9.45;4981945
9.48;9.53;9.32;9.35;5614960
9.33;9.42;9.3;9.42;10027885
9.58;9.68;9.53;9.63;13929183
9.73;9.87;9.71;9.74;14549087
9.77;9.9;9.76;9.89;7120429
9.89;10.03;9.86;10.02;10786682
10.05;10.17;10.03;10.14;13430779
10.15;10.22;10.03;10.18;11410829
10.21;10.34;10.16;10.28;14934883
10.35;10.5;10.27;10.47;17485529
10.42;10.61;10.3;10.48;19466585
10.47;10.69;10.47;10.54;15133295
10.48;10.56;10.46;10.48;8999293
10.4;10.61;10.4;10.59;12148295
10.49;10.71;10.46;10.66;10540543
10.66;10.85;10.66;10.77;13201819
10.65;10.73;10.52;10.54;10569350
10.51;10.53;10.38;10.45;11276229
10.5;10.52;10.45;10.52;4259965
10.73;11;10.73;11;21741822
10.96;11.06;10.93;10.97;11410407
10.99;11.1;10.93;11.08;10443769
11.09;11.09;10.89;10.93;8218655
11.07;11.12;11;11.08;8351024
11.11;11.35;11.09;11.27;12820117
11.29;11.32;11.19;11.28;7608774
11.11;11.22;10.97;11;13820449
10.83;10.89;10.77;10.86;15806530
10.81;10.93;10.77;10.78;13158131
10.86;11;10.74;10.85;10232326
10.82;10.92;10.79;10.8;8100705
10.69;10.85;10.65;10.75;9365174
10.71;10.76;10.52;10.59;16043838
10.63;10.82;10.57;10.66;9712681
10.77;10.78;10.64;10.69;7871846
10.7;10.77;10.54;10.56;8938644
10.49;10.5;10.23;10.24;19294551
10.45;10.52;10.3;10.35;12495900
10.21;10.5;10.21;10.4;13264990
10.35;10.52;10.32;10.46;5970152
10.55;10.71;10.55;10.61;10024131
10.6;10.7;10.52;10.66;9965526
10.25;10.3;9.57;9.7;44127169
9.68;9.73;9.45;9.55;20013793
9.68;9.81;9.65;9.81;10209089
9.77;9.88;9.71;9.73;7326207
9.69;9.85;9.65;9.72;8324014
9.83;10.11;9.77;10.06;18488503
10.05;10.12;9.96;10.05;7608054
10.1;10.1;9.98;10.03;6733838
10;10.02;9.78;9.83;14548838
9.86;9.92;9.67;9.8;10709933
9.81;10.04;9.81;9.91;9829487
10.16;10.16;10.05;10.11;7852270
10.1;10.15;10.03;10.05;5438635
10.4;10.57;10.32;10.45;29033331
10.45;10.45;10.29;10.33;10373599
10.38;10.49;10.33;10.39;6026842
10.5;10.62;10.48;10.6;13543109
10.39;10.44;10.07;10.38;21030076
10.34;10.37;10.2;10.3;6122835
10.37;10.43;10.35;10.4;7508069
10.36;10.36;10.24;10.32;6764586
10.27;10.37;10.24;10.37;4846355
10.39;10.6;10.39;10.45;12158053
10.48;10.6;10.43;10.54;8078333
10.55;10.57;10.43;10.5;8636159
10.5;10.8;10.48;10.79;10641401
10.9;10.93;10.74;10.81;7847047
10.75;10.8;10.56;10.58;8275666
10.57;10.6;10.44;10.6;11066124
10.62;10.64;10.36;10.44;14702849
10.39;10.59;10.35;10.55;8953854
10.51;10.61;10.49;10.59;6330134
10.64;10.79;10.63;10.75;9766970
10.71;10.88;10.59;10.75;13349147
10.81;10.84;10.66;10.76;11396763
10.77;10.85;10.75;10.84;10351418
10.78;10.9;10.7;10.83;10376187
10.74;10.8;10.73;10.79;5999708
10.75;10.83;10.66;10.68;6928318
10.56;10.75;10.47;10.75;9248227
10.69;10.79;10.64;10.71;5256495
10.66;10.82;10.66;10.79;4823570
10.69;10.76;10.69;10.76;2604818
10.68;10.73;10.64;10.69;3212719
10.67;10.69;10.56;10.62;3824606
10.56;10.57;10.46;10.47;4880445
10.51;10.7;10.5;10.7;9174468
10.74;10.79;10.59;10.67;8174745
10.79;10.98;10.75;10.98;15256425
11;11.28;10.94;11.17;19643526
11.22;11.57;11.17;11.45;23192889
11.5;11.59;11.36;11.51;18473937
11.48;11.5;11.16;11.39;18346163
11.45;11.46;11.25;11.44;10831852
11.48;11.5;11.23;11.27;9940149
11.08;11.2;10.87;11.05;20331154
11;11.18;10.95;11.12;5899914
11.01;11.1;10.92;10.97;11009991
10.64;10.95;10.61;10.81;11769014
10.95;10.99;10.78;10.82;7280284
10.9;10.92;10.57;10.58;7488508
10.5;10.66;10.38;10.58;10284586
10.53;10.58;10.41;10.53;8223647
10.64;10.81;10.57;10.69;9210442
10.79;10.92;10.72;10.79;11307621
11.04;11.09;10.83;10.99;9961867
11.01;11.25;10.81;10.84;11360451
10.94;11.02;10.82;10.85;9693767
11.04;11.24;10.98;11.21;19723155
11.68;11.94;11.53;11.58;51698362
11.81;11.81;11.43;11.56;16169676
11.53;11.69;11.38;11.57;11733309
11.6;11.65;11.36;11.43;11544080
11.36;11.89;11.36;11.85;18255576
11.92;12.01;11.83;11.96;14644635
12;12.02;11.87;11.92;11939377
11.83;11.96;11.77;11.9;7986854
11.88;11.92;11.72;11.85;9521717
11.9;11.9;11.65;11.75;9056367
11.82;11.88;11.69;11.87;10343080
11.86;11.88;11.72;11.8;7449894
11.71;11.74;11.54;11.68;5214404
11.55;11.66;11.35;11.43;15123720
11.38;11.46;11.26;11.4;9927804
11.44;11.57;11.35;11.52;10146685
11.57;11.58;11.34;11.35;7235685
11.42;11.43;11.16;11.26;12709599
11.26;11.53;11.23;11.3;15102609
11.28;11.59;11.23;11.56;12420324
11.75;11.89;11.61;11.7;14801023
11.65;11.78;11.49;11.73;10833249
11.74;11.87;11.67;11.85;12508208
11.72;11.78;11.53;11.67;9657761
11.82;11.82;11.38;11.54;7818867
11.65;11.67;11.51;11.64;8485049
11.58;11.71;11.46;11.71;7327097
11.72;11.85;11.65;11.8;6099956
11.75;12.09;11.73;11.91;12996670
12.05;12.14;11.89;11.98;11558466
12.11;12.16;11.94;12.13;14611290
12.12;12.2;11.89;11.98;21118510
12.05;12.15;12.03;12.07;9501010
12.09;12.18;11.87;12.18;10746294
12.11;12.55;12.11;12.55;21743474
12.62;12.96;12.61;12.85;23580089
12.87;13.49;12.72;13.05;63402180
13.1;13.19;12.75;12.8;14660208
12.78;13.05;12.77;12.93;11825576
13;13.04;12.78;12.9;10607693
13;13.03;12.76;12.96;14006887
12.96;12.96;12.6;12.77;10502132
13.6;13.82;13.32;13.38;41554602
13.42;13.58;13.04;13.07;18048091
13.09;13.42;13.03;13.35;16251851
13.39;13.5;13.31;13.5;14267647
13.54;13.56;13.03;13.05;13891711
13.08;13.09;12.77;12.86;10071663
12.81;12.82;12.5;12.59;13762343
12.46;12.65;12.31;12.53;11450947
12.5;12.71;12.38;12.66;8288537
12.6;12.6;12.32;12.45;8877892
12.67;12.79;12.58;12.68;11577160
12.61;12.9;12.58;12.78;9759504
12.79;12.83;12.52;12.7;9179886
12.64;12.67;12.41;12.5;8289286
12.58;12.6;12.33;12.47;14672443
12.47;12.58;12.47;12.48;8749247
12.14;12.15;11.55;11.63;46419704
11.62;11.62;11.23;11.43;20635484
11.45;11.66;11.45;11.54;11241050
11.55;11.59;11.21;11.23;19676754
11.32;11.41;11.1;11.38;11327769
11.32;11.53;11.29;11.46;9460595
11.52;11.58;11.31;11.31;8090997
11.35;11.42;11.08;11.19;12139481
11.12;11.34;11.06;11.12;11773103
11.16;11.27;10.72;10.77;18425551
10.74;10.79;10.43;10.5;19905509
10.49;10.74;10.32;10.59;18133080
10.69;10.87;10.55;10.79;13510606
10.82;10.83;10.21;10.22;17300542
10.35;10.46;10.15;10.28;17826774
10.21;10.44;10.21;10.36;11369265
10.35;10.36;9.93;10.18;17707071
10.13;10.55;10.12;10.4;12255358
10.41;10.48;10.19;10.35;9670124
10.36;10.43;10.2;10.39;6981731
10.52;10.65;10.4;10.56;10068858
10.58;10.65;10.5;10.57;3008409
10.57;10.62;10.16;10.22;10410418
10.19;10.4;10.11;10.38;12434275
10.3;10.4;10.15;10.39;13578232
10.55;10.7;10.29;10.34;12842799
10.37;10.37;10.15;10.2;6740652
10.05;10.08;9.85;9.94;15395133
9.98;10.05;9.72;9.94;15530498
9.74;9.78;9.49;9.53;21256877
9.8;9.83;9.64;9.73;9175882
9.76;9.84;9.52;9.6;9407714
9.38;9.4;9.17;9.32;17975168
9.31;9.41;9.07;9.28;12891980
9.35;9.73;9.35;9.66;13380555
9.98;10.08;9.62;9.67;18086024
9.76;10.08;9.76;9.83;13509201
9.76;9.92;9.65;9.88;8918356
9.87;9.91;9.61;9.9;9168330
10;10.1;9.81;9.9;7823145
9.93;10;9.84;9.99;4737887
10.03;10.04;9.86;9.9;5928482
9.97;9.97;9.68;9.74;7832501
9.67;9.8;9.55;9.66;6679288
9.77;9.89;9.62;9.87;5931982
10.03;10.05;9.8;9.92;12138966
9.91;10.08;9.9;10.03;6637944
10.09;10.1;9.93;10.05;3735010
10;10.02;9.87;9.93;5677763
9.97;9.97;9.83;9.95;6605419
9.84;9.88;9.68;9.82;8962574
9.77;9.86;9.68;9.78;5479982
9.35;9.41;9.15;9.2;33439396
9.18;9.27;9.16;9.22;15521673
9.13;9.16;9.04;9.08;18507547
9.08;9.1;8.85;8.85;12995915
8.82;8.89;8.58;8.77;15908091
8.74;8.8;8.65;8.71;7252594
8.73;8.85;8.68;8.84;18100994
8.97;9.07;8.7;8.79;19409951
8.76;8.77;8.41;8.49;14755641
8.53;8.69;8.51;8.66;7223986
8.77;8.79;8.6;8.69;10656240
8.77;8.77;8.57;8.63;8084717
8.47;8.72;8.27;8.69;18639087
8.65;8.87;8.57;8.79;13271208
8.81;9;8.81;8.83;9027889
8.77;8.88;8.63;8.63;8734452
8.65;8.67;8.5;8.63;11498622
8.68;8.69;8.47;8.54;8138515
8.61;8.8;8.54;8.77;9151597
8.6;8.62;8.48;8.49;10370998
8.58;8.59;8.5;8.55;6419202
8.63;8.83;8.57;8.79;11960014
8.65;8.76;8.61;8.7;7917188
8.76;8.85;8.71;8.73;7924004
8.84;8.99;8.82;8.94;12533433
8.89;9.25;8.85;9.21;14515449
9.21;9.53;9.21;9.47;22557246
9.52;9.65;9.52;9.62;12242263
9.64;9.66;9.53;9.64;23409705
9.62;9.66;9.41;9.47;10006610
9.48;9.57;9.32;9.43;9000583
9.41;9.46;9.32;9.35;5012622
9.37;9.4;9.3;9.33;6018406
9.33;9.38;9.28;9.31;4959799
9.33;9.56;9.32;9.5;7491632
9.51;9.75;9.5;9.61;13458125
9.75;10.03;9.75;9.99;21976302
9.98;9.98;9.77;9.79;13307068
9.79;9.82;9.6;9.73;14817242
9.8;9.81;9.7;9.77;11171121
9.79;9.86;9.53;9.71;11799273
9.73;9.73;9.52;9.58;10549245
9.51;9.53;9.37;9.43;10402215
9.43;9.62;9.39;9.57;11796725
9.37;9.37;9.19;9.28;16484963
9.31;9.6;9.26;9.56;12580360
9.64;9.69;9.51;9.64;14095772
9.6;9.61;9.35;9.44;15035887
9.46;9.5;9.34;9.38;17605321
9.41;9.44;9.16;9.29;10008437
9.28;9.3;9.09;9.14;13467852
9.19;9.4;9.17;9.34;11535236
9.34;9.5;9.27;9.39;10862577
9.27;9.38;9.17;9.22;10518829
9.23;9.37;9.18;9.25;24363367
9.35;9.56;9.31;9.55;18875815
9.56;9.63;9.47;9.59;12336154
9.58;9.68;9.54;9.54;10864210
9.59;9.72;9.58;9.63;8778500
9.64;9.68;9.54;9.61;8298913
9.6;9.61;9.38;9.49;10466063
9.48;9.58;9.4;9.57;9425625
9.69;9.7;9.55;9.58;8197858
9.57;9.6;9.31;9.36;21474546
9.29;9.36;9.23;9.29;9113510
9.35;9.46;9.33;9.39;8334629
9.36;9.52;9.3;9.46;8380488
9.49;9.59;9.47;9.55;8943391
9.62;9.66;9.57;9.59;8979428
9.59;9.75;9.59;9.75;9226170
9.75;9.79;9.58;9.58;16010004
9.65;9.75;9.64;9.65;13921888
9.59;9.65;9.52;9.56;10536283
9.6;9.65;9.53;9.57;8771867
9.59;9.62;9.47;9.6;10954274
9.59;10.4;9.47;10.29;65039018
10.23;10.47;10.1;10.16;25998858
10.19;10.3;10.01;10.1;19758704
10.1;10.14;9.97;10.04;10209958
9.98;10.09;9.96;10.04;9748918
10.07;10.21;9.92;9.95;15926106
9.96;10.08;9.92;9.95;9313441
9.92;9.96;9.81;9.86;9653480
9.88;9.9;9.66;9.76;15232783
9.84;10.15;9.8;10.08;16884791
10.14;10.41;10.05;10.36;24800591
10.25;10.39;10.15;10.33;14141164
10.45;10.55;10.37;10.41;22229198
10.35;10.37;10.22;10.25;11741875
10.24;10.4;10.22;10.3;10172409
10.31;10.38;10.15;10.24;12774418
10.32;10.49;10.31;10.44;13741136
10.45;10.68;10.38;10.58;17321577
10.61;10.8;10.51;10.51;18976712
10.52;10.65;10.39;10.65;13235850
10.6;10.66;10.47;10.47;12413594
10.56;10.57;10.29;10.35;15510398
10.37;10.38;10.17;10.27;10956309
10.19;10.25;10.07;10.2;11818122
10.19;10.27;10.04;10.04;12106538
10.08;10.22;9.99;10.09;16386952
10.1;10.19;9.99;10.16;20540359
10.1;10.31;10.05;10.12;57501904
9.98;10.11;9.92;10.06;103250771
10.06;10.11;9.85;9.85;25042678
9.91;9.93;9.73;9.87;29825752
9.87;10.13;9.82;10.04;23763364
10.11;10.48;10.09;10.3;40668865
10.3;10.48;10.27;10.39;20071085
10.5;10.67;10.5;10.64;26399848
10.66;10.7;10.58;10.64;16512079
10.6;10.78;10.57;10.78;19677941
10.8;10.86;10.59;10.69;14895409
10.77;11.02;10.75;10.88;34428817
10.94;11.04;10.8;10.98;16111166
10.84;10.93;10.66;10.7;21890204
10.76;10.84;10.72;10.82;10812537
10.74;10.93;10.74;10.86;12788109
10.89;10.98;10.78;10.78;9859716
10.85;10.96;10.83;10.96;5779148
11;11.06;10.86;10.91;10680144
10.93;11;10.9;10.9;5744456
11.04;11.22;11.02;11.18;13686771
11.19;11.69;11.15;11.65;27722969
11.6;11.67;11.43;11.52;22089028
11.39;11.49;11.3;11.33;13712359
11.35;11.54;11.26;11.33;12563490
11.43;11.7;11.37;11.54;16345998
11.44;11.6;11.26;11.5;19407737
11.58;11.86;11.55;11.86;23234140
11.78;11.79;11.51;11.66;16856995
11.64;11.74;11.45;11.63;15317801
11.63;11.67;11.36;11.39;20269952
11.46;11.6;11.32;11.37;12722981
11.38;11.47;11.12;11.18;18479090
11.1;11.23;10.99;11.2;18267293
11.2;11.23;10.91;10.95;15782944
9.96;10.05;9.6;10.02;127044404
10.04;10.16;9.9;10.1;29415279
10.1;10.19;9.99;10.09;16980129
10.02;10.05;9.86;9.99;17337727
10.01;10.19;10.01;10.08;13778953
10.06;10.09;9.93;10.05;14045338
9.96;9.99;9.8;9.89;15120696
10;10.02;9.84;9.87;15759817
9.88;9.9;9.73;9.77;15492606
9.76;9.95;9.7;9.86;14228234
9.85;9.99;9.84;9.91;15099799
9.96;10.08;9.91;9.99;19479597
10.02;10.18;9.86;10.15;25798789
10.5;10.58;10.11;10.14;33172116
10.16;10.22;10.04;10.06;15533624
10.08;10.16;9.91;9.97;14973673
10.04;10.1;9.98;10.08;12043423
10.07;10.14;9.93;10.03;12350932
9.95;10.05;9.94;9.97;9138188
9.96;10;9.93;9.99;6048254
9.97;9.98;9.84;9.96;6848749
9.99;10.06;9.87;9.89;9381610
9.97;10.01;9.79;9.83;10771221
10.14;10.17;9.99;10.09;24939084
10.09;10.14;10.05;10.13;8576969
9.98;10.05;9.75;9.8;22205006
9.7;9.85;9.54;9.65;26714723
9.61;9.67;9.16;9.37;36643550
9.47;9.57;9.25;9.41;18855515
9.23;9.3;9.05;9.2;23728241
9.26;9.34;9.1;9.14;17040175
9.2;9.2;9.02;9.05;14333029
9.07;9.32;9.02;9.26;16342348
9.27;9.3;9.13;9.2;11595807
9.21;9.27;9.06;9.13;12461623
9.11;9.23;9.07;9.12;15414019
8.96;9.06;8.83;8.86;21278161
9.02;9.08;8.91;9.01;14439818
8.96;9.02;8.86;9;22465007
9.02;9.06;8.82;8.95;19062246
8.97;9.03;8.74;8.99;20487133
8.86;8.9;8.64;8.8;34323657
8.88;8.93;8.61;8.68;36710720
8.64;8.73;8.51;8.7;23783381
8.68;9.23;8.63;8.9;51180437
8.99;9.05;8.76;8.85;27642065
8.86;9.05;8.83;8.91;31150576
8.91;9;8.85;8.93;16870245
8.89;8.9;8.79;8.81;14155168
8.8;8.88;8.76;8.86;16603380
8.88;9.09;8.87;9.09;16195149
9.14;9.34;9.1;9.3;27318607
9.32;9.32;9.17;9.19;11630867
9.29;9.36;9.23;9.33;11704324
9.35;9.35;9.15;9.22;14005714
9.23;9.33;9.1;9.2;11824514
9.17;9.2;9.06;9.14;9483244
9.2;9.26;9.15;9.23;13938845
9.19;9.41;9.19;9.33;13482061
9.35;9.43;9.23;9.35;16386512
9.19;9.4;9.16;9.35;22970519
9.35;9.35;9.23;9.35;19693495
9.34;9.4;9.24;9.3;11048384
9.12;9.88;9;9.62;67627477
9.8;9.98;9.69;9.85;27669253
9.86;9.9;9.66;9.8;19070012
9.82;9.82;9.66;9.72;13532161
9.67;9.74;9.66;9.69;9479018
9.86;9.86;9.74;9.79;20020825
9.83;9.9;9.67;9.84;12962874
9.86;9.95;9.78;9.92;14146524
9.93;9.93;9.75;9.77;8610534
9.75;9.79;9.69;9.77;10365424
9.75;9.79;9.65;9.73;11588679
9.75;9.88;9.67;9.72;11935465
9.6;10.15;9.58;9.94;39179707
10.02;10.12;9.92;9.92;17996784
9.87;9.93;9.77;9.92;18541220
9.81;9.92;9.73;9.75;13739491
9.83;9.95;9.82;9.84;11082376
9.8;10.12;9.8;10.06;18566217
10.09;10.14;10.02;10.08;9347316
10.09;10.17;9.99;10.13;8403636
10.15;10.54;10.1;10.41;29282791
10.31;10.71;10.22;10.32;26181477
10.24;10.37;10.17;10.27;13810947
10.24;10.36;10.24;10.34;2092948
10.39;10.42;10.23;10.29;10544700
10.18;10.23;10.03;10.17;17487883
10.43;10.5;10.31;10.35;18346389
10.4;10.43;10.31;10.4;12207157
10.36;10.4;10.18;10.26;15556496
10.16;10.27;10.1;10.11;15761872
10.14;10.23;10;10;20917415
10.05;10.09;9.76;9.77;29773508
9.8;9.97;9.7;9.87;27040517
9.99;10.24;9.95;10.09;20511920
10.04;10.04;9.8;9.88;16241337
9.83;10.01;9.78;9.95;15773060
10.07;10.1;9.88;10.03;18996777
10.02;10.19;10.01;10.12;25724723
10.12;10.2;10.04;10.14;15003653
10.13;10.35;10.12;10.22;21196394
10.24;10.47;10.24;10.41;20542377
10.34;10.52;10.32;10.43;22065077
10.4;10.49;10.34;10.41;13405315
10.25;10.41;10.15;10.32;15186152
10.18;10.39;10.18;10.28;12457974
10.2;10.29;10.16;10.22;9581486
10.31;10.46;10.27;10.36;10980244
10.32;10.4;10.27;10.38;8610635
10.33;10.53;10.32;10.45;12813150
10.51;10.72;10.5;10.69;20222519
10.69;10.73;10.61;10.66;5882339
10.65;10.71;10.45;10.59;9661475
10.56;10.6;10.51;10.58;5397151
10.56;10.65;10.49;10.6;9444719
10.57;10.64;10.25;10.34;18432334
10.2;10.46;10.04;10.28;26510560
10.28;10.32;10.11;10.19;23496673
10.35;10.36;10.23;10.28;12866358
10.24;10.39;10.12;10.35;12376265
10.34;10.39;10.21;10.26;11554204
10.15;10.25;10.06;10.06;11689272
10.16;10.26;10.11;10.18;16491229
10.17;10.2;9.85;9.9;24773819
9.92;10.08;9.9;10.04;14098485
9.98;10.05;9.86;9.86;14832726
9.86;10;9.79;9.88;19555689
9.92;9.96;9.69;9.69;28970288
9.49;9.72;9.39;9.52;27357812
9.52;9.66;9.5;9.59;20053921
9.25;9.3;8.58;8.7;93982140
8.44;8.64;8.35;8.58;36714269
8.59;8.83;8.51;8.67;32076271
8.65;8.67;8.29;8.37;23550650
8.3;8.33;8.02;8.1;31318423
8.11;8.22;8.07;8.17;21079357
8.26;8.5;8.21;8.45;29937876
8.48;8.68;8.32;8.46;40267979
8.31;8.56;8.04;8.04;38216976
8.16;8.18;8.01;8.13;26273233
8.05;8.15;8.03;8.08;15011955
8.01;8.09;7.96;8;21609257
7.91;7.92;7.56;7.7;36511913
7.75;7.97;7.6;7.73;33081049
7.85;7.95;7.81;7.87;15655199
7.91;7.98;7.79;7.87;14368496
7.89;8.08;7.88;8.06;18418651
8.11;8.18;8.08;8.1;15062781
8.03;8.11;8;8.07;7256269
8.1;8.1;8.01;8.04;5537035
8.02;8.06;7.9;7.91;12773009
7.85;7.96;7.82;7.93;11867286
8.01;8.03;7.93;7.99;15458812
8.03;8.11;7.97;8.03;16272280
8.03;8.11;7.93;8.08;7793148
8.07;8.08;7.98;8.07;14419869
8.04;8.05;7.75;7.76;24153656
7.82;7.88;7.75;7.82;18667811
7.79;7.86;7.38;7.43;28895520
7.44;7.52;7.33;7.34;21961066
7.4;7.46;7.29;7.3;27052770
7.3;7.36;7.13;7.25;27022842
6.6;6.77;6.24;6.62;116170333
6.59;6.63;6.42;6.5;33499672
6.46;6.47;6.11;6.16;37550549
6.17;6.4;6.15;6.35;30531405
6.51;6.57;6.35;6.57;25608235
6.48;6.5;6.32;6.38;18219650
6.37;6.48;6.35;6.45;24121310
6.4;6.49;6.33;6.4;14216759
6.4;6.57;6.35;6.55;19544042
6.61;6.72;6.58;6.72;19112359
6.82;6.99;6.76;6.9;23196671
6.98;7.49;6.93;7.2;52053426
7.14;7.16;6.88;7.02;24755769
7.1;7.21;7.03;7.18;17535522
7.1;7.41;6.98;7.35;21045889
7.28;7.28;7.16;7.21;13357027
7.1;7.21;6.95;7.15;20851343
7.15;7.17;7.04;7.06;11410125
7.05;7.15;7.02;7.09;10925947
7.06;7.13;6.96;7;12537003
6.98;7.05;6.93;7.01;15190848
6.92;7.08;6.8;7.07;22280523
7.05;7.05;6.89;6.9;13274509
6.69;6.73;6.39;6.59;41587734
6.61;6.9;6.53;6.65;23056932
6.63;6.65;6.46;6.48;18377277
6.47;6.59;6.45;6.52;12990715
6.42;6.45;6.36;6.39;17767462
6.45;6.57;6.42;6.51;13059246
6.65;6.75;6.45;6.45;23763690
6.51;6.53;6.4;6.5;16202792
6.55;6.56;6.46;6.51;12522219
6.5;6.68;6.48;6.64;14822074
6.67;6.67;6.55;6.63;11186215
6.85;6.91;6.63;6.7;31503113
6.65;6.67;6.34;6.34;26401331
6.29;6.31;6.2;6.27;18553030
6.24;6.25;6.18;6.22;9634468
6.2;6.26;6.05;6.21;17350406
6.17;6.19;5.97;6;24589761
5.88;6;5.84;5.85;19556475
5.85;5.95;5.57;5.62;23549787
5.56;5.65;5.51;5.61;15954393
5.58;5.67;5.54;5.63;14533835
5.89;5.95;5.76;5.86;28683314
5.82;5.84;5.66;5.69;18355186
5.66;5.66;5.5;5.52;16895205
5.52;5.59;5.27;5.31;21889228
5.37;5.39;5.22;5.28;27116629
5.19;5.2;4.91;4.96;38118745
5;5.02;4.91;4.97;15853789
4.99;5.11;4.96;5.09;14139255
5.2;5.23;5.06;5.08;14056692
5.02;5.14;4.99;5.05;18052769
5.11;5.3;5.04;5.29;21700733
5.32;5.45;5.26;5.31;19059087
5.28;5.66;5.28;5.58;43730153
5.58;5.64;5.38;5.41;21066638
5.38;5.4;5.23;5.28;23101201
5.31;5.37;5.25;5.37;12157118
5.41;5.44;5.28;5.3;13901340
5.36;5.57;5.36;5.5;19166639
5.45;5.59;5.45;5.58;14565462
5.6;5.62;5.5;5.51;13223923
5.44;5.71;5.4;5.63;25251067
5.54;5.59;5.36;5.37;32565581
5.41;5.47;5.35;5.44;19425905
5.32;5.33;5.15;5.16;27205487
5.11;5.28;5.08;5.09;22598631
5.15;5.15;5.02;5.09;20016819
5.12;5.2;5.11;5.17;18012666
5.24;5.29;5.13;5.18;32607673
5.13;5.17;5.1;5.16;3234268
5.16;5.25;5.1;5.12;11363657
5.05;5.06;4.95;4.98;15730679
4.98;4.99;4.87;4.95;5718012
5;5.15;4.92;4.96;20694270
4.95;5.03;4.91;4.95;12185930
4.97;5.03;4.77;4.8;17438809
4.79;4.83;4.59;4.61;24031189
4.67;4.74;4.61;4.63;22712386
4.57;4.59;4.44;4.48;25565014
4.53;4.57;4.43;4.49;19670631
4.51;4.68;4.46;4.53;22209860
4.52;4.71;4.51;4.68;18484813
4.66;4.7;4.43;4.46;26079526
4.41;4.63;4.31;4.52;27550043
4.66;4.83;4.6;4.64;31225741
4.75;4.88;4.67;4.71;29817223
4.63;4.68;4.26;4.26;43376795
4.09;4.42;3.83;4.06;81554524
4.25;4.28;3.85;3.89;58524407
4.12;4.24;4.07;4.18;39642328
4.35;4.43;4.28;4.32;32584925
4.25;4.3;4.16;4.26;18021184
4.32;4.4;4.27;4.4;16583228
4.37;4.39;4.25;4.26;20549230
4.23;4.32;4.12;4.19;27090962
4.25;4.31;4.08;4.27;30729488
4.37;4.41;4.33;4.4;16833335
4.37;4.39;4.23;4.24;28287789
4.19;4.37;4.18;4.31;24364719
4.24;4.25;4.11;4.13;42502644
3.95;4.42;3.8;4.14;79478464
4.04;4.14;3.98;4.07;21638894
4.13;4.24;4.07;4.23;18162373
4.15;4.22;4.07;4.2;18145414
4.27;4.31;4.14;4.18;15349871
4.16;4.19;4.09;4.12;15775753
4.18;4.19;4.07;4.15;13916521
4.15;4.17;4.06;4.1;16674876
4.05;4.08;3.97;4.04;18173478
4.07;4.17;4.06;4.13;14758537
4.08;4.12;3.99;4.04;14837854
4.09;4.15;4.04;4.13;12446642
4.16;4.28;4.14;4.25;20294318
4.31;4.43;4.18;4.22;34189108
4.23;4.24;4.04;4.05;16660710
4.01;4.06;3.89;3.91;23358668
3.87;3.9;3.8;3.85;13051982
3.85;3.88;3.67;3.68;22092264
3.74;3.79;3.69;3.76;13507514
3.79;3.79;3.56;3.58;22213783
3.54;3.62;3.48;3.61;27121045
3.59;3.6;3.45;3.47;19400966
3.5;3.55;3.41;3.46;18891457
3.6;3.61;3.48;3.53;21486907
3.47;3.54;3.42;3.53;20095220
3.55;3.6;3.4;3.42;20096075
3.28;3.33;3.24;3.24;19918492
3.31;3.42;3.26;3.38;24903611
3.4;3.46;3.24;3.28;17494975
3.26;3.45;3.25;3.38;25097267
3.53;3.62;3.51;3.62;19122729
3.63;3.71;3.56;3.6;13003342
3.6;3.69;3.58;3.64;16661696
3.62;3.65;3.58;3.6;18191539
3.57;3.68;3.54;3.62;13757839
3.62;3.84;3.62;3.84;19001701
3.89;3.93;3.81;3.92;14346677
3.94;3.94;3.84;3.91;13987014
3.93;4.08;3.93;4.01;21177105
4.08;4.14;4.06;4.11;17057183
4.06;4.06;3.96;3.99;18678866
3.95;3.99;3.86;3.88;15689290
3.86;3.88;3.67;3.83;22575865
3.85;3.88;3.67;3.75;20286347
3.69;3.81;3.66;3.73;13206719
3.76;3.77;3.63;3.64;15260560
3.7;3.79;3.69;3.74;19431656
3.76;3.83;3.73;3.82;16172512
3.84;3.99;3.83;3.95;20347313
3.96;3.99;3.85;3.89;11438195
3.89;4.06;3.87;4;21285665
3.99;4.09;3.97;4.06;18371165
4.04;4.08;3.93;4.06;14138707
4.15;4.43;4.12;4.32;40561690
4.34;4.42;4.32;4.39;12277597
4.35;4.58;4.35;4.49;20810501
4.3;4.44;4.07;4.33;42840135
4.42;4.58;4.37;4.51;25362043
4.49;4.49;4.39;4.43;8557248
4.43;4.47;4.39;4.46;10262925
4.5;4.66;4.5;4.63;16920762
4.56;4.68;4.56;4.62;12824913
4.58;4.6;4.51;4.57;12158544
4.55;4.61;4.54;4.55;11851082
4.57;4.73;4.53;4.73;18706939
4.76;4.92;4.7;4.88;19130529
4.85;4.85;4.75;4.81;16288653
4.86;4.98;4.84;4.88;17001890
4.83;4.86;4.76;4.84;12492944
4.78;4.8;4.64;4.65;21343741
4.68;4.69;4.58;4.63;14886220
4.59;4.7;4.56;4.68;16383027
4.66;4.68;4.47;4.47;20539871
4.47;4.54;4.44;4.45;7810508
4.51;4.69;4.45;4.64;20686464
4.7;4.85;4.68;4.78;21635755
4.85;4.85;4.63;4.73;21131135
4.77;4.9;4.76;4.86;17439141
4.83;4.87;4.72;4.74;16817269
4.73;4.91;4.71;4.9;13364782
4.9;4.9;4.75;4.8;18206591
4.83;4.85;4.74;4.77;11585278
4.8;4.84;4.57;4.57;17195433
4.5;4.54;4.41;4.43;14065555
4.37;4.4;4.28;4.37;17161073
4.41;4.47;4.25;4.27;16631111
4.27;4.28;4.08;4.21;25772294
4.23;4.31;4.13;4.29;15940152
4.38;4.38;4.27;4.33;12808524
4.41;4.58;4.41;4.55;25739675
4.54;4.55;4.39;4.39;17443143
4.35;4.37;4.22;4.25;15270913
4.26;4.27;3.98;4.03;30014933
4.07;4.12;3.95;3.98;18172072
3.96;4.02;3.85;3.92;16773459
3.94;4.06;3.94;4.04;17307024
3.97;4.08;3.9;3.9;19150125
3.86;3.9;3.76;3.78;22210302
3.83;3.89;3.78;3.86;18740063
3.81;3.83;3.63;3.7;23511188
3.71;3.83;3.68;3.69;14587806
3.63;3.73;3.52;3.7;23939515
3.74;3.78;3.64;3.65;8850786
3.69;3.79;3.66;3.76;15211765
3.66;3.69;3.56;3.64;21236729
3.69;3.85;3.69;3.8;19870315
3.72;3.78;3.68;3.7;19624102
3.72;3.74;3.37;3.38;39138194
3.43;3.47;3.33;3.42;17520474
3.35;3.43;3.29;3.36;24341588
3.4;3.55;3.33;3.51;22406940
3.58;3.71;3.51;3.57;25872407
3.52;3.83;3.5;3.75;30110780
3.78;3.92;3.71;3.84;20635953
3.77;3.83;3.63;3.74;20993718
3.83;3.9;3.8;3.87;19080608
3.83;3.98;3.8;3.91;17125237
3.8;3.98;3.78;3.95;17607348
3.92;3.94;3.81;3.83;14567133
3.96;4.06;3.81;3.91;40763999
3.96;4.02;3.85;3.85;32074075
3.88;3.93;3.8;3.87;22055117
3.83;4.01;3.79;3.89;18179390
3.88;3.95;3.86;3.89;16084040
3.93;4.07;3.92;4.02;19427156
4.09;4.23;4.06;4.21;24040552
4.16;4.21;4.07;4.08;18294200
4.03;4.15;4.02;4.15;12736075
4.17;4.25;4.14;4.21;8695606
4.21;4.41;4.2;4.36;19609808
4.33;4.36;4.1;4.1;18566740
4.11;4.18;4.05;4.13;12665776
4.15;4.24;4.14;4.2;9872938
4.19;4.19;4.06;4.09;11448521
4.01;4.04;3.93;3.94;13680743
3.95;3.99;3.84;3.86;16588305
3.84;3.85;3.74;3.78;18914952
3.82;3.98;3.79;3.96;16119883
3.97;4.02;3.91;3.91;11017597
3.87;4.14;3.86;4.1;19456263
4.16;4.36;4.11;4.12;34371533
4.17;4.37;4.17;4.35;31838723
4.36;4.42;4.11;4.15;42892763
4.17;4.32;4.17;4.31;19834308
4.2;4.28;4.06;4.15;45219571
4.13;4.13;3.96;3.97;31233150
3.96;3.99;3.77;3.77;34847190
3.74;3.8;3.63;3.66;28970663
3.87;3.9;3.66;3.71;23446877
3.75;3.77;3.66;3.67;16685463
3.66;3.69;3.56;3.61;24233084
3.6;3.62;3.48;3.53;22018381
3.6;3.61;3.5;3.58;17321033
3.45;3.6;3.4;3.59;32600066
3.5;3.54;3.35;3.44;39919600
3.52;3.52;3.14;3.15;42641312
3.12;3.23;2.92;2.98;38349630
3.19;3.19;2.98;3;99455583
3;3.13;2.84;2.93;31228739
2.93;3.02;2.87;2.87;30326913
2.95;3.05;2.94;2.98;34323520
3.01;3.1;3.01;3.06;32451207
3.01;3.02;2.89;2.93;15583271
2.93;2.93;2.52;2.61;31509818
2.54;2.75;2.53;2.7;27095163
2.74;2.91;2.67;2.81;24468257
2.82;2.99;2.77;2.81;26066633
2.83;2.84;2.6;2.67;29579715
2.53;2.56;2.26;2.28;30829444
2.35;2.4;2.2;2.24;31262269
2.1;2.27;1.96;2.03;44318325
2.08;2.16;1.98;2;27223244
1.75;1.89;1.64;1.71;62248313
1.99;1.99;1.85;1.94;35792999
2.17;2.35;2.1;2.15;51597641
2.13;2.13;1.81;1.81;43318973
1.71;1.95;1.67;1.81;45920112
2;2;1.82;1.89;32747611
2.02;2.07;1.95;2.03;28502173
2.11;2.13;1.96;2.01;20963817
1.95;2;1.86;1.88;17351463
1.88;1.91;1.77;1.8;22843715
1.68;1.69;1.44;1.62;64484960
1.53;1.62;1.49;1.52;32929014
1.57;1.6;1.49;1.5;29626238
1.6;1.69;1.55;1.69;37922331
1.95;2.1;1.88;2.02;55634547
1.99;2.05;1.88;2.01;36502828
2.04;2.07;1.98;2.02;21730345
2.04;2.22;2.03;2.22;31947254
2.29;2.49;2.16;2.45;35446700
2.22;2.29;2.05;2.1;46978304
2.03;2.18;2.02;2.13;23253102
2.23;2.24;2.05;2.06;18119959
2.02;2.09;1.96;1.98;18176130
2.04;2.04;1.85;1.86;23452591
1.82;1.9;1.75;1.85;23073706
1.94;1.96;1.77;1.78;21923306
1.84;1.92;1.78;1.82;18331557
1.95;1.97;1.85;1.9;31771653
1.89;1.9;1.7;1.7;33064413
1.63;1.64;1.52;1.58;33017985
1.6;1.68;1.45;1.48;40916315
1.55;1.64;1.52;1.63;29688569
1.64;1.75;1.6;1.66;24862467
1.66;1.74;1.62;1.63;26956082
1.68;1.72;1.66;1.71;16354261
1.71;1.73;1.64;1.67;17198404
1.68;1.69;1.55;1.55;18045151
1.52;1.66;1.5;1.65;28284951
1.64;1.65;1.58;1.64;17762734
1.63;1.67;1.57;1.6;25421124
1.57;1.59;1.49;1.51;21989045
1.62;1.68;1.59;1.68;27792422
1.65;1.81;1.64;1.79;36705264
1.79;1.9;1.77;1.9;29739718
1.9;1.98;1.82;1.85;30432809
1.65;1.75;1.56;1.64;51566105
1.66;1.69;1.58;1.62;24407886
1.61;1.7;1.59;1.7;24664147
1.73;1.74;1.6;1.62;24987389
1.62;1.65;1.57;1.58;15486718
1.56;1.61;1.54;1.57;23608108
1.55;1.56;1.5;1.5;14966604
1.5;1.53;1.48;1.51;9334757
1.52;1.58;1.52;1.52;5752230
1.55;1.57;1.51;1.53;7185968
1.54;1.55;1.51;1.52;7732861
1.54;1.55;1.52;1.53;3671287
1.58;1.59;1.54;1.59;10115498
1.63;1.69;1.61;1.69;21962271
1.69;1.72;1.65;1.69;18535428
1.68;1.81;1.68;1.75;26871003
1.72;1.74;1.64;1.7;24414783
1.71;1.71;1.64;1.65;16142815
1.65;1.67;1.6;1.6;14608444
1.6;1.67;1.56;1.6;21791317
1.63;1.65;1.52;1.53;21859011
1.52;1.58;1.48;1.52;24475854
1.56;1.58;1.5;1.51;16255261
1.54;1.56;1.49;1.51;12878863
1.52;1.54;1.46;1.47;14765166
1.45;1.59;1.45;1.53;34538371
1.56;1.57;1.46;1.46;19762375
1.47;1.5;1.41;1.48;20780772
1.48;1.57;1.46;1.55;20028337
1.55;1.61;1.52;1.59;26629149
1.61;1.65;1.59;1.6;19950464
1.59;1.6;1.53;1.53;20201569
1.53;1.59;1.53;1.55;15321247
1.536;1.548;1.485;1.494;15463624
1.514;1.524;1.445;1.465;26970798
1.523;1.599;1.491;1.501;44736164
1.462;1.487;1.407;1.433;35224795
1.435;1.448;1.4;1.432;26039021
1.43;1.475;1.42;1.445;15697223
1.432;1.475;1.424;1.428;17488352
1.415;1.419;1.385;1.391;21770698
1.376;1.38;1.312;1.324;23731443
1.35;1.367;1.308;1.316;16700231
1.31;1.323;1.261;1.261;13531122
1.255;1.286;1.226;1.274;16805674
1.289;1.338;1.243;1.261;29425541
1.277;1.288;1.252;1.252;16497721
1.23;1.234;1.18;1.18;19531704
1.2;1.216;1.083;1.096;24746891
1.076;1.078;1.019;1.041;34285471
1.067;1.106;1.02;1.042;25011932
1.058;1.104;1.056;1.095;21381301
1.072;1.082;1.046;1.07;20915822
1.047;1.05;1.02;1.02;15892980
1.02;1.039;0.954;0.956;26647335
0.958;0.994;0.953;0.991;22824594
0.995;1.012;0.965;0.978;18412429
0.98;0.985;0.906;0.908;27661665
0.913;0.939;0.87;0.907;29963464
0.913;1.002;0.907;0.998;24448534
1.03;1.072;1.002;1.028;24832246
1.025;1.047;0.983;1.034;23549775
1.092;1.225;1.086;1.184;59350549
1.235;1.276;1.186;1.24;29792907
1.237;1.269;1.202;1.25;21018071
1.28;1.29;1.196;1.228;22328236
1.24;1.26;1.21;1.22;18732922
1.196;1.246;1.191;1.239;22748904
1.268;1.27;1.215;1.247;18757433
1.3;1.46;1.29;1.411;51863465
1.401;1.494;1.401;1.455;40592073
1.475;1.485;1.408;1.448;18126588
1.47;1.479;1.375;1.396;17287304
1.353;1.36;1.324;1.34;22382317
1.35;1.418;1.344;1.418;17362255
1.4;1.449;1.37;1.441;18273722
1.463;1.524;1.463;1.52;27927479
1.52;1.595;1.497;1.569;23973620
1.61;1.756;1.592;1.658;42782871
1.672;1.678;1.542;1.572;25388289
1.525;1.615;1.491;1.595;17836562
1.61;1.643;1.545;1.612;27074286
1.62;1.685;1.585;1.681;19274067
1.65;1.697;1.635;1.697;15749261
1.701;1.749;1.675;1.746;22305470
1.772;1.835;1.762;1.832;29521254
1.85;1.853;1.695;1.707;24989487
1.682;1.754;1.62;1.754;21531185
1.819;1.874;1.783;1.874;36467323
1.847;1.86;1.783;1.79;21257514
1.807;1.829;1.759;1.829;21135704
1.799;1.839;1.78;1.837;12465763
1.812;1.895;1.779;1.881;24973052
1.91;1.945;1.825;1.921;28394864
1.945;1.983;1.92;1.946;25907707
1.93;1.956;1.86;1.956;25480547
1.861;1.998;1.81;1.958;53513964
2.001;2.164;1.994;2.036;51489864
2.088;2.095;1.904;1.923;41444686
1.956;2.015;1.914;1.938;22892665
1.923;1.94;1.82;1.83;25829262
1.813;1.911;1.8;1.852;18405342
1.846;1.869;1.666;1.666;36336566
1.656;1.709;1.635;1.692;23942587
1.716;1.721;1.637;1.659;18389847
1.63;1.7;1.612;1.7;24810374
1.733;1.795;1.73;1.762;27428264
1.779;1.828;1.768;1.813;21506672
1.806;1.832;1.748;1.757;13720289
1.798;1.815;1.741;1.769;13728917
1.777;1.777;1.678;1.704;11988929
1.7;1.756;1.652;1.742;16935304
1.754;1.796;1.752;1.785;16608336
1.75;1.787;1.742;1.758;12860866
1.78;1.802;1.764;1.776;16166504
1.806;1.847;1.802;1.844;14683545
1.839;1.859;1.81;1.847;12306380
1.836;1.847;1.804;1.819;15205846
1.826;1.88;1.822;1.867;18435924
1.895;1.967;1.891;1.931;26219491
1.931;1.941;1.882;1.917;13373189
1.948;1.97;1.937;1.968;15075071
1.997;2.047;1.991;2.033;20767669
2.031;2.07;2.011;2.05;13300466
2.05;2.05;1.989;2.007;10879762
1.99;1.99;1.9;1.92;19215589
1.929;1.949;1.871;1.927;11715651
1.911;1.922;1.82;1.854;18741629
1.854;1.88;1.811;1.871;14886615
1.897;1.963;1.89;1.936;28023956
1.93;1.947;1.764;1.77;34358658
1.753;1.809;1.743;1.768;15605741
1.77;1.825;1.76;1.814;15112808
1.85;1.863;1.774;1.825;13120989
1.82;1.85;1.796;1.809;9763194
1.791;1.807;1.756;1.767;12962525
1.768;1.833;1.764;1.788;15442248
1.79;1.81;1.761;1.772;14764422
1.754;1.775;1.67;1.67;26596622
1.675;1.69;1.652;1.662;9623740
1.65;1.65;1.598;1.6;21986001
1.6;1.62;1.538;1.538;24813075
1.508;1.52;1.47;1.486;25535807
1.501;1.566;1.501;1.544;20913267
1.539;1.539;1.49;1.49;13916011
1.48;1.597;1.463;1.597;21324585
1.62;1.63;1.556;1.579;15830038
1.638;1.752;1.63;1.752;41347255
1.76;1.806;1.722;1.728;21794853
1.768;1.795;1.744;1.751;17225780
1.789;1.789;1.757;1.775;10523686
1.785;1.789;1.743;1.743;17055169
1.75;1.755;1.677;1.753;20659131
1.77;1.803;1.746;1.8;15704843
1.8;1.82;1.753;1.764;17445750
1.79;1.794;1.762;1.775;11628157
1.751;1.772;1.725;1.729;12568261
1.71;1.815;1.705;1.806;21468339
1.95;1.995;1.892;1.975;47252675
1.975;2.015;1.923;1.94;32069307
1.987;2.028;1.945;2.02;24916990
2.044;2.11;2.007;2.11;30034599
2.14;2.188;2.099;2.113;32228579
2.195;2.24;2.167;2.224;33960283
2.195;2.367;2.16;2.358;38565276
2.33;2.349;2.277;2.29;20604870
2.256;2.272;2.167;2.177;24059488
2.172;2.32;2.121;2.32;26058148
2.35;2.422;2.331;2.419;35477000
2.41;2.445;2.357;2.385;18392005
2.346;2.347;2.271;2.297;18840137
2.32;2.38;2.304;2.375;14636282
2.35;2.357;2.302;2.326;13924171
2.383;2.459;2.374;2.435;20661970
2.402;2.475;2.396;2.45;18590507
2.48;2.495;2.451;2.47;13902721
2.422;2.509;2.403;2.465;20612693
2.481;2.975;2.471;2.757;79903284
2.7;2.737;2.572;2.61;42475864
2.627;2.719;2.621;2.658;25771057
2.628;2.764;2.581;2.65;24331828
2.615;2.679;2.551;2.551;30469962
2.485;2.485;2.306;2.364;88843956
2.39;2.449;2.33;2.395;63901507
2.449;2.46;2.388;2.445;34932506
2.5;2.583;2.486;2.556;30590168
2.581;2.618;2.507;2.575;25243875
2.54;2.627;2.515;2.6;34022483
2.598;2.71;2.597;2.629;42062386
2.684;2.8;2.672;2.758;47796262
2.711;2.727;2.656;2.711;23801911
2.788;2.846;2.759;2.808;37193092
2.87;2.918;2.845;2.894;30141040
2.93;2.947;2.85;2.917;32793029
2.892;2.93;2.857;2.91;29658568
2.929;2.931;2.837;2.901;18042727
2.942;3.048;2.908;3.01;44405257
3.06;3.178;3.033;3.062;44867956
3.026;3.112;2.944;2.97;32586650
2.945;3.07;2.941;3.059;36169616
3.06;3.165;3.003;3.165;35216368
3.169;3.17;3.112;3.131;22302450
3.131;3.142;3.001;3.057;30040614
3.06;3.089;2.94;2.964;24985364
2.893;2.965;2.775;2.903;53710960
2.9;2.939;2.841;2.895;25711516
2.933;3.07;2.923;3.07;35011079
3.069;3.208;3.045;3.186;48656167
3.237;3.27;3.186;3.22;26588955
3.187;3.23;3.161;3.175;18009866
3.225;3.394;3.212;3.335;35025309
3.3;3.379;3.202;3.234;35472592
3.3;3.329;3.244;3.284;27093499
3.307;3.326;3.202;3.21;25802146
3.207;3.249;3.125;3.16;25705100
3.18;3.228;3.15;3.192;17981960
3.221;3.221;3.122;3.133;18612093
3.11;3.13;3;3.089;31386406
2.99;3.041;2.974;3.011;26098884
3.15;3.176;3.06;3.064;38728772
3.064;3.099;2.905;2.94;32181018
2.94;2.99;2.87;2.905;28302810
2.89;2.898;2.696;2.72;56143605
2.68;2.898;2.634;2.875;38425846
2.84;2.84;2.52;2.57;95385090
2.53;2.648;2.453;2.568;41241402
2.495;2.549;2.461;2.499;34986822
2.521;2.689;2.521;2.649;41465150
2.617;2.642;2.563;2.602;27692372
2.583;2.665;2.544;2.584;29082498
2.628;2.706;2.6;2.67;30166670
2.62;2.642;2.501;2.504;42706826
2.482;2.573;2.48;2.535;37483069
2.507;2.58;2.503;2.547;23918494
2.536;2.598;2.536;2.584;19623118
2.62;2.663;2.611;2.655;20492233
2.66;2.706;2.616;2.625;22703342
2.625;2.665;2.577;2.577;24822883
2.57;2.611;2.476;2.482;25733710
2.505;2.544;2.454;2.461;25673864
2.473;2.492;2.393;2.401;38178929
2.363;2.369;2.281;2.298;53946092
2.305;2.331;2.239;2.317;46655183
2.298;2.319;2.205;2.21;27698630
2.155;2.333;2.135;2.32;49082404
2.309;2.348;2.239;2.239;32372484
2.268;2.296;2.255;2.279;23507141
2.289;2.326;2.272;2.305;21953445
2.34;2.365;2.282;2.302;23547163
2.281;2.364;2.273;2.334;27266383
2.324;2.36;2.3;2.328;16739254
2.319;2.414;2.316;2.359;32321597
2.366;2.397;2.3;2.309;28584992
2.301;2.336;2.286;2.3;21117663
2.304;2.329;2.276;2.28;15648430
2.314;2.324;2.256;2.268;15821925
2.283;2.287;2.235;2.262;16751426
2.28;2.329;2.269;2.329;22695034
2.309;2.358;2.295;2.305;18592924
2.31;2.326;2.275;2.276;20065279
2.289;2.289;2.226;2.256;17545380
2.262;2.297;2.262;2.288;13585048
2.3;2.325;2.267;2.278;12987587
2.296;2.299;2.269;2.271;3304373
2.313;2.321;2.286;2.299;8727248
2.29;2.334;2.282;2.32;11522930
2.315;2.362;2.313;2.335;16542209
2.325;2.41;2.322;2.382;12579273
2.379;2.47;2.365;2.455;30654205
2.468;2.587;2.461;2.554;39583735
2.59;2.629;2.554;2.576;27136539
2.551;2.65;2.543;2.627;29722049
2.659;2.694;2.593;2.618;29495496
2.656;2.665;2.607;2.607;19549023
2.61;2.62;2.514;2.54;24580795
2.5;2.567;2.49;2.538;20599637
2.58;2.593;2.563;2.579;15197583
2.64;2.65;2.575;2.615;28589574
2.606;2.617;2.541;2.57;15104591
2.565;2.568;2.494;2.543;24848432
2.54;2.613;2.512;2.535;34278418
2.557;2.57;2.449;2.449;37348261
2.435;2.517;2.43;2.475;31331552
2.443;2.486;2.4;2.404;28557591
2.388;2.443;2.355;2.443;25248166
2.428;2.451;2.391;2.42;19636659
2.464;2.517;2.437;2.439;37127082
2.461;2.492;2.408;2.46;24040877
2.437;2.519;2.423;2.514;20417409
2.549;2.597;2.535;2.582;28252299
2.601;2.609;2.532;2.55;23122903
2.56;2.624;2.494;2.503;36743656
2.468;2.48;2.365;2.385;47161473
2.414;2.425;2.3;2.347;34774924
2.332;2.379;2.321;2.351;21225661
2.377;2.399;2.325;2.345;30927362
2.27;2.27;2.036;2.068;115734405
2.115;2.123;2.017;2.019;63273885
2;2.018;1.923;1.938;47871631
1.965;2.032;1.957;2.028;49273186
2.058;2.097;2.036;2.06;29628558
2.064;2.096;2.05;2.08;21722695
2.039;2.103;2.025;2.098;26766619
2.17;2.239;2.15;2.205;60134651
2.23;2.263;2.181;2.192;39489765
2.206;2.233;2.16;2.221;29207074
2.24;2.26;2.186;2.199;35133120
2.229;2.23;2.189;2.23;26624147
2.252;2.308;2.24;2.308;35121254
2.32;2.34;2.298;2.334;25042971
2.321;2.378;2.311;2.377;25908717
2.36;2.438;2.353;2.424;40557002
2.448;2.524;2.442;2.511;33398016
2.524;2.54;2.461;2.504;29399296
2.507;2.525;2.476;2.5;26284544
2.512;2.54;2.473;2.54;24349340
2.519;2.535;2.503;2.535;23095293
2.54;2.58;2.528;2.557;17836699
2.55;2.568;2.532;2.54;14761644
2.529;2.562;2.511;2.533;23236400
2.495;2.509;2.463;2.48;29090312
2.468;2.47;2.382;2.407;38226692
2.41;2.447;2.382;2.389;31075648
2.35;2.401;2.32;2.401;27085307
2.412;2.437;2.401;2.403;23270519
2.4;2.417;2.34;2.37;27451779
2.361;2.445;2.361;2.44;22992973
2.427;2.454;2.412;2.431;14806122
2.441;2.49;2.434;2.49;19419448
2.489;2.499;2.392;2.393;29710780
2.373;2.388;2.322;2.341;34918862
2.37;2.372;2.332;2.347;18850841
2.366;2.37;2.346;2.361;15122206
2.35;2.357;2.286;2.307;23719253
2.295;2.342;2.27;2.305;21938465
2.334;2.34;2.311;2.319;12704540
2.33;2.346;2.288;2.305;17034644
2.347;2.409;2.332;2.403;37426686
2.448;2.493;2.44;2.48;35812613
2.499;2.523;2.467;2.512;22143943
2.506;2.519;2.45;2.455;28931294
2.437;2.489;2.43;2.44;18857073
2.465;2.509;2.455;2.501;18354319
2.512;2.557;2.498;2.54;28666705
2.551;2.62;2.493;2.55;47626591
2.517;2.577;2.474;2.527;34730212
2.558;2.596;2.546;2.585;21415639
2.583;2.583;2.485;2.485;23401642
2.45;2.47;2.335;2.356;51452185
2.385;2.4;2.35;2.385;26231119
2.423;2.469;2.388;2.414;27337082
2.409;2.412;2.372;2.39;12474465
2.381;2.395;2.305;2.314;35726644
2.302;2.316;2.191;2.261;42743923
2.049;2.196;2.008;2.114;82389492
2.013;2.1;1.963;1.98;67338933
2.11;2.128;2.044;2.063;50306024
2.021;2.099;1.97;2.093;44844614
2.081;2.18;2.063;2.162;39450310
2.203;2.208;2.145;2.161;25058089
2.139;2.142;2.03;2.041;32862870
2.008;2.081;1.99;2.045;22421246
2.085;2.108;2.04;2.079;24232337
2.053;2.085;1.995;2.001;33225424
2.026;2.047;1.831;1.874;60158975
1.892;1.98;1.874;1.972;64893597
1.98;1.999;1.897;1.973;25771931
1.904;1.94;1.861;1.91;32040996
1.962;2.002;1.944;1.981;34375219
1.988;2.105;1.985;2.068;40086836
2.13;2.144;2.088;2.095;29927987
2.076;2.137;2.071;2.099;10919938
2.075;2.134;1.99;2.103;39707552
2.076;2.095;2.022;2.085;26386477
2.14;2.164;2.111;2.127;21814792
2.154;2.218;2.119;2.13;41193218
2.075;2.134;2.056;2.068;30948879
2.08;2.089;1.995;2.04;31106516
2.07;2.088;2.025;2.085;22652533
2.061;2.165;2.036;2.153;25144515
2.177;2.214;2.15;2.202;28468194
2.217;2.264;2.216;2.25;26239185
2.241;2.299;2.221;2.293;27960700
2.313;2.315;2.214;2.239;37448304
2.231;2.294;2.214;2.254;25907293
2.268;2.29;2.243;2.28;25907584
2.322;2.35;2.299;2.316;22192651
2.28;2.292;2.251;2.273;18583955
2.244;2.284;2.222;2.245;15812635
2.265;2.267;2.221;2.235;21530087
2.228;2.271;2.209;2.241;26759770
2.243;2.266;2.21;2.257;15871044
2.22;2.236;2.155;2.158;25148021
2.151;2.184;2.112;2.122;27026996
2.087;2.092;2.016;2.027;29964406
2.049;2.07;2.015;2.023;19442601
2.034;2.05;2.014;2.014;7745071
2.029;2.098;2.022;2.074;15205432
2.043;2.099;2.018;2.094;18321932
2.125;2.174;2.116;2.152;18096671
2.169;2.174;2.132;2.14;12688747
2.138;2.189;2.132;2.163;12286999
2.158;2.193;2.154;2.19;16101442
2.21;2.242;2.185;2.204;17343503
2.194;2.223;2.14;2.15;18561508
2.162;2.186;2.101;2.101;18338150
2.084;2.113;2.061;2.072;12783753
2.078;2.086;2.012;2.025;21286927
2.054;2.075;2.019;2.036;18656554
2.028;2.127;2.015;2.122;28967922
2.08;2.113;2.047;2.075;26915591
2.101;2.143;2.083;2.137;21186473
2.15;2.188;2.124;2.131;20322273
2.137;2.16;2.096;2.1;15528252
2.095;2.15;2.053;2.068;21955236
2.15;2.304;2.133;2.297;77575216
2.298;2.308;2.26;2.283;25362709
2.278;2.349;2.27;2.33;28370051
2.336;2.34;2.286;2.307;19351324
2.303;2.357;2.294;2.319;15280744
2.33;2.348;2.217;2.231;23119285
2.268;2.293;2.253;2.273;15137683
2.252;2.287;2.225;2.231;21618033
2.228;2.228;2.132;2.138;24810328
2.115;2.135;2.064;2.124;29517041
2.131;2.16;2.088;2.124;17730292
2.142;2.157;2.082;2.117;16766637
2.107;2.183;2.104;2.18;19088125
2.17;2.184;2.14;2.148;15303884
2.164;2.175;2.098;2.102;19979750
2.109;2.135;2.062;2.078;18081997
2.087;2.106;2.058;2.065;13295689
2.05;2.06;1.98;2.028;22638323
2.021;2.046;1.958;1.997;25180155
2.028;2.048;1.991;2.043;19732210
2.035;2.055;1.987;2.031;20462957
2.065;2.088;2.042;2.064;12751850
2.027;2.037;1.992;2.034;18036122
2.05;2.114;2.024;2.111;21482080
2.119;2.169;2.091;2.135;25435084
2.145;2.198;2.133;2.159;19791950
2.18;2.212;2.174;2.207;12376725
2.199;2.205;2.137;2.138;18564549
2.145;2.198;2.116;2.184;18571679
2.169;2.219;2.165;2.2;12651813
2.174;2.212;2.164;2.166;16414656
2.187;2.248;2.187;2.227;21819950
2.222;2.263;2.208;2.24;19181567
2.256;2.267;2.197;2.231;19496139
2.237;2.237;2.187;2.192;15126938
2.23;2.253;2.206;2.218;23117613
2.23;2.335;2.226;2.331;41608261
2.317;2.376;2.31;2.314;30936722
2.316;2.341;2.275;2.305;24842146
2.329;2.351;2.262;2.319;22829655
2.315;2.57;2.301;2.493;75987585
2.514;2.547;2.485;2.492;29255950
2.501;2.596;2.484;2.525;52339732
2.523;2.524;2.456;2.467;29108419
2.44;2.533;2.42;2.47;27477564
2.495;2.535;2.465;2.48;24691865
2.489;2.505;2.423;2.423;20812141
2.42;2.479;2.411;2.473;21702316
2.51;2.534;2.496;2.512;25519939
2.52;2.53;2.491;2.528;17506229
2.53;2.56;2.51;2.545;23146304
2.564;2.627;2.56;2.59;26819763
2.577;2.623;2.566;2.618;25272087
2.635;2.694;2.616;2.673;24876791
2.68;2.7;2.588;2.614;34328470
2.617;2.643;2.617;2.64;14393298
2.641;2.666;2.626;2.64;15307889
2.631;2.64;2.523;2.547;37181861
2.534;2.61;2.506;2.601;32238864
2.592;2.625;2.588;2.593;18065779
2.59;2.656;2.58;2.64;18799258
2.65;2.655;2.6;2.61;15300324
2.619;2.649;2.583;2.616;15328142
2.613;2.624;2.543;2.548;18996495
2.571;2.587;2.506;2.535;18019198
2.508;2.542;2.478;2.522;22712623
2.53;2.534;2.473;2.488;16554671
2.48;2.545;2.471;2.541;15991635
2.521;2.57;2.514;2.534;19582065
2.5;2.51;2.32;2.333;104849374
2.32;2.378;2.292;2.347;38553657
2.355;2.373;2.253;2.283;39611961
2.291;2.322;2.273;2.282;33423797
2.29;2.329;2.256;2.27;38093324
2.26;2.261;2.17;2.207;62994133
2.17;2.205;2.14;2.178;41702581
2.169;2.179;2.144;2.165;25364705
2.162;2.217;2.146;2.153;34573942
2.163;2.195;2.156;2.175;21061239
2.207;2.225;2.148;2.155;43688993
2.166;2.185;2.136;2.151;22043581
2.157;2.17;2.064;2.071;39164712
2.061;2.11;2.05;2.07;30539013
2.096;2.174;2.054;2.167;46775996
2.183;2.23;2.166;2.192;28872043
2.174;2.186;2.107;2.125;24584180
2.143;2.184;2.082;2.085;29225870
2.096;2.125;2.056;2.092;29338445
2.109;2.15;2.087;2.14;23491173
2.145;2.172;2.115;2.163;24532277
2.166;2.245;2.163;2.218;36215257
2.204;2.218;2.176;2.195;19069105
2.199;2.268;2.195;2.251;24491984
2.247;2.278;2.224;2.253;19663844
2.268;2.284;2.245;2.276;21450996
2.29;2.312;2.267;2.302;18179529
2.32;2.33;2.3;2.305;17184282
2.3;2.3;2.272;2.286;15655373
2.284;2.295;2.255;2.258;14379907
2.256;2.294;2.241;2.257;14061277
2.268;2.283;2.234;2.283;18377178
2.281;2.29;2.249;2.249;15665959
2.274;2.284;2.24;2.252;16470192
2.243;2.249;2.166;2.167;26697867
2.174;2.21;2.171;2.205;12893695
2.204;2.216;2.186;2.195;2162464
2.195;2.209;2.152;2.165;6193678
2.174;2.238;2.171;2.205;9060544
2.21;2.22;2.186;2.206;5828937
2.202;2.209;2.182;2.19;4970799
2.199;2.199;2.178;2.18;2278056
2.22;2.237;2.21;2.237;11449970
2.236;2.269;2.219;2.229;15115661
2.217;2.25;2.202;2.249;15936477
2.258;2.282;2.25;2.264;20312076
2.265;2.289;2.253;2.28;16625572
2.277;2.282;2.233;2.25;14906149
2.27;2.334;2.265;2.334;21805951
2.349;2.438;2.342;2.438;41449211
2.46;2.478;2.417;2.433;25982078
2.423;2.474;2.411;2.466;15983454
2.459;2.465;2.431;2.46;8454166
2.475;2.487;2.45;2.476;19296931
2.486;2.519;2.416;2.416;30233590
2.405;2.431;2.371;2.417;21893827
2.417;2.44;2.385;2.391;17929817
2.397;2.4;2.362;2.387;14121564
2.408;2.463;2.388;2.4;30056987
2.413;2.492;2.41;2.483;25360025
2.478;2.519;2.464;2.509;23387950
2.504;2.521;2.465;2.465;18981191
2.431;2.465;2.406;2.44;19311317
2.463;2.512;2.433;2.505;21891741
2.494;2.55;2.484;2.539;22386516
2.496;2.512;2.453;2.467;30752859
2.44;2.519;2.44;2.515;34514127
2.53;2.587;2.53;2.587;27660764
2.583;2.62;2.562;2.593;27143636
2.62;2.67;2.603;2.665;42216604
2.9;3.186;2.863;3.158;159203601
3.2;3.395;3.175;3.385;110926843
3.46;3.62;3.43;3.459;90535467
3.408;3.469;3.335;3.347;52345388
3.362;3.567;3.338;3.53;44830292
3.6;3.67;3.55;3.66;49038742
3.698;3.739;3.57;3.66;44676002
3.64;3.686;3.52;3.524;26252967
3.464;3.579;3.404;3.545;44124401
3.493;3.568;3.48;3.514;29866154
3.401;3.42;3.333;3.342;57037746
3.381;3.51;3.367;3.508;29164563
3.506;3.599;3.489;3.587;26661776
3.588;3.599;3.451;3.464;35323155
3.411;3.63;3.386;3.6;42450375
3.8;3.99;3.754;3.831;110249942
3.849;3.906;3.735;3.889;38689196
4.019;4.12;3.947;4.038;55625386
4.01;4.045;3.887;3.97;35514605
3.813;3.885;3.745;3.865;50521799
3.761;3.914;3.745;3.773;36994955
3.702;3.795;3.67;3.781;28791119
3.776;3.87;3.747;3.777;26243985
3.669;3.77;3.5;3.73;53400492
3.76;3.872;3.616;3.628;41350407
3.655;3.71;3.63;3.655;36262182
3.655;3.675;3.565;3.605;35129284
3.7;3.747;3.659;3.711;30521523
3.71;3.734;3.607;3.65;25638345
3.606;3.644;3.571;3.642;25063465
3.607;3.785;3.577;3.77;29393324
3.8;3.82;3.725;3.79;19400949
3.893;4.155;3.885;4.091;51519472
4.113;4.163;3.995;4.075;32118019
4.125;4.135;4.008;4.034;25522789
4.021;4.08;3.994;4.051;20951052
4.085;4.166;4.084;4.14;27411106
4.12;4.153;4.092;4.11;17432552
4.105;4.137;4.072;4.119;19150106
4.12;4.131;4.04;4.056;19171264
4.04;4.084;3.982;3.998;18508922
4.03;4.049;3.96;3.983;13669784
3.971;4.028;3.935;3.963;15662825
3.881;3.888;3.742;3.765;28661830
3.92;4.065;3.865;4.049;46733341
4.132;4.175;4.015;4.152;45600557
4.137;4.139;4.056;4.113;20258841
4.125;4.13;3.975;4.003;23304596
4;4.068;3.96;3.961;17438660
4.04;4.22;4.021;4.206;32434140
4.263;4.275;4.14;4.177;22469958
4.216;4.339;4.201;4.331;28927375
4.366;4.45;4.333;4.342;31053536
4.4;4.432;4.284;4.362;23420403
4.343;4.355;4.257;4.353;14917956
4.431;4.457;4.392;4.429;15116259
4.418;4.439;4.31;4.339;21594414
4.37;4.378;4.11;4.138;42350061
4.2;4.32;4.191;4.289;33129273
4.432;4.47;4;4.208;81171818
4.249;4.375;4.196;4.368;40730467
4.378;4.426;4.311;4.379;23574202
4.378;4.405;4.34;4.353;16798809
4.295;4.38;4.255;4.377;19919605
4.399;4.4;4.256;4.327;18152490
4.271;4.299;4.204;4.239;19465152
4.2;4.205;4.029;4.055;35393332
4.052;4.122;4.003;4.09;28666762
4.152;4.162;4.038;4.057;24085222
4.051;4.12;4.051;4.079;19049994
4.04;4.04;3.9;3.953;31569310
3.974;3.993;3.897;3.945;19324705
3.902;3.941;3.871;3.933;21477318
3.968;3.985;3.9;3.92;14713423
3.96;3.985;3.904;3.957;15722288
3.95;3.983;3.939;3.964;4410957
3.987;4.017;3.908;3.923;24913217
3.924;4.026;3.881;3.955;25926513
3.877;3.88;3.8;3.8;24944253
3.802;3.835;3.761;3.823;18513582
3.839;3.839;3.738;3.787;19745759
3.775;3.84;3.745;3.777;15403907
3.764;3.769;3.636;3.654;31501756
3.601;3.707;3.593;3.695;24728806
3.682;3.713;3.625;3.642;16335339
3.631;3.673;3.596;3.6;12419032
3.629;3.726;3.614;3.709;17542330
3.709;3.738;3.648;3.688;15280385
3.61;3.647;3.596;3.634;25325847
3.576;3.667;3.511;3.63;36816604
3.55;3.66;3.54;3.652;21482515
3.666;3.757;3.66;3.754;21808905
3.751;3.823;3.736;3.782;20480163
3.75;3.753;3.634;3.661;23104853
3.733;3.786;3.674;3.68;21044198
3.68;3.812;3.68;3.805;21020158
3.823;3.944;3.816;3.92;22684432
3.945;4.015;3.941;3.967;23274480
4.044;4.06;3.962;3.988;21659251
3.989;4.044;3.947;4.031;18619449
4.034;4.142;4.01;4.133;16004321
4.132;4.148;4.028;4.064;19639609
4.078;4.138;4.057;4.119;16576554
4.119;4.18;4.1;4.165;17521296
4.18;4.219;4.081;4.09;20885263
4.061;4.09;3.974;3.984;17203399
3.898;3.942;3.739;3.863;30591433
3.839;3.881;3.771;3.807;18026930
3.72;3.739;3.636;3.636;27422382
3.621;3.68;3.584;3.597;22130175
3.573;3.59;3.415;3.42;27062921
3.433;3.62;3.433;3.62;23240193
3.67;3.723;3.607;3.621;30584860
3.58;3.598;3.3;3.57;48831205
3.63;3.729;3.558;3.592;28365577
3.574;3.634;3.565;3.595;13148663
3.593;3.636;3.556;3.63;14130971
3.551;3.557;3.347;3.38;39863495
3.25;3.26;2.801;2.862;117965535
2.767;2.864;2.676;2.755;65314318
2.877;2.89;2.62;2.62;51343850
2.611;2.682;2.574;2.585;34476565
2.501;2.57;2.464;2.519;54320770
2.58;2.584;2.368;2.379;46058766
2.25;2.623;2.23;2.462;66980440
2.41;2.496;2.201;2.223;58986612
2.33;2.44;2.11;2.428;80247522
2.488;2.54;2.266;2.276;59647813
2.361;2.433;2.24;2.433;48891799
2.448;2.633;2.365;2.624;59459343
2.662;2.73;2.61;2.634;32131818
2.611;2.725;2.59;2.696;26234673
2.659;2.715;2.622;2.622;26392470