34.9;35.22;34.05;34.08;2932964
33.78;33.92;31.92;32.8;6038800
31.88;32.88;31.75;32.18;4971768
31.88;32.38;31.82;32.03;2608860
31.8;33.05;31.8;32.88;3770944
33.02;33.55;32.88;33.05;2930852
33;33.1;32.05;32.3;3872716
32;33.15;32;32.32;4098956
32.5;33;31.88;32.95;3865980
33.12;33.98;33;33.5;4143976
33.58;34.55;33.38;34.25;3985788
34.25;34.25;33.05;33.25;4347712
33.5;33.5;32.62;32.72;4401796
32.5;32.9;32.18;32.62;4628712
32.12;32.38;31.28;32;3456660
31.8;32.38;31.12;31.25;3845388
30.98;31.68;30.88;30.98;3681644
30.88;31.68;30.5;30.82;2996540
30.95;31.3;30.6;31;3899592
31.25;32.2;31;31.62;2895276
31.25;32.62;31.12;32.22;3435040
32.68;32.98;32.28;32.88;2973032
33.25;33.25;32.25;33.05;2064088
33.38;34.5;33;34.45;6556072
34.7;34.85;33.78;34.55;3478212
34.02;34.6;33.8;34.08;2364348
33.12;33.6;32.88;33.47;4812296
33.12;33.12;32.15;32.6;4726956
32.5;33.2;32.15;32.45;3624924
32.28;32.5;31.15;32.05;5446840
31.78;32.58;31.78;32.2;3292084
32.38;33.1;31.88;32.7;4122276
32.7;33.05;32.28;32.88;3155420
32.8;33;32.35;32.68;2518356
32.22;32.4;31.78;32.1;3052180
32;32.12;31.4;31.98;2057176
32.12;32.12;31.3;31.6;2415548
31.75;32.25;31.58;32;2373168
31.58;32.55;31.52;32;2859032
32.45;32.78;31.78;32.28;5069816
32.25;32.7;31.88;32.47;4328432
32.05;33.25;32.05;32.62;3639252
32.65;32.95;31.55;31.95;3427760
31.75;31.95;31.08;31.52;3086840
31.15;31.6;30.38;30.95;3772560
30.9;31.88;30.75;31.52;2778432
31.08;32.62;31.05;31.98;4681740
32.25;32.45;31.4;31.92;2989064
31.62;32.9;31.55;32.28;2945408
32.25;32.25;31.55;31.8;1969908
31.3;31.65;30.88;31.3;2426048
31.38;31.78;30.9;31.2;2654220
30.75;31.25;30.75;31;2560416
31.7;33.32;31.35;32.7;8101780
34.12;34.32;33.5;33.82;8002592
33.28;34;33.2;33.55;2986832
33.15;34.48;33.15;34;4421168
34.52;35.8;34.52;35.7;9002576
35.1;37.2;35.1;36.75;8338888
37.25;37.62;36.05;36.15;7451432
36.18;36.9;35.92;36.88;2559708
36.52;37.25;36.25;37;3959108
36.98;37.4;36.78;37.25;2387992
37.22;37.62;36.88;37.5;5781904
37.5;37.6;36.45;37.03;6024612
37;37.88;36.38;37.53;4842916
38.12;41.28;38.02;41;13664176
40.5;40.5;38.25;38.82;7961156
38.82;38.82;37.58;37.75;3662672
38;38.5;36.8;37.2;3957312
37.25;39.1;37.25;39;4072252
39.25;40.65;38.62;40.5;5429012
40.78;41.25;40.5;41;4564752
40.75;41.9;40.12;41.25;3667860
40.38;40.98;38.05;38.97;6209192
37.52;38.75;37.05;37.95;4287688
38.05;38.98;37.28;37.9;2697100
38.42;39.22;37;39.05;3750740
39.65;39.8;38.38;38.38;1841708
38.72;40.22;38.5;40.2;3322740
41;41;40;40.75;3292108
40.98;41.1;39.05;39.75;4359700
40.45;41.22;39.9;40.78;3171940
41.25;41.62;40.28;41.4;3574036
41.75;41.75;39.65;39.75;6031052
39.75;39.98;39.02;39.47;2915612
39.5;39.5;38.3;38.5;3074672
38.72;38.82;37.95;38.32;2168844
37.85;37.92;36.75;37.5;5096632
37.88;39.18;37.75;38.15;5373260
37.12;39.25;36.95;39.08;4502860
38.5;39.48;38.5;39;3357916
39;39.22;38.18;38.28;2796308
38;38.7;37.6;38.42;3894072
37.88;38.2;37.12;37.75;4862520
37.02;37.35;36.28;36.7;6750432
36.28;36.55;35.62;36.15;6945548
35.42;35.72;34.35;34.45;8934652
34.25;36.4;33.8;36.15;17462388
35.5;37.45;35.32;36.5;15446580
36.5;37.92;36.38;37.47;5632712
36.4;38.72;36.4;38.2;5310116
37.15;38.85;37.15;38.5;3217500
38.38;38.75;37.95;38.47;3552340
38.52;39.75;38.25;39.5;6551564
38.92;40.22;38.92;39.62;2361448
39.4;40.62;39.4;39.78;3627948
39.45;40.75;39.45;40.5;2630340
40.02;40.75;39.55;39.8;4618820
39.5;39.65;38.88;39.62;3122408
39.62;40.52;39.4;39.5;3263012
39.75;40.7;39.75;40.15;1673616
40.15;41.18;39.78;40.75;3353312
40.88;42.25;40.62;41.85;7201480
42.12;43.5;41.48;41.48;6825132
42.38;42.38;41.3;42.22;2985224
41.55;41.68;41.02;41.4;3431084
41.6;41.6;40.82;40.88;3780964
40.5;41;39.9;40.12;4161484
40;40.38;39.75;39.8;3055192
39.98;40.98;39.75;40.75;3959656
40.75;41.55;40.55;41.35;2537572
41.75;42.6;41.5;42.52;4521308
42.52;42.75;42.08;42.3;3624800
42;42.45;40.78;40.92;4392000
40.92;41.92;40.92;41.25;4244524
40.9;41.5;40.65;41.5;2694532
41.78;41.85;40.5;41.12;2453536
40.78;42.42;40.75;41.5;3185876
41.48;42.6;40.35;40.5;5351732
40.5;41.55;39.38;41.48;4110036
40.72;41.8;39.9;40.12;4356520
39.22;39.25;37.05;38;13372016
38.42;39.52;37.58;39;6365980
39.38;39.38;38.75;39;4011716
39.62;39.85;39.2;39.6;4455800
39.15;40;39.15;39.42;2657392
39.18;39.98;39.12;39.75;1535544
39.8;40.7;39.75;40.45;2289752
40.75;40.82;39.4;39.72;2846292
39.75;39.95;39.28;39.95;3358244
40.6;40.6;39;39.12;3145952
39.6;40.25;39.35;40;2571800
40.25;41.22;39.75;41;2663804
40.75;41.25;39.78;40;2150144
39.4;41;39.4;41;2337716
41.25;41.75;40.6;41.32;2265572
41.52;41.92;41;41.68;2741548
41.12;41.68;40.62;41.1;2555128
41.7;42.48;40.78;42.3;2718256
42.5;42.85;41.82;42.18;2567264
41.65;42.38;41.28;42.08;2798224
42.45;42.48;40.88;41.12;3006432
41.5;41.6;40.38;40.82;3554708
41;41.08;40.12;40.98;2202348
41.25;41.95;40.82;41.68;1911104
41.98;41.98;41.5;41.68;1035900
41.75;42.5;41.5;42.4;2673204
42.5;42.52;41.6;41.78;2063428
42.22;42.25;41.58;41.62;1400020
41.85;42.4;41.65;42.12;2340428
42.42;43.12;42.25;42.32;3370836
42.75;42.85;41.82;42.78;2496012
42.78;42.95;41.82;41.92;4119176
42.22;42.95;41.8;42.75;1695900
42.5;43.05;41.95;42.4;1867492
42.75;43.25;42.28;43.12;8382364
43.88;44.62;41.12;41.12;14861248
40.52;41;40;40.08;7371620
40;41.2;39.55;39.55;7130264
39.55;40.88;39.38;40;4244848
40.05;40.72;40;40.12;4354272
40.62;42.12;40.52;41.5;6002208
41.48;42.55;41.38;42.5;4696808
42.12;42.38;41.65;41.82;2520432
42.08;42.32;41.52;41.98;1656396
41.38;41.85;41.28;41.62;4183500
41.4;41.68;41.18;41.18;2664284
41.1;41.45;40.32;40.72;5044844
40.32;40.62;39.82;40.08;3961020
40;40.2;39.38;39.62;2870204
38.98;39.52;38.88;39.42;3299272
39.72;40.25;39.25;39.45;3421380
38.72;39.25;37;37.28;12095260
36.5;39.38;36.25;38;8922760
38.75;38.82;37.78;38.3;2742960
38.5;39;38.02;38.18;2986240
38.05;38.65;37.78;38.38;3063484
38.62;38.62;37.38;37.5;2775740
36.78;37.75;36.55;37;5261992
36.58;37.5;36.58;37.5;3065912
36.9;37.5;36.8;37.47;2285808
37.48;38.2;37.12;37.12;3903516
37.3;38.2;37.2;38;4849688
38;38.55;37.75;38.18;4545952
37.75;38.5;37.08;37.97;3025040
38.45;39.48;38.12;39.05;6146132
39.25;40;38.5;38.9;6347336
39.38;39.6;37.78;38.65;2832552
37.88;38.62;37.52;38.32;4063848
38.35;39.18;38.25;38.3;3090700
38.5;39.1;38.1;38.18;2403340
38.1;38.5;35.5;36.75;8611012
35.95;37.45;35.68;37.1;6467280
37.1;38.55;37.05;38.05;5512260
37.65;38.25;37.45;37.5;2738984
37.25;38.35;36.92;38.03;3365888
37.78;38.68;37.35;37.62;3229320
37;38.35;37;37.68;5267120
37.52;37.78;37.22;37.38;6217140
37.05;37.9;37;37.3;2725992
37.55;39.22;37.55;39;6519328
39.22;39.48;38.4;39.3;3269480
39.7;40.88;39.3;40.55;5996084
40.95;41.32;40.42;40.72;4240200
41.08;41.12;40.3;40.5;3663676
40.45;41;39.68;40.78;3843340
41.15;41.25;39.98;40.4;5495460
39.82;41;39.52;39.53;3943896
39.55;40.35;39.5;39.88;5072392
39.65;40;39;39.5;2150316
39.5;40.38;39.5;40.08;3603260
39.9;40.98;39.9;40.65;2699156
40.98;41.28;40.55;41.22;2413544
40.88;41.82;40.88;41.18;2977664
41.12;41.58;40.52;40.7;2103948
40.25;40.82;39.8;40.12;3827248
39.78;40.52;39.08;39.25;3096016
39.28;40.32;39.25;40.3;3223172
40.4;41.25;40.08;41.05;3587568
41;41.88;40.78;40.85;3827116
40.25;40.82;39.58;40;12004056
39.82;40.88;39.82;40.62;4594416
40.5;40.88;39.92;40.25;3463736
40.38;40.85;39.28;39.38;3688448
39.22;39.22;38.28;38.5;3591092
38.78;40.68;38.62;40;3867244
40.4;40.95;38;39.03;5048508
38.25;39.6;38.1;39;4289028
39.3;39.92;38.32;38.32;4188140
38.72;39;38.08;38.28;4396640
38.02;38.22;37.38;37.75;5776796
37.5;37.5;35.48;35.62;12700108
35.62;36.28;35;35.72;6817816
35.5;36.55;35.5;36;4745872
36;37.08;36;36.55;4615024
36.25;37.45;35.92;37.4;5795212
36.72;37.75;36.4;37.18;5553244
36.58;37;36.18;36.88;4990176
37.15;38.22;37.15;37.47;4353228
36.75;38.12;36.75;37.5;2816040
37.88;39.12;37.78;39.12;3882704
39.32;39.32;38.5;38.5;2451284
39.35;39.8;37.85;38.95;4293808
38.7;39.05;38.25;38.4;5698600
39.5;39.75;37.88;38.32;7633952
38.25;38.68;36.3;36.95;9848724
36.95;36.95;36.18;36.53;4798656
36.25;36.75;35.5;36.12;6958276
36.35;36.35;35.68;35.88;3788132
36.25;36.72;35.92;36.25;6984312
36;36.55;35.42;35.75;6282824
35.92;36.05;35.58;35.75;2706940
35.75;35.92;35.42;35.9;4380224
36.35;36.88;36.1;36.45;6194312
36.58;36.85;35.82;35.82;5034248
36.15;36.15;35.25;35.25;6126692
35.12;36;35.12;35.68;3758824
36.22;36.25;35.55;35.82;4078492
36.25;36.35;35.52;36.05;4528972
36.22;36.82;35.92;36.82;6090648
36.6;37.25;36.6;36.97;4582624
36.85;37.18;36.65;37;4444972
36.75;37.05;36.6;36.65;2729348
36.5;36.95;36.08;36.95;3424720
36.58;37;36.15;36.7;4747756
36.75;36.8;35.9;35.9;3513756
35.9;36.18;35.22;35.38;6360568
35.55;36;35.38;35.92;4346464
35.78;35.98;35.55;35.88;2403164
36;36;35.2;35.45;5002212
35.5;35.65;34.9;34.97;5397692
35.38;35.58;34.75;35.32;5387068
35.72;35.72;34.85;34.97;6221972
35;35.2;34.72;34.82;2992624
34.9;34.98;33.85;33.92;8016776
34.2;34.38;33.78;34.38;4947596
34.5;34.88;34.3;34.75;2832220
34.65;35;34.15;34.22;4925228
34.2;34.22;32.75;33.38;7026604
32.95;33.38;31.92;32.2;5679256
32.5;32.7;31.98;32.1;4913612
32.62;33.22;32.5;32.8;5533432
33;33.62;32.95;33.5;6558080
33.48;34.45;33.25;34.3;6253180
33.92;34.72;33.75;34.5;5083524
34.38;34.38;33.3;33.3;3566420
33.72;33.9;33;33.1;3410372
33.35;33.88;33.12;33.75;3278996
33.85;33.92;33.12;33.55;2990508
33.38;34.15;33.18;33.38;3411156
33.38;33.9;32.78;33.22;3704288
33.18;33.32;32.15;32.6;4391428
32.28;33.12;32.15;32.92;3610160
33.32;33.32;31.25;31.88;5789400
32.4;32.4;30.6;31.12;9070416
31.48;31.48;30.38;31.22;8449592
31.22;31.42;30.32;30.75;4712768
31.1;31.58;31;31.4;5610704
30.9;31.28;30.12;30.72;8095644
30.18;30.25;27.82;27.82;15803940
28.5;29;28.05;28.5;9325604
28.88;30.35;28.7;30.2;7615088
30.22;30.42;29.62;30.28;8574228
30.5;30.5;29.15;29.22;4758460
29.15;30.48;28.75;29.45;9172532
29.28;31.52;29.28;31.48;12128788
31.7;31.85;30.85;31.85;4003136
31.68;31.68;29.88;30.02;6928376
29.75;29.98;28.7;29.65;6682592
29.75;30.88;29.35;30.5;6498388
31.38;31.38;29.9;30;3895296
30.1;30.7;29.82;30.4;3403480
30.75;30.98;30.5;30.98;717544
31.5;32.02;31.02;31.1;6799256
31.18;31.95;30.68;31.45;3003948
31.25;31.4;30.52;31.28;7709928
31.72;33.02;31.22;32.4;5988320
32.72;33.68;32.5;32.75;9929704
32.75;33;31.72;32.1;5273404
32.1;32.1;31.5;31.7;3515328
31.75;32.62;31.65;31.82;2912960
31.85;32;31.25;31.8;4350992
31.75;32.22;31.3;32.2;5816416
31.92;33.38;31.78;33.1;6003848
33.45;33.88;32.85;33.25;5529524
33.65;34.42;33.42;34.42;7181148
34.5;35;33.92;34.2;7437556
34.25;34.25;32.92;33.5;6048064
33.75;34.05;33.38;33.7;1553676
33.95;34.45;33.45;34.03;3288236
34;34;33.4;33.62;4016764
33.62;34.9;33.62;34.85;6800624
34.92;35.2;34.38;34.72;5214992
34.2;34.72;33.58;34.05;3704064
34.22;34.25;33.5;34;4374864
34.12;34.12;32.9;33.9;3367777
34.5;35.25;34.3;34.68;5591622
34.8;35.89;34.55;35.5;4509383
35.4;35.88;35;35.69;2952051
35.9;35.93;34.54;34.77;6073008
34.74;34.94;34.37;34.77;10435454
34.75;35.5;34.5;35.5;1685596
35.15;35.4;34.58;34.6;1865211
34.4;34.94;33.9;34.14;2763848
34.14;34.58;33.91;34.25;3776450
34.1;34.22;33.11;33.27;19909491
33.05;33.54;32.95;33.5;3668466
33.5;33.5;32.65;32.97;3383614
33.47;34.5;33.1;34.45;3422158
34.7;35.14;34.35;34.59;2518833
34.95;35;33.85;33.88;3073197
34.2;34.9;33.91;33.95;3237129
34.01;34.45;33.6;33.81;3218413
33.8;34;32.52;32.94;4950289
32.6;33.35;31.53;32.8;9539318
32.5;32.67;32.07;32.67;8119795
32.2;32.79;31.98;31.98;4035627
31.9;32.12;31.63;31.63;2835102
31.63;32.67;31.63;32.23;3740299
32.14;32.3;31.58;32.17;3885282
32.4;32.74;31.9;32.39;3365914
32.88;33.5;32.73;33.5;5977962
33.48;34.35;33.35;33.8;5065039
34;34;32.43;32.47;9237554
32.84;32.84;31.82;32.2;6640193
32.75;32.78;31.94;32.77;9453393
32.9;33.73;32.77;33.65;7698516
33.63;35.03;33.16;35;6007378
34.85;34.92;34.5;34.72;2843793
34.73;34.92;34.05;34.92;2065222
34.65;34.88;34.15;34.48;2993504
34.23;34.23;32.75;33.09;5634555
33;33.74;32.25;33.65;4014951
33.65;34.07;33.15;33.2;3002152
32.9;33.49;32.65;32.7;4831632
33.38;33.38;31.9;32.17;5060222
32.3;32.74;32;32.56;4123092
32.7;32.94;32.11;32.75;2793038
32.55;33.4;32.5;33.04;3094647
33.25;33.25;32.1;32.2;5193826
32.45;33.18;32.15;33.09;3083122
32.59;33.09;32.51;32.51;3415189
32.4;33.1;32.16;32.36;4145960
32.1;32.3;31.75;31.75;3688859
32;32.31;30.9;30.95;4013706
31.48;31.64;30.4;31.64;6396468
31.29;32.12;31.29;31.99;2778054
32.14;32.48;31.7;32.48;2537206
32.3;33.45;32.3;33.45;4420013
33.15;33.93;32.9;33.43;2624226
33.5;34.7;33.05;33.05;5584244
33;33.7;32.72;32.85;2761772
32.85;33.7;32.85;33.33;3215709
33.05;34.01;32.72;34;2872847
34;34.29;33.36;33.4;2364926
33.14;33.25;32.51;32.95;3911430
33.35;33.64;32.27;32.61;3780500
33.1;33.46;32.45;33.2;3649278
33.48;34.45;33.21;33.91;3261267
33.9;33.99;33.28;33.35;1517128
33.35;33.4;32.78;32.86;2666286
33.11;33.37;32.1;32.55;3120720
32.52;33.04;32;32.92;2145519
32.95;33.04;32.34;32.87;2762222
32.5;33.3;32.35;32.73;3205210
32.78;32.99;32.3;32.35;2000312
32.5;32.9;32.3;32.66;3477493
32.66;33.04;32.5;32.87;1992571
32.63;33.15;31.89;32.25;4039804
32.13;32.85;31.64;32.35;4188550
32.1;32.59;30.6;31.03;5699749
30.87;31.44;30.05;30.05;6249497
30.46;30.46;28.61;29.2;5007022
29.9;30.05;28.6;29.28;8126387
28.9;29.1;28.1;28.11;7515276
28.49;28.52;26.01;26.18;8474661
26.48;26.98;25.25;26.1;8697462
25.72;26.6;25.06;26.4;7928103
26.95;27.32;21.85;22.89;14266686
21.75;23.75;20.01;21.66;20765074
21.68;22.99;20.7;21.95;27460658
22.2;23.19;20.6;20.6;12506033
20.6;21.98;19.67;21.9;11968935
21.6;21.77;20.61;21.05;9490795
21.2;21.75;20.6;20.66;6937470
20.85;20.85;19.1;19.35;10985408
19;19.01;16.4;17.35;16452001
16.65;18.89;16.65;18.78;7890312
18.35;19.58;18.06;19.18;8592404
18.81;20.49;18.64;19.95;10333338
19.78;20.89;19.7;20.8;6778553
21.02;21.69;20.57;21.67;9031456
21.45;21.75;20.54;20.83;5882881
20.6;21.09;20.17;20.81;6393430
20.85;20.95;20.08;20.63;6724716
21;22.28;21;22.28;9308536
21.6;23.4;21.54;22.95;11659707
22.11;22.68;21.56;22.44;8980471
22.31;22.75;21.9;22.28;5321814
21.66;23.25;21.66;23.25;6390951
23.11;24.45;23.11;24;11017142
24;24.73;23.6;24.59;7713151
23.85;24.1;22.79;22.79;6544813
22.52;23.44;22.52;22.7;6771120
23.01;23.85;23.01;23.4;6717422
22.62;23.18;22.54;22.77;4576917
22.51;22.93;22.19;22.47;5248900
22.47;23.23;22.47;23.13;2472535
23.5;24.56;23.39;24.56;6432876
24.5;25.78;24.16;25.41;9611202
25.45;26.23;24.74;24.82;8802783
25.5;26.32;25.21;26.29;6281792
25.76;26.55;25.05;25.37;7370578
25;25.18;23.92;24.02;6316084
24;24.54;23.25;24.3;7547003
24;24.93;23.61;24.93;4278602
25.2;25.59;24.9;25.03;5355437
25.49;26.28;25.4;26.18;3797300
26.45;27;26;26.39;6656235
26.6;27.3;26.35;27.01;5969848
27.18;28.35;27.11;28.3;7141860
27.8;28.33;27.45;27.9;6016555
27.6;27.7;25.03;26.18;7420176
26.73;27.89;26.63;27.89;6382023
26.69;27.17;25.65;25.9;19197908
26.05;26.71;25.18;25.5;8757191
25.7;25.74;25.11;25.5;6511452
25.8;26.35;25.61;26.22;3757384
26.48;26.61;25.38;25.75;4909153
25.97;26.1;25.11;25.37;5286621
25.5;25.75;25.15;25.4;3370360
25.38;25.79;25.11;25.6;4072481
25.89;26.25;25.61;25.61;3360674
25.62;25.77;24.34;24.39;7366561
24.31;24.85;23.85;23.98;5151006
23.51;24.34;23.4;24.01;8082983
24.35;25.05;24.18;24.4;4557181
24;24.36;23.75;24.05;3169232
24.18;24.3;23.86;24.27;4012742
24.67;25.92;24.5;25.75;7866315
25.98;26.36;25.5;25.7;6195414
25.45;25.89;25.36;25.7;3141434
25.46;25.5;24.82;24.95;2774066
24.8;25.54;24.65;25.2;3808446
25.14;25.54;24.42;24.5;4658172
24.2;24.55;23.66;23.8;5897053
23.5;23.88;23.06;23.1;6654541
23.11;23.82;23;23.7;5740713
22.38;22.89;21.32;22.2;27557955
22.45;23.18;22.3;22.85;13944582
22.77;23.15;22.56;22.77;6465747
22.66;23.3;22.34;22.88;5662226
22.88;23.1;22.65;22.99;1076162
22.99;23.65;22.85;23.65;3979790
23.7;23.72;23.09;23.47;4373678
23.77;23.94;23.4;23.56;2718216
23.79;24.74;23.73;24.68;6121930
24.77;25.1;24.21;25.1;5593656
24.92;25.1;24.09;24.4;4728081
24.26;24.7;23.73;23.99;6330090
23.98;23.99;22.84;23.24;8856084
22.96;23.16;22.5;23;6960434
22.81;23.5;22.81;23.35;3965618
23.25;23.25;22.12;22.25;4864532
22.15;22.7;22.01;22.7;5068526
22.3;22.5;21.96;22.27;6313299
22.48;22.78;22.2;22.69;6657637
22.4;22.64;22.15;22.45;4090579
22.54;22.54;21.96;22.17;3515145
22.23;22.59;21.96;21.96;4539398
21.9;22.25;21.78;22;5824984
22.1;22.75;22.1;22.65;5621465
22.65;22.87;22.3;22.51;4162521
22.7;23.1;22.7;23;4446913
22.94;23.02;22.35;22.54;7576414
22.11;22.3;21.5;21.8;12264468
21.99;22.08;21.05;21.46;10832684
21.51;21.6;20.8;20.83;7990984
21.15;21.15;20.42;20.58;5211414
20.4;20.55;19.97;20.2;7414710
20.2;20.3;19.41;19.6;9497700
19.69;20.55;19.5;20.34;7462111
20.2;21.17;20.16;20.9;6090083
21.3;21.42;20.9;21.31;4138717
21.35;21.7;20.91;21.02;6722029
21.03;21.36;20.6;21.3;5450383
21.5;22.15;21.25;22;8087927
21.9;22.1;21.55;21.55;4286515
21.5;21.66;21.26;21.34;2109054
21.15;21.19;20.42;20.5;8132156
20.4;20.65;19.92;20.48;7395341
20.7;20.85;20.32;20.65;4151530
20.4;20.57;19.81;20.07;6215693
20.34;20.5;19.8;20.46;5423208
20.7;21.18;20.5;20.91;22682541
21.05;21.19;20.72;21.05;4704417
21.06;21.7;20.45;21.55;7790692
21.43;22.02;21.26;21.95;5046669
22.31;23.95;22.3;23.8;13552320
23.74;24.07;23.51;23.55;8491128
23.45;24.01;23.4;23.81;5298521
24;24.27;23.46;23.54;5265646
23.5;24.28;23.5;24.17;6216507
23.97;24.16;23.65;23.69;4417391
23.5;23.57;22.88;23.15;6773607
23.2;23.2;22.45;22.56;7580302
22.5;23.56;22.5;23.48;7832798
24.01;25.2;24;25.2;15547576
25.18;25.98;25.04;25.5;11350784
25.55;26.06;25.43;26.02;10602349
26.02;26.04;25.2;25.2;7099352
25.02;25.76;24.75;25.45;4999662
25.51;25.9;25.5;25.65;5046507
25.8;26.01;25.49;25.49;3950942
25.4;25.77;25.25;25.53;5857121
25.65;25.79;25.24;25.31;6776529
25.2;25.87;25.13;25.87;9992748
25.77;25.85;25.08;25.1;4806154
24.85;25.3;24.64;25;6925465
24.9;25.2;24.4;24.41;6735557
24.46;24.61;24.13;24.28;4371914
24.2;24.29;23.38;23.41;6958276
23.9;23.96;23.64;23.77;5742005
23.77;24.87;23.55;24.49;6610746
24.6;24.96;24.18;24.18;5457618
24.29;24.89;24.03;24.69;5471874
24.9;25.26;24.52;24.6;3524331
24.7;25.42;24.7;25.38;5228399
25.52;25.97;25.52;25.6;6089326
25.58;26.09;25.15;25.26;5076091
25;25.45;24.75;25.2;6830645
25.02;25.18;24.62;24.85;3742182
24.76;25.18;24.38;24.79;12795402
24.7;24.8;24.25;24.45;4768619
24.32;24.4;23.41;23.55;10519138
23.8;24.14;23.51;23.65;6230831
23.7;23.75;22.85;23.08;9277063
23.07;23.75;22.75;23.55;13589898
23.79;23.79;23.28;23.45;5590751
23.25;23.89;22.35;22.84;10700745
22.85;23.08;22.56;22.85;3575544
22.73;22.73;21.78;22.05;8997783
22.4;22.82;22.31;22.8;5246329
22.66;22.96;22.5;22.62;2760348
22.45;22.9;22.25;22.55;3722744
22.2;22.54;22.18;22.4;3949697
22.04;22.95;21.82;22.82;7171775
23.05;23.17;22.82;22.98;7229333
22.96;23.93;22.73;23.67;7979558
23.99;24.05;23.35;23.64;10824596
23.59;23.79;23.15;23.35;2704144
23.05;23.25;22.9;22.97;6065785
22.82;22.88;22.21;22.59;5916799
22.71;22.85;22.15;22.29;6417033
22.29;22.65;22.12;22.3;5726603
22.29;22.71;22.25;22.56;3537549
22.55;22.82;22.25;22.32;9263382
22.15;22.35;21.8;21.96;6230926
22;22;21.04;21.04;9723253
21.19;21.49;20.9;20.9;6346812
21;21.2;20.76;20.85;3955488
20.55;20.6;19.95;20.05;9860306
20.3;20.55;19.95;20.06;4742966
20.23;20.6;20.1;20.22;4384146
19.9;19.96;19.61;19.73;8016946
20.08;20.14;19.24;19.58;4480733
19.78;20.13;19.58;19.99;5213962
19.59;19.7;18.87;18.91;8219352
19.98;20.31;18.95;19.09;12399543
18.9;19.05;18.28;18.41;8718754
18.78;19.55;18.67;19.5;6268542
19.78;19.85;18.83;19.1;7565709
18.75;18.83;18.46;18.46;7434657
18.31;18.45;17.67;17.95;8445545
17.62;18.78;17.21;17.99;9192471
17.89;18.33;17.18;17.38;6441932
17.5;17.97;17.1;17.61;9375363
16.2;16.93;15.91;16.93;14353351
17.2;17.39;16.56;17.15;10497452
17.59;18.6;17.56;18.52;9889820
18.54;19.14;18.07;18.16;5378725
17.74;17.99;16.91;17.06;9593340
16.95;17.14;16.1;16.26;9973905
16.63;16.83;15.9;16.07;7344900
16.2;16.77;16.15;16.59;15501893
16.6;16.99;16.33;16.74;7103370
16.52;17.14;16.43;16.99;8186702
16.52;16.86;16.03;16.06;8470300
15.52;15.75;14.96;15.02;12450155
15.36;15.68;14.16;14.74;11096806
14.74;15.08;13.96;13.96;6958876
14.38;14.44;13.03;13.67;13730380
13.34;14.35;13.25;14.09;11450661
14.1;14.93;14;14.53;9448968
14.35;14.35;13.51;13.57;7562769
13.39;13.51;12.09;12.09;12260709
12.45;12.52;10.93;11.18;15536171
10.81;10.98;8.8;9.9;34388249
11.16;11.6;10.4;11;31987700
10.99;12.23;10.52;12.1;18636922
12.48;13.26;12.15;13.15;16935058
13.6;13.9;12.51;12.7;15141238
12.77;13.88;12.12;13.03;16193102
12.4;12.85;11.77;11.77;13596622
11.8;11.98;11.25;11.37;11716875
11.5;11.5;10.72;10.72;10024963
10.47;11.95;10.02;11.95;14468771
12.05;12.65;11.95;12.15;12738159
12.41;12.87;11.95;12.35;12218521
12.64;13.2;12.22;13.19;11375244
13.12;13.37;12.75;12.93;7156627
13.1;13.35;12.32;12.99;6408065
12.41;12.65;12.15;12.2;5938238
12.87;13.38;12.66;13.25;6521888
13.19;13.54;13.1;13.49;6303313
13.5;14.82;13.3;14.7;12401637
14.7;15.18;14.54;14.8;15227111
15.5;15.89;15.23;15.61;15628786
15.85;16.45;15.7;16.45;10974368
16.5;16.5;15.32;15.48;7659637
15.25;15.82;15.12;15.25;4013258
15.55;16.03;15.33;15.92;9483068
15.55;15.6;14.74;14.88;10105891
14.6;14.79;13.72;13.85;16549181
14.1;14.33;13.56;13.97;7029918
13.8;13.8;13.07;13.23;7502006
13.45;13.91;12.75;12.9;15853683
12.93;13.75;12.8;13.32;11290856
13.33;13.63;12.36;12.99;11995411
12.82;13.76;12.53;13.69;8751436
13.6;13.7;13.16;13.23;4358234
13.45;14;13.45;13.96;8351833
14.15;14.88;13.72;14.77;8179138
14.5;14.5;13.55;13.67;8783018
13.4;13.49;12.44;12.6;15649073
12.8;12.8;11.92;12.16;12716993
12.57;12.72;11.22;11.35;13792165
10.8;11.08;10.07;10.37;22604462
10.78;10.97;10.11;10.45;13518303
10.3;11.01;10.11;10.2;19387056
10.45;10.64;9.3;9.51;8790434
9.58;9.9;8.88;9.45;13454800
9.48;10.24;9.07;9.77;11920207
10;10.91;10;10.91;18247256
10.87;11.2;10.5;10.99;12623989
10.23;10.36;9.5;9.93;13826193
9.65;10.38;9.56;10.12;10549753
10.41;11.2;10.41;11.2;15759591
10.68;11.62;10.48;10.88;12446178
10.52;10.8;9.86;10.02;12070526
9.73;10.32;9.61;10.21;10154932
10.16;10.76;10;10.24;10679358
10.34;10.58;9.7;10;9365523
9.75;11.08;9.75;10.95;13614920
11;12.24;10.95;12.05;20678970
11.9;12.38;11.6;11.96;11073648
12.01;13.92;12.01;13.63;23287433
13.35;14.6;13.1;13.86;21834415
13.9;14.79;13.9;14.14;15115830
14.26;14.57;13.4;14.32;12943076
13.89;14.38;13.63;13.75;9332714
13.76;14.4;13.37;13.73;12626515
14.1;14.24;12.88;13.1;11981686
13.6;14.11;13.35;13.89;10657828
13.65;14.45;13.3;14.08;10192975
14.45;15.04;14.41;14.79;10572994
14.55;14.85;13.65;13.9;11787702
14.11;14.48;13.65;14.36;12456866
14.5;15.39;14.15;15.07;16316919
14.88;14.89;13.93;14.4;9110312
14.95;15.55;14.67;15.39;9675852
15.25;15.7;14.82;15.42;9367341
15.89;15.91;14.85;15.08;9867163
15.05;15.18;13.57;13.71;15484988
13.5;13.95;13.18;13.39;9652618
13.15;13.25;12.67;13.17;7273341
13.17;13.53;12.21;12.82;12402111
12.8;12.91;11.75;12.6;10884557
12.18;13.8;12.15;13.64;15687916
14.05;14.44;14;14.15;13727816
14.15;14.97;14.15;14.64;9001057
14.4;14.55;14.15;14.38;5822935
14.47;14.61;14;14.43;6828694
14.95;15.62;14.85;15.42;11490102
15.61;15.9;15.27;15.85;8522920
15.85;16.11;15.45;15.85;6460571
15.85;15.93;14.95;15.1;8272641
15;15.85;14.7;15.7;24150427
15.9;16.44;15.52;16.21;8042365
16.35;16.56;15.91;16.15;8029574
16.15;16.74;15.78;16.04;7979194
15.8;15.9;14.9;15.04;11802088
14.9;15;14.36;14.76;12151861
15;15.65;14.28;14.3;13556694
14.5;14.73;13.75;14.39;8343312
14.64;14.78;13.56;13.65;7779318
13.59;13.98;13.5;13.88;8682837
14.1;14.76;13.92;14.54;11208213
14.54;14.65;13.92;14.11;8657972
14;14.01;13.45;13.75;8178492
13.58;14.5;13.56;14.4;6004661
14.6;14.68;13.72;13.9;8140894
13.7;14.06;13.2;13.39;10949428
13.5;13.84;12.7;12.95;9933175
12.95;13.61;12.87;13.29;9166402
13.49;13.7;13.22;13.51;4717665
13.6;13.73;13.25;13.73;1049047
13.35;13.56;12.75;12.79;3847370
12.92;12.92;12.37;12.7;7285959
12.43;13.14;12.43;12.79;3435848
12.77;13.99;12.71;13.99;6646307
14.08;14.48;13.94;14.2;9126368
14.4;14.55;13.71;14.17;6503022
14.48;14.48;13.46;13.49;7666319
13.49;13.57;12.95;13.04;9156026
13.05;13.63;12.65;13.59;7247041
13.48;13.97;13.24;13.73;8138632
13.75;13.97;13.35;13.61;8181651
13.61;13.92;13.51;13.74;6490948
13.97;13.97;13.27;13.34;6261111
13.27;13.7;13.12;13.39;4911856
13.25;13.3;12.61;12.64;7713423
12.69;12.76;12.09;12.12;6392998
12.25;12.6;11.9;12.08;13348479
11.99;12.09;11.37;11.89;14962872
12.08;12.45;11.75;12.02;11930559
12.05;12.65;11.93;11.98;10698927
11.86;11.93;11.06;11.18;12042417
11.36;11.57;10.73;10.99;9329628
10.98;11.25;10.23;10.99;13985912
11.3;11.85;11.08;11.77;11879136
11.29;11.47;11.06;11.42;10626877
11.85;12.18;11.81;11.93;8671490
11.8;11.85;11.02;11.1;9491772
11.12;11.74;10.79;11.69;12381720
11.5;11.8;11.05;11.23;10105158
11.3;11.36;10.76;10.77;9883046
10.85;10.85;10.38;10.42;7713277
10.7;11.18;10.6;11.12;7565145
10.75;10.87;10.53;10.72;8281041
10.5;11.15;10.29;10.92;9361764
11;11.97;11;11.6;15672993
11.97;12.12;11.87;12.05;8112551
12.12;12.55;11.76;12.49;8085594
12.41;12.58;12.02;12.02;8625873
12;12.23;11.47;11.58;8069115
11.4;11.93;11.4;11.86;5954704
11.9;11.98;11.57;11.58;7007328
11.36;11.41;10.52;10.53;14300827
10.8;10.89;10;10.29;16823631
10.35;11.17;9.97;10.98;17110878
11;11.41;10.72;11.34;15424921
11.46;11.78;11.2;11.44;11411916
11.21;11.25;10.66;10.88;10155414
10.65;11.07;10.52;10.95;8444252
11.12;11.12;10.42;10.5;10204573
10.3;10.46;9.95;10.18;13991906
10.31;10.31;9.56;9.69;9439027
9.56;10.2;9.22;9.66;16502269
9.8;10.1;9.05;9.06;23134406
9.49;10.33;9.27;10.3;17450110
10.7;12.15;10.7;12.06;39990808
11.34;13.15;11.16;12.63;20857429
12.84;13.23;11.92;12.18;25358640
12.27;12.6;11.86;12.32;15831171
11.85;12.74;11.56;11.72;17280975
11.91;12.73;11.91;12.6;16520693
12.23;12.31;11.61;11.7;11051168
11.5;12.3;11.06;12.15;13206075
12.27;12.55;11.96;12.2;11272153
11.98;12.1;11.7;11.9;9747127
12.05;12.06;11.42;11.78;9254227
11.35;11.35;10.64;10.82;14138779
10.96;11.19;10.71;10.89;12255322
11.39;11.96;11.26;11.73;14409460
11.9;12.37;11.78;12.02;11715527
12.05;12.5;11.76;12.02;11931933
12.95;13.5;12.82;13.05;20795616
12.8;13.25;12.62;12.76;16009160
12.51;13.05;12.23;12.76;15716166
12.12;12.55;11.88;11.94;19109767
12.17;12.46;11.8;12.15;17162696
12.15;12.76;11.96;12.69;11645741
13.03;13.23;12.83;13.1;21649663
13.45;13.66;12.91;13.05;23991229
12.76;13.27;12.75;13.05;9881487
13.4;13.58;12.91;13.4;8561783
13.85;14.25;13.83;13.96;20252223
13.85;13.94;13.41;13.51;13892954
13.59;13.74;12.98;13.15;12025193
13;13.46;12.98;13.44;12040083
13.59;13.99;13.28;13.3;18149687
13.39;13.78;13.35;13.61;9982962
13.64;13.7;13.13;13.56;10600958
13.84;14;13.73;13.84;29497915
13.86;14.3;13.52;14.24;11782366
13.96;14.08;13.6;13.78;14849989
13.67;13.83;12.96;13.15;13033788
13.16;13.2;12.65;13.05;8708121
13.29;13.38;12.55;13.04;9011133
13.08;13.24;12.81;13.08;24762778
12.99;13.5;12.9;13.16;9422820
13.16;13.4;12.87;13.19;10384781
13.38;13.62;13.15;13.36;18640288
13.07;13.19;12.53;12.62;9953351
12.52;12.61;12.11;12.38;14864258
12.25;12.3;11.5;11.91;19834334
11.96;12.13;11.78;12.12;12788284
12.29;12.32;11.71;11.87;8906899
11.75;12.18;11.75;11.89;3932658
11.85;12.15;11.51;12.03;9312980
12.42;12.58;12.27;12.51;11420332
12.36;13.01;12.32;12.84;7867658
12.59;13.04;12.57;12.74;7044354
12.95;13.27;12.86;13.21;8920113
13.05;13.19;12.86;13.14;9223389
13.38;13.38;13.05;13.3;8825574
13.41;13.5;13.1;13.28;9617251
13.37;13.95;13.37;13.73;11368230
13.51;13.83;13.41;13.6;5099811
13.4;13.8;13.37;13.73;7324371
13.8;14.08;13.68;13.95;12116208
14.03;14.69;13.95;14.61;20243150
14.52;14.71;13.92;14.07;11762427
13.91;14.31;13.77;14.24;9478932
14.55;14.66;14.22;14.45;11523067
14.44;14.6;14.17;14.46;7417446
14.47;14.48;13.91;13.98;12458012
13.66;14.13;13.65;13.92;13223557
13.78;13.88;13.4;13.55;8499503
13.45;13.84;13.43;13.63;12878979
13.79;13.84;13.5;13.6;9772823
13.41;13.84;13.34;13.72;9425587
13.96;13.98;13.58;13.68;8785945
13.76;13.89;13.46;13.51;8650991
13.41;13.62;13.06;13.18;8731347
13.45;13.74;13.37;13.66;8311959
13.79;13.81;13.47;13.66;6603026
13.6;13.74;13.5;13.55;3254665
13.74;14.24;13.7;14.15;9435241
14.18;14.47;14.07;14.39;9353400
14.4;14.44;14.2;14.25;7668133
14.1;14.38;13.97;14.12;7366162
14.01;14.36;13.92;14.3;6247767
14.45;14.89;14.32;14.77;8648120
14.78;15.25;14.6;14.97;12877510
14.99;15.25;14.75;14.93;12166256
14.8;14.88;14.44;14.65;7483037
14.42;14.84;14.42;14.59;7522920
14.8;14.93;14.13;14.28;7855618
14.22;14.34;14;14.23;6663535
14.29;14.53;14.08;14.25;5153412
14.25;14.87;14.16;14.8;10282484
14.5;14.89;14.5;14.6;5536469
14.95;15.18;14.86;15.12;9252046
14.95;15.43;14.61;14.78;16640109
14.76;15.05;14.62;15.02;9457253
15.14;15.38;14.85;15.3;9201348
15.21;15.36;14.89;15.05;6553397
14.89;15.28;14.73;14.91;5880823
15.04;15.18;14.77;14.97;5347385
14.75;14.84;14.36;14.49;8942526
14.68;14.68;14.17;14.35;7637529
14.42;14.63;14.14;14.5;5052216
14.6;14.6;14.2;14.46;4393451
14.6;15.27;14.43;15.01;17171035
15.3;15.54;15.15;15.3;18419898
15.38;15.5;15.27;15.41;11632792
15.48;15.88;15.4;15.53;8371894
15.72;15.95;15.62;15.84;11356967
15.96;16.15;15.88;16.05;11959539
15.99;16.15;15.85;16.1;11273122
16.11;16.54;16.07;16.31;11068396
16.28;16.97;16.22;16.66;13541612
16.57;16.65;16.24;16.27;7627048
16.32;16.43;15.9;16.02;9253056
16.3;16.3;15.85;16.08;6405009
16;16.39;15.91;16.15;6947154
16.24;16.44;16.08;16.15;7517659
16.39;16.54;16.29;16.42;4716522
16.43;16.72;16.27;16.62;8938227
16.8;17.31;16.75;17.14;14515447
17.22;17.63;16.96;17.05;9935635
17.05;17.34;16.76;16.9;6948889
16.88;17.2;16.85;17.09;6082324
17.29;17.3;16.78;16.9;6646434
16.52;16.78;16.51;16.57;8614400
16.31;16.68;16.23;16.51;6242709
16.46;16.62;16.1;16.23;7397906
16.02;16.56;16.02;16.38;6352256
16.24;16.51;16.2;16.45;5625047
16.51;16.84;16.51;16.61;8441123
16.35;17.24;16.25;16.95;20915079
16.8;17.2;16.53;16.84;14773753
16.28;16.4;15.82;15.9;17270226
15.81;15.99;15.54;15.69;12087496
15.78;15.97;15.52;15.62;10461492
15.25;15.49;15.16;15.36;14019935
15.11;15.23;14.82;15.02;14255772
14.94;15.27;14.68;14.78;11256101
14.76;14.96;14.31;14.47;14234454
14.2;14.7;14.2;14.69;14438713
14.91;15.24;14.9;15.01;15440062
15.1;15.68;15.07;15.61;15934368
15.56;15.63;15.17;15.4;6888525
15.18;15.33;14.99;15.18;8419360
15.18;15.52;15.1;15.21;7803526
15.31;15.78;15.16;15.73;8857991
15.81;15.95;15.47;15.49;7171435
15.6;16.02;15.57;15.9;7879868
16;16.08;15.71;15.72;9690902
15.95;16.07;15.68;15.76;12053271
15.69;15.98;15.6;15.78;9851613
15.85;15.99;15.63;15.75;8031090
15.64;15.97;15.63;15.82;5522138
16;16.09;15.81;15.93;7554917
15.9;15.99;15.46;15.48;10970048
15.15;15.45;15.09;15.29;8211462
15.41;15.65;15.23;15.39;6044340
15.54;15.79;15.51;15.72;5480406
15.8;15.89;15.63;15.75;6784984
15.95;15.97;15.83;15.9;7593161
15.86;16.47;15.82;16.27;10998969
16.27;16.44;16.05;16.3;7986231
16.3;16.86;16.3;16.74;9544236
16.75;16.95;16.56;16.8;7382413
16.75;17;16.54;16.72;12005119
16.75;16.75;16.14;16.23;19195705
16.3;16.88;16.3;16.64;10707012
16.6;16.75;16.46;16.55;6989731
16.41;16.54;16.24;16.43;5604158
16.45;16.58;16.22;16.41;5836848
16.62;16.7;16.23;16.31;8567661
16.22;16.72;16.17;16.51;8568623
16.11;16.34;15.9;15.92;8810695
16.11;16.2;15.66;15.75;8430448
15.6;15.8;15.31;15.7;10217375
15.88;15.88;15.21;15.46;11428124
15.44;15.74;15.38;15.71;6867770
15.76;16.1;15.72;15.95;7012194
16.09;16.15;15.9;15.95;8253450
16.04;16.34;15.91;16;9454816
16;16.21;16;16.1;3433025
16.06;16.27;15.91;16.03;8285181
16.24;16.45;16.24;16.38;8030384
16.23;16.55;16.23;16.4;8010623
16.38;16.79;16.32;16.77;12081875
16.7;16.94;16.63;16.88;12389327
16.75;16.91;16.51;16.67;6479293
16.4;16.52;16.23;16.44;5472803
16.65;16.67;16.44;16.48;6818425
16.41;16.54;16.25;16.34;5603528
16.42;16.56;16.26;16.46;5233243
16.52;16.73;16.41;16.57;5418694
16.85;16.89;16.54;16.6;7504155
16.41;16.55;16.4;16.48;7280217
16.5;16.53;16.33;16.42;8250342
16.39;16.59;16.36;16.49;6397686
16.7;16.75;16.41;16.72;9195106
16.57;16.79;16.57;16.69;5588163
16.75;16.89;16.65;16.79;5014925
16.75;16.9;16.71;16.86;2549474
16.87;17;16.87;16.97;3718626
17;17.18;16.8;16.99;6287159
16.93;17.05;16.9;16.97;2951218
17.08;17.4;16.98;17.32;5102303
17.31;17.72;17.25;17.69;10251294
17.75;17.78;17.52;17.64;6918069
17.79;18.02;17.65;17.7;11528346
17.79;18.05;17.73;17.77;10718391
18;18.34;17.9;18.12;14347540
18.01;18.2;17.74;17.82;7357482
17.98;18.22;17.86;17.88;6294129
17.88;18.37;17.81;18.3;11133461
18.45;18.93;18.22;18.92;14523531
19.02;19.36;18.97;19;12797664
19.08;19.25;18.98;19.11;8589291
19.01;19.1;18.8;18.83;7822515
18.75;18.88;18.52;18.78;7463476
18.93;19.15;18.7;19.06;9701092
19;19.21;18.93;19.03;6817139
18.96;19.07;18.73;18.77;5784603
18.91;19.15;18.9;19.03;6679483
18.85;19.2;18.81;19.12;6355174
18.8;18.88;18.22;18.33;14438746
18.53;18.6;18.09;18.15;9811640
18.3;18.65;18.16;18.25;8112481
18.3;18.33;17.97;18.1;6042064
17.95;18.05;17.85;17.94;5809353
17.89;18.15;17.77;17.82;7247000
17.91;18.09;17.81;17.93;6559817
18.06;18.48;18.05;18.41;8429759
18.3;18.52;18.3;18.45;5093421
18.45;18.54;18.21;18.35;5936971
18.41;18.58;18.35;18.51;6011700
18.49;18.55;18.05;18.2;5820551
18.11;18.47;18.1;18.47;4386043
18.42;18.67;18.42;18.51;5201493
18.62;18.68;18.36;18.62;7741670
18.56;18.88;18.56;18.87;8062906
18.7;18.79;18.57;18.64;6294259
18.68;19.15;18.68;18.93;9130397
19.04;19.04;18.26;18.46;12266344
18.55;18.73;18.21;18.73;8010444
19.25;19.28;18.51;18.53;10128806
18.71;18.88;18.48;18.48;8403438
18.45;18.67;18.14;18.36;8457636
18.56;18.65;18.38;18.65;5280727
18.61;18.73;18.46;18.58;6729727
18.68;18.71;18.47;18.6;5470186
18.6;18.8;18.41;18.69;6809640
18.75;18.83;18.67;18.72;4332843
18.61;18.71;18.24;18.38;5820847
18.2;18.37;17.91;18.31;6745063
17.96;18;17.09;17.48;16875250
17.08;17.69;16.51;17.46;14111033
17.45;17.55;16.56;16.71;12526691
16.75;16.99;16.28;16.92;14660198
17.01;17.46;17.01;17.31;9102541
17.33;17.34;16.8;16.89;8557430
17.08;17.09;16.53;16.81;9708445
16.55;16.6;16.14;16.37;12480693
16.29;16.67;16.26;16.39;9005719
16.32;16.75;16.14;16.33;11588839
16.62;17.07;16.51;17.06;12034074
17.13;17.36;17.02;17.19;10003619
17.21;17.35;17.13;17.35;6567192
17.35;17.36;16.99;17.17;8953797
17.17;17.29;16.83;16.98;7881137
17.15;17.69;17.11;17.59;11095296
17.68;18.32;17.58;18.14;13039861
18.3;18.55;18.14;18.42;7863657
18.42;18.5;18.03;18.14;9163691
18.2;18.28;17.81;17.98;8851752
18.24;18.3;17.94;18.06;5001297
18.34;18.35;18.05;18.09;4924215
17.95;18.03;17.45;17.98;7250400
17.82;18.06;17.82;17.9;5517145
17.94;18.29;17.94;18.2;10292775
18.2;18.25;18.03;18.19;4310683
18.32;18.58;18.21;18.44;5772925
18.18;18.35;18.12;18.29;24258500
18.27;18.37;17.96;18.3;11171466
18.59;18.62;18.4;18.43;5455346
18.54;18.74;18.33;18.35;11900239
18.4;18.65;18.29;18.4;5484128
18.42;18.42;17.98;18.07;16186245
17.96;18.09;17.55;17.8;11183346
17.85;17.86;17.46;17.57;9155821
17.1;17.57;17.05;17.53;5505425
17.52;17.68;17.36;17.5;7986362
17.45;17.81;17.33;17.75;14114910
17.45;17.69;16.83;17.04;9601938
17.1;17.12;16.56;17.07;20250820
16.58;16.86;16.32;16.64;11993365
16.8;17.02;16.72;16.9;7678340
16.93;16.93;16.18;16.21;12407026
16.45;16.78;16.26;16.54;15250766
16.45;16.48;16.2;16.38;7443077
16.1;16.2;15.63;16.03;12141799
16.32;16.48;16.03;16.35;11035957
16.7;17.1;16.65;16.97;13844747
16.75;16.8;16.57;16.72;4241315
16.78;16.89;16.35;16.5;6996888
16.7;17.06;16.53;16.8;6161403
16.63;16.7;16.45;16.66;4987818
17.03;17.11;16.84;16.98;6900577
17.08;17.29;17;17;11365154
17.12;17.18;16.79;16.8;12336863
16.8;16.95;16.76;16.86;1373010
16.78;16.89;16.5;16.63;5701246
16.76;16.86;16.66;16.74;4689092
16.73;16.8;16.47;16.73;5984244
16.8;17.28;16.74;17.25;8253768
17.45;17.72;17.4;17.53;7445011
17.68;17.68;17.31;17.51;5150865
17.55;17.62;17.33;17.42;5142262
17.32;17.43;17.27;17.41;4055411
17.47;17.47;17.18;17.33;2643708
17.3;17.3;16.88;17.05;5353639
16.99;17.44;16.94;17.3;6102735
17.4;17.48;17.25;17.35;5623114
17.28;17.53;17.24;17.45;7076933
17.46;17.53;17.24;17.53;12552225
17.67;17.72;17.44;17.52;5452848
17.48;17.61;17.15;17.21;6547448
17.38;17.54;17.29;17.43;18048471
17.66;17.93;17.65;17.84;9643724
17.8;18.05;17.75;17.93;6814173
17.87;18.29;17.86;18.28;7502265
18.05;18.25;18.02;18.22;9345925
18.19;18.33;18.05;18.1;9558471
18.16;18.47;17.95;18;8584745
17.93;18.11;17.62;17.84;7648316
17.8;17.97;17.69;17.73;3331871
17.73;17.8;17.27;17.42;7127536
17.44;17.59;17.24;17.25;5785632
17.16;17.5;17.04;17.49;6109790
17.29;17.46;17.12;17.43;5613922
17.35;17.6;17.31;17.36;3279285
17.47;17.64;17.24;17.28;7816439
17.09;17.28;16.9;17.25;5614768
17.17;17.25;16.84;16.91;5016947
16.9;17.1;16.75;16.87;5280946
16.83;16.89;16.55;16.71;4821918
16.71;16.86;16.53;16.79;7473589
16.92;17.26;16.9;17.08;11369920
16.8;16.84;16.61;16.65;7199116
16.72;16.74;16.5;16.58;3262692
16.53;16.69;16.32;16.38;5168111
16.38;16.73;16.38;16.71;6910637
16.9;17.06;16.61;16.68;6817221
16.8;17.19;16.75;17.08;5668814
17.03;17.19;16.88;17.07;6013692
16.81;16.95;16.72;16.89;5943939
16.9;17.08;16.81;17.02;5245309
16.79;16.92;16.56;16.72;6199889
16.91;17.08;16.72;16.76;7498122
16.5;16.68;16.15;16.21;10595478
16.2;16.3;15.71;15.82;10112245
15.78;16.12;15.7;16.05;7510520
16.16;16.16;15.71;15.94;5213111
16.07;16.14;15.64;15.77;5862790
15.62;16.01;15.6;15.82;6660403
15.75;16.06;15.66;16;6170312
15.98;16.47;15.92;16.36;8267210
16.4;16.6;16.19;16.44;4923819
16.53;16.77;16.47;16.49;6216631
16.41;16.46;16.17;16.4;4840594
16.53;16.84;16.48;16.61;4856883
16.52;16.85;16.52;16.76;5734903
16.79;16.89;16.64;16.72;3772422
16.82;16.99;16.82;16.88;3723247
16.8;17.05;16.78;17.05;5185207
16.89;17.09;16.89;17.05;3624290
16.85;16.96;16.66;16.79;10651563
16.67;16.98;16.67;16.88;4453852
16.72;16.94;16.63;16.93;5598294
16.8;17.26;16.78;17.13;7670198
17.04;17.34;17.04;17.25;3310232
17.15;17.39;17.11;17.32;4611644
17.25;17.36;17.18;17.26;4766345
17.08;17.18;16.89;16.95;5200624
16.85;17.09;16.85;17.03;3920024
17.05;17.32;17.05;17.3;4711163
17.17;17.27;17.09;17.19;4901161
17.11;17.29;17.08;17.12;5907030
16.99;17.17;16.86;16.99;6123439
17.06;17.3;16.91;17.3;8801232
17.2;17.25;16.98;17.11;4491900
17.03;17.22;17.03;17.11;4246049
17.15;17.2;16.86;16.93;6503598
16.8;16.85;16.44;16.52;13166481
16.52;16.63;16.24;16.5;8141421
16.54;16.54;16.16;16.22;5821941
16.15;16.44;16.08;16.37;7776211
16.42;16.76;16.42;16.64;9031213
16.8;16.83;16.22;16.29;15619138
16.4;16.98;16.33;16.82;11189228
17.05;17.38;17.05;17.29;10475143
17.26;17.5;17.15;17.34;8919526
17.34;17.44;17.2;17.38;7637959
17.45;17.56;17.26;17.38;5826631
17.3;17.54;17;17.23;9514083
17.21;17.29;17.04;17.15;3302518
17.24;17.24;16.9;17.07;6539561
17.25;17.43;17.18;17.27;6712956
17.05;17.2;16.96;17;8056766
16.56;16.83;16.45;16.73;14889551
16.9;16.95;16.57;16.7;8462003
16.87;17.18;16.85;16.96;11019794
16.67;16.75;16.26;16.42;18843445
16.56;16.64;16.26;16.49;12414342
16.45;16.78;16.38;16.58;9093699
16.25;16.35;16.14;16.21;7991885
16.34;16.42;16.27;16.31;7817756
16.55;16.68;16.33;16.6;11274082
16.79;16.99;16.67;16.99;14196741
16.89;17.2;16.86;16.87;6471075
16.85;17.13;16.85;17.08;3884617
17.14;17.33;17.06;17.24;6368992
17.45;17.55;17.36;17.39;9707294
17.25;17.38;17.09;17.32;6997140
17.6;17.76;17.45;17.57;10544595
17.54;17.6;17.36;17.42;5239477
17.49;17.56;17.33;17.38;4671118
17.4;17.67;17.39;17.41;5850211
17.41;17.78;17.32;17.78;6618875
17.8;18.12;17.78;17.93;9319978
18.06;18.15;17.84;17.91;7138320
18.01;18.01;17.66;17.79;6251709
17.86;18.08;17.66;18.08;9081214
17.97;18.11;17.92;17.96;6111459
18.04;18.27;17.96;17.96;9260291
17.8;17.85;17.62;17.72;6643989
17.98;18.04;17.81;17.89;8558902
18.07;18.07;17.82;17.87;7797940
17.82;18.08;17.62;18;10067384
17.86;17.93;17.66;17.79;5663956
17.88;18.18;17.8;17.81;11320273
17.9;17.98;17.56;17.62;6732129
17.59;18.01;17.55;17.91;6240308
18.05;18.47;18.02;18.36;8797796
18.5;18.56;18.06;18.12;10875697
18.03;18.23;18;18.07;4648117
18.13;18.43;18.08;18.25;6428461
18.07;18.36;18.02;18.14;6344408
18.05;18.16;17.65;17.77;8885224
17.95;18.03;17.74;17.85;6618586
17.93;18.36;17.93;18.28;8535825
18.41;18.47;18.17;18.31;7533828
18.27;18.38;18.1;18.11;5374834
18.14;18.32;17.98;18.27;8263177
18.28;18.29;17.78;17.78;12254695
17.74;17.98;17.72;17.77;5459572
17.72;17.86;17.55;17.75;5235920
17.93;18.2;17.89;18.15;6789304
18.11;18.3;18.07;18.3;4441407
18.26;18.39;18.22;18.35;860029
18.22;18.41;18.17;18.25;3908724
18.24;18.28;18.05;18.22;2393272
18.3;18.35;18.09;18.23;2819747
18.3;18.33;18.15;18.18;1571795
18.16;18.18;18.01;18.18;1350380
18.24;18.65;18.15;18.4;4971474
18.33;18.51;18.24;18.31;5176336
18.1;18.19;18.01;18.07;6183576
18.05;18.36;18.05;18.2;5069586
18.15;18.42;18.09;18.33;7015082
18.5;18.81;18.48;18.78;11109796
18.9;18.9;18.48;18.6;10825196
18.66;18.81;18.15;18.21;10988896
18.31;18.39;18.09;18.12;5885229
18.05;18.29;18.05;18.18;5492259
18.23;18.47;18.2;18.42;4969454
18.34;18.44;18.16;18.42;11836437
18.5;18.65;18.34;18.35;6203988
18.18;18.29;18.11;18.18;5075856
18.05;18.22;18.05;18.13;4567422
18.06;18.13;17.9;18.06;7355460
17.97;18.33;17.96;18.28;6067932
18.32;18.33;18.14;18.26;4628113
18.4;18.51;18.16;18.3;8171144
18.35;18.51;18.22;18.23;4651572
18.38;18.67;18.38;18.62;7473211
18.56;18.8;18.52;18.75;5861125
18.75;18.82;18.62;18.72;5035080
18.72;18.77;18.46;18.5;5198496
18.67;18.72;18.5;18.62;4574650
18.72;18.83;18.64;18.83;6312515
18.83;19.1;18.79;19.1;6697367
19.12;19.15;18.9;18.9;7954663
19.02;19.06;18.8;18.82;5610785
18.9;19.35;18.9;19.31;8222000
19.28;19.36;19.22;19.34;3996062
19.29;19.38;19.18;19.35;5143308
19.32;19.32;19.09;19.13;5409188
19.13;19.37;19.08;19.29;6025424
19.23;19.54;19.2;19.49;8974708
19.51;19.74;19.49;19.63;6682745
19.61;19.71;19.42;19.71;10707902
19.59;19.59;19.39;19.49;11384327
19.89;19.96;19.74;19.86;13502708
19.96;20.3;19.95;20.26;9496644
20.2;20.49;20.2;20.31;8688726
20.34;20.72;20.26;20.66;11980844
20.62;20.73;20.41;20.68;8324987
20.56;20.82;20.53;20.73;6774061
20.83;20.85;20.68;20.77;5900953
20.85;20.98;20.76;20.94;5512390
20.86;20.96;20.69;20.7;6883038
20.75;20.87;20.42;20.51;7028108
20.41;20.61;20.35;20.48;6070165
20.7;20.9;20.61;20.81;6392569
20.8;20.95;20.74;20.92;5358284
20.99;21.44;20.93;21.37;12564814
21.26;21.36;20.58;20.58;12834838
20.63;20.8;20.33;20.58;8559309
20.7;20.79;20.66;20.72;9296201
20.65;20.81;20.44;20.48;4691758
20.42;20.52;20.14;20.46;8024927
20.17;20.56;20.17;20.5;6432766
20.52;20.81;20.48;20.69;6332165
20.63;20.99;20.53;20.87;7133255
20.68;20.74;20.44;20.59;10695870
20.8;20.85;20.54;20.55;6622509
20.56;20.78;20.43;20.66;5476178
20.51;20.58;20.17;20.18;8846325
20.39;20.5;20.31;20.39;10627692
20.54;20.7;20.48;20.56;11462306
20.5;20.84;20.4;20.82;8726485
20.84;20.92;20.65;20.69;4912918
20.55;20.83;20.54;20.7;6427173
20.67;20.76;20.39;20.43;8968628
20.59;20.69;20.44;20.48;7139719
20.44;20.55;20.32;20.36;4684160
20.11;20.15;19.82;19.82;11814979
19.43;19.48;19.06;19.24;19047943
19.41;19.45;19.19;19.31;13577624
19.45;19.68;19.39;19.47;10706753
19.38;19.73;19.37;19.5;8104996
19.77;19.8;19.61;19.7;4390828
19.58;19.78;19.51;19.73;4589358
19.78;19.79;19.56;19.78;4404077
19.55;19.81;19.21;19.39;14399902
18.92;19.06;18.75;18.91;11603647
18.77;19.2;18.75;18.99;7000280
19.1;19.26;19.07;19.15;3725777
19.16;19.3;19.05;19.26;5161332
19.39;19.54;19.21;19.54;7481638
19.64;19.96;19.58;19.9;8960423
19.93;20.15;19.82;20.02;8764954
20.08;20.08;19.81;19.91;7427980
20;20.03;19.45;19.54;7167629
19.43;19.68;19.37;19.45;6661872
19.61;19.69;19.53;19.53;5198366
19.47;19.6;19.22;19.59;5858180
19.51;19.59;19.34;19.45;3395342
19.65;19.65;19.12;19.18;10061624
19.21;19.57;19.21;19.57;11129575
19.66;19.96;19.62;19.96;7432265
19.97;20.06;19.8;19.8;7683631
19.99;20.02;19.83;19.96;5661803
19.92;20;19.59;19.85;6490925
19.83;19.88;19.65;19.69;4172918
19.7;20.03;19.7;19.87;5307045
19.96;20.05;19.78;19.89;5190377
19.86;20.01;19.72;19.98;3048216
19.97;20.02;19.74;19.81;5909169
19.91;20.22;19.71;20.2;7756925
20.23;20.27;20.1;20.26;5424318
20.28;20.3;19.9;19.95;6519773
20;20.05;19.83;19.89;3855475
19.98;20.13;19.92;20.06;5723087
20;20.1;19.95;20.05;5674732
19.97;20.05;19.69;19.9;10802721
20.05;20.15;19.93;20.04;5267077
20.1;20.19;20.01;20.1;5897421
20.01;20.11;19.94;20.05;6144392
20.1;20.25;19.96;19.98;6603330
20.1;20.23;19.94;20.2;7329261
20.01;20.55;20.01;20.35;7910487
20.5;20.5;20.11;20.25;7996263
20.4;20.71;20.37;20.7;10803722
20.75;21.16;20.71;21;11266460
21.13;21.19;20.9;21.13;6221323
20.87;20.98;20.76;20.87;8033645
20.68;20.76;20.45;20.5;6900355
20.65;20.71;20.48;20.66;4414801
20.87;20.91;20.74;20.77;6956681
20.82;20.95;20.65;20.67;6545572
20.63;20.93;20.56;20.83;5706223
20.92;20.92;20.7;20.84;3191841
20.84;20.85;20.59;20.77;4671159
20.8;21.27;20.77;21.2;10800360
21.09;21.16;19.88;20.6;24881845
20.85;20.98;20.68;20.95;7247199
21.11;21.34;21.09;21.28;6953030
21.18;21.3;21.03;21.04;5531058
21.14;21.34;21.07;21.27;4966681
21.35;21.71;21.31;21.61;7107302
21.66;21.95;21.58;21.8;7994965
21.87;21.99;21.79;21.8;4553103
21.75;22.32;21.75;22.32;11440387
22.28;22.55;22.01;22.14;8050493
22.32;22.75;22.16;22.37;10951845
22.35;22.59;22.04;22.07;6919588
22.29;22.38;21.98;22.21;4477558
22.15;22.37;22.03;22.18;4902433
22.31;22.59;22.25;22.47;5502601
22.65;22.9;22.6;22.68;6859939
22.7;22.86;22.49;22.54;6288373
22.59;22.81;22.55;22.63;3967320
22.74;22.99;22.66;22.97;5047979
22.85;22.95;22.69;22.71;4832073
22.6;22.83;22.32;22.38;7611238
22.26;22.57;22.03;22.05;7016929
22.12;22.32;22.02;22.05;3884398
22.01;22.54;22.01;22.51;6304920
22.64;22.92;22.64;22.9;5985354
22.75;23.09;22.62;23.06;7814696
23.05;23.12;22.64;22.83;6546002
22.71;22.95;22.68;22.73;2583552
22.88;22.96;22.53;22.62;4204967
22.57;22.7;22.22;22.45;6516913
22.5;22.58;22.22;22.35;4448861
22.4;22.74;22.31;22.69;5519241
22.77;22.82;22.47;22.48;4171161
22.4;22.42;22.17;22.2;4688710
22.15;22.16;21.63;22.03;6708678
21.83;21.87;21.44;21.54;8442590
21.55;21.59;21.21;21.3;7904139
21.2;21.4;21.02;21.32;5750326
21.45;21.66;21.4;21.4;8336147
21.33;21.65;21.26;21.54;7220114
21.65;21.84;21.51;21.6;6634673
21.51;21.64;21.27;21.4;5795444
21.42;21.77;21.42;21.64;3601175
21.98;22.2;21.91;22.14;10567335
22.31;22.34;22.1;22.3;4595920
22.4;22.44;22.21;22.28;4407411
22.37;22.46;22.23;22.45;4132421
22.5;22.65;22.17;22.36;6318330
22.33;22.42;22.07;22.14;6165256
22.21;22.37;22.1;22.17;3429195
22.12;22.39;22.01;22.17;4906467
22.16;22.49;22.15;22.3;6554685
22.1;22.36;22;22.09;5295362
22.23;22.45;22.12;22.39;4749021
22.19;22.26;21.83;21.89;7268471
21.8;21.8;21.33;21.55;7470290
21.59;21.89;21.59;21.84;5792668
22.05;22.61;22.05;22.6;9870445
22.48;22.69;22.38;22.48;5568482
22.53;22.93;22.52;22.85;8106693
22.75;22.95;22.63;22.64;4434987
22.88;22.95;22.76;22.84;4269475
22.88;22.98;22.69;22.82;5473363
22.75;23.1;22.72;23.1;5121374
22.88;23.05;22.77;22.77;5550992
22.5;22.69;22.29;22.6;8839834
22.41;22.6;22.25;22.36;8257103
22.39;22.57;22.37;22.49;4361783
22.4;22.71;22.4;22.62;5511700
22.5;22.75;22.46;22.66;5876195
22.51;22.72;22.35;22.6;8538210
22.55;22.95;22.4;22.88;7947173
22.84;23.04;22.68;23;7139397
22.96;23.21;22.95;23.05;9149913
22.8;22.97;22.35;22.57;10771355
22.98;23.11;22.63;22.66;7529148
22.41;22.85;22.41;22.62;7300988
22.6;23.21;22.52;23.19;7636181
23.27;23.58;23.23;23.4;11362951
23.4;23.77;23.4;23.75;9001674
23.68;23.77;23.36;23.45;10919410
23.4;23.53;23.14;23.32;7124991
23.5;24.18;23.5;24.16;9184111
24.23;24.55;24.08;24.29;7221532
24.23;24.55;24.04;24.22;9664074
24.33;25.02;24.33;24.95;8840794
24.9;25.26;24.86;24.95;9987240
24.9;24.97;24.73;24.94;8787181
24.72;24.9;24.24;24.44;15394326
24.51;24.54;24.03;24.1;12540590
24.33;24.68;24.23;24.57;10741125
24.94;25.2;24.85;25.16;7957692
25.05;25.13;24.91;25.04;5361317
25;25.31;24.91;25.21;6559710
25.22;25.27;24.74;24.75;8702393
24.91;25.14;24.88;24.99;5875174
25.29;25.58;25.14;25.42;8147119
25.39;25.64;25.32;25.54;5332515
25.54;25.64;25.37;25.55;5461778
25.77;25.77;25.53;25.7;4940826
25.66;25.77;25.52;25.55;3622507
25.7;25.7;25.41;25.54;3998106
25.71;26.07;25.61;25.72;9570296
25.72;26.1;25.66;25.98;7096201
25.85;26.05;25.57;25.59;12439665
25.73;26.27;25.65;26.2;7198208
26.22;26.6;26.18;26.56;5882958
26.5;26.73;26.49;26.65;6365777
26.64;27;26.55;27;5994224
26.97;27.08;26.71;26.79;6860132
26.52;26.61;26.25;26.57;10194712
26.46;26.6;26.33;26.54;5599967
26.66;26.85;26.53;26.73;4824874
26.7;26.82;26.47;26.66;6428111
26.58;26.8;26.46;26.59;5645257
26.63;26.64;26.23;26.45;6347226
26.32;27;26.32;26.9;9889927
26.89;27;26.53;26.53;5771677
26.58;27.49;26.52;27.49;19618575
27.48;27.82;27.35;27.7;13477635
27.6;27.97;27.53;27.96;6187259
28;28.05;27.71;27.88;2916098
27.82;28.08;27.76;27.94;2426190
27.78;28;27.7;27.77;3537094
27.9;28.07;27.78;27.88;2653023
27.78;27.78;27.15;27.26;4277275
27.43;27.69;27.31;27.61;2664018
27.61;28.12;27.47;27.63;7120878
28;28.33;27.7;28.32;8008147
28.25;28.39;28.11;28.24;5562236
28.33;28.57;28.17;28.44;7557066
28.33;28.46;27.94;27.96;9776916
27.84;27.84;27.26;27.43;19832008
27.7;27.74;27.05;27.2;10277293
27.29;27.55;27.22;27.48;7188193
27.32;27.35;26.93;27.1;11019314
27.02;27.35;26.99;27.25;4476956
26.96;27.04;26.61;26.73;8699935
26.25;26.55;25.9;26.39;13291645
26.73;26.88;26.49;26.83;8236842
26.76;26.99;26.06;26.15;8744636
25.66;26.18;25.64;26.09;8284671
26.21;26.27;25.85;26.2;9244665
26.31;26.94;26.18;26.91;10509149
27.2;27.89;27.16;27.89;12726244
28.2;28.34;27.72;28.2;8905411
28.12;28.18;27.81;27.93;4681281
27.93;28.1;27.62;27.9;7374420
27.79;28.26;27.69;28.14;6172085
28.37;28.49;27.57;27.68;7032517
27.75;27.99;27.27;27.57;6166391
27.7;27.99;27.58;27.83;5083220
27.91;28.17;27.71;27.85;5639671
27.62;27.71;27.31;27.55;5748423
27.7;28.19;27.65;27.98;6027866
27.95;28.35;27.8;27.84;5469366
27.8;28.22;27.64;28.18;6211289
28.24;28.31;27.71;28.1;7042573
28.31;28.35;27.91;28.13;6715747
28.3;29.04;28.2;28.88;8786686
28.93;29.29;28.76;29.1;7086128
29.03;29.13;28.86;29;2685932
29.21;29.37;28.93;29.05;6141748
28.98;29.54;28.97;29.54;5126976
29.47;29.57;29.15;29.25;6666593
29.17;29.45;29.07;29.32;4441034
29.4;29.75;29.4;29.7;5854808
30.28;30.63;29.37;29.64;11782434
29.81;30.18;29.68;30.05;6940101
30.15;30.24;29.34;29.55;6416678
29.65;29.83;28.82;29.01;8406656
29.44;29.63;29.23;29.41;6282500
29.25;29.35;29.01;29.19;6723046
29.24;29.24;28.24;28.77;10957097
29.07;29.14;28.57;28.82;8694619
28.58;29.18;28.58;29.08;8747073
29.25;29.32;28.92;29.1;6404060
29;29.17;28.9;29.09;7103888
29.23;29.3;28.9;29.16;6993960
29.18;29.31;28.9;29.19;6133968
29.27;30.03;29.26;29.38;11234228
29.7;29.7;28.9;29;9153865
29.07;29.08;28.56;28.82;8224261
28.54;29.04;28.35;29.04;9000294
29.1;29.13;28.75;28.84;5960075
28.9;28.93;28.45;28.66;5499346
28.51;28.73;28.23;28.23;5832072
28.31;28.8;28.25;28.34;9488587
28.4;28.83;28.28;28.76;4967083
28.99;29.28;28.87;29.22;7581113
29.12;29.21;28.9;28.96;6779151
29.26;29.32;29.05;29.29;7986761
29.18;29.27;28.9;28.95;5946805
29.34;29.34;28.92;29.17;5690855
29.21;29.34;28.71;29.1;6432504
29.16;29.25;28.63;28.71;6923785
28.71;28.79;28.45;28.65;4889065
28.69;28.75;27.9;27.9;10156306
27.89;27.9;27.33;27.72;8763795
27.71;28.12;27.71;28.01;5906293
27.82;28;27.63;27.98;5370907
28.25;28.55;28.12;28.41;7697179
28.45;28.79;28.35;28.71;7916381
28.76;29;28.65;28.89;7406135
28.63;28.77;28.45;28.46;6704985
28.56;28.7;28.46;28.51;7381976
28.61;28.96;28.5;28.94;7084912
29.25;29.49;29;29.35;10152058
29.28;29.38;29.01;29.09;7596445
28.98;29.62;28.98;29.57;6562393
29.72;29.84;29.22;29.22;11574895
29.15;29.4;28.98;29.4;5582340
29.45;30.03;29.41;30;8517046
30.21;30.61;30.21;30.36;8807645
30.27;30.6;30.23;30.5;8808034
30.45;30.67;29.96;30.05;10269516
30.15;30.26;29.62;29.64;10861629
28.9;28.9;28.13;28.13;10872326
28.06;28.34;27.55;28;18311965
28;28.46;27.85;28.27;15858815
28.2;28.36;26.95;26.95;11195698
27;27.4;26.38;26.96;15850716
26.8;27.3;26.71;27.08;8882385
27;27.08;26.34;26.36;10993502
26.57;27.34;26.54;27.12;10506951
26.8;27.02;26.3;26.65;8033324
26.66;27.2;26.43;27.2;5429440
27.59;27.9;27.46;27.9;13640993
27.73;27.95;27.65;27.68;2339933
27.66;27.71;26.64;26.76;12600346
26.37;27.17;26.2;27.1;9783842
27.08;27.25;26.63;27.12;5908900
27.45;27.48;26.81;26.88;7780766
26.98;27.03;26.52;26.7;4896823
26.4;26.65;25.91;26;9804571
26.21;26.3;25.7;25.97;8148229
25.1;25.6;25.05;25.05;13884164
25.45;25.74;25.23;25.57;9583932
25.41;25.69;25.07;25.1;6271565
24.51;24.67;24.06;24.3;13463339
23.65;24.1;23.45;23.87;20143278
24.14;24.78;24.05;24.71;11187806
25.18;25.32;24.47;24.47;22879746
23.95;24.63;23.8;24.3;13758366
24.12;24.44;23.95;24.43;14965576
24.47;24.54;23.85;24.12;14191611
24.45;24.74;24.14;24.32;16610250
24.16;24.59;23.64;23.87;19241962
23.84;24.05;23.8;23.98;12885106
24.05;24.5;24.05;24.28;22964403
24.14;24.88;24.13;24.66;21618419
24.99;25.33;24.85;25.3;23192861
25.79;25.84;25.45;25.66;21808400
25.8;25.97;25.63;25.94;7494995
25.89;26.15;25.62;26.12;5712095
25.94;26.08;25.62;25.79;7814282
25.8;26.19;25.76;26.19;7760438
26.01;26.1;25.74;25.95;8201488
26.02;26.17;25.66;26.01;6610524
26;26.01;25.59;25.66;7320628
25.98;26.09;25.7;25.85;16202335
25.65;25.69;24.77;24.91;13634423
24.71;24.75;24.27;24.28;8581736
24.38;24.54;23.92;24.38;9252075
24.21;24.74;24.14;24.44;7903131
24.5;25.42;24.5;25.42;10381892
25.8;25.8;25.38;25.53;6438385
25.43;25.6;25.07;25.13;6570271
25.29;25.95;25.17;25.95;6244282
26.02;26.17;25.73;25.92;6284819
26.08;26.13;25.66;25.93;6315269
26.21;26.62;25.98;26.59;12983330
26.42;26.88;26.11;26.88;6580426
26.88;27.1;26.64;27;7586136
26.67;27.22;26.66;26.74;8462725
26.9;27.39;26.78;27.39;6568996
27.9;27.93;26.81;27.12;11705532
27.38;28.13;27.01;28.05;11334709
27.56;27.74;27.29;27.42;7119274
27.56;27.67;27.47;27.54;4821789
27.68;28.33;27.55;28.28;7949421
27.84;27.99;27.65;27.84;8615832
28.03;28.35;27.87;28.11;5450450
28.4;28.55;28.27;28.55;4984724
28.44;29.23;28.35;29.08;7497987
29;29.08;28.69;28.97;8043861
29.05;29.18;28.89;29.06;8035818
29.12;29.34;28.82;28.99;9662451
28.9;28.94;28.67;28.69;6066885
28.76;28.89;28.07;28.43;11036949
28.33;28.39;27.91;27.98;8114188
27.97;28.26;27.83;28.12;7552544
28.05;28.35;27.83;28.14;4655947
27.96;28.35;27.85;28.3;3356055
28.31;28.65;28.2;28.36;4982050
28.39;28.9;28.37;28.8;6290115
28.65;29.12;28.65;29;8709104
29;29.59;28.95;29.4;8578848
29.35;29.59;29.35;29.52;4163376
29.5;29.55;29.15;29.25;5726703
29.12;29.24;28.9;28.96;7573486
28.56;28.74;28.03;28.25;10474692
28.06;28.6;28.05;28.48;6847855
28.1;28.65;28.1;28.65;6664173
28.51;28.88;28.43;28.85;7027844
28.85;29.08;28.76;28.82;5110110
28.76;28.95;28.55;28.74;5276172
28.83;29.17;28.7;28.95;13201132
29.06;29.09;28.64;28.74;3685200
28.64;28.78;28.2;28.41;6642412
28.5;29.15;28.35;29.11;8151763
29.11;29.4;29.01;29.16;5812872
28.87;29.05;28.5;28.65;6124290
28.84;28.99;28.55;28.73;4971922
29;29.37;28.85;29.23;7176173
29.39;29.62;29.06;29.41;8834676
29.43;29.49;29.17;29.29;6409961
29.4;29.6;29.03;29.08;6310418
29.34;29.54;28.78;29.01;7133781
28.81;29.21;28.78;29.2;5037626
29.28;29.81;29.21;29.47;9873922
29.79;30.15;29.69;29.85;10169264
29.85;30.07;29.64;29.98;7494922
29.85;30.09;29.7;30.04;5659278
30.1;30.79;30.1;30.79;10797867
30.74;30.76;30.26;30.6;7974869
30.64;30.96;30.57;30.91;7514724
30.93;31.26;30.83;31.13;7996666
31.06;31.18;30.64;31.03;7259737
31;31.04;30.06;30.22;10724405
30.45;30.9;30.08;30.56;9219924
30.41;30.63;30.12;30.43;6952796
30.45;30.97;30.29;30.51;7299758
30.7;30.92;30.3;30.78;3993157
30.8;30.89;30.38;30.44;5107073
30.44;30.65;30.23;30.4;5217430
30.55;30.64;30.14;30.27;5878489
30.35;30.45;29.75;29.98;6455325
29.68;29.76;29.52;29.66;5821361
29.5;30.03;29.49;29.85;6539801
29.84;30.33;29.84;30.07;5201102
30;30;29.52;29.58;7657565
29.65;29.81;29.36;29.6;6075731
29.68;30.27;29.59;30.27;7683193
30.36;30.88;30.3;30.75;8639312
30.46;30.72;30.16;30.64;7401243
30.7;30.79;30.16;30.28;6607908
30.19;30.41;30;30.31;5234204
30.32;30.64;30.27;30.46;4585223
30.57;30.59;30.01;30.09;7276002
30.39;30.39;29.93;30.2;5411920
30.12;30.29;29.89;30.12;4706718
30.17;30.3;29.64;29.8;9452751
29.72;30.25;29.53;30.1;4677821
30.1;30.52;30.05;30.11;6250950
30.35;30.48;29.96;30;6326565
30.13;30.22;29.65;29.89;4073148
29.74;29.78;29.34;29.54;6331185
29.5;29.52;28.8;28.8;9114327
28.75;29.14;28.52;28.84;9126641
29;29.11;28.62;29.08;8635661
29.21;29.27;28.5;28.6;9179799
28.63;28.98;28.06;28.07;11740144
28.37;28.88;28.22;28.8;9912988
28.93;29.2;28.59;29.1;7962307
29.13;29.54;28.82;29.18;8359172
28.93;29.7;28.93;29.42;10579364
29.32;29.61;28.96;29.37;9693084
29.66;29.89;29.45;29.88;8030523
29.9;30.05;29.57;29.99;9010416
30.07;30.66;29.97;30.66;13524286
30.8;30.88;30.52;30.74;9658112
30.85;30.89;30.31;30.76;10186300
30.71;30.83;30.52;30.76;5328391
30.41;30.7;30.18;30.58;7192034
30.73;30.8;30.48;30.6;5582651
30.54;30.59;30.34;30.43;4477088
30.36;30.6;29.96;30.14;4295890
30.5;30.85;30.49;30.72;4119377
30.76;30.9;30.54;30.79;3550392
30.79;30.91;30.64;30.67;2991414
31.03;31.37;30.89;31.35;6455907
31.5;31.88;31.35;31.77;9141375
31.51;31.65;31.27;31.5;7671284
31.63;31.65;31.19;31.2;5948235
31.4;31.53;31.03;31.33;8474367
31.58;31.86;31.49;31.67;10355347
31.5;31.68;31.1;31.37;8278938
31.64;32.29;31.49;32.29;11243900
32.26;32.99;32.26;32.95;12103347
33.1;33.25;32.81;32.95;7505222
32.95;33.01;32.51;32.64;7559014
32.72;32.8;32.21;32.36;6211307
32.4;33.24;32.4;32.64;12787931
32.97;33.24;32.37;33.19;10409206
33.31;33.31;32.44;32.46;10403856
32.58;32.73;32.02;32.25;12221956
32.34;32.89;32.06;32.74;8620208
32.94;32.94;32.2;32.37;7287551
32.1;32.21;31.63;32;11693053
32.07;32.39;31.91;32.3;7136693
32.21;32.75;32.21;32.58;6218902
32.45;32.7;32.17;32.34;7529908
32.85;33.37;32.79;33.18;12980312
33.35;33.45;33.16;33.21;6840839
33.1;33.13;32.8;33.01;6080249
33.01;33.22;32.93;33.01;5318915
33.13;33.13;32.78;33;6631558
33.04;33.08;32.54;32.66;6668375
32.85;32.86;32.61;32.63;4962135
32.6;32.62;32.21;32.32;6760106
32.44;32.85;32.37;32.85;8346436
32.9;33.15;32.66;33.15;7748124
33.07;33.25;32.68;32.82;6076582
32.88;32.88;32.61;32.74;5701964
32.78;33.14;32.77;33.04;4309345
32.91;33.08;32.73;32.91;5231343
33.15;33.39;32.98;33.13;9506975
33.69;34.19;33.62;33.69;13600371
33.8;33.88;33.35;33.51;9079237
33.63;34.48;33.63;34.42;9973433
34.03;34.1;32.85;32.95;16068417
32.1;32.65;31.96;32.16;17556057
32.11;32.6;30.5;31.29;22078222
31.55;31.57;30.63;31;13386340
30.2;30.96;30.15;30.82;13680098
31.23;31.43;30.84;31.4;12253238
31.62;31.62;31.11;31.4;8170190
31.6;31.79;31.45;31.79;8053978
31.9;32.18;31.36;32.15;10981944
32.2;32.29;31.51;31.68;8135192
31.75;31.84;31.08;31.13;8030520
30.41;30.48;29.5;29.53;22259889
30.15;30.33;29.86;30.17;15556373
30.14;30.28;29.65;29.98;16107865
30.4;30.73;30.12;30.73;9152334
30.76;30.91;30.25;30.84;10102368
30.67;31.05;30.53;30.6;9728307
31.5;32.06;31.41;31.87;18600920
31.74;32.37;31.62;32.23;8927442
32.28;32.28;31.38;31.62;8735293
31.9;32.04;31.63;31.86;6097615
31.54;31.7;31.24;31.41;7348663
31.63;31.86;31.44;31.8;5621850
31.85;32.1;31.49;31.74;6410217
31.76;31.8;31.41;31.68;6611646
31.95;32.4;31.69;32.34;8490722
32.51;32.56;32.2;32.44;6018201
32.33;32.59;32.17;32.42;5181579
32.79;32.83;32.26;32.73;7306830
32.79;33.24;32.7;32.86;10670141
32.8;33.21;32.64;33.09;8817959
33.22;33.34;32.99;33.3;5270791
33.5;34.15;33.4;34.15;10474657
33.96;34.17;33.73;33.96;8750748
33.75;33.93;33.37;33.6;9606690
33.15;33.2;32.71;33.05;13854613
33.21;33.74;33.04;33.67;14401344
33.82;33.99;33.35;33.46;7103593
33.46;33.67;32.98;33.47;8809292
33.64;34.03;33.5;33.97;8795876
34.07;34.24;33.95;33.96;6602038
33.97;34;33.49;33.54;6907813
33.21;34.05;33.21;33.93;6617261
34.15;34.35;33.95;34.26;8388919
34.4;34.44;34.1;34.21;8461343
34.16;34.63;33.95;34.58;8804127
34.74;34.8;34.44;34.5;4348966
34.31;34.45;34.05;34.45;6703180
34.65;34.7;34.15;34.61;6704336
34.69;34.88;33.57;33.62;15849774
33.28;33.7;32.79;33.67;11285930
33.89;33.89;33.36;33.5;6255024
33.33;33.91;33.28;33.73;9668047
33.67;33.74;33.32;33.34;8229161
33.6;33.63;32.96;33.03;8304043
33.03;33.3;32.95;33.21;11438901
32.57;32.57;32.14;32.23;8578384
32.29;32.47;31.98;32.09;8912932
32.15;32.55;32.13;32.3;7691615
32.16;32.2;31.56;31.7;10330871
31.68;32.27;31.5;32.06;10154975
32.28;32.3;32.11;32.25;1091542
32.49;32.49;31.99;32.04;6100990
31.8;31.97;31.41;31.91;9995983
32.19;32.68;32.04;32.49;14805066
32.57;33;32.5;32.82;8946300
32.71;32.95;32.42;32.55;7846183
32.65;32.82;32.24;32.24;8744598
32.2;32.37;31.76;31.88;11333530
32.01;32.12;31.2;31.42;15059171
31.11;31.25;30.55;31;18852641
31.42;31.46;31.14;31.27;8762450
31.31;31.73;31.03;31.08;16017122
30.89;31.27;30.85;31.07;12370411
31.6;32.16;31.5;32.15;16811944
32.38;33.11;32.36;32.84;19609393
32.94;32.98;32.51;32.7;8559462
32.65;33.18;32.56;32.79;7982250
33.02;33.49;33;33.26;11061558
32.89;33.12;32.17;32.57;12686583
32.68;32.84;32.38;32.66;8420656
32.25;32.49;31.88;32.35;9564951
32.11;32.23;31.8;31.96;8992056
31.64;31.78;31.36;31.67;9872942
32.08;32.18;31.72;31.91;7881530
32.04;32.09;31.56;32.01;6625400
31.85;32.04;31.47;31.64;7670277
31.94;32.47;31.9;32.3;8965375
32.48;32.59;32.33;32.52;4166027
32.6;32.6;32.03;32.12;6593912
32.11;32.4;32.03;32.36;5201495
32.55;32.87;32.46;32.68;9423925
32.78;32.95;31.79;31.94;11156257
31.54;31.65;31.05;31.56;12407462
31.75;32.04;31.42;32.04;7050588
32.44;32.78;32.35;32.64;9664237
32.64;32.89;32.55;32.72;5668365
32.62;32.67;32.37;32.46;7713251
32.1;32.33;31.81;31.81;8500485
31.98;32.13;31.78;31.98;8604399
31.85;32.13;31.25;31.34;12422723
31.15;31.58;30.97;31.53;7503757
31.37;31.43;30.38;30.5;14955772
30.2;30.42;29.56;29.93;14945087
30.01;30.02;28.46;28.47;25586675
28.35;28.79;28.04;28.21;22144271
28.48;28.59;28.05;28.2;13329487
28.69;29.14;28.58;29.03;14364272
28.22;28.58;27.65;28.14;21637793
28.53;28.87;28.33;28.75;12871529
29;29;28.19;28.25;11885956
27.92;27.99;27.62;27.93;14609583
28.5;29.17;28.47;29.03;15053170
29.52;30.27;29.5;30.07;18144319
29.9;29.9;28.48;29;24837721
28.4;28.65;27.66;28.02;20296717
28.9;29.24;28.52;29.2;15374026
28.8;29.6;28.71;28.82;14482791
28.3;28.58;28.1;28.49;14768441
27.97;28.36;27.56;27.78;18757592
27.75;29.55;27.57;29.02;26343550
29.29;29.72;29.16;29.4;12930280
29.29;29.8;28.96;29.35;10008379
29.5;29.83;29.43;29.65;9274220
29.95;30.09;29.71;29.71;8866368
29.4;29.91;29.35;29.71;6855680
29.8;30.03;29.79;29.81;4165263
29.69;29.74;28.83;28.9;11338530
28.46;28.98;28.42;28.93;9824134
29.09;29.37;28.5;29.05;11730611
29.15;29.6;29.08;29.41;9890034
29.26;29.5;29.14;29.29;5175757
29.01;29.67;29.01;29.56;7248146
29.25;29.68;28.72;28.76;10015591
28.8;29.05;28.5;29.05;9709349
28.99;29.34;28.28;28.41;11956447
28.2;28.68;28.04;28.18;9339839
28.33;28.76;28.28;28.64;6329102
28.4;28.69;28.24;28.55;7719266
28.28;28.95;28.24;28.82;7937989
28.56;28.81;28.32;28.71;7497265
28.55;28.55;28.07;28.13;10107418
28;28.94;27.86;28.77;13323538
29.92;30.5;29.7;30.33;26728068
30.14;30.43;30;30.24;9288238
30.02;30.78;30;30.45;14602309
30.42;31.05;30.25;30.8;10486337
30.63;30.85;30.45;30.67;9340671
30.89;31.4;30.8;31.11;9412731
31.35;31.52;31.28;31.33;9824409
31.25;31.57;31.12;31.38;8099830
31.19;31.8;30.94;31.56;7159788
31.75;31.8;31.47;31.73;9354689
31.78;32.3;31.51;32.12;10943607
31.94;32.49;31.91;32.2;9027622
32.21;32.4;31.8;32.28;8629151
32.23;32.28;31.86;31.95;4677279
31.85;32.22;31.73;32.1;9843305
32.09;32.2;31.57;31.75;7145163
31.25;31.76;31.25;31.49;13997554
31.2;31.64;30.99;31.63;9839665
31.41;31.5;30.76;30.9;8629326
30.81;30.93;30.37;30.9;9578220
30.92;30.97;30.52;30.87;7322026
30.98;30.99;30.33;30.48;8940690
30.21;30.34;30;30.08;10025366
29.28;29.85;29.28;29.83;8962870
29.91;30.3;29.82;29.96;7081916
30;30.19;29.44;29.71;6790424
29.76;30.39;29.65;30.17;11573423
30.06;30.15;29.54;29.96;9564525
30.29;30.53;30.18;30.35;7408235
30.2;30.5;30.13;30.45;5359587
30.35;30.9;30.22;30.86;7480204
30.94;30.94;30.06;30.37;9276978
30;30.3;29.8;30.04;10540938
29.82;29.83;29.16;29.52;12187251
29.53;29.67;29.15;29.25;8944949
29.3;29.35;28.46;28.83;14511930
28.3;28.4;27.63;28;19304073
28.5;28.74;26.83;27.2;22308419
26.99;27.59;26.75;27.52;13432620
27.52;28.14;27.25;27.58;10389311
28.23;28.57;28.14;28.19;14985203
28.11;28.14;27.28;27.57;17158911
27.42;27.55;26.81;27.14;16305602
27.07;27.1;26.1;26.28;15315074
26.52;26.61;25.8;26.46;14907579
26;26.06;25.41;25.68;14402928
25.67;25.84;25.12;25.33;12885561
25.18;26.64;25.16;26.42;14477960
26.82;26.89;25.67;25.88;11978614
25.61;26.76;25.61;26.58;17391043
26.25;27.59;26.25;27.29;18560180
27.46;27.77;27.08;27.4;9398354
27.49;28.1;27.34;27.93;12144375
27.89;28.04;27.44;27.55;8727641
27.68;27.68;26.83;27.01;12273762
27.3;27.67;26.92;27.54;8705115
27.93;28.51;27.66;27.92;11544365
28.18;28.87;28.08;28.55;13219324
28.35;28.82;28.18;28.66;7382362
28.8;28.99;28.23;28.51;7765262
28.03;28.78;27.58;28.31;14001065
27.8;27.9;27.25;27.58;13667094
27.71;27.76;26.93;27.45;8617235
26.97;27.04;26.56;26.84;10875190
26.69;27.23;26.69;26.78;6609813
26.7;26.79;26.19;26.45;9246218
26.6;26.75;26.31;26.46;7684595
26.99;27.61;26.76;26.98;20928200
27.15;27.33;26.95;26.95;1248600
27.12;27.74;27.12;27.39;6010817
27.2;27.39;27.12;27.29;3515985
27.4;27.44;27.18;27.39;1580266
27.39;27.6;26.82;26.98;7000744
26.99;27.12;26.5;26.96;7755673
26.84;27.05;26.26;26.42;10435068
26.36;26.42;25.79;26.06;11769908
26.1;26.17;25.72;25.84;12313573
25.71;25.78;25.3;25.56;11642672
25.7;25.99;25.5;25.65;10883873
25.51;26.39;25.46;26.11;15024214
25.97;26.77;25.9;26.55;11339629
26.49;26.85;25.93;25.96;13997810
25.85;26.36;25.5;25.91;14683627
26.28;26.31;25.32;25.46;15890090
25.58;25.63;24.47;24.6;24057795
24.2;24.25;22;22.12;46751754
21.02;23.7;20.41;23.15;43049884
23.7;23.94;21.62;22.01;29176400
23;24.48;23;24.3;32631553
24.9;24.9;23.17;23.46;17363122
22.99;23.69;22.84;23.63;12075343
23.78;23.98;23.33;23.6;11841766
23.37;23.47;23;23.32;16036597
23.15;23.45;21.94;22.88;20406737
23.27;24.42;23.2;23.83;25583699
24.17;24.23;23.46;23.62;9133302
23.5;23.57;22.33;22.42;15586637
22.11;22.74;22.11;22.6;12107841
22.3;22.52;21.82;22.05;12614242
22.02;22.38;21.12;21.41;17883789
21.16;21.34;20.75;20.99;15847232
21.08;21.81;20.06;21.66;25426562
21.33;21.99;21.13;21.7;12439579
22.05;22.28;21.18;21.44;12383036
21.44;21.55;20.77;21.08;12806632
21.2;21.9;21.14;21.73;9089292
21.49;22.59;21.35;22.01;13432596
21.57;22.36;21.5;21.96;12635298
22.12;23.08;21.78;22.57;17766152
22.32;22.7;22.22;22.36;9577945
22.79;23.25;22.72;23.03;13578819
23.37;24;23.3;23.88;20221865
23.99;24.11;23.21;23.84;11718862
23.12;23.35;22.86;23.09;18596995
22.81;23.04;22.29;22.48;17939244
22.02;22.11;21.75;22.07;10807989
22.05;22.35;21.26;21.4;14573667
21.7;21.98;21.47;21.76;11206983
21.62;21.72;20.96;21.13;14350077
20.7;21.1;20.27;20.73;22937040
20.66;20.81;19.99;20.17;16255584
20.24;21.27;20.23;20.81;17563844
21.25;22.05;21.08;21.59;20633045
21;21.23;20.51;21.13;18383735
21.23;21.74;20.5;20.68;19425740
19.87;19.97;19.18;19.45;25396960
19.79;20.76;19.57;20.71;18633876
21.08;21.19;20.4;20.73;20623248
20.49;21.09;20.13;21.08;30402147
21.99;22.46;21.73;22.46;23428708
22.19;22.57;22.06;22.5;13150164
22.4;23.2;22.33;23.15;15786876
23.1;23.37;22.9;23.24;10385433
22.85;23.1;22.69;22.99;10965839
22.8;24.55;22.77;24.53;17935474
24.89;25.68;24.7;25.44;23559195
25.5;25.52;24.29;24.55;18015459
24.71;25.02;24.4;24.78;10545297
25.03;25.2;24.54;24.71;10555027
24.5;24.59;24.15;24.59;8744295
24.45;24.45;23.72;24.03;12042718
23.81;23.95;23.21;23.77;17291264
24;24.09;23.21;23.44;9900652
23.2;23.49;23.07;23.15;8992019
23.28;23.5;22.73;23.23;8879608
23.58;23.95;23.36;23.93;10248994
23.99;24.44;23.93;24.12;10530267
24.29;25.14;24.25;24.99;14589962
25;25.15;24.45;24.62;8109483
24.44;24.58;24.18;24.4;8024260
24.42;24.57;23.64;24.05;16564734
23.15;23.15;22.31;22.99;16964852
23.3;23.7;23.11;23.29;8869435
23.4;24;23.35;23.76;8898156
23.51;23.7;23.3;23.52;7192543
23.64;23.98;23.35;23.91;7308078
24.4;25.19;24.3;24.83;15258676
24.79;24.84;24.45;24.57;5767768
24.55;24.6;23.9;24.06;9370206
23.96;24.6;23.59;24.32;9642502
24;24.44;23.83;24.02;10500115
23.8;23.8;23.15;23.57;10509425
23.77;23.83;23.53;23.65;4484675
23.9;24.11;23.58;23.84;9790266
24;24.2;23.48;23.95;9199971
23.91;23.93;23.56;23.8;7994862
24;24.27;23.5;23.64;9896420
23.69;23.74;23.4;23.65;8952943
23.55;23.64;23.15;23.25;10130902
23.29;23.34;22.5;22.83;14520906
22.73;22.73;22.11;22.51;12952279
22.51;22.51;22;22.01;9606882
21.87;22.11;21.87;21.94;3968328
22;22.04;21.51;21.94;9100168
22.15;22.84;22;22.51;14177551
22.67;23.02;22.56;22.71;8890485
22.9;23.19;22.68;22.71;10469038
22.45;22.6;21.95;22.01;11144947
21.86;21.98;21.57;21.75;12941542
21.73;21.74;21.37;21.65;10479144
21.85;22.14;21.56;21.71;8339223
21.86;22.11;20.94;20.94;13016737
20.84;20.99;20.61;20.82;9987115
20.59;21.08;20.2;20.97;16355452
21.1;21.48;20.39;20.56;13369892
20.73;21.16;20.49;21.12;13523387
21.05;21.47;20.75;21.39;11322673
21.45;21.92;21.25;21.49;10891449
21.51;21.95;21.51;21.52;8813240
21.47;21.47;20.92;21.03;9904575
20.85;21.15;20.62;20.98;10263072
21.1;21.11;20.27;20.62;17228493
20.56;20.72;20.1;20.12;9719794
20.1;20.36;19.62;20.11;12743266
20.15;20.62;20.02;20.59;8551929
20.38;20.39;19.47;19.49;14253837
19.4;19.48;18.05;19.05;24985187
19;19.03;18.43;18.86;12561109
18.85;18.85;17.81;18.05;17294777
18;18.45;17.9;18.05;13363873
17.77;18.75;17.69;18.72;19521409
18.85;18.9;18.12;18.13;8307350
18.26;18.66;18.1;18.52;9447274
18.05;18.24;17.67;18.13;16199271
18.98;19.15;18.52;18.99;14887150
18.49;19.08;18.4;18.64;13602355
18.7;18.85;17.67;17.67;14774223
17.88;18.4;17.88;18.1;10935956
17.8;17.9;16.87;17.22;21988862
17.11;17.37;16.08;17.27;21439168
18;18.57;17.82;18.21;21535487
18.15;19.15;18.02;19.03;19043270
19.04;19.45;18.61;19.18;11668401
18.99;19.05;18.46;19.03;11261954
19.5;20.25;19.32;20.2;18404824
20.35;20.74;19.63;19.85;12896415
19.21;19.53;18.12;18.9;23322899
18.6;18.66;18.26;18.33;11154549
18.01;18.3;17.37;18.18;16074908
18.5;19.02;18.34;18.86;14000195
18.96;19.23;18.6;18.99;11449775
18.8;19.24;18.53;18.82;10581725
18.9;19.03;18.6;18.69;6641634
18.85;20.07;18.77;20.05;15194933
20.32;20.51;19.91;20.38;13596183
20.96;21.88;20.96;21.36;25079322
21.3;22.34;21.21;22.24;20381758
22.45;22.48;21.96;22.3;10368885
22.2;22.67;21.77;22.19;13596683
21.76;21.9;21.07;21.07;13595317
21.33;21.45;20.87;21.32;9370933
21.47;21.97;21.47;21.97;10078370
21.7;22;21.4;21.63;7439366
21.17;21.19;20.3;20.33;14079411
20.36;20.64;20.14;20.53;10345995
20.01;20.46;19.88;20.14;9966955
19.92;21.17;19.88;21.12;10862016
20.87;21.26;20.8;20.93;6225520
20.56;20.95;20.42;20.74;9120505
20.5;20.7;20.22;20.52;8940426
20.2;21.92;20.18;21.62;14567989
21.47;22;21.46;21.86;12672341
21.6;21.82;21.51;21.56;9467530
21.39;23.26;21.39;23.11;24130413
22.55;23.13;22.54;22.86;12848008
22.64;22.93;21.92;21.95;14544401
21.45;21.64;21.12;21.18;18202599
22.65;24.06;22.65;23.82;37412202
23.48;24.3;22.83;23;19277736
22.67;23.28;22.42;22.74;15279418
22.15;22.27;21.52;21.98;20429090
22.14;22.46;21.67;22.25;12633692
20.9;21.03;19.42;20.36;39377812
19.79;20.17;18.5;19.77;33255753
21.2;21.35;19.61;19.83;33714580
19.59;21.11;19.59;20.33;26638805
23.39;24.65;22.21;24.65;55617978
24.54;24.95;23.3;23.33;18305675
22.85;23;22.42;22.5;11696319
23;23.2;22.45;22.51;6645964
22.96;23.75;22.8;23.62;10946997
23.1;23.45;22.44;23.29;8896938
23.3;23.3;21.33;21.55;12542731
20.73;22.94;20.2;22.9;16472658
22.95;24.23;22;24.23;11938186
23.96;24.29;21.95;22.07;19361326
22.15;23.3;22.03;23.1;13845695
21.7;21.89;19.89;20.07;19124089
21.15;21.2;19.87;20.02;18692651
19.2;20.15;18.21;18.6;29229805
19.3;20.19;18.84;19.23;16508639
17.75;18.14;16;17.17;31669067
18.45;19.54;18.07;19.54;18263925
20.2;21.7;19.69;20.91;19938116
20.53;20.74;18.55;18.67;15021694
18;18.1;16.21;16.33;23199996
17.75;17.75;15.2;16.43;23077499
17.13;17.23;16.55;17;10237749
17.57;17.6;16.6;17.15;9311657
16.64;16.88;15.52;15.75;10944230
15.96;15.99;14.37;15.05;16318114
14.3;14.48;12.48;14.16;23634182
13.03;13.6;12.67;13.06;15170372
13.8;13.88;11.91;12.04;18541415
13.2;14.49;13.08;14.15;30416324
14.68;16.15;14.4;15.2;16771236
14.92;15.1;13.76;14.85;18026222
15.03;15.2;14.41;14.54;9257711
14.8;17.12;14.56;17;21125990
16.91;17.05;16.21;16.68;11635044
15.94;16.4;15.05;15.15;13075221
15.15;16.24;14.91;15.92;9911409
16.5;16.79;16.06;16.32;6525467
15.85;15.95;14.78;14.78;10908945
15.1;15.3;13.91;14.17;11525040
14;14.54;13.79;13.93;9495405
14.55;15.19;13.9;13.9;12253128
14;14.28;12.95;12.95;10639540
12.98;13.61;12.36;13.54;12315543
13.43;13.8;12.68;12.86;9622333
12.33;12.66;11.53;11.91;19237724
12.05;12.4;11.45;11.71;15685478
12.14;13.44;12.06;13.44;16072809
12.1;13.12;11.11;13.12;23559218
12.86;13.23;12.47;13.17;11096309
13.45;14.25;13.2;14.25;8558619
14.18;14.95;13.97;14.95;9918366
14.8;14.94;14;14.15;9242559
13.79;15.25;13.59;15.25;12072047
15.24;15.63;14.61;15.2;9076619
15.2;15.8;14.3;14.81;9818256
14.53;14.99;13.57;13.65;12230027
14.99;16.28;14.88;16.28;17564331
16.01;17.07;15.76;16.8;15047235
17.06;17.2;16.11;16.58;9370946
16.5;16.53;15.78;15.99;8792820
14.98;15.6;14.61;15.31;9688499
15.68;16.06;14.94;15.09;7651504
14.86;15.85;14.56;15.85;8014447
16.33;16.5;15;15.42;9193678
15.73;15.85;15.13;15.7;6661927
15.51;16.58;15.32;16.58;13883200
16.4;16.45;15.68;15.68;8104566
15.84;16.04;15.09;15.09;5138511
15.05;15.39;14.8;14.99;1409389
15.09;15.6;14.7;14.75;3498907
14.94;15.6;14.75;15.6;3900998
15.8;15.92;15.55;15.85;3068482
16.05;17.04;15.81;17.04;5130858
17.21;17.35;16.47;17;7436932
17.14;17.31;16.8;17.15;6979162
16.93;17.15;16.28;16.47;6350377
16.1;16.18;15.43;15.83;7465906
16;16.2;15.4;15.44;7149276
15.5;15.5;15.07;15.25;5689756
15.23;15.23;14.3;14.51;8637793
14.6;14.76;12.83;12.94;13362656
13.01;13.09;11.97;12.3;15217781
12.74;13.37;12.6;13.16;14076969
13.45;13.55;12.05;12.48;10938184
12.35;12.82;12;12.09;9963113
11.97;12.77;11.3;12.5;18956906
13.06;13.38;12.11;12.22;11752655
12.05;12.25;10.88;11.4;16876266
11.48;12.65;11.33;12.51;12227047
12.78;12.78;11.81;12.24;8204429
12.7;13.6;12.63;13.52;13930505
13.24;13.7;13;13.2;9637238
12.94;12.97;12;12.22;15595540
12.1;12.15;11.53;11.895;7958184
12.105;12.24;11.71;12.19;6334904
12.44;13.35;12.24;12.91;10249941
12.45;12.985;12.04;12.95;9157962
13.07;13.6;12.88;13.155;12506089
13.28;13.815;13.115;13.69;8718369
13.46;13.75;13.075;13.12;9208254
12.66;12.77;12.03;12.175;16687299
12.175;12.23;11.61;11.74;12092013
12.06;12.475;11.8;11.9;9900543
11.76;11.83;11.25;11.4;7989401
11.2;11.49;10.94;11.13;12884796
11.37;11.38;10.765;11.165;9820209
11.3;11.4;10.05;10.145;24208045
9.74;9.78;8.27;8.277;43062110
8.65;8.79;8.09;8.101;17458110
8.05;8.18;7.46;7.65;22572129
8.1;8.155;7.312;7.362;20583744
7.5;8.187;7.381;8;28229145
8;8.009;7.06;7.337;18786603
7.03;7.25;6.93;7.071;14406100
7.249;7.56;6.72;6.869;17426150
7.179;7.2;6.84;7.2;18770291
7.5;7.68;6.549;6.549;22266728
6.56;6.76;6.14;6.23;18616239
6.299;6.34;5.714;5.878;24533261
5.999;7.11;5.905;7.053;28960921
7.14;7.8;7.08;7.6;26905388
7.4;7.838;7.16;7.838;14662895
8.22;8.38;7.461;7.651;17358450
8.04;8.18;7.838;8.114;14011287
8;8.251;7.8;8.176;10369743
8.45;8.562;8.01;8.379;11307847
8.6;9.75;8.51;9.44;29739813
9.155;9.66;8.84;9.362;17638864
9.75;9.99;9.56;9.9;14678281
10.3;10.49;9.25;9.681;21591096
9.45;9.8;9.05;9.54;10541498
9.35;9.44;9.1;9.281;11145624
9.345;9.54;9.105;9.221;11543663
8.945;9.08;8.59;8.769;11297917
9;9.149;8.859;9.05;8287005
9.149;9.539;8.88;9.539;9526483
9.89;11;9.82;10.835;28698838
10.68;11.5;10.65;10.82;17882096
10.89;11.12;9.816;10.09;18591072
9.94;10.045;9.365;9.673;14100800
9.65;10.285;9.451;10.115;10528906
10.44;11.01;10.32;10.84;12806923
11.2;11.72;10.875;11.6;15309140
11.305;11.52;10.905;11.085;8251429
11.475;11.685;11.17;11.515;8223258
11.79;12.105;11.27;12.1;15186141
12.09;12.09;10.89;11.085;12578546
11.085;11.29;10.55;11.125;11339515
11.4;11.8;11.06;11.765;10422555
11.64;12.12;11.47;11.725;8258925
12.145;12.25;11.79;11.91;9361646
11.6;11.79;11.335;11.55;8936560
11.26;11.345;10.92;11.15;8271194
11.15;11.62;11.15;11.565;8636810
11.86;12.77;11.845;12.745;18999903
13;13.455;12.94;13.42;11380997
13.6;13.62;12.82;13.1;11451944
12.96;13.44;12.905;13.44;12259075
13.35;13.49;12.525;12.58;16725952
13.04;13.255;12.71;13.205;11111205
13.45;13.45;12.915;13.09;10069660
12.845;13.245;12.62;12.935;8504209
13.19;13.19;11.845;11.935;13322629
11.83;12.13;11.51;12.11;8961643
12.49;12.52;11.87;12.025;8177179
11.85;12.485;11.51;12.41;8326682
12.75;13.145;12.635;12.935;13286250
12.85;13.295;12.64;13.2;12809362
12.84;13;12.61;12.785;5996454
12.89;13.24;12.8;13.105;6759191
13.07;13.21;12.75;13.145;3187449
13.02;13.285;12.71;13.225;6669273
13.265;13.65;13.18;13.65;8971332
13.215;13.5;13.06;13.11;8398289
13.5;13.55;12.93;13.11;9025999
13.45;13.895;13.37;13.895;8628909
13.81;14.42;13.71;14.165;11547542
14.485;14.485;13.91;14.065;7421440
14.395;14.615;14.22;14.35;8672302
14.565;14.975;14.52;14.715;9119508
14.7;14.8;14.355;14.46;6760715
14.5;14.87;14.5;14.665;7365389
14.9;15.05;14.575;14.7;5825115
14.595;14.87;14.45;14.77;5554788
14.57;14.71;14.26;14.54;5378479
14.37;14.37;13.72;13.92;8914520
13.775;13.97;13.405;13.56;7850544
13.405;13.52;13;13.2;8401823
13.2;13.755;13.03;13.57;7007245
13.665;13.99;13.58;13.715;12172086
13.8;13.8;13.05;13.17;6925213
12.99;13.145;12.76;12.985;6775925
13.03;13.6;12.89;13.565;8587341
13.48;13.59;13.06;13.37;5232920
13.57;13.8;13.29;13.405;4699114
13.305;14;13.305;13.92;6224785
14;14.06;13.3;13.39;7710946
13.49;13.77;13.4;13.75;6817130
13.52;13.6;12.95;13.005;10005838
13.055;13.11;12.68;12.86;5938114
12.585;12.74;12.345;12.48;6609784
12.665;12.68;12.205;12.305;6671699
12.2;12.225;11.705;11.85;10414359
11.95;12.22;11.855;11.915;6538887
11.89;11.89;11.55;11.76;6155551
11.685;12.18;11.525;12.18;7348824
12.4;12.65;12.31;12.47;7960286
12.7;13.2;12.625;13.15;9488267
13.1;13.535;12.98;13.27;7195508
13.47;13.52;13.175;13.215;6040203
13.39;13.67;13.255;13.505;5343868
13.65;14.11;13.54;13.945;8961629
13.865;13.89;13.4;13.725;7941345
13.9;14.515;13.77;14.415;9002822
14.285;14.945;14.235;14.395;6839314
14.75;14.92;14.57;14.67;8227848
14.79;14.94;14.265;14.32;7076947
14.4;14.78;14.27;14.63;5652039
14.915;15.08;14.56;14.89;7239014
14.93;15.08;14.64;14.83;9402222
14.72;15.4;14.66;15.2;7189769
15.28;15.37;14.935;15.31;5421578
15.85;16.2;15.45;15.57;22229421
15.88;16;15.65;15.785;10206223
15.67;16.175;15.41;16.04;7092664
16.08;16.3;15.83;16.06;5078475
16.1;16.325;15.71;15.81;6701247
15.75;16.195;15.55;16.015;5295147
16.05;16.475;16.01;16.14;8366139
16.14;16.275;15.61;15.78;6780704
15.6;15.66;15.08;15.4;8697071
15.45;15.53;15.2;15.46;4212044
15.24;15.615;15.12;15.48;3746773
15.78;15.8;15.32;15.465;5158321
15.36;16.13;15.3;15.995;10925329
16.035;16.25;15.97;16.11;5946295
15.75;16.07;15.705;15.995;6158091
16;16.24;15.95;16.02;5425373
16.005;16.2;15.51;15.79;7996191
15.8;16.06;15.725;15.795;6298888
15.72;15.975;15.655;15.88;3797802
16.09;16.14;15.55;15.575;7369332
15.51;15.595;15.03;15.235;9018290
15.32;15.44;15.05;15.16;6310503
15.12;15.47;15.12;15.38;4592556
15.6;15.88;15.53;15.735;6147835
15.865;16.2;15.75;16.025;8577986
16.02;16.47;16;16.3;8120020
16.42;16.73;16.33;16.625;8175329
16.95;17.3;16.91;17.17;13487614
17;17.3;16.8;17.2;7319478
17.16;17.39;17.03;17.3;5732790
17.3;17.54;17.3;17.47;6224220
17.55;17.655;17.07;17.45;7571986
17.26;17.555;17.195;17.195;11452053
17.31;17.345;17.015;17.23;5500690
17.28;17.71;17.28;17.465;5060460
17.465;17.84;17.465;17.645;5296818
17.51;17.79;17.265;17.42;7626420
17.485;17.695;17.35;17.44;5994210
17.455;17.87;17.185;17.845;5866114
17.93;18.095;17.785;17.98;7135834
18.095;18.625;18.05;18.5;12835837
18.31;18.725;18.23;18.25;7940477
17.91;18.09;17.56;17.95;11949847
17.66;17.99;17.565;17.94;6027068
18.1;18.745;18.065;18.675;8329979
18.57;19.05;18.465;18.8;6234490
18.9;19.17;18.8;19.065;5711992
18.76;19.15;18.755;19.025;4446940
18.94;19.375;18.915;19.35;4616494
19.1;19.22;18.71;18.95;6761805
18.99;19.5;18.98;19.49;7143823
19.31;19.715;19.265;19.715;6644150
19.55;19.82;19.065;19.2;7975117
19.125;19.52;19.125;19.5;4638808
19.425;19.65;19.38;19.475;6078300
19.405;19.53;18.96;19.045;8201962
18.6;18.74;18;18.525;9243067
18.6;18.945;18.435;18.44;6451352
18.34;18.49;17.69;17.82;7217591
17.73;18.15;17.53;17.87;6857834
17.645;17.795;16.94;17.175;12046751
17;17.68;16.71;17.445;8642745
17.5;17.545;16.825;17.015;9362584
16.92;17.2;16.69;16.89;8589666
16.7;16.7;16.11;16.4;10721607
16.55;16.91;16.35;16.725;9284456
16.57;16.935;16.16;16.82;6256558
16.7;17;16.52;16.88;5946290
16.37;16.985;16.37;16.95;24606106
16.9;17.28;16.67;16.9;13611510
17;17.15;16.66;16.725;11578186
16.56;16.655;16.41;16.555;11683815
16.455;16.525;16.16;16.35;10802086
16.5;16.62;16.4;16.54;14381926
16.45;16.92;16.345;16.75;16670036
16.9;17.39;16.9;17.23;20051998
17.11;17.23;16.755;16.83;13671424
16.975;16.975;16.465;16.68;15018429
16.6;17.18;16.595;17.12;13473143
16.9;17.03;16.665;16.78;9505826
17;17.115;16.68;16.895;7645514
16.765;16.77;15.755;15.99;14233078
15.46;16.42;15.4;16.21;12272954
16.29;16.35;15.83;15.87;7442956
16.145;16.48;16.08;16.43;7312132
16.41;16.575;16.135;16.365;5854145
16.69;16.755;16.12;16.54;12101443
16.44;16.78;16.2;16.615;7002630
16.69;16.8;16.53;16.71;4752856
16.65;16.835;16.105;16.33;8247319
16.285;16.3;15.68;15.68;11913288
15.75;15.925;15.56;15.88;7664373
15.99;16.14;15.5;15.62;10906538
15.965;16;15.805;15.99;7292597
16.1;16.18;15.64;15.895;7002551
15.95;16.33;15.815;16.295;9364652
16.25;16.555;16.19;16.325;8886514
16.315;16.39;15.96;15.98;11399602
16.1;16.275;15.965;16.265;5464072
16.335;16.475;16.22;16.39;5554662
16.505;16.74;16.45;16.66;4879527
16.5;16.64;16.465;16.64;1337300
16.69;16.82;16.595;16.755;2968570
16.84;16.85;16.655;16.805;3833931
16.76;16.815;16.555;16.625;2610845
16.75;16.785;16.54;16.54;1591686
16.57;16.8;16.565;16.8;6110711
16.78;17.24;16.68;17.08;7390494
17.08;17.415;17.035;17.255;5059701
17.24;17.25;16.92;17.06;6003474
17.13;17.34;17.025;17.115;7242533
17.32;17.485;17.025;17.025;8100306
16.96;17.065;16.805;16.875;6690481
16.79;16.955;16.725;16.865;5096852
17;17.085;16.875;17.02;4888978
17.07;17.195;16.56;16.64;8096155
16.715;16.79;16.57;16.69;2916938
16.585;16.75;16.205;16.74;5397362
16.6;16.72;16.145;16.32;5205206
16.465;16.47;16;16;6602482
15.905;16.065;15.43;15.6;10991060
15.45;15.77;15.32;15.54;7427347
15.3;15.535;15.21;15.515;10179717
15.25;15.495;15.12;15.29;7537725
15.61;15.75;15.055;15.055;9182780
15.21;15.25;14.82;15;12456250
14.91;15.195;14.88;15.175;5451161
15.24;15.7;15.12;15.62;8336692
15.7;15.81;15.535;15.64;8219712
15.665;15.75;15.13;15.2;9094232
15.015;15.1;14.26;14.28;18884326
14.5;14.53;13.965;14.3;9960070
14.25;14.55;14.12;14.415;9429574
14.7;15.09;14.69;14.845;10922247
14.91;14.99;14.315;14.47;8905276
14.65;14.695;14.21;14.44;6570419
14.6;14.785;14.57;14.66;3782191
14.75;15.015;14.63;14.975;5920597
15.245;15.595;15.2;15.555;8364506
15.85;15.87;15.26;15.64;7404895
15.32;15.63;15.155;15.405;8409722
15.25;15.35;15.14;15.175;7043559
15.27;15.29;14.74;14.88;8017414
14.9;15;14.7;14.9;5759501
14.82;14.925;14.35;14.4;9223207
14.595;14.785;14.335;14.785;9064132
14.94;15.045;14.485;14.81;7820181
14.8;15.16;14.645;15.16;7232658
15.015;15.25;15;15.195;7503763
14.995;15.275;14.965;15.135;5454377
15.265;15.625;15.215;15.615;9035099
15.715;15.765;15.58;15.58;5109878
15.695;15.75;15.44;15.715;5930588
15.78;16.245;15.7;16.125;10865086
16.01;16.175;15.91;16.055;5494653
16.14;16.365;16.09;16.17;6629741
16.17;16.235;15.68;15.68;8441545
15.85;15.975;15.74;15.84;6186062
16.09;16.19;15.97;16.155;7758946
16.145;16.285;15.82;15.9;6908965
15.915;16.08;15.71;15.8;11067921
15.74;15.785;15.43;15.765;5553476
15.75;16.095;15.74;16.015;5755000
16.095;16.18;15.88;16.14;6911409
16.06;16.71;16.06;16.605;10305408
16.48;16.71;16.475;16.58;7016971
16.6;16.835;16.45;16.58;5924000
16.81;16.83;16.335;16.475;7521461
16.425;16.52;16.215;16.47;7478606
16.52;16.75;16.515;16.71;7282357
16.66;16.765;16.535;16.69;5956176
16.6;16.67;16.4;16.58;5889240
16.43;16.54;16.165;16.49;7138891
16.69;17;16.665;17;10065679
17.2;17.32;17.11;17.25;9513239
17.245;17.425;17.2;17.28;6499490
17.39;17.6;17.3;17.575;7932270
17.6;17.6;17.25;17.415;7390058
17.28;17.5;16.865;17.03;12193027
16.815;16.995;16.51;16.775;9779153
16.96;17.185;16.875;17.16;7460822
17.25;17.25;16.7;16.765;7342044
16.745;16.965;16.21;16.41;9472044
16.42;16.54;16.25;16.48;6846330
16.73;16.74;16.48;16.685;6522368
16.63;16.715;15.63;15.63;12359209
15.46;15.5;14.705;15.145;20958249
15.21;15.515;14.865;15.455;10407488
15.615;15.7;14.97;15.1;13974937
14.62;15.04;14.525;14.9;7851323
15.04;15.1;14.03;14.15;17157973
14;14.135;13.47;13.47;22875122
13.2;13.35;12.5;12.65;32035078
12.01;12.9;11.51;11.82;39798857
13.91;14.56;13;14.405;51430237
14.01;14.2;13.76;14.15;18472586
13.95;14.605;13.805;14.325;11646983
14.54;14.54;14.035;14.165;5538042
14;14.05;13.015;13.095;17556486
13;13.265;12.675;13.01;11285980
13.39;13.465;13.045;13.405;9496305
13.035;13.195;12.625;13.03;13854614
13.345;13.495;12.425;12.76;14895039
12.95;13.36;12.555;13.015;19477212
13.31;13.4;12.805;12.86;7142616
12.39;12.44;12.035;12.295;13295707
12.7;13.03;12.665;12.735;11253288
12.945;13.55;12.9;13.55;12050101
13.61;13.73;13.425;13.515;8784099
13.5;13.65;13.345;13.455;4061660
13.35;13.49;12.8;13.3;10484921
13.115;13.15;12.81;13.11;9640455
13.58;13.615;13.19;13.2;7444314
13.33;13.34;12.375;12.535;13019346
12.245;12.67;12.125;12.34;9869404
12.345;12.5;11.885;12.11;10107868
12.38;12.485;12.07;12.31;9577921
12.23;12.965;12.06;12.825;8883031
12.915;13.215;12.82;13.115;8079963
13.4;13.635;13.375;13.6;10380175
13.48;13.785;13.365;13.695;7379379
13.94;14.025;13.75;13.96;10078268
13.905;14.05;13.655;13.87;9623129
13.845;14.01;13.715;13.855;11223333
14.2;14.25;13.955;14.04;5893661
13.94;13.99;13.57;13.875;5425781
13.64;13.8;13.41;13.555;5510713
13.745;13.91;13.19;13.25;7338442
13.3;13.425;12.955;13.13;6059332
13.18;13.49;13.075;13.44;5406909
13.1;13.165;12.48;12.705;10230389
12.77;12.94;12.525;12.745;8008046
12.46;12.55;12.145;12.275;9213525
12.39;12.675;12.215;12.395;6784473
12.4;12.48;12.165;12.24;3859898
12.33;12.88;12.305;12.585;7467744
12.39;12.92;12.11;12.91;10466773
13.05;13.41;12.94;13.34;8877342
13.5;13.585;13.185;13.29;6147421
13.35;13.535;13.16;13.335;3916558
13.32;13.725;13.255;13.62;5640579
13.7;13.86;13.53;13.755;5974324
13.6;13.865;13.275;13.365;5699085
13.38;13.61;12.815;12.885;9789779
12.705;12.92;12.64;12.675;7382289
12.8;12.84;12.31;12.645;6431785
12.835;13;12.7;12.735;5425149
12.64;13.28;12.54;13.215;6718789
13.14;13.315;12.91;13.1;5585973
13.325;13.375;13.05;13.35;5344434
13.64;14.595;13.51;14.25;20560741
14.24;14.925;14.1;14.45;15417478
14.5;14.695;14.235;14.235;6796842
14.07;14.355;13.745;14.145;11518783
14.275;14.73;14.2;14.705;6228169
14.73;14.82;14.44;14.735;5199681
15.1;15.24;14.27;14.64;9260631
14.67;14.95;14.51;14.675;6004640
14.78;14.81;14.105;14.24;8652985
14.48;14.68;14.425;14.475;5955024
14.445;14.475;14.11;14.275;5360485
14.175;14.185;13.63;13.66;8201762
13.51;13.575;12.98;13.205;13898293
13.365;13.375;12.755;13.15;11074569
13.2;13.23;12.9;13.095;6046132
13.125;13.525;13.025;13.47;6870738
13.445;13.68;13.215;13.31;6821987
13.365;13.46;12.9;12.9;11298554
12.96;13.04;12.505;12.585;11240065
12.65;12.83;12.515;12.575;6478458
12.5;12.535;12.26;12.45;8168738
12.455;12.48;12.02;12.12;9906423
12.35;12.67;12.27;12.425;11184348
12.355;12.515;12.135;12.485;8201572
12.62;12.63;12.155;12.265;6214234
12.1;12.265;11.95;12.265;9524350
12.4;12.965;12.235;12.965;13550579
12.94;13.12;12.84;12.885;7177789
12.96;13.4;12.945;13.22;11134422
13.33;13.335;13.11;13.135;4072005
13.07;13.15;12.865;12.99;5416602
12.895;13.09;12.65;13.015;6397489
12.8;12.94;12.63;12.91;14197377
12.88;13.17;12.77;13.12;7897306
13.395;13.47;13.22;13.3;8667252
13.3;13.395;13.105;13.21;6989852
13.14;13.33;13.07;13.19;6141548
13.145;13.19;13;13.08;5644979
13.21;13.245;12.765;12.785;15103326
12.805;13.17;12.805;13.11;6176339
13.15;13.26;13.05;13.105;7800266
13.23;13.235;12.86;12.92;7110685
13.06;13.07;12.49;12.69;8021655
12.66;13.125;12.52;13.075;8638468
13.14;13.195;12.75;12.8;9364756
12.75;12.955;12.605;12.835;7547721
12.98;13.265;12.82;13.02;15042061
12.855;13.195;12.79;12.825;10639356
12.86;13.06;12.645;12.725;8670571
12.61;12.675;12.43;12.49;8444702
12.38;12.92;12.35;12.8;9612747
12.675;13.17;12.67;13.11;13592882
13.01;13.415;12.905;13.345;13041619
13.15;13.525;13.15;13.45;8698659
13.365;13.575;13.365;13.54;6367018
13.21;13.43;13.17;13.34;8312054
13.38;13.88;13.38;13.78;10337160
13.73;14.095;13.73;13.93;11676038
13.82;14.03;13.425;13.73;13378262
13.49;13.88;13.49;13.84;5402475
13.62;13.9;13.6;13.67;8678825
13.51;13.835;13.5;13.77;6426807
13.5;13.78;13.45;13.6;12759559
13.45;13.61;13.26;13.335;11731161
13.36;13.445;13.22;13.35;7185974
13.18;13.43;13.17;13.36;6456110
13.2;13.41;13.105;13.15;8011773
13.225;13.315;13.11;13.2;7153199
13.205;13.24;13.075;13.08;6044693
13.24;13.34;13.03;13.11;6292213
13.085;13.31;13.055;13.2;5505826
13.28;13.38;13.05;13.07;8456409
13.35;13.57;13.27;13.44;14382807
13.57;13.85;13.52;13.72;12556540
13.705;13.755;13.5;13.575;5608617
13.57;13.865;13.55;13.765;6470306
13.725;13.845;13.29;13.4;9077346
13.545;13.61;13.16;13.255;7636604
13.07;13.4;12.86;13.24;8561668
13.305;13.65;13.295;13.54;8259641
13.445;13.47;12.85;12.87;14773137
12.8;12.9;12.65;12.73;14424304
12.89;13.025;12.78;12.935;9086402
12.98;12.99;12.63;12.835;7768596
12.98;13.025;12.54;12.605;7036870
12.51;12.58;12.135;12.16;12185981
12.235;12.275;11.98;12.1;10647688
12.175;12.2;12;12.135;5182752
12.055;12.1;11.615;11.885;13137609
12.025;12.14;11.47;11.47;16820788
11.5;11.62;10.88;11.06;22821568
11.23;11.555;11.17;11.42;13419981
11.62;11.88;11.435;11.815;14247099
11.85;11.925;11.615;11.74;7766599
11.8;11.81;11.56;11.675;5145852
11.7;12.09;11.7;11.905;9927187
11.84;12.4;11.81;12.27;12754812
12.49;12.95;12.425;12.83;22713831
12.92;12.935;12.57;12.695;9830425
12.825;13.015;12.76;12.85;9245808
12.85;12.9;12.6;12.825;8493265
12.735;12.785;12.515;12.655;7985864
12.605;12.8;12.525;12.73;6620878
12.77;12.8;12.46;12.645;11657592
12.59;13.02;12.5;12.78;9148835
12.915;12.965;12.75;12.91;5680447
12.805;12.98;12.79;12.86;4915021
12.91;12.925;12.665;12.89;3907462
12.865;12.865;12.74;12.83;603522
12.8;12.815;12.54;12.68;2809252
12.68;12.78;12.65;12.655;1986210
12.675;12.775;12.615;12.69;3026100
12.74;12.755;12.5;12.585;3469233
12.65;12.65;12.45;12.45;901858
12.625;12.88;12.53;12.83;4687363
12.87;13.23;12.845;13.075;8996652
13.035;13.24;12.8;13.24;8540869
13.25;13.9;13.19;13.5;15865006
13.485;13.54;13.12;13.205;10774707
13.18;13.18;12.725;12.755;12780836
12.92;13.065;12.63;12.975;10503262
13.06;13.73;13.02;13.67;13806107
13.695;14.345;13.66;14.3;26568636
14.15;14.595;14.125;14.54;11330387
14.5;14.68;14.32;14.5;8071154
14.515;14.885;14.5;14.75;12183944
14.79;14.89;14.23;14.27;12640289
14.205;14.89;14.06;14.7;17372889
14.85;15.175;14.79;14.95;16451962
14.955;15.165;14.85;15.12;7835952
15.245;15.38;15.015;15.15;12600997
15.25;15.435;15.16;15.345;8464972
15.27;15.72;15.02;15.555;13012078
15.45;16.115;15.335;15.39;17311874
15.245;15.515;14.92;15.46;15071497
15.58;15.725;15.205;15.645;12267001
15.7;15.83;15.375;15.61;12344005
15.525;15.57;15.2;15.385;10022457
15.42;15.73;15.37;15.56;8997097
15.645;15.935;15.605;15.88;9554387
15.875;16.16;15.83;16.11;9957348
16.01;16.15;15.71;15.875;11078455
15.81;15.85;15.41;15.75;10001577
15.7;15.76;15.28;15.645;11746047
15.695;15.79;15.33;15.45;8648064
15.365;15.7;15.3;15.585;5992644
15.565;16.1;15.5;15.925;11685904
15.7;15.98;15.21;15.4;19724568
15.48;15.555;15.165;15.52;12306361
15.52;15.52;14.895;14.965;11479294
14.86;15.02;14.65;14.845;10634930
14.825;15.19;14.76;14.825;9232445
14.675;14.895;14.455;14.745;11204963
14.925;15.225;14.8;15.04;8512774
15.04;15.39;14.93;15.22;7215703
15.38;15.43;14.97;15.035;9299691
14.9;14.96;14.55;14.705;10644986
14.88;15.085;14.69;14.945;10471695
14.995;15.415;14.94;15.01;11660680
14.915;15.24;14.79;14.845;7836074
14.95;15.315;14.94;15.225;11278168
15.23;15.34;15.03;15.11;7428476
14.93;15.05;14.73;14.915;9742349
14.71;14.84;14.48;14.61;11379927
14.255;14.72;14.105;14.125;17675968
13.81;13.925;13.455;13.695;21929451
13.82;13.885;13.26;13.33;17145075
13.39;14.05;13.37;13.945;17396159
14.01;14.265;13.85;14.01;17206703
14.23;14.55;14.085;14.525;11523289
14.625;14.77;14.38;14.495;9360072
14.38;14.56;14.34;14.535;5764477
14.52;14.8;14.37;14.725;7440424
14.815;14.84;14.62;14.68;5261395
14.625;14.96;14.575;14.75;5419630
14.82;14.835;14.54;14.735;5932383
14.935;15.02;14.79;15.01;8663468
15.045;15.105;14.73;14.745;8621228
14.935;15.26;14.895;15.21;9891301
15.19;15.35;15.09;15.145;5210072
15.11;15.175;14.94;15.035;5879367
15.2;15.585;15.075;15.42;11561189
15.5;15.78;15.465;15.555;10219324
15.63;15.965;15.615;15.85;8466720
15.965;15.965;15.615;15.775;6136031
15.565;15.705;15.46;15.55;7500426
15.65;15.84;15.385;15.69;6558418
15.555;15.595;15.265;15.42;6996304
15.465;15.485;15.205;15.32;7558112
15.275;15.295;14.285;14.44;20745490
14.54;14.73;14.28;14.625;9263204
14.8;14.975;14.73;14.93;8116064
15.025;15.28;14.95;15.105;7100038
15.1;15.375;15.03;15.325;6440867
15.405;15.58;15.245;15.515;7601812
15.7;15.83;15.58;15.69;10567350
15.125;15.21;15.01;15.15;7296273
15.31;15.35;15.14;15.16;3868358
15.3;15.3;15.05;15.215;6138095
15.41;15.41;14.935;14.995;11010480
14.98;15.055;14.78;15.025;10197490
15.07;15.265;14.92;15.19;7798072
15.02;15.155;14.59;14.655;10550837
14.715;15.075;14.525;14.925;10806352
15;15.12;14.865;15.05;6886796
14.825;14.94;14.66;14.795;8811610
14.89;14.9;14.56;14.62;7234586
14.505;14.64;14.41;14.55;8103129
14.49;14.68;14.31;14.32;7533836
14.455;14.63;14.375;14.47;6660482
14.675;14.965;14.43;14.835;12577244
14.905;15.12;14.64;14.69;9126825
14.465;14.53;14.265;14.34;9527041
14.375;14.53;14.28;14.305;6235579
14.16;14.59;14.125;14.565;8532977
14.7;14.93;14.445;14.54;8611557
14.745;14.875;14.555;14.605;8540791
14.57;14.66;14.445;14.53;2401115
14.675;14.865;14.66;14.84;8957081
15.15;15.375;15.02;15.055;16394414
14.9;14.915;14.665;14.665;9333705
14.75;14.785;14.46;14.75;7957559
14.655;14.72;14.325;14.45;7860951
14.435;14.78;14.36;14.68;7781273
14.64;14.8;14.43;14.595;8526306
14.565;14.94;14.565;14.92;10237693
14.965;15.11;14.645;14.71;10233696
14.695;14.82;14.63;14.735;3801649
14.935;15.22;14.84;15.14;11425894
15.09;15.27;15;15.145;11488771
15;15;14.535;14.815;18191929
14.75;15.295;14.645;15.2;20365097
14.91;15.05;14.84;15;7786903
15.23;15.395;15.095;15.375;7568921
15.38;15.45;15.18;15.26;7099496
15.195;15.27;14.77;14.88;9690281
15.14;15.16;14.44;14.515;11053108
14.5;14.72;14.43;14.615;6680900
14.69;14.98;14.61;14.895;7767440
15.025;15.31;14.965;15.26;11757773
15.35;15.69;15.31;15.67;11269180
15.62;15.935;15.59;15.845;8762704
15.875;15.88;15.655;15.77;4973357
15.755;15.9;15.605;15.61;7861241
15.64;15.64;15.305;15.505;8391477
15.61;15.9;15.45;15.65;9560055
15.685;15.87;15.155;15.245;11620391
15.02;15.11;14.105;14.24;21329700
13.875;14.14;13.4;14.015;21182324
13.945;14.2;13.815;14.02;12271213
13.81;14.12;13.745;13.925;9263551
13.775;13.81;13.51;13.62;11657217
13.46;13.47;12.8;12.885;15883115
13.005;13.41;12.985;13.14;10604403
13.3;13.69;13.135;13.645;11970733
13.625;14.585;13.455;14.41;18043473
14.73;14.84;14.24;14.335;10573740
14.135;14.2;13.625;13.705;13524366
13.72;13.895;13.445;13.73;6876317
13.55;13.665;13.25;13.44;9640153
13.335;13.645;13.205;13.455;9305839
13.215;13.265;12.825;13.11;16018859
13.68;13.725;12.74;12.805;13591156
12.685;12.91;12.4;12.4;10615981
12.2;12.635;11.895;12.03;15312283
12.75;12.75;11.64;11.71;18146140
11.16;12.16;11.115;11.555;20977610
11.565;12.16;10.99;10.99;20948846
11.03;11.425;10.565;11.235;26607399
11.495;11.6;9.828;10.04;31744498
10.52;10.685;9.27;10.43;35828395
10.6;10.955;10.06;10.915;18220639
11.065;11.425;10.97;11.24;9389293
11.155;11.24;10.835;11.22;8594554
11.125;11.66;10.98;11.36;9088161