46;47.1;46;46.25;1837202
45.68;45.75;44.7;44.98;3169240
44.4;44.98;43.5;44;2393654
44;44.1;42.5;42.5;3263246
42.75;43.45;42.6;43.02;2934156
43.75;44.4;43.28;43.3;2849418
43.72;43.72;41.6;41.7;4688272
41.5;42.28;41.22;42.1;3240374
42;42.62;41.9;41.92;2911220
42.2;43.1;41.75;42.75;2442104
43.1;43.25;42.38;42.38;2357192
42.58;42.68;41.2;41.25;2534354
41.15;42.22;40.78;42.18;2520636
41.95;42.38;41;41.08;4224332
41.02;41.08;40.05;40.3;4216552
40.3;41.42;40.28;40.65;2885652
40.28;40.6;39.8;40.03;2917600
40;40.35;39.5;39.9;2050050
40.2;40.9;40.02;40.38;2495136
40.9;41.48;40.6;41.48;2181502
40.78;41.48;40.3;40.62;1949898
40.88;41.35;40.55;40.85;2141178
41;41.22;40.05;40.2;2402014
40;40.5;39.65;40.08;3714138
40;40.25;39.7;39.97;2571978
40;40;38.62;38.85;3696968
39.35;39.35;38.38;38.92;2867924
39;39.02;37.65;37.88;3843182
37.65;38.82;37.62;37.78;3305880
38;39.9;37.88;39.18;3965316
39.25;39.25;38.25;39;2646306
38.4;39.1;38.05;38.75;2301396
38.85;39.75;38.52;39.65;3042478
39.8;43.4;39.6;42.1;9005594
42.5;42.5;41.15;41.68;3578466
41.3;41.42;40.32;40.72;1927302
40.75;40.8;39.52;40.05;2934494
40.8;41.45;40.35;41.02;2440182
41.02;43.02;41.02;41.6;3218444
42.2;42.2;40.88;41.15;6772678
40.75;41;39.6;40.6;3800966
40.6;41.65;40.3;41;3509628
41.5;41.9;40.35;41.9;2214848
41.85;41.85;40.28;41.42;2407410
41.85;43.3;41.58;43.15;6214890
43.5;45.12;43.5;44.9;5767050
45.48;46.12;44.85;45.12;7946352
44.5;44.52;43.5;44;3247794
44.45;44.9;42.05;42.52;3813230
42.75;42.95;41.52;42.55;2723356
42.3;42.35;41.02;41.7;2478292
41.5;42.15;40.9;41.75;2261754
40.8;42.55;40.8;42.05;3726938
42.7;43.25;42.48;42.85;3380910
43.95;44.15;42;42.5;5062624
42.25;42.98;42.08;42.3;1507528
42.25;43.35;42.02;42.25;2644884
42.5;42.75;41.5;42.12;3517458
41.95;42.25;41.42;41.75;2457494
43;43;41.55;41.75;2619854
41.55;42.4;41.18;42.28;1715000
41.9;42.55;41.55;42;3256882
41.75;42.2;41.55;41.78;2198744
41.75;41.8;41.12;41.8;4582732
41.95;42;40.75;41.25;2999730
42.15;42.6;41.4;41.88;4767066
42.68;45.5;42.5;45.35;8662646
44.8;45.2;43.1;44.05;4694748
44.32;44.42;43.32;44.4;2893708
44.38;44.38;43.42;43.85;1702776
43.98;44.88;43.6;44.5;1914086
44.7;45.98;43.9;45.42;3687134
45.25;46;44.55;44.8;2289148
44.52;46.3;44.52;46;4143550
45.28;46.38;45.1;45.85;3846310
44.02;44.35;43.05;44.02;4348238
44.38;44.45;42.88;44.1;2227964
44.45;44.65;42.85;43.72;2740982
43.25;44.25;43;43.75;1800698
44.25;45.5;43.65;45.4;2192540
45;45.48;44.1;45.42;4567678
45;45.2;44.1;44.68;2793698
45.25;45.25;43.88;44.45;2238746
44.62;45.4;44.62;44.98;2521292
45;45.25;44.55;44.75;2382892
44.75;44.98;44.18;44.75;1542770
44.75;44.9;44.28;44.62;1503510
44.75;45.25;44.62;44.62;1115184
44.55;45.15;44.55;44.88;1994718
45;46.8;44.48;45.7;6968302
45.98;47.58;45.55;47.22;5827766
47.58;48.78;47.1;48.05;4205320
47.88;48.52;47.6;48;2178644
48.48;49.9;48.3;49.38;3400940
49.38;49.38;48.38;48.82;3556934
49;49;47.8;48.05;2162652
48.3;49.15;47.5;48.1;3577986
47.65;48.12;46.55;47.4;2568826
47.15;47.65;46.68;47.42;6173418
46.65;47.5;46.65;47.22;3679426
47.5;48.35;47.1;48;2685542
46.8;47.1;45.9;46.7;3542026
46.98;48.12;46.35;47.72;1595458
47.15;48.38;47.15;47.78;2766066
48.28;48.5;47.28;48.38;3355620
47.8;49.38;47.8;48.9;1528634
49.08;50.35;48.75;49.35;2583798
49.5;50.85;49.5;50.2;3416556
50.2;50.5;49.55;49.68;4035544
49.7;50.5;49.68;50.15;2190180
49.85;50.45;49.12;49.65;2258646
49.5;49.75;49.02;49.5;1027942
49.05;50.35;48.55;49.6;3294698
50.3;51.45;49.75;51.05;4374274
51.25;51.85;50.2;50.8;3253156
50.9;51.15;48.7;49.1;3874432
48.6;49.5;48.08;49.45;2888738
49.95;50.3;49.4;49.4;2975438
49.3;49.75;48.58;48.75;4940788
49.25;49.25;47.92;48.4;1599370
48.2;48.6;47.68;48.12;9037214
48.18;49.6;48.1;48.75;1677542
49.05;49.35;47.55;47.55;2230516
48.5;50.35;48.25;50;3194310
50.4;51.05;49.75;50.75;4015992
50.75;51.2;50.35;50.4;2021478
50.7;51.5;50.15;51.5;1991172
51.5;52.2;51.05;51.1;2584678
51.1;52.4;51.1;51.95;3525858
51.4;52.5;50.95;52.5;2551194
52.45;52.95;51.7;52.7;1826032
52.35;53.5;52.35;53.5;1653624
53.5;53.5;52.55;52.95;1111902
53;53;51.3;51.8;2140666
52;52;50.25;50.5;2682408
51.2;51.95;50.4;51.25;2295176
51.4;51.9;50.9;51.2;1831958
51.7;51.85;50.75;51.6;1294294
51.7;52.5;51.25;52.2;1519486
52.5;52.7;50.9;51.3;1829556
51.7;51.9;51;51.1;3255788
51.5;52.45;51.25;51.8;2131458
52;52.75;52;52.25;2548732
52.5;53.2;52.05;52.1;4206026
52.75;53.1;52.1;52.6;2604000
52.75;53.3;52.1;53.25;1282706
52.8;53.4;52.75;53.15;1055712
53.25;54.7;53.05;54;3387960
54;54.1;51.6;51.65;2629854
52.25;53.5;52.25;53.1;1782484
53.75;53.75;52.75;53.05;1832518
53.45;54.15;53;54;3094444
54;54.75;53.5;54;2468304
54.3;54.45;52.5;52.95;2166704
52.3;53.25;52.25;52.95;1367698
53.45;53.6;52.8;53.35;534470
53.6;54.15;53.25;53.65;1446982
54.35;54.75;53.9;54.65;1252760
54.6;54.6;53.65;54.15;930780
54.55;54.55;53.45;53.9;1265060
53.5;54.5;53.5;54.4;1260362
54.7;55;54.1;54.75;2146882
55;55;54.1;54.5;2128312
54.25;54.5;53.85;54.1;1752720
54.25;54.45;53.35;53.75;1982654
54;54.2;52.95;53.45;1408836
53.55;53.95;52.75;53.4;5453310
53.4;53.5;52.15;52.45;2481282
52.25;52.6;51;51.75;2773044
52.25;52.35;51.35;51.85;2523468
52.3;52.85;51.6;51.6;2304352
52.15;52.4;51.6;52.25;2335728
52.7;53.75;51.85;52.15;4594964
52.45;52.65;51.4;52.4;2865842
52.65;53.2;51.65;51.75;1824374
52.15;52.9;51.75;52.85;2373800
52.9;53.2;52.35;52.8;2219262
53;53.05;51.3;52;2668462
52.05;52.1;51;51.2;3434236
51.2;51.45;50.55;51.25;4277092
50.85;50.95;49.75;50.8;2983682
50.5;50.75;50;50.7;1976688
50.75;50.9;49.75;49.88;2153860
50.15;50.25;47.52;48.6;4181534
48.65;48.65;47.35;47.55;5134004
48.15;48.82;47.75;48.8;3011188
48.9;50;48.35;49.85;2920120
49.88;50.85;49.52;49.88;2876878
50.45;50.45;49.65;50;2427464
50.45;50.7;49.55;49.95;3160468
49.08;51.2;49.08;51.05;1593126
50.95;50.95;49.12;49.5;2128790
49.92;50.45;49.52;49.98;2235214
49.85;50.65;49.78;49.88;2706934
50.05;50.6;49.38;50.15;2600314
49.7;49.85;48.2;48.25;2353908
48.9;49;47.75;47.8;2569528
47.5;47.5;43.5;44.5;7805632
45.18;46.88;43.78;44.9;4817234
44.22;45.65;43.75;45.6;3454542
46.45;46.45;45.52;45.52;2384128
46.2;47.35;45.75;46.4;2727488
46.4;46.5;45.05;46.02;1921446
46.5;47.15;45.72;46.6;2251296
47;47.45;46;46.5;2950698
46.7;47.45;46.52;47.1;1374424
47.45;48.5;47.1;48.25;3419370
48.6;48.75;48.02;48.32;1867784
48;48.2;47;47.32;2449932
47.38;47.75;46.85;47;2639472
46.95;48.5;46.55;48.32;2076478
48.92;51;48.7;50.8;4470874
51;51.2;50;50.7;1286432
50.7;51.35;50.25;51.1;2235370
51.4;51.4;50.15;50.75;1761524
51;51;49.8;50;2079666
50.5;50.5;49.75;50;1581856
50.6;50.85;50.25;50.5;2843772
50.8;51;50.05;50.4;1633112
50.4;50.7;49.25;49.42;1812866
49.72;49.72;48.65;49.3;1663868
49.2;49.7;48.32;49.52;2265410
49.75;49.95;48.85;49.35;2218954
48.75;48.75;46.1;46.5;10397814
46.5;47.15;45.65;46.42;6077170
46.68;46.68;45.42;45.98;3227810
46;46.25;45.1;46.1;3319310
45.98;46.15;43.78;44.15;5087816
44.7;44.92;43.05;44.48;4223484
44.72;45.95;44.28;45.52;2523058
45.95;46.38;45.5;45.55;2443286
45.92;45.95;45.05;45.2;1700226
45.5;45.5;43.9;45.2;3780516
45.4;45.4;44.05;44.4;2906610
45;45.45;44.22;45.25;2559304
45.92;45.92;44.05;44.25;2256206
45;45.22;44.12;44.78;4023912
45.72;46.48;45.32;45.38;3477578
45.35;46.42;45.05;46.32;1923228
46.42;47.48;45.95;45.95;2989960
46.25;48.25;46.25;47.68;3493230
47.6;48.9;47.55;48.2;4043002
48.7;48.72;47.6;47.92;1777982
46.58;46.9;45.42;46;4599214
46;46.88;45.25;46.88;5123084
47;47.6;46.3;46.42;2701012
46.38;47.62;46.25;47.3;3246806
47;47.08;44.5;44.95;4386870
45;46;44.15;45;3313862
45.72;45.75;44.65;45.5;1833302
45.95;46.5;45.6;45.8;1567780
46.25;46.55;45.78;46.25;1270952
46.5;47.02;46.1;46.75;1378424
47.25;47.8;46.28;46.6;1476738
46.75;46.75;45;45.7;2499642
46.95;47.5;46.7;47.3;5403804
47.45;48.72;47.32;47.82;4326430
47.55;48.45;47.22;47.5;2299202
47.75;48.25;47.52;47.55;2325274
47.78;48.28;47.4;48.1;2590180
48;50;47.7;49.5;4987412
49.55;51.25;49.55;50.45;4864698
50.2;50.5;49.82;50.25;1826424
49.78;50.15;49.4;49.9;2867656
50;50.5;49.6;50.15;4761846
50.3;50.3;49.05;49.48;2913480
49.68;50;47.7;48.2;4411488
48.5;49.75;47.78;49.65;2482280
48.75;49.5;48.6;49.35;2587476
49.58;49.85;48.82;49.25;1892816
49.25;49.85;48.3;48.42;3824734
47.8;48.95;47.8;48.55;1837280
48.6;49.1;48.05;48.38;1619838
48.75;49.5;48.5;49.48;2022870
49.58;49.75;48.78;49.7;2422482
49.15;49.5;48.62;48.9;2523786
49.25;49.25;48.35;48.75;1451142
48.15;48.88;47.8;48.15;2149102
47.88;48.38;47.6;48.08;2075166
48.25;48.35;47.75;48;1875646
47.88;48.35;47.88;48.02;936608
48.2;48.48;47.7;48.48;1623960
48.12;48.85;48.12;48.55;1813494
48.9;49.18;48.4;49;1736976
49;49.22;48.52;48.58;1398896
48.18;48.42;47.55;47.88;2880632
47.98;48;46.65;46.7;2934146
46.55;47.3;46.55;46.9;772666
47.25;47.75;46.78;46.85;2236302
46.65;46.85;45.68;45.92;4313268
45.28;45.85;44.22;44.3;3898122
44.5;45.05;43.32;43.85;3086590
44.22;44.7;43.92;44.15;12200644
44.48;45.12;44.15;44.82;3050688
44.82;45.52;44.25;44.4;2508142
44.28;44.8;43.32;44;2841772
43.72;44.2;42.4;42.78;3261956
43;43.8;42.65;43.7;2583632
44;44.38;43.6;43.8;2351868
44.5;45.98;44.32;45.92;6034564
46.5;48.12;46.48;47.5;5885168
47.5;48.12;46.65;46.95;2804454
46.55;46.65;45.65;45.7;2562918
44.82;46;44.68;45.5;2576404
46;46;43.32;44.3;4119360
44.5;45.25;43.6;45.25;2556194
45.4;45.48;44.28;44.7;2062710
44.75;45.42;43.92;44.58;1663908
45;45.7;44.75;45.65;2653002
45.25;45.42;43.95;44.6;3056084
44.25;44.35;41.78;42.5;5330006
43;43.78;42.75;43.62;3342988
44;45.08;43.85;44.8;3374572
44.75;46.95;44.5;46.68;4731680
46.75;47.2;46;46.2;3191786
46.35;47.05;45.08;46.92;3733468
46.92;48.18;46.88;47.65;6840714
48;48;46.98;47.88;2727400
47.5;47.5;45.8;46.35;3512650
46.25;46.92;45.08;46.75;3633792
47;47.7;46.5;47.42;2846422
47.58;47.68;46.75;47.25;2158430
47.1;47.5;46.52;47.15;2539238
47.02;47.95;47.02;47.8;2771274
47.92;48.75;47.58;48.52;6691262
48.5;48.6;48;48.6;4316672
48;48.5;47.62;48.4;1527474
48.48;49.58;48.48;49.1;3299872
49.25;50.2;48.78;50.15;7974136
50;50.4;49.22;49.5;3524578
49.5;49.55;48.42;48.65;2643608
48.4;49.22;48;48.5;2761176
48.3;49;48;48.65;2981164
48.3;49.6;48.3;49.45;4784404
49.5;50.2;48.68;49.95;5047092
49.8;50.1;49.58;50.1;2456092
50.1;50.2;48.92;49;5056726
49.45;49.48;48.32;48.38;3137456
48.25;48.8;47.25;48.25;7470594
47.85;48.45;47.4;48.05;2384810
47.5;47.98;47.28;47.95;2073216
47.5;47.75;47.08;47.52;2681978
48.45;50.1;48.3;49.9;8576310
49.75;50.1;49.3;50;2448472
50.25;50.25;49.3;49.82;3889800
49.6;50.7;49.6;50.45;7993150
50.5;51.55;49.85;51.5;6161634
51.5;52.5;51.3;52.2;12764476
51.95;52.4;51.15;51.5;6653760
51.1;52.5;51.1;52.4;3208826
52.25;53.15;52.25;52.5;4443620
52.5;52.75;52;52.45;2957058
52.45;52.55;52.05;52.55;1508416
52.15;52.4;51.55;51.65;2013704
51.5;52;51.3;51.5;1333760
51.45;51.95;51.15;51.5;2446132
51.35;51.6;50.9;51.4;10895726
51;51.4;50.75;51.25;2968332
51.25;51.7;50.6;51.1;3115966
51.5;51.7;51.05;51.6;5524524
51.75;51.9;51.4;51.9;3943238
51.55;52.15;51.35;51.95;3816642
52;52.8;52;52.1;3525436
51.25;51.45;50.45;50.5;3373880
50.25;50.75;49.6;49.8;3547616
49.8;50.95;49.8;50.95;2499548
50.3;50.9;50.15;50.6;3489282
50.2;50.45;49.55;50;3826882
49.75;50;49.3;49.3;2930400
49.4;50.15;49.4;49.8;3798104
49.55;49.75;49.12;49.7;2735726
50;50.35;49.68;50.1;2176650
50.35;51.05;50.15;50.85;3233196
50.85;51.55;50.75;51.5;2877638
51.7;51.7;50;51.15;6725588
51.25;51.45;50.85;51.2;2806532
51.25;52.2;50.65;52.2;4844678
52.25;52.3;51.25;51.4;4575800
51.45;52.8;51.15;52.4;4236984
51.8;52.8;51.8;52.05;4835014
52.4;52.4;51.35;52.2;2625526
51.65;51.95;51.35;51.95;5027080
51.45;51.45;49.9;50.2;7075466
49.8;50.7;49.55;50.5;3020878
50.5;51.1;49.92;50.25;3391030
49.5;49.95;49.05;49.2;4697366
49.75;50.5;49.55;49.95;9302946
50;50.4;49.65;50;1912236
50.2;50.25;49.6;49.9;1647530
49.5;49.82;49.18;49.65;2338002
49.75;49.98;48.25;48.5;6229076
47.82;49.05;47.82;49;3543948
48.92;49;48.28;48.75;2513018
48.38;49.22;48.32;48.72;2185316
48.7;49.08;48.28;48.5;1890760
48.62;48.95;47.78;47.95;2456070
48.4;48.4;47.58;47.8;5280006
47.78;48.5;47.7;48.35;4154412
48.28;49.35;48.02;49.25;2211682
48.78;49.9;48.78;49.65;3086420
49.4;50.15;49.4;49.7;1709748
49.9;50.65;49.7;50;3841904
49.75;50.75;49.5;50.3;2261016
50.3;50.3;49.82;50.05;2080778
49.8;50.45;49.6;50.25;1222564
49.95;50.5;49.82;50.3;1147416
49.75;50.2;49.68;50.05;2997244
50.15;50.6;49.35;49.5;2310420
49.95;50.2;49.4;49.7;1707208
49.95;50.95;49.8;50.55;2528298
50.5;51.3;50.35;50.9;1990144
50.75;51.15;50.45;50.95;1896702
51.15;51.3;50;50.35;2528728
50.25;50.7;49.7;50.4;1570440
50.35;50.45;49.9;50.4;2250906
50.05;51.15;49.95;50.6;2433108
50.75;51.7;50.7;51.2;4504200
51.45;51.9;51.2;51.75;3478388
51.85;52.05;51.75;51.95;3105992
52;52.1;50.55;51;4177706
50.6;50.8;50.2;50.6;8782050
50.4;50.85;49.62;49.82;3896344
49.9;50.5;49.18;50.5;3491182
50.65;50.65;49.32;49.65;1894132
49.75;50.25;49.52;49.65;3138476
50.3;50.9;49.7;50.2;5001282
50.8;51.15;50;50.05;5147712
50.05;50.35;49.2;49.4;5233662
49.4;49.75;48.02;48.8;5528222
49.35;49.68;44.5;44.5;5919774
42.5;46.25;42.3;46.12;8920582
46.12;46.7;45.35;46;3265570
46.22;46.68;43.85;44.65;5481290
44;44.9;42.68;44.55;9403804
44.15;44.45;42.35;43.1;9965542
43;43.6;41.52;41.62;5101974
41.62;41.88;39.1;39.4;8483222
38.75;39.5;36.4;37.95;10658172
38.62;40.6;38.62;40.38;7039772
40.45;42.72;39.95;42.55;6410082
42.5;43.82;41.85;43.5;5546924
43.42;44.18;42.65;44.18;3919234
44.5;45.72;44.25;44.9;7246470
44.8;45.32;44.5;44.55;3915870
44.85;45.82;44;45.65;4648712
45.75;45.75;44.85;45.02;3642278
45.75;46.65;45.65;46.58;5019936
46.25;46.7;45.92;46.52;3395030
46.05;46.4;45.38;46.1;2951144
45.55;46.28;45.1;45.78;2816834
45.58;46.55;45.55;46.4;3550010
46.5;47.7;46.5;46.82;6172634
47.32;47.5;46.65;47.25;3931260
47.02;47.2;45.55;45.8;3692122
45.98;46.5;45.35;45.5;3537648
45.8;46.8;45.8;46.48;2660512
45.9;46.42;45.55;46.05;2739366
46.25;46.58;45.28;45.58;3367200
45.58;46;45.05;45.85;2557182
45.6;46.7;45.6;46.5;3580832
46.42;46.8;46.05;46.68;3898798
46.68;46.82;45.65;46.3;2735206
46.62;46.72;46.22;46.68;2484568
46.95;46.95;46.12;46.3;1749416
45.9;46;45.25;45.7;2979948
45.92;46.55;45.15;46.2;2670542
46.35;46.6;45.68;46.18;1817038
45.8;46.92;45.8;46.85;2305930
46.9;47.8;46.9;47.6;4308796
47.8;48.1;47.5;47.58;2500518
47.92;48.2;47.2;48.15;2976990
48.32;48.92;48.02;48.7;3948778
48.42;48.72;48.1;48.32;1769006
48.32;48.42;46.28;47.4;2372526
47.75;48.6;47.72;48.5;2663562
48.75;50.15;48.75;49.58;7669990
49.98;50.3;49.3;49.82;3914920
49.95;49.95;49.02;49.25;2892800
49.45;49.92;49.18;49.58;3718430
49.8;49.8;48.82;49.6;3492028
49.72;49.8;49.35;49.78;4346798
49.82;50.5;49.6;50.35;2661626
50.4;50.5;49.6;49.68;2362932
49.88;50.2;49.8;50;3306614
50.2;50.2;49.15;49.35;2605474
49.4;49.68;48.85;49.08;2584814
49;49.28;48.52;49.25;3416034
49.5;49.5;48.78;49;2541922
48.75;49.05;48.48;48.65;2150530
48.75;48.95;48.5;48.8;2700072
49.02;50.15;49.02;50.15;3978674
50.1;50.65;49.8;50.25;4204638
49.9;50.25;49.9;50.1;3101088
49.7;49.92;49.35;49.4;2453840
49.35;49.98;49.18;49.8;2039068
50;50;49.4;49.5;2275520
49.75;49.9;48.5;48.5;3887722
48.28;49.08;48.02;48.02;2872388
48.45;49.68;48.05;49.68;2810848
49.38;50.1;49.15;49.85;4167766
49.92;50.05;49.4;49.78;2853588
49.72;49.98;49.18;49.4;2855580
49.1;50;49;49.98;3480246
50;50;49.72;49.95;325754
50;50.15;49.9;50.15;2635464
50.25;50.4;50;50.25;2256024
50.2;50.45;49.78;50.15;1959054
50.5;50.7;50.25;50.65;3711636
50.95;51.7;50.65;51.05;4292586
51.4;51.75;50.9;50.9;2793056
51.25;52;51;51;5001526
51.45;52.2;51.4;52.1;5859126
52.15;52.4;51.45;51.85;4174280
52.3;52.55;51.85;52.3;3694534
52.35;52.35;51.7;51.8;3989802
52;52.35;51.1;51.65;10288962
51.95;52.1;50.8;51.05;3788460
51.3;53.25;50.9;53.05;5330160
53.2;53.3;51.95;51.95;3752316
52.3;52.3;51.6;52;1852172
52.25;53.45;51.75;53.1;4025392
53.2;53.8;53.1;53.6;5303074
54;54.2;53.55;53.85;3287786
54.1;54.1;53.2;53.5;2800266
53.8;54.85;53.7;54.6;4103810
54.8;54.85;53.5;53.65;4062972
53.1;53.25;52.2;52.35;4222750
53.25;54.1;52.55;54;4789630
54.5;54.9;54.15;54.55;4028828
54.45;54.45;53.35;53.65;3122614
53.4;53.6;51.75;52.1;4084652
52.4;52.75;51.5;51.55;4155610
51.5;52.1;51.05;51.65;3668048
51.5;51.7;51.1;51.6;2648654
51.75;52.6;51.75;52.35;2966170
52.65;53;52.2;52.6;4559606
52.5;52.95;51.95;52.55;2301092
52.8;53.85;52.6;53.7;2847734
53.6;54.15;53.1;53.35;2524328
52.9;53.2;52.75;53.1;1256124
52.75;52.85;51.3;51.3;5487802
51;51.4;50.15;50.85;3308525
51.6;52.8;51.5;52.4;3214966
52.4;52.45;51.9;52.2;1958721
52.4;52.95;52.05;52.95;1731107
53;54.8;53;53.9;3956320
54.5;55.05;54.3;54.95;3431691
54.55;56.4;54.2;56.05;5396734
55.2;56.1;54.3;55.1;4806121
55.2;56.3;55.1;55.6;4337629
56;56.85;55.4;56.4;3249187
56.05;57.4;56;57.35;3838618
57.2;58.3;55.65;56;4391417
55.05;56;54.05;54.6;5073313
54.3;55.15;53.9;54.85;3374016
54.7;55;53.95;54.5;2752771
54.75;56;54.05;54.1;3776882
53.9;55.35;53.8;55.05;2287385
54.6;55.6;53.95;54.75;2801548
55;56.75;54.95;56.1;3012517
56.6;57.1;56.2;56.8;2610753
56.4;57.05;55.4;55.5;2760324
55.1;55.6;54.75;55.1;1855239
55.4;56;55.1;56;2112042
55.55;57;55.5;55.6;2368283
55.2;56.5;55.15;55.7;3169309
56.1;56.75;55.4;56.55;3782927
56.95;58;56.8;57.9;5069067
57.3;57.9;57;57.3;2596480
57.1;58;56.65;57.7;3006028
57.05;57.35;56.5;56.5;2579257
56.5;57.1;55.55;56.35;1708959
56.05;56.6;54.15;54.85;2542385
55.05;56.15;55.05;55.45;2109944
54.5;56.9;54.5;56.25;2942926
56.5;56.95;55.2;55.2;2513685
55.6;55.8;54.2;54.75;2698343
55;55.75;54.45;55.4;2050075
56;57.8;55.5;57.75;4185859
57.9;58.15;56.7;57.5;2527616
57.05;58.6;57.05;58.3;3138003
58;60.45;58;60;5776203
59.5;59.95;58.5;58.7;2873520
59.2;59.85;58.5;58.8;2560549
58.5;59.1;57.1;57.95;3621065
57.25;57.8;56.35;57.25;3111403
57.6;58.7;57.35;57.5;4846957
57.2;57.65;56.55;57.1;2958437
57;58.75;56.7;58;5181895
58.5;59.1;57.6;58.4;5011997
58.15;60;58;58.1;4537002
58.1;58.45;57.5;57.7;1511243
57.65;59.1;56.9;57.8;3869249
58.4;59.85;58.4;59.8;3115696
59.95;60.2;59.05;59.5;2234064
59.45;60.05;59.05;59.05;2139053
58.45;60.25;58.4;60.25;2191579
60.6;61.85;59.85;61.25;3997634
61.25;61.7;60.4;61.25;2824951
60.95;61.05;59.85;60.65;3244978
60.75;61.75;60.6;60.8;3472429
61.3;61.3;60.2;60.2;1472682
60.65;61.15;59.6;60.6;8507998
60.15;60.65;59.4;60;4165705
60.25;61.2;59.8;61;3701452
61.05;61.5;60.65;60.95;2582561
60.9;61.8;60.55;61;1753177
61.05;61.4;60.4;60.85;2264151
60.4;60.8;60;60.65;6756502
60.5;60.65;59.45;59.65;3305665
59.9;60.3;59.25;60.25;2386984
59.6;60.85;59.6;59.6;1412189
59.15;59.15;57;57;4096292
57.95;57.95;56.8;57.4;2986605
57.75;58.9;57.35;58;3267395
57;57.05;55.35;56.95;4858970
56.95;57.5;56;56.6;2252316
56.95;57.7;56.35;57.35;3039929
56.8;56.8;55.5;56.05;3484814
56.1;57.15;54.8;55.1;3745403
54.5;55;52.4;53.7;6256180
54.2;56.5;53.75;56.2;4134492
56.65;56.8;55.6;56.2;3395336
55.35;55.65;54.15;54.95;3211085
54.25;54.85;53.2;53.8;7181056
53.1;55.4;52.15;54.75;5109791
54.7;55.65;52.15;52.7;5472855
53.6;54.65;53.25;54.4;4261066
52;52.45;50.35;52.3;7877419
53.4;53.85;51.4;53.15;5201845
54.2;56;54;56;5289450
55.85;56.85;54.35;55.35;3479139
54.1;54.15;49.65;50;9912495
50;51.25;49.11;50.5;8296033
51.95;52.05;50.6;51.2;3956577
51.95;54.2;51.9;53.8;4299944
53.2;55.15;53.2;54.7;3451257
54.8;55.3;52.65;53.35;4536438
51.35;52.8;51.3;51.5;4794311
50;50.65;48.51;48.98;7006022
50.15;50.6;46.78;47.5;8550960
47.5;48.4;44.26;44.57;5272473
46.1;46.1;42.81;45.3;6727327
44.5;47.84;44.5;47.25;5898327
46.2;46.76;45.21;46.76;8904655
46.4;46.4;43.61;43.68;5740273
43.7;43.9;40.87;40.87;5149470
41.1;42.14;38.82;39.25;4785216
38.65;39.7;36.35;39.34;8474886
41.82;43.2;40.12;42.7;8837867
42;43.68;41.2;43.19;5218358
42.5;46.78;42.5;46.78;5179854
47.3;47.66;45.31;45.8;4270157
46.71;48.1;44.8;46.88;5496969
47.4;48;44.53;45.76;6035770
45.49;45.66;44.42;45.4;4678298
45.97;45.97;43.81;44;4437083
43.2;46.53;42.25;46.53;5196372
46.48;48.28;46.48;46.75;4644671
47.49;49.49;47.06;49.4;4660832
49.8;50.5;48.25;49.2;4449632
48.79;49.2;47.8;48.46;1845159
48.95;49.1;47.05;48.87;2605459
47.66;48.49;46.17;46.17;3593630
47.79;48.2;46.7;47.65;3690117
47.8;48.36;47.04;48.01;2542852
47.3;50.65;47.3;50.5;3116137
50.1;51.2;49.01;49.25;4193211
49.56;51.4;49.28;50.5;3085034
50.75;52.25;50.6;52.25;3167540
52.2;52.2;50.3;50.55;2894691
50.3;51.3;49.75;49.75;1722291
50.2;52.15;49.5;52.05;3185596
51.45;51.45;49.12;49.61;2954425
49.3;49.5;46.89;47.26;4061264
47.95;48.45;46.94;47.56;2826786
47;47.49;46.35;46.83;1425494
46.5;47.05;44.43;44.5;4232359
44;45.17;43.2;43.68;3920786
43.8;43.87;41.45;42.67;4261074
42.64;44.23;41.9;44;4093047
43.89;44.14;42.71;43.45;2374211
44.22;45.1;43.71;44.96;2845444
45.4;46.3;44.77;46.02;3890595
45.4;45.49;43.36;43.36;4193783
42.95;42.95;41.85;42.29;5788380
42.21;42.95;41.33;42.1;2041520
43.64;44.3;42.11;42.35;4868137
41.11;41.5;39.81;40.06;6406249
40.5;41.1;38.16;38.74;6136461
38.23;39.59;37.2;38;6868986
37.86;39.14;35.1;35.65;5375993
35.5;36.18;32;33.84;7522345
33.41;36.2;33.1;34.98;5857630
35.45;37.85;35.35;37.85;8822124
37.68;38.3;36.59;36.9;2967007
35.2;35.2;32.05;32.98;7424763
33.2;33.8;31.22;33.58;5698360
35;35.98;33.42;34.5;7516003
33.36;34;32.26;32.36;5380188
31.8;32.6;28.76;29;9825921
28.77;29.85;27.5;29.49;9879877
29.85;31.15;29.85;30.1;8435245
31;31.15;29.25;29.7;7949619
29.03;31.89;29.01;31.89;8900175
33;35.44;32.85;33.98;10551788
33.84;35.9;33.02;33.62;4186979
34.6;38.2;34.2;38.18;6519174
37.43;40.87;37.32;38.7;10225900
39.6;40.98;39.3;40.24;7235798
41.87;41.87;38.63;40;5071647
40.37;40.7;38.71;40.05;3863683
40.22;41.77;38.8;39.05;5608959
38.63;39.6;36.34;36.34;6437164
37.44;39.1;37.01;37.51;5059865
36.2;38.48;36.15;37.82;3336750
39.5;40.39;38.95;39.36;3297731
38.71;39.35;36.79;36.85;4733782
37.89;38.73;36.68;38.48;3756254
38;40.49;37.41;40.26;6348581
40;40;38.35;39.4;2896487
40.75;41.94;40.5;41.6;3764780
41.2;42.25;40.91;41.93;4783817
43.5;44.2;42.4;42.6;6589110
43.55;44.54;41.27;41.35;9159020
40.6;40.99;39.31;39.5;5495376
39;39.38;37.82;39.15;2738639
39.15;40;38.02;39.5;3370892
39.1;39.9;38.69;39.5;3321606
39.1;41.88;38.9;41.7;4680672
41.92;43.15;41.85;42.68;4922206
42.6;44.15;42.51;43.6;3753527
42.96;43.13;42.4;42.7;3733254
43.31;43.65;42.05;42.8;2752182
43.9;44.77;43.65;44.77;4940834
44.89;45.82;44.47;45.59;3426097
42;43.2;40.22;42.14;17638112
42.3;42.3;40.26;40.65;7795105
41;41.49;39.65;41.2;12788354
42.3;42.3;40.71;41.33;4054411
41.5;41.5;40.5;41;4075335
41;41.19;39.47;39.65;6281817
39.81;40.05;39.1;39.5;5289109
39.21;39.5;38;38.34;5804211
38.6;40.05;37.1;37.39;5602892
38.4;38.4;35.7;36.85;7549085
37.8;37.8;35.61;35.71;3808071
35.17;37.8;35.1;36.53;8523240
37.1;38.69;36.82;38.2;6811283
39;39.38;38;38;6850465
38.3;39.5;37.1;37.72;7446684
39.26;40.69;38.31;40.54;8318363
40.86;41.74;40.56;41;7564608
40.85;41.08;39.12;39.5;4068002
39.8;40.45;37.82;38.87;4672678
39.09;39.69;38.04;38.9;4666386
39.75;39.75;38.25;38.3;2641772
38.66;38.75;38.14;38.31;344446
38;39.1;37.6;37.74;1666361
37.74;38.02;37.26;37.92;2311276
38.2;39.16;38.03;38.83;1446681
39.41;40.62;38.81;40.62;3627704
41;41.28;40.13;40.4;3703730
41;41.2;39.85;40.98;2746035
41.4;41.8;40.23;40.81;3599684
40.81;41.12;40.31;40.5;3254240
40.92;40.92;39.13;40.59;3124492
40.9;41.3;40;40.57;2978381
40.95;41.65;40.91;41.13;2863609
41.3;41.7;40.7;41.33;3598214
41.63;41.96;40.41;40.49;3532077
40.93;40.93;39.83;40.14;4307868
39.6;39.9;38.33;38.33;4529242
38.7;39.02;37.23;37.6;3827106
38.2;38.38;36.22;36.72;5649298
36.81;37.04;35.16;35.8;4519607
36.58;37.78;36.05;36.63;4877271
37.5;37.6;35.52;35.61;4479531
36.48;36.48;34.15;34.75;5492449
35.49;35.61;34.06;34.5;4202043
34.98;34.98;32.75;34.19;5976896
34.98;36.67;34.75;36.67;5552918
36.22;37.38;35.75;36.77;5374984
37.4;37.9;36.84;37.05;2756242
37.05;37.3;36.1;36.59;4605276
37;38.25;36.37;38.03;5733377
37.6;38.9;37.5;38.09;6594423
38.2;38.79;37.52;37.95;4533336
37.88;38.46;37.26;38.14;4688860
38.14;39.61;38.14;39.5;6044328
39;39.08;37.52;37.52;4328362
37.2;37.95;36.31;37.66;4615274
37.7;39.61;37.7;39.15;4879899
39.65;39.9;39.26;39.75;2524379
39.65;40.36;39.35;40.1;3610241
40.1;40.18;38.86;38.89;3873161
38.95;39.3;37.75;38.22;3131040
37.92;38.73;37.7;38.69;2664017
38.78;39.3;37.8;37.84;2426036
37.32;38;36.45;36.68;3219008
37.25;37.5;36.05;36.71;12541551
36.3;37.58;36.05;37.3;3222891
37.75;38.54;36.8;38.4;3760034
38.56;39.65;38.16;38.76;2774503
38.65;38.67;36.61;37.09;3806147
36.48;37.28;36.16;36.76;3289286
36.99;37.44;35.86;35.86;3510765
36.48;36.48;34.72;35.15;3450676
35.2;35.2;34.15;34.45;3187843
34.38;35.16;33.63;33.98;4581206
34.13;34.45;32.65;32.8;5780585
33.11;34.88;33.11;34.44;4533924
35.77;38.45;35.6;38.34;10010404
37.1;40.65;36.75;39.57;6099732
40;40.96;38.25;39.18;6669215
39.5;41.2;38.92;39.74;4599716
39.3;40.4;38.44;38.95;4153331
39.35;41.9;39.29;41.46;7046662
40.72;40.72;38.32;38.61;5377835
38.32;39.65;37.12;39.41;6089041
39.45;40;38.62;39;3490810
38.51;38.58;37.24;37.45;4827371
37.88;38.09;36.8;38;3461380
36.7;37.17;36.05;36.7;4300101
36.52;38;35.92;36.97;3982890
37.97;38.69;37.52;38.44;5034610
38.7;40.35;38.25;39.51;5095800
39.9;41.04;39;40.5;4815257
41.74;42.99;41.74;42.14;6334547
41.75;42.8;41.23;41.6;6148016
40.63;41.5;40.02;40.41;7480448
39.66;39.85;38.97;39.12;7092317
39.28;40.29;39.21;39.66;5416572
39.7;40.77;38.94;40.56;3873842
41.25;41.95;40.89;41.3;4589807
42;42.39;40.86;40.86;3607576
40.53;41.57;40.3;40.59;2962605
41.09;41.3;40;41.18;2012854
41.99;43.1;41.56;41.9;5175743
41.53;42.56;41;41.21;3352682
41.21;41.5;40.44;40.64;2918544
40.15;42.06;39.9;41.88;2828789
42.35;43.1;41.6;41.95;5604355
42.18;42.89;41.52;42.06;3497771
41.82;41.99;41.05;41.67;3554049
42.3;42.95;41.72;41.79;2946157
41.71;43;41.54;42.99;3591748
44;44.34;43.05;43.1;7386545
42.7;42.98;41.4;41.74;4624080
41.79;41.98;40.75;41.55;4746833
42.05;42.44;41.11;41.86;2705858
42.15;42.8;41.6;42.62;3279406
42.6;43.82;42.3;42.8;4175364
43.5;43.77;42.6;43.3;3799856
43.5;43.98;42.5;43.23;3699777
42.45;42.65;40.9;41;4546790
41;41.48;40.29;40.75;4548081
40.92;40.95;39.65;40.94;6008319
40.88;41.4;40.52;41.04;4136769
41.58;41.81;40.2;41.55;4344910
41.4;41.98;41.1;41.18;1568759
41.03;41.44;39.9;41.12;3946060
41.58;42.17;41.17;41.68;4447259
41.5;42.45;41.45;42.05;1458828
41.28;42.98;41.28;42.1;5712445
42.6;43.2;42.15;42.8;4472630
42.45;43.34;42.28;43.2;4141192
43.41;44.23;42.73;43.62;4206463
44;44.75;43.34;43.91;5467155
44.1;45.25;44.06;44.98;4213423
44.74;45.43;43.99;44.24;2490225
43.98;44.98;43.67;44.75;8087759
45.1;46.47;44.72;46.4;4809974
45.85;46.34;44.97;45.29;5103803
45.32;45.89;44.33;44.47;7711055
44.2;45.99;43.94;45.86;4454400
46.25;46.87;46.05;46.8;4546199
46.7;47.45;46.25;47.45;3695806
47.45;47.49;45.6;45.98;5809678
45.2;46.9;45.2;46.81;8146319
46.36;46.58;44.8;45.03;3072304
45.1;45.83;44.65;45.15;5635679
45.26;45.74;44.28;45.03;4859278
44.61;45.42;44.6;45.04;3024783
45.29;45.35;44.72;45.01;4064819
45.05;45.68;44.25;44.25;4476712
44.15;44.65;43.55;43.71;4062854
44.6;45.07;44.43;44.92;3527297
45.11;45.6;44.65;45.01;3703825
44.63;44.97;44.25;44.25;3038486
44.51;45.7;44.51;45.53;3740127
45.57;46.56;45.48;46.16;3069480
46.05;46.33;45.09;45.28;2789234
45.1;45.45;44.26;44.68;2529941
44.45;45.48;44.11;45.48;2255647
45.75;46.64;45.2;46.21;1993707
46.01;47.31;45.85;46.3;2844156
46.97;47.5;45.94;46.12;3225249
45.86;46.1;44.88;45.83;3146019
45.24;46.6;45.15;45.99;3299116
46.56;46.67;44.55;44.69;3031838
44.81;45.06;44.4;44.95;2083893
45.16;45.4;44.51;44.67;2505983
44.6;46.39;44.45;46.27;3988584
45.82;46.1;44.76;45.11;2445884
45.8;46.78;45.61;46.42;2418769
46.22;47.33;46.05;46.29;3883309
46.04;47.26;45.9;46.56;3464421
47.7;48.95;47.28;48.32;6805255
48.65;49.17;47.37;47.55;4126405
47.61;48.58;46.43;47.05;2987171
47.62;48.5;47.13;48.28;3487235
47.5;47.68;46.71;46.91;3806869
47.45;47.68;46.08;46.61;3293714
46.98;47.48;46.42;46.76;2517449
46.99;47.48;46.72;47.01;1628766
47.26;48.09;46.86;47.77;2553291
48.2;48.39;46.91;47.29;3332516
47.4;48.7;46.8;48.69;3002088
48.69;49.49;48.48;48.69;2239582
49;49.25;48.41;49.2;1487608
49.35;49.47;48.33;48.92;2474299
48.8;48.8;47.51;47.93;2696336
47.94;48.12;46.85;47.03;4686399
46.7;47.04;46.22;46.6;3792355
46.43;46.49;45.82;45.92;2433976
45.92;46.37;44.74;44.84;4859693
45.21;45.75;44.89;45.47;7343276
45.65;46.89;45.3;46.34;3825365
46.68;46.89;45.33;45.38;3565916
45.65;46.7;45.65;46.03;1917107
46.26;46.5;45.8;46;2853902
46.5;47.68;46.11;46.91;5314224
46.87;47.1;45.7;46.13;3452186
46.2;46.52;45.37;45.8;3254152
45.7;46.45;45.55;46;2764497
46.33;46.33;45.2;45.28;3342490
45.12;45.28;44.25;44.62;3229758
44.6;45.28;44.2;44.81;2840078
45;45.4;43.91;44.34;5026122
44.58;45.26;44.31;44.91;2813468
45.22;46.22;44.95;46.15;3779430
46.49;46.98;45.85;45.85;3826056
45.86;46.49;45.31;46.49;3945677
46.5;46.84;45.45;45.6;4859929
45.1;45.23;43.65;44.66;5133302
44.9;44.97;43.6;44.64;5236843
45.01;45.85;44.68;44.75;4790481
44.12;44.3;43.33;43.89;5037157
43.48;44.15;42.72;43.95;4275888
43.69;44.2;42.42;42.92;4269078
42.85;43.25;41.35;42.1;6238721
42.21;43.39;41.82;43.39;5095042
43.9;44.5;43.79;43.85;6240671
44.03;45.66;44;45.51;4606628
45.25;45.95;45.22;45.45;2658977
45.57;45.58;44.28;44.7;3625084
44.5;45.3;44.35;44.43;3222034
44.55;45.8;44.15;45.7;3319861
45.83;46.19;45.1;45.51;2192255
45.57;46.59;45.51;46.38;2588340
46.67;46.7;45.73;46.13;2685933
46.5;46.98;45.71;45.81;4196624
45.55;46.58;45.5;45.77;3056605
46;46.3;44.81;45.2;3948142
44.91;45.75;44.66;45.32;2978056
45.67;45.91;44.68;44.85;2857139
44.57;45.13;43.81;43.85;3899793
43.45;43.95;43.2;43.5;3245609
43.71;43.87;43;43.34;2262382
43.55;44.58;43.33;44.16;3295656
44.41;45.33;44.41;44.83;3327119
45.47;45.5;44.87;44.95;2651097
44.85;46.29;44.85;45.56;4352764
45.29;45.51;44.61;45.2;3977587
45.34;46.78;45.18;46.7;4356110
46.6;46.92;46.16;46.73;3878724
46.65;47.23;45.62;46.12;5845611
46.49;47.26;45.75;46.6;4124263
47;47.51;46.52;46.76;4480358
46.17;46.83;45.99;45.99;3099067
45.87;45.92;45.45;45.9;2270616
45.72;46.51;45.72;46.46;3438202
47.07;47.27;46.1;46.26;3823450
46.04;47.3;46;46.73;3459865
46;46.24;45.03;45.14;4013973
45.3;45.52;44.68;44.99;3055100
44.35;45.12;43.8;44.92;5252530
45.3;45.3;44.15;44.86;4391182
44.92;45.5;44.48;45.45;3114354
45.6;46.45;45.56;46.18;3417384
46.29;47;46.29;46.31;3870287
46.28;47.14;46.14;46.46;3980549
46.5;47;46.3;46.88;2239128
47.1;47.38;46.22;47;9083801
47.53;48.3;47;48.08;4546210
48.4;48.61;47.62;47.9;4206712
47.89;49.1;47.63;48.56;5629134
48.59;49.09;48.41;48.84;4552247
48.56;48.91;48.01;48.54;3419534
48.21;48.21;47.56;48.1;2749813
48.45;48.73;47.77;48.39;4616405
48.32;48.32;47.6;47.96;3235706
48.17;48.74;47.98;48.67;3958244
48.78;49.3;48.35;48.71;3618630
49.45;49.55;48.94;49.03;3131870
48.65;49.63;48.57;49.43;3753277
49.6;49.6;48.18;48.35;6116028
48;48.94;47.9;48.71;3895273
48.95;49.12;48.51;48.95;3448016
48.27;49.2;48.27;49.08;2567103
49.15;49.3;48.9;49.05;1744162
48.97;49.33;48.9;49.1;838975
49.1;49.5;49.1;49.33;1882463
49.55;49.9;49.36;49.54;2186809
49.13;49.92;49.13;49.92;1280021
49.7;50.2;49.65;50.15;1563656
50.1;50.65;49.81;50.6;2463104
50.7;50.8;50.1;50.5;2335438
50.7;50.95;49.86;50.15;3404540
50.45;51.35;50.4;50.75;3027911
51.4;51.7;50.5;50.75;3490737
50.5;50.95;50.05;50.5;2721439
50.95;51.45;50.2;50.35;3506369
50.2;50.6;49.75;50.05;5443751
50;50.65;49.65;50.25;3663848
50.55;51.1;50.35;50.75;2875100
50.5;51.05;50.3;50.85;2242413
50.55;50.9;50.2;50.45;3065821
50.35;50.9;50.15;50.75;2662913
51.05;51.6;50.85;51.2;3273472
51.4;51.9;51.1;51.65;3076447
51.4;51.65;51.05;51.5;2368130
52;52.4;51.55;51.7;2838411
51.75;51.8;51.2;51.8;2677834
51.6;51.6;50.6;51.1;2988252
51.25;51.3;49.96;50;3293998
50.6;51.4;50.4;51.15;2888467
51.4;51.6;50.8;51.2;2541783
51.05;51.25;50.2;50.2;2825972
49.3;50.1;49.3;49.5;6972915
49.6;50.05;49.25;49.9;4114338
49.85;50.75;49.85;50.15;3845011
50;50.6;49.99;50.4;2352532
50.4;50.95;50.2;50.8;3391094
51.2;52;51.1;51.4;4526587
51.3;51.95;50.85;51.3;3088697
51.1;51.75;51;51.75;1675008
51.7;51.95;51.45;51.65;2965139
51.9;51.9;50.85;51.05;3151127
50.9;52.15;50.85;51.85;3240768
51.55;51.85;51.4;51.7;2930418
51.9;52.2;51.75;51.9;1869846
51.75;51.8;50.65;51.3;4136132
51.3;51.4;50.45;50.85;3572030
51.2;51.2;49.95;50.4;4997025
50.65;51.15;50.55;50.85;2859848
51;51.4;50.3;50.65;2577527
50.95;51.3;50.35;50.85;2849000
50.7;50.75;49.82;50.4;3741573
50.35;51.15;50.2;50.7;3341378
51.05;51.6;50.1;50.7;3690784
50.7;50.95;50.3;50.55;2457542
50.25;50.45;49.55;49.78;3568986
49.5;50.5;49.3;50.2;3819310
49.51;49.64;48.07;48.8;6359449
48.1;49.44;47.16;49.04;6098816
48.8;49.24;47.41;47.55;6003960
48.09;49.88;47.76;48.85;7239744
48.9;49.68;48.56;49.4;5799447
49.3;49.64;48.3;48.55;3715172
49.06;49.45;48.65;49.08;3573180
48.52;48.83;47.85;48.36;3946140
48.05;48.93;48;48.39;3986532
48.23;49.04;47.25;47.97;5263961
48.17;49.18;48.17;48.52;3893373
49.04;49.48;48.55;49.23;3765478
49.26;50.05;49.16;49.97;2858089
49.9;50;49.47;49.99;3266736
49.99;50.55;49.6;49.73;4558378
50;51;49.75;50.8;3182088
50.8;52.25;50.7;52;4353272
52.05;53.25;51.8;52.65;4386424
52;52.8;51.6;52.25;4623131
52.25;52.85;52;52.65;3102549
53;53.35;52.25;52.45;2484243
52.9;53.35;52.65;53;2132459
52.4;53.15;51.35;52.1;4427898
51.75;52.05;50.85;51.1;3738631
50.85;51.75;50.75;51.5;5370169
51.6;51.75;51.1;51.4;2478655
51.85;52.85;51.75;52.4;2803694
51.75;52.2;51.4;51.55;18435412
51.5;51.8;50.75;51.7;3554098
52.1;52.7;52.05;52.15;2585487
52.15;52.65;51.6;51.65;2835318
51.65;52.15;51.45;51.7;3602265
51.85;52.15;50.85;51.1;3423142
51;51.15;50.05;50.4;3873962
50;50.45;49.69;50.1;4095300
49.85;50.8;49.85;50.65;1282031
50.85;51.15;49.9;50.9;3082579
50.5;51.3;50.25;51.15;2347058
51.1;51.1;49.45;49.45;4998604
49.44;49.84;48.81;49.19;4796689
48.5;48.82;47.62;48.3;4998076
48.51;49.25;48.51;48.95;3080353
49.15;49.15;48.12;48.14;2815012
48.6;48.95;48.14;48.95;3636500
48.85;49.3;48.51;48.86;3856400
48.27;48.3;47.03;48.12;4638601
48.48;49.35;48.2;48.9;5681648
49.51;50.75;49.48;50.35;3661968
49.9;49.92;49.4;49.67;1893218
50.1;50.2;49.3;49.73;1786833
50.2;50.85;49.9;50.35;2300288
49.95;50.3;49.55;50.1;3476811
50.9;51;50.3;50.75;2384972
50.95;51.35;50.75;50.9;5437347
51.25;51.35;49.84;50;3672365
50;50.6;49.92;50.5;795604
50.55;50.55;49.6;49.97;2304404
50.3;50.85;49.9;50.15;4376698
50.15;50.9;49.85;50.85;2808483
50.85;51.75;50.75;51.5;5025462
51.5;52.1;51.1;51.55;3752692
51.55;51.95;51.35;51.55;2243283
51.95;52.3;51.15;51.3;3828654
51.5;52;51.3;51.95;5127864
50.9;50.9;50.25;50.65;2120974
50.5;50.7;49.64;50.15;4947618
50.4;51;50.15;50.9;2779770
50.9;51.75;50.9;51.35;2128625
51.05;51.85;51.05;51.6;2881470
51.75;52.25;51.2;52;5951052
52.25;52.3;51.45;51.85;2744304
51.7;51.75;51;51.3;3005224
51.9;52.1;51.6;51.8;20406088
52.05;52.35;51.15;51.5;4274408
51.25;51.7;51.15;51.3;2169175
51.4;51.9;51.2;51.6;2501482
51.25;51.45;50.8;51.3;4355282
51.4;51.55;50.5;50.55;4182782
50.8;51.05;49.85;50;4355334
49.85;50;48.89;49.38;5533170
49.36;49.66;49.25;49.41;1559781
49.34;49.6;48.84;49.24;2950837
49.34;49.88;49.02;49.02;3345520
48.99;49.35;48.51;49.35;3091670
49;49.35;48.53;49.17;2794204
48.82;49.56;48.76;48.96;1729810
49.2;49.62;48.49;49.14;3121997
48.94;48.97;48.23;48.5;3486421
48.28;48.3;47.37;47.5;4028236
47.63;47.71;47.07;47.21;3726085
47.21;47.41;46.75;47.14;2649281
47.04;47.49;46.21;47.44;3264166
48.06;48.24;47.65;47.89;2846539
47.23;47.3;46.72;46.93;3529375
47.07;47.2;46.36;46.38;3187568
46.47;46.83;46.07;46.18;2922592
46.25;47.01;46.16;47.01;2763146
47.46;47.7;47.03;47.17;3728288
47.39;48.33;47.37;48.33;3547731
48.11;48.68;47.64;48.38;3389962
48.72;48.77;48.04;48.56;3907633
48.87;49.58;48.87;49.52;5744166
49.2;49.44;48.8;49.37;3543497
49.58;50.6;49.52;49.9;3335231
49.25;49.93;48.43;48.43;4125711
48.46;48.51;47.57;48.01;2711818
48;48.81;47.95;48.8;2677929
48.9;48.9;47.72;48.36;2874516
48.37;49.35;48.37;48.99;4362725
48.45;49.2;48.25;48.66;2744450
48.5;49.18;48.17;49.07;2260926
49.14;49.62;48.72;49.36;2474348
49.21;49.78;48.86;49.67;2014321
49.8;50.15;49.58;49.85;2347734
49.76;49.82;49.06;49.6;1838099
50;50.55;49.86;50.55;2189669
50.65;50.95;50.35;50.55;2119166
50.6;50.85;50.05;50.4;2402468
50.9;51;50.6;50.9;2043379
51;51.25;50.65;51.15;2314619
51.15;51.3;50.5;50.7;1761201
50.45;50.8;49.77;49.77;5875400
50;50.4;49.95;50.2;2990347
50.05;50.65;49.84;50.5;2113960
50.5;51.35;50.1;51.25;2444111
51.35;51.75;51.2;51.35;1435220
51.55;51.7;51.15;51.55;2267592
51.35;51.65;51.15;51.55;2420790
51.25;51.25;50.8;51;2439035
51;51.6;50.85;51.4;1974106
51.5;52.15;51.5;52.15;2303378
52.15;52.15;51.6;51.75;2471790
52;52.2;51.6;51.85;2337993
51.9;52.2;51.6;52;1947847
52.1;53.25;51.95;53;4973552
52.7;52.9;52.35;52.75;1975217
52.6;53.45;52.6;53.3;2925790
53.1;53.55;52.45;52.7;3170267
52.45;52.7;51.75;52.1;5301376
52;52.25;51.75;52.2;2044296
52.35;52.35;51.75;51.95;1530031
51.95;52.35;51.7;52.05;2057758
52.05;52.9;52.05;52.45;4000097
52.9;53.3;51.75;52;6581448
52.25;53.95;52.2;53.65;4298256
54.1;54.85;54.1;54.4;4268870
54.5;55;54.4;54.55;3140907
54.6;54.8;54.05;54.5;3113597
54.4;54.8;53.85;54.2;2789026
54;54.3;53.2;53.75;4261940
53.5;53.9;53.35;53.9;1451080
53.35;53.7;52.9;53.35;2225956
53.5;54.25;53.45;53.75;3918945
53.2;53.35;52.85;52.9;2853539
52.5;52.75;52;52.6;5152083
52.7;52.7;52.25;52.5;2553746
52.9;53.75;52.9;53.1;4689566
52.5;52.65;51.9;52.35;3643360
52.85;52.9;51.8;52.55;2708203
52.7;53.4;52.55;53;2855055
52.05;52.2;51.5;51.95;3421666
52.05;52.35;51.75;51.95;1746511
52.15;52.9;51.65;52.85;3881696
53.1;53.9;53.1;53.75;3445741
53.5;53.95;53.35;53.35;2781370
53.25;54.05;53.05;53.85;1579226
54;54.35;53.6;54.15;2340346
54.55;54.95;54.5;54.55;3686745
54.15;54.3;53.35;54.15;3851814
54.6;54.85;54.05;54.15;3525393
54.1;54.3;53.65;54.05;1961739
54.2;54.25;53.4;53.6;3382325
53.8;54.25;53.45;53.9;3214766
53.85;54.75;53.6;54.45;2221883
54.7;54.8;53.85;54;3031909
54.45;54.6;53.85;54;2568928
54;54.25;53;53.4;4081622
53.45;54.25;53.05;54.15;4243030
53.95;54.25;53.55;54;2837930
54.05;54.2;52.85;53.1;4995644
52.75;53.05;52.25;52.65;3089834
53;53.25;52.45;52.6;2728782
53.2;53.2;52.1;52.3;2779908
52.5;53;52.35;52.95;2225649
52.6;52.95;52.45;52.75;1382288
52.85;53.35;52.45;52.45;2265866
52.6;52.65;52;52.3;2893261
52.3;53.55;52;53.15;3742211
53.5;53.75;53.2;53.6;3642041
53.7;54.05;52.75;53.1;3820552
52.85;53.05;52.55;52.75;1623113
52.65;53.15;52.3;52.9;2743043
52.45;52.95;52.3;52.65;3018923
52.4;52.75;52;52.45;4098648
52.65;53.15;52.55;53.15;4024280
53.3;54.2;53.25;53.75;4793253
54.2;54.2;53.65;54;4574217
53.9;54;53.4;53.4;3490529
53.4;53.9;53.2;53.6;2938173
53.65;53.8;52.5;52.6;4450104
52.55;53.1;52.55;53;2640339
52.85;53;52.55;52.75;1695153
53.15;53.5;53;53.2;2565069
53.15;53.7;53.15;53.5;1638509
53.45;53.55;53.3;53.4;253567
53.2;53.8;53.2;53.45;1524203
53.55;53.75;53.25;53.6;849061
53.75;53.85;53.4;53.65;902229
53.75;53.75;53.35;53.4;938293
53.4;53.45;53;53.3;926835
53.4;54.3;53.2;53.7;1770395
53.55;54.35;53.3;54.05;2807386
53.55;54.3;53.5;53.75;2965277
53.75;54.7;53.7;54.55;3689717
54.35;55.35;54.1;55.2;5545714
55.25;55.4;54.95;55.3;2810975
55.4;55.55;54.75;55.1;4663756
55;55.1;54.1;54.3;3104026
54.45;54.65;53.85;54.5;3093826
54.55;55.35;54.35;55;2983846
55.1;55.8;55.05;55.65;2220865
55.55;55.75;55.15;55.75;2961077
55.95;56.25;55.55;55.75;3615374
55.2;55.45;54.95;55.2;2801829
54.9;55.5;54.9;55.5;2041108
55.1;55.3;54.75;55.15;2678380
55.25;55.75;55.15;55.6;2891437
55.65;55.65;55;55;2751268
55.2;55.35;54.6;55.1;2669976
55.15;55.2;54.45;54.5;2109294
54.85;55.35;54.8;55.35;2785423
55.4;55.65;55.05;55.65;2793134
55.8;55.95;55.55;55.95;2801075
56;56.3;54.6;55.25;5769180
54.8;55.25;54.3;54.8;6231365
55;55.15;54.45;54.9;4185779
54.9;55.35;54.55;54.65;4484186
54.8;55.05;54.1;54.7;3692764
54.95;55.5;54.65;55;4790088
55.15;56.05;55;56.05;4589504
55.95;56.25;55.6;56.1;3425413
56.1;56.45;55.75;56.3;3181440
56.4;56.4;55.55;55.7;3189706
55.7;55.85;55.25;55.35;2466602
55.35;55.5;55.05;55.4;3713769
55.35;55.45;54.35;54.55;3471043
54.35;54.85;54.2;54.8;3085130
54.5;54.6;54.1;54.55;4411464
54.55;54.8;54.35;54.6;2614647
54.9;55.2;54.7;55.05;2586041
55.15;55.35;54.75;54.8;3011891
54.65;55.45;54.55;55.05;2962442
55;55.25;54.7;55.25;2711778
55.15;55.4;54.7;55.15;2403583
55.3;55.5;54.9;55.45;3017622
55.5;55.6;55.2;55.4;2138946
55.15;55.85;55.15;55.7;3407103
55.85;55.95;54.9;55.25;3346668
55;55.45;54.9;55.1;2768960
55.45;55.65;55.2;55.3;1990801
55.3;55.6;55.15;55.4;1821832
55.6;55.9;55.45;55.7;2781272
55.5;55.55;54.35;54.45;4015582
54.5;55.05;53.8;54.75;4706737
54.85;55.25;54.8;55.1;4338541
55;55.4;54.65;54.85;3420762
54.9;55.1;54.1;54.95;3547387
54.4;54.65;54.2;54.45;4059091
54.6;55.8;54.6;55.55;3919108
55.6;55.65;54.7;55.4;3777642
55.25;55.3;54.8;55;2648994
55.3;55.5;54.65;54.65;3418593
54.75;55.15;54.4;54.8;2869549
54.65;54.65;53.85;54.25;3872276
54.75;55;54.65;54.85;2511283
55;55.25;54.8;54.8;2303671
54.9;55.3;54.75;55;2474995
55.05;55.45;54.95;55.1;1989402
54.95;55.7;54.8;55.35;2461765
55.4;55.6;54.85;54.95;2562664
55.4;55.7;55.3;55.3;3697652
54.9;55.1;54.65;55;3196113
54.6;54.6;53.75;53.8;4702764
53.2;53.2;52.25;52.45;5785690
52.85;53.05;52.55;52.85;4027820
53.05;53.3;52.05;52.2;4966017
52.05;52.45;51.8;51.8;4002702
52.25;52.8;52.1;52.7;3350139
52.7;52.95;52.45;52.65;2781666
52.65;52.8;52.3;52.75;2471809
52.6;52.85;51.4;51.9;3702895
52;52.3;50.85;51.45;4911693
50.8;51.4;50.7;50.9;5219324
51.2;51.85;51.05;51.65;1983800
51.75;52.2;51.35;52.15;3072286
52.3;52.5;51.65;52.4;3392237
52.5;53.15;52.45;52.95;2132620
53.05;53.45;52.7;53.1;2474259
52.85;53.05;52.4;52.75;2945748
52.8;53.05;51.9;52.2;3116034
52;52.6;51.8;52;3044651
53.75;54.85;53.5;53.95;12803985
53.55;54.3;53.55;53.85;4224163
53.6;54.15;53.6;53.85;2225595
54.1;54.1;53.65;53.9;2782583
54.15;55.55;54.05;55.5;7703451
55.45;55.65;54.8;55.1;5143387
55.25;55.3;54.6;54.8;4440777
55.15;55.45;54.8;55.15;2936251
55.2;55.5;55.05;55.5;2728007
55.6;55.9;55.15;55.35;3055402
55.4;55.9;55.25;55.85;18940838
55.9;56.9;55.55;56.9;4416390
54.6;54.8;54.1;54.55;2924752
54.45;54.9;54.45;54.65;4465972
54.85;55.75;54.8;55.75;3122135
55.9;56.45;55.65;56.3;4345681
56.4;56.8;55.9;56.05;4194334
55.95;56.05;55.3;55.35;3337329
55.55;55.95;55.5;55.85;2859763
55.7;56.1;55.45;55.65;2888463
55.7;55.95;55.55;55.75;2402129
56;56.8;56;56.45;3845090
56.7;56.75;55.85;56.25;2391736
56;56.25;55.7;55.7;2980363
56.1;56.7;56.1;56.4;3350035
56.7;56.85;56.1;56.6;4129452
56.45;57.45;56.4;56.85;4183152
56.9;56.9;55.85;56.05;3757440
56.45;56.75;56.4;56.5;1965375
56.8;57.3;56.6;56.75;2591521
57;57.15;56.6;56.95;2050011
56.7;56.7;56.1;56.45;2538356
56.2;56.3;55.5;55.6;3886521
55.9;56.2;55.6;56;1958479
56;56.85;56;56.5;2800470
56.5;57.05;56.2;56.7;3103743
56.95;57.3;56.4;57.1;2359751
57.15;57.25;56.7;56.85;1434966
56.85;56.9;56.3;56.8;2402626
57.1;57.35;56.75;56.95;2734998
56.8;56.9;53.55;56.1;14791827
56.85;57.05;56.3;57.05;3189077
57.3;58.05;57.3;57.85;3886850
57.65;57.95;57.25;57.8;2677525
57.9;58.45;57.75;58.4;3205043
58.5;59.75;58.3;59.35;4109492
59.55;59.95;59.35;59.7;3492987
59.65;60.35;59.65;59.8;3514405
59.8;60.35;59.7;60.35;4871409
60.1;60.5;59.8;60.15;3638043
60.5;61.4;60.05;61.1;5668357
61.2;61.5;60.35;60.7;2539823
60.75;60.9;60.2;60.2;2772709
60.3;60.8;60.05;60.5;2329856
60.55;60.85;60.2;60.35;2060563
60.65;60.95;60.2;60.5;2864934
60.55;60.7;59.25;59.65;4748303
59.75;60.1;59.25;59.4;2888944
59.4;60.4;59.2;60.4;2584549
60.35;61.15;59.6;60;5377335
60.05;60.4;59.6;60;3608333
59.5;61.2;59.45;60.3;6070055
60.75;60.75;59.85;59.9;2092425
59.8;60.4;59.5;60.3;2263411
60.35;61.25;60;61.05;2888586
60.65;61.1;60.25;61.1;3132100
60.95;61.2;60.2;60.6;1862079
60.5;61.1;60.45;60.8;1462123
61.15;61.3;60;60;2209922
59.75;60.05;59.2;59.95;2507645
59.85;60.2;59.3;59.75;1709159
59.8;60.5;59.4;60.45;2936213
60.4;60.8;60.4;60.5;1363482
60.4;60.5;59.75;59.95;2511638
59.75;59.95;59.1;59.85;2445801
59.3;59.3;58.35;58.6;4255072
58.7;59;58.25;58.25;3199544
57.7;58.45;57.5;58.25;2052066
58.4;59.1;57.95;58.05;2688343
58.05;58.95;58.05;58.95;2631985
59.05;59.45;58.55;58.8;3313041
58.6;59.15;58.15;58.7;2659424
58.75;59.3;58.7;59.15;1561514
59.15;60.45;59.15;60.25;3359930
60.45;60.85;60.3;60.65;3950089
60.55;61.05;60.3;60.85;2384934
60.95;61.4;60.8;61.35;2726297
61.45;61.9;61;61.05;3009504
61.15;61.3;60.1;60.2;3596322
60.5;60.9;59.9;60.15;3166459
59.9;60.4;59.5;59.85;3844009
59.75;60.55;59.75;60.3;3772712
59.65;60.4;59.25;59.9;2357317
60.2;60.6;60;60.5;2596918
59.9;60.15;59.15;59.5;4035660
59.1;59.75;58.8;59.4;3115700
59.9;59.95;59.45;59.9;2345447
60.75;61.6;60.65;61.45;4416180
61.15;61.45;60.85;61.1;2582629
61.9;62.9;61.9;62.6;4410019
62.5;62.95;62.2;62.6;2736177
63.05;63.65;62.95;63.25;4006058
63.45;64.55;63.25;64.3;4211993
64.3;65;64;64.65;3272350
64.25;65.05;64;64;4496241
63.3;63.65;62.85;63.15;5418708
63.15;63.75;62.6;63.1;3558642
63.5;63.7;62.75;63.25;3770413
63.4;64.15;63.35;63.65;3070764
63.4;63.85;62.85;63.35;3537717
63.25;63.3;62.35;62.8;3195837
62.5;64.3;62.3;64.1;4663567
64.1;64.45;63.75;63.9;3373769
63.75;63.85;62.95;63.4;3751946
62.85;63.1;61.75;61.75;4510907
62.7;63;62.1;62.5;3569009
61.9;62.7;61.9;62.2;3427071
62.35;62.6;62.1;62.4;2656697
62.75;62.8;62.1;62.1;3435752
62.1;62.65;61.85;62.35;2639372
62;62.3;61.65;61.9;3258109
61.8;62.15;61.05;61.9;3176503
62.7;63.3;62.6;63.25;3563887
63.25;63.9;63.05;63.45;2705686
63.25;63.9;62.95;63.65;3430741
64.3;65.45;63.95;65.4;5282989
65.25;65.3;64.8;65.2;3524916
65.25;65.75;64.85;65.4;2286354
65.7;66;64.85;65.3;3947080
65.3;65.75;64.95;65.2;2175683
65.55;66.9;65.55;66.6;4024116
67.25;68.4;67.25;68;3700802
67.75;68.65;67.65;67.8;4481162
67.95;67.95;66.9;67.35;3617416
67.3;67.3;66.6;66.85;3233959
67.4;67.7;66.25;66.6;3056549
67.25;67.9;66.95;67.35;3568232
67.25;68;67.2;68;2357492
68.05;68.05;67.3;67.4;3322010
68.15;68.65;68;68.5;3308001
67.5;67.8;67.15;67.55;2700233
67.75;68.25;67.5;68;1617511
68.3;68.85;67.7;67.7;4321151
67.55;68.4;67.2;68.2;2591976
68.15;68.15;66.9;67.2;5395394
67.6;68.4;67.35;68.4;3292538
68.4;68.5;67.5;68.1;2148896
67.9;68.25;67.05;67.35;2657818
67.55;68.35;67.55;68.2;3044834
68;68.5;67.65;68.05;2213665
67.75;67.75;67;67.65;3364238
67.7;67.7;66.6;67.05;2819614
67.15;68.1;67.15;67.4;3593156
67.55;68.15;67.25;67.6;3251403
67.95;68.25;67.3;67.55;2540343
67.95;67.95;67.2;67.65;3183297
67.4;68.5;67.4;67.45;8935194
67.25;67.65;67.05;67.35;3138334
67;67.35;66.6;67;3654364
67.2;68.45;67.15;68.25;3829477
68.2;68.9;67.85;68.35;2636457
68.4;69.05;68.4;68.75;1546482
68.6;69.15;68.6;68.8;1195979
68.8;69.25;68.5;68.7;1479101
68.7;69.2;68.7;69.15;1451241
69.1;69.25;67.95;68.35;1889006
68.45;68.8;68.2;68.6;913031
68.6;69.3;68.5;68.95;2631179
69.55;70.6;69.5;70.6;4479028
70.4;70.75;70.1;70.4;2622213
70.5;70.7;70.25;70.55;3148523
70.9;71.75;70.8;71.1;4233916
71.1;71.4;70.6;70.95;3258185
71.45;71.9;71.05;71.9;3608141
71.9;73.1;71.8;73.05;4332483
72.85;72.85;71.7;71.85;3309099
71.85;72;71.3;71.5;2341277
71;71.25;70.35;71.15;3370782
70.05;70.15;69.4;69.7;4830858
70.15;70.5;69.85;70.1;3428383
70.8;70.95;69.1;69.1;3709110
68.4;69;68.1;68.7;4667655
69;69.35;68.65;69.1;4652463
69.6;70.15;69.45;70;3083804
70.45;71.9;70.35;71.65;5372831
72.05;73.2;72.05;72.9;3431681
72.6;72.95;72.3;72.35;2503388
72.7;73.8;72.5;73.4;3570614
72.95;75.45;72.95;75.3;4706729
75.3;75.7;73.85;73.95;3060217
74.85;74.9;72.5;73.15;4513428
72.5;72.5;71.2;71.65;9897175
71.8;73.35;71.35;73.25;6943812
72.8;72.8;71.75;72;3857060
72.85;74.6;72.55;74.6;4391697
74.45;75.6;74.1;74.1;3780930
74.35;75.9;74;75.85;4123955
76.15;76.65;74.9;76.1;4382714
74;74.75;73.45;74.2;5792675
74.95;75;73.7;74.95;4083305
75.2;76.05;75;75.8;3953178
75.75;76.25;75.05;76;2008164
76.3;77.55;76.25;77.2;5000062
77.05;78.45;77.05;78.35;4170727
78.15;79.1;78;78.25;4783477
78.45;79.45;77.95;79.2;3167277
79.25;79.6;78.75;79;2802221
79.2;79.2;77.35;77.65;4829853
77.65;78.8;77.4;78.6;3189928
78.7;78.8;76.85;77.4;3408906
77;77.3;75.65;76.75;6164727
76.9;77.3;74.35;74.35;10231567
74.4;74.65;73.2;73.35;12118858
73.35;74;72.9;73.15;7158210
73.35;73.85;72.65;72.8;6948883
72.65;73.9;72.45;73.75;8215238
74.5;75.45;74.4;75.2;7397739
74.95;75.55;74.6;75.1;5484933
75.5;77.55;75.5;75.7;9162027
75.65;76.15;74.95;75.2;5837992
74.9;76.15;74.6;75.25;7606095
75.55;76.8;75.2;75.75;6821263
76;76.95;75.45;76.95;4447448
76.35;76.45;75.65;76.35;4618623
76.35;76.55;75.7;76.05;2242926
75.85;76.2;75.05;75.55;3121723
75.6;75.6;74.65;74.8;2753144
75.1;75.3;73.65;74.2;3604896
73.9;74.9;73.6;74.55;2536904
74.7;76.15;74.7;75.95;3861251
76.05;77.25;75.6;76.65;5607121
77.25;77.7;76.6;77.3;3676456
77.3;77.3;76;76.35;3574146
76.85;77.55;76.1;77.3;3567811
77.4;78.1;76.85;77.35;3707687
77.15;77.6;75.2;75.4;3873656
75.5;75.9;74.65;75.5;2875895
75.45;75.45;73;73.65;6056950
73.75;73.8;72.7;73.45;4152601
73.55;74.05;72.85;73.5;2708536
73.5;73.5;72.55;72.9;3621330
74;74.4;73.7;74.05;5391514
74.05;75.3;74.05;74.9;4238454
75.4;75.55;74.95;75.35;3469563
74.7;74.75;74.05;74.25;3247010
74.55;74.8;74.1;74.25;3124146
74.1;75.3;74.1;75;2549750
75.95;76.15;74.6;75.75;5832729
75.6;76.1;74.8;74.9;4017181
74.65;75.7;74.45;75.4;2998760
76;76.15;74.65;74.75;3197937
75;75.65;74.35;75.5;3538030
75.75;77;75.6;76.95;3164157
77.7;78.1;77.1;77.2;3038445
77.35;77.85;76.4;77.7;3895738
77.5;78.4;77.35;77.45;4329933
77.5;79.25;77.5;78;5801843
77.15;77.55;76;76.25;4054870
75.95;75.95;74.15;74.55;5615197
74.6;75.85;74.15;75.3;5422416
75.9;75.9;72.05;72.05;5745734
72.25;73.85;70.6;71.85;7569923
73.6;75.95;73.25;74.7;9354008
74.25;75.35;72.65;73;6524650
73.3;74.8;72.2;74.35;6232293
73.7;74.3;72.1;73.5;6489944
73.2;75;72.85;75;3584420
75.5;75.9;74.15;75.9;8307796
75.65;75.8;75.2;75.4;1255059
75.6;75.8;73.2;74.25;10080227
71;73.3;70.5;72.8;6144654
72.6;73.15;71.6;72.95;3738452
73.6;74.3;73.05;73.3;4990090
73.2;73.5;72.3;72.8;2037694
71.75;72.1;71;71.25;4873904
71.5;72.55;71.15;72;4563321
70;70.85;69.15;69.7;7046291
71.15;71.2;70.15;70.65;4436593
70.45;71;69.45;69.65;3539514
68.3;68.6;66.65;67.3;6719503
67.75;68.1;66.8;67.7;7199304
68.15;70.15;68.15;69.9;4848999
71.25;71.7;69.95;70.4;8278540
71;71.9;70.8;71.2;5291988
70.65;72;70.5;71.9;3922753
72;72.4;71;71.9;4225076
72.8;73;72.15;72.6;3002803
72.2;73;71.95;72.6;2686738
73;73.3;72.6;72.65;7311434
72.8;72.95;71.15;71.6;3233226
71.3;72.5;70.85;71.75;2446268
72.45;73.7;72.05;73.55;3019044
74.9;75.6;73.95;74.85;4730374
74.65;75.6;74.65;75.1;9727155
75.5;75.8;75;75.7;1567001
75.3;75.7;74.6;75.15;4557335
75.45;76.5;75.2;76.2;3867092
76;77.25;75.7;76.3;3362040
76;77;75.95;76.75;2689985
76.3;76.75;75.15;75.5;4381333
76;76.5;75.2;75.65;3679046
75.1;75.1;73.15;73.85;7786330
73.4;73.4;72;72;4214567
72.1;72.2;70.6;71.35;4553040
71.1;72.25;70.2;70.8;5058257
70.9;72.75;70.8;72.75;5420994
73.45;74.3;72.95;73;3841984
72.65;73.3;72.15;72.6;2936598
72.7;74.75;72.65;74.4;2627521
74.45;75.1;73.85;74.7;2840655
74.7;75.15;74.15;74.75;2196182
75.5;76.5;75.2;76.5;3137356
76.1;77.4;75.9;77.4;3412558
77.15;77.4;76.15;76.2;2979311
76.2;76.45;74.5;75.05;3671620
76.75;78.45;76.2;78.2;7534975
78.3;78.7;77.55;77.65;5049569
77.9;80.75;77.85;80;5276207
79.1;79.4;78.25;78.3;2924145
78.8;79.7;78.65;79.3;3019069
79.55;80.7;78.55;80.35;4522078
79.55;80.4;79;80;3434239
80.05;81.45;79.9;80.8;3440886
81;82;80.95;81.8;2484806
81.25;83.45;81.2;83.25;2616532
83.1;83.9;82.8;83.7;3869874
83.9;83.95;83.1;83.85;2548700
83.8;84.2;82.8;83.2;3599622
83.1;83.2;81.7;81.7;3067497
82.05;82.6;81;82.4;2979191
82.55;82.7;80.8;81;2605790
81.4;82.7;80.75;82.15;2456462
82.3;82.9;81.5;82.5;2024422
82.2;83.15;81.65;82.8;1539128
83;84.2;82.85;83.5;3538807
83.9;84.15;83.55;83.65;2091591
84;84.05;82.5;82.95;2698094
82.7;83.7;82.6;83.25;2488519
83.5;84.7;83.35;84.35;2224278
84.45;84.5;83.2;83.75;2186889
83.75;83.95;82.25;82.7;2650719
82.65;82.8;81.6;81.95;2924382
82.45;82.95;82.1;82.45;2715278
82;82.25;81.35;82;1988139
81.95;82.75;81.05;82.6;3903747
83;83.15;82;82.7;2525374
83;83.3;82.3;82.7;2776603
83;83.75;82.7;83.1;7338456
83.35;83.8;82.85;83.25;2581113
83.25;83.35;81.9;82.1;3202187
82.05;84.15;81.8;83.95;3389934
83.85;84.8;83.5;84.35;2777220
83.4;83.75;82.45;82.8;2881794
83.3;84;82.55;83;3917108
83.85;84.6;83.5;84.3;3883361
84.85;85.35;84.2;85.2;4580268
84.55;85.05;84.35;84.75;3149498
84.95;85.35;84.65;84.85;2106169
85.05;85.35;83.85;84.45;2214756
83.95;84.4;83.8;84.1;2547055
84.75;86.05;84.55;86;4312892
87;87.5;86.45;86.65;3255809
87.15;88.05;86.55;86.9;3145979
86.5;87.2;86.3;86.75;1776906
87.2;87.65;86.35;87;5734110
86.6;86.75;85.75;86.45;2953032
86.35;88.2;86.3;87.95;3511273
88.5;88.5;86.75;87.1;2932071
87.4;87.5;85.9;86.2;3740521
86.1;86.25;84.45;84.65;3390111
85.45;86.75;85.1;86.3;2715236
85.7;86.95;85.55;86.5;2713964
86.6;87.15;85.85;86.25;3821271
86.85;87.5;85.85;87.2;1964160
87.7;87.9;86.1;86.65;2738644
86.15;87.15;85.85;86.45;2821930
87.05;87.4;86.65;87;3085366
87.35;87.45;86.15;86.55;1863635
85.8;86.2;85.35;85.65;2241357
85.75;86.65;85.5;86.15;2210474
86.3;86.3;85.3;85.85;2220682
85.25;85.45;83.6;83.85;4434784
84.15;84.4;83.45;84;2868589
84;85.3;84;85.3;2579828
85.65;86.95;85.4;86.45;3431205
85.9;86.75;85.9;86.5;2346188
86.4;86.45;85.4;85.95;2895967
85.8;86.1;84.8;86.1;3144973
86;87.1;86;86.85;2669936
87;87;86.15;86.5;3430874
87.1;87.1;86.2;86.2;2234367
85.2;85.2;83.65;84.45;7236107
84.4;84.65;83.15;83.65;4087698
83.2;84.35;82.8;84.05;2971507
84.15;84.8;83.55;84.05;3166662
84.6;84.75;83.45;84.2;3167745
84.6;84.6;82.85;83.7;3137910
83.35;83.6;82.1;83;3476933
82.75;82.9;80.75;80.9;4415633
80.75;81.4;79.55;81.15;5204676
81.5;82.6;81.1;82.2;5182791
82.25;82.6;81.2;81.35;3916565
81.6;82.6;79.65;79.9;5238990
80.1;80.7;79.25;80.5;4774481
80.9;81.85;79.8;81.4;4028491
81.45;81.85;80.65;81.1;2787778
80.75;82;80.4;81.3;5100215
80.65;81.25;79.6;80.7;4890974
81.35;81.65;80.25;81.1;4459165
81.25;81.4;80.5;81.1;6303530
81.1;82.15;80.55;81.95;5410213
82.6;83.15;82.1;83.05;5836008
83.3;83.45;82.45;83.15;5101731
83.1;83.75;82.7;83.15;3032367
83;83.1;81.8;82;3629564
82.7;82.85;81.7;82.3;3751129
81.85;82.35;81.55;81.8;5273141
81.8;81.8;80.1;80.5;3014167
81.4;82.6;81.25;82.4;2331576
82.85;83.1;82.4;82.6;1635253
82.9;83.35;82.55;82.65;1722540
83.5;85.05;83.4;84.7;3842680
85.1;85.75;84.5;85.45;3805373
85;85.55;84.4;85.25;3068882
84.9;85.05;84.1;84.1;2883702
84.25;84.95;83.6;84.05;3271418
84.35;85;83.9;83.9;3512030
83.2;83.5;82.45;82.7;3952293
83.25;85;82.9;85;5128618
85;85.75;84.8;85.2;3276499
85.6;85.95;84.8;85.45;2564019
85.55;85.85;84.8;85;2634570
84.85;85.05;83.7;83.9;2898305
84.35;84.9;83.3;83.6;3457620
83.25;84.65;83;84.5;4408063
84.75;84.85;83.15;83.15;4187903
83.5;83.7;82.8;83.5;3176251
83.7;84.95;83.65;84.8;3808356
85;85.8;84.3;84.55;4318561
84.1;84.1;82.7;83.1;4497858
83.75;84.45;83.25;84.15;3206018
84.15;85.8;83.95;85.55;4297682
85.9;86.4;85.4;85.55;5084664
86.45;87.05;86;86.2;4824922
86.6;87.5;86.35;86.9;4062833
86.5;86.95;86.2;86.8;3551747
87.05;87.75;86.85;86.9;2624351
87.1;87.75;86.8;87.65;3162131
87.4;87.45;86.4;86.95;3588227
87.4;87.85;86.8;87.25;2629225
86.55;86.65;85.55;86;3318343
86.45;86.6;85.9;86.6;2660318
86.45;87.3;85.95;87;4253171
85;85.2;83.2;83.7;15541188
83.8;83.85;82.3;83.15;7369389
83.48;83.53;82.86;83;3687145
83.14;83.25;82.16;82.79;3977996
83.11;83.42;81.99;82.22;4354557
82.89;83.09;81.55;81.71;5572488
82.17;82.37;80.84;82.31;5764252
82.6;83.12;82.15;82.3;3315207
81.97;81.97;80.2;80.35;6420047
79.14;80.23;77.25;78.94;8918004
78.8;79.6;75.91;78.38;10669213
78.81;79.19;76.68;77.27;7501333
76;77.8;75.57;77.44;7444987
78.4;78.49;77.51;78.17;6026072
78.47;78.64;77.74;78.36;5470603
79.31;80.57;79.07;80.24;7049857
80.01;80.6;79.1;80.42;5710218
80.83;81;79.41;79.5;4749686
79.4;79.94;78;78.12;5254419
76.19;76.62;75.21;75.43;11181884
76.86;77.01;75.3;76.6;8027784
76.94;77.08;75.53;76.2;6927285
77.34;78.37;77.07;78;5396558
78;78.67;77.27;78.43;4382205
78.52;79.08;77.66;77.8;3937461
79.25;80.05;78.77;80;6509979
79.91;80;78.65;79.45;5339543
79.35;79.45;77.32;78;4559053
78.7;78.94;78;78.28;3491318
77.75;78.15;76.75;77.24;4687479
77.85;78.18;77.34;77.89;4728017
77.85;78.84;77.51;78.19;4511280
78;78.16;77.11;77.98;4627292
78.82;79.12;78.27;78.85;5000864
79.3;79.44;78.82;79.38;3610518
79.15;80.44;79.15;80.09;4668014
80.6;80.73;79.83;80.61;4848815
80.52;81.58;79.8;80.13;5159218
80.39;80.54;79.45;80.3;4155856
81.1;81.45;80.59;81.04;3951335
81.95;84;81.71;83.36;6817230
83.05;83.5;82.58;83.29;4890144
83.29;83.98;82.47;83.59;5622760
82.55;83.31;82.14;83.23;6470197
83.8;87.5;83.58;86.45;15798417
86.4;86.78;85.1;85.5;5553786
85.15;85.9;83.65;84.96;4925140
85.41;86.1;85.14;85.7;4181430
86;86.5;85.31;86.02;4352227
86.27;86.34;84.98;85.39;3922453
84.81;86.09;84.81;85.65;2813954
85.9;86.84;85.68;86.4;4297974
86.9;86.93;85.9;86.5;5130744
86.64;87.69;86.45;87.54;4541732
87.89;87.95;87.37;87.41;2927039
86.9;87.79;86.35;87.5;5613587
88.85;91.45;88.85;91.15;13184525
91.23;93.05;91.2;92.38;8855064
91.25;94.92;90.32;93.75;10728808
94.5;95.07;92.38;92.87;6910475
92.8;94.22;92.21;93.97;4649636
93.78;93.99;92.81;93.11;4520906
93.56;93.95;92.28;92.59;2810948
92.8;94.42;92.5;94.17;4393215
94.31;94.47;93.37;93.55;3291452
94.16;94.37;93.1;93.48;3499406
93.21;94.25;93.2;94.25;4910677
91.04;91.45;89.32;89.46;6059277
89.2;90.87;89.16;90.87;5009589
90.97;91.1;90.01;91.1;766005
91.19;91.19;90.27;90.95;2803394
90.06;90.62;89.45;90.58;3538553
91.25;91.25;90;90.18;4506719
90.65;91.48;90.13;91.48;4571023
91;91.1;90.01;90.42;3725727
90.9;90.9;88.72;89.1;5380153
88.98;89;86.46;86.97;7256060
87.5;88;85.11;85.86;7296555
88.16;89;86.25;87.16;10257618
89.3;89.3;88.26;88.89;4546863
88.71;89.44;87.3;88.06;5170448
87.69;89.36;87.19;88.36;4739061
89.87;90.52;89.04;90.52;4814100
90.77;91.94;90.4;91.51;7078428
91.88;92.31;90.74;91.32;3429140
91.65;92.04;90.74;90.96;3256003
91.44;91.56;90.76;91.1;3207365
90.44;90.7;88.89;89.58;4582914
90.33;90.33;88.19;88.55;4274619
87.92;88.89;87.16;88.8;3984097
87.92;88.38;87.15;87.66;3704126
87.25;87.27;85.7;86.85;5129210
87.77;87.77;86.23;87;4589341
87.9;88.58;86.28;88.36;4715572
87.6;87.88;87;87.35;2905662
88.37;89.05;88.31;88.45;4140537
88.85;88.89;88.03;88.21;1963737
88.34;88.6;87.3;87.77;2686765
87.82;88.71;87.74;88.32;1880785
89;89.27;87.89;88.08;2993839
88.35;88.5;85.9;86.59;4344094
85.99;86.1;84.37;85.8;5306193
85.95;86.79;85.14;86.75;3619839
87.88;88;87.1;87.37;2972449
87.4;88.9;87.14;88.67;2990982
88.15;88.59;87.19;88.08;3679197
86.93;87.59;86.11;86.11;4047672
86.92;86.92;85.96;86.84;3237182
86.32;86.52;84;84.24;5096417
84.11;85.09;83.34;85.03;3746229
84.14;85.25;82.81;83.29;5070486
82.83;83.03;81.19;81.76;5261072
82.1;82.2;79.08;79.12;6788331
78.42;80.41;78.13;79.65;7562581
79.7;80.21;78.75;79.27;6706458
81;82.56;80.58;81.73;7668598
79.61;81.33;78.6;80.65;7338039
81.7;82.81;81.35;81.8;5509967
82.41;82.41;79.83;80.46;4556160
79.01;80.24;78.85;79.95;4100043
82.34;83.44;81.75;82.97;7266859
84.04;85.84;83.3;85.45;7566653
83.65;84;80;82.57;12730501
80;80.59;77.5;78.97;9390293
79.75;81.7;79.5;81;6086895
80;80.34;77.47;78.18;7323356
77;77.05;74.89;77.05;9807180
75.5;75.91;73.84;74.67;9993385
74.81;82.13;74.3;78.2;16828276
79.99;80.85;77.96;78.3;6009621
78.12;79;76.81;78.32;4593247
78.55;79.6;78.32;78.66;4527801
79.87;79.9;78.33;78.4;3963669
78;78.39;76.65;77.71;3854839
78.43;79.38;78.2;78.5;2364326
78.27;78.4;75.34;75.86;5510569
75.39;76.04;74.47;76.04;5727243
77.56;77.74;75.62;76.42;4434998
77.11;77.96;76.5;77.42;4916137
77.42;78.18;77.05;77.37;2605222
76.77;78.52;75.83;78.3;6045296
78.23;78.23;75.78;76.24;5526758
76.95;77.07;74.29;75.7;7153200
75.5;75.5;71.85;73.12;9831072
72.9;73.54;72.1;72.36;4811581
72.95;74;71.96;73.52;4812611
73.22;74.4;72.91;74.18;4480952
73.47;75.05;73.01;74.84;5731880
74.1;74.1;72.27;73.72;5861187
72.95;72.96;71.02;71.95;6737240
70.98;74.45;70.53;74.19;8278886
76.8;79;76.8;78;12776497
76.87;77.52;75.88;77.14;6808019
76.35;78;76.3;77.07;6866877
76.7;76.75;74.12;75.32;6357714
74.21;74.58;72.95;74.3;7136770
74.3;74.7;73.61;74.26;5054878
75.12;77.05;74.86;76.31;7883722
76.29;77.2;75.91;76.74;6049409
75.56;78.6;75.3;77.97;6188343
78.8;80.88;78.7;79.92;8815912
79.95;80.94;79.72;80.54;4682959
80;82.73;80;81.15;7037515
81.56;82.69;80.62;82.41;5220691
82.7;82.85;81.12;81.8;2990584
81.2;81.44;80.38;81.25;4657087
81.03;81.42;79.47;80.48;3606906
80.39;81.66;80.1;80.35;3566513
79.5;79.9;78.51;79.9;4597146
79.85;79.98;78.11;78.48;3770484
77.93;78.03;76.35;77.27;6264496
76.88;78.65;76.55;77.65;4747641
77.99;78.16;75.87;76.63;4715675
76.07;76.14;75.2;75.67;5245751
74;74.8;73.64;74.49;4429047
74.65;74.98;73.96;74.49;3849552
74.11;74.76;72.75;73.45;4523896
74;74.72;73.27;73.79;4416854
73.88;74.41;72.64;73.94;4368977
74.7;75.06;73.86;74.15;4101220
73.57;75;73.5;74.62;4519269
74.5;76.49;74.5;76.09;6127433
76.3;76.3;72.07;73;9488870
72;72.01;70.61;71.52;8640633
70.53;70.74;68.8;70.35;9143376
70.93;71.57;69.36;70.68;5850396
71.91;72.49;69.55;70.7;5450980
70;72.74;68.71;70.51;11148071
71.09;71.6;67.55;68.59;11157031
67.87;71.9;67.87;71.36;10357460
71.35;73.25;70.12;72.35;7511796
74.8;75.55;72.54;72.74;8918203
72.9;73.55;71.15;72.7;7015438
72.15;72.32;70.59;71.46;6764780
71.6;72.05;69.42;69.75;5345507
70.2;71.32;68.75;70.86;6924383
69.48;70.1;68.08;68.66;6652911
69.03;69.22;67.62;68.45;4915217
68;72.3;68;71.93;8307329
72.35;73.27;70.05;70.5;5592916
70.29;73.25;70;71.79;8941646
72.4;75.35;72;74.43;8325798
75.3;76.8;74.85;75.64;6757520
76;78.19;75.56;77.15;7132266
76.51;77;74.8;75.32;5993364
74.55;74.7;73.13;74;6149318
74.34;75.94;73.99;75.74;4358214
76.14;78.29;75.91;76.87;6207813
77;78.32;76.57;77.87;5626786
77;79.25;76.61;78.22;4589499
78.71;78.72;76.75;77.4;4159217
76.11;78.37;75.26;77.62;6941069
76.48;76.61;74.2;74.73;7206414
75.35;75.42;73.1;74.64;4414806
73.4;73.94;72.5;73.36;5075984
73;75.1;73;73.26;4435332
73.35;73.98;72.11;73.07;3687801
73.51;74.1;72.95;73.42;3904973
74.45;75.31;74.02;74.04;8898222
74.75;74.75;73.82;73.89;651347
74.5;75.28;74.15;74.59;2729935
73.98;75.29;73.98;74.5;1612130
74.08;74.38;73.91;74.22;524020
74.06;74.98;73.12;73.49;2771228
73.11;73.88;72.62;73.42;2787000
73.05;74.21;71.66;72.4;4506546
71.75;73.15;71.74;72.37;3687692
72.56;72.77;71.12;71.82;5160856
71.29;72.06;70.82;71.22;5433814
71.75;72.76;70.96;70.99;4825392
71.27;73.27;71.01;72.68;5132448
72.47;74.61;72.45;73.72;4811915
73.7;75.41;72.2;72.25;8484192
71.81;74.09;71.15;73.17;8219091
73.91;74.32;72.11;72.38;5581003
72.81;73.21;69.11;69.39;9687856
67.5;67.89;62.12;62.71;15420919
59.2;67.92;57.78;66.65;18798437
68.64;68.85;63.09;63.57;13146232
67.19;69.26;66.31;67.92;13555148
69.45;69.45;65.05;65.5;9287202
63.83;65.8;63.52;65.68;5427888
66.35;68.68;65.76;67.6;7358344
66.5;68.45;65.19;66.83;8451568
66.5;67.1;64.06;65.83;7368993
66.11;66.75;64.24;65.28;9027034
66.11;66.11;64.66;65.2;3717596
64.5;64.71;61.28;61.44;8458797
60.52;61.68;59.39;61.45;7899617
61.31;61.31;59.65;60.3;4817710
61.01;61.6;58.45;59.08;6942411
58.15;59.46;57.88;58.48;4548340
59.28;60.7;57.5;60.67;7501942
59.76;62.1;59.45;61.19;4993600
62.11;62.8;60.5;61.15;4520477
60.55;60.99;58.65;59.11;6993189
59.65;60.99;59.04;60.44;3482178
59.5;61.75;59.26;59.99;6519296
59.15;61.3;58.52;59.69;8355064
60.36;62.43;60.03;61.69;8499143
61.24;63.53;60.63;61.2;5815253
62.16;64.53;62.11;64.24;7667581
64.93;65.11;62.91;64.97;8055734
64.95;64.95;62.52;63.92;5218401
63.44;63.79;60.75;61.36;9525804
60.52;61.11;59.1;59.57;8130178
59;59.48;58.05;58.68;5046850
58.48;59.71;57.52;58.41;5696296
59.25;60.1;58.46;59.86;4320924
59.39;59.52;57.49;57.9;4910035
57.05;58.24;56.2;57.45;6173031
57;57.71;55.54;56.06;4710643
56.52;59.15;55.82;58.22;7678742
59.75;61.48;59.22;59.54;8090605
57.91;58.27;56.42;57.94;6890071
57.94;59.69;55.55;56.5;8453851
54;54.89;52.12;53.85;12304563
54.92;58.3;54.8;58.06;9378834
62;62.79;59.73;60.76;18841183
60;61.67;58.68;61.51;10873268
64.17;64.97;63.35;64.25;8312808
63.01;64.49;62.51;63.6;6651945
64;65.49;63.63;64.63;5562546
64.35;65.18;63.84;64.49;3820012
64.1;64.17;63;63.89;4218397
63.32;68.5;63.19;67.75;8428171
68.5;70.5;68.13;69.87;9304361
69.88;69.9;67.52;68.56;6627309
69.17;69.83;67.47;68.55;4292179
69.06;70.78;68.85;70.21;5390476
68.72;69.84;68.51;69.68;4864583
68.92;69.27;67.83;68.1;5494246
68.26;68.36;65.99;67.16;6480421
67.85;68.34;66.1;66.59;5011009
65.5;66.75;65.4;66.01;4479228
66.4;66.59;64.83;65.75;4217076
66;67.47;65.48;67.16;4317015
67.71;68.94;67.37;67.65;4630766
67.98;70.53;67.85;70.03;7308719
69.73;70.5;68.14;68.7;3696243
67.82;68.62;67.06;67.59;3851816
67.55;68.06;65.93;67.71;4177406
67.2;68.54;66.54;68.41;4322711
69;70.45;68.76;69.19;3765050
69.44;70.48;69.41;69.76;2827913
69;69.88;68.62;69.46;3591385
69.2;69.41;68.31;69.25;3326941
70.5;72.18;70.33;71.32;5936692
71;71.6;70.61;71.04;2260222
71.04;71.09;69.5;70.19;3850827
70.78;70.9;69.7;69.77;3748215
69.1;69.22;68.2;68.89;3406890
68.16;68.28;66.65;67.44;4897152
67.75;67.97;66.52;67.31;1834360
67.75;68.18;66.47;67.5;3808060
68.87;70.99;68.54;70.78;7936036
70.97;70.97;69.66;70.57;4165152
71.1;71.4;69.65;70.01;4900553
70.5;70.6;69.32;69.97;3362077
69.41;69.69;68.3;68.7;3587839
69;69.37;67.35;68;5529761
68;69.32;67.52;68.82;5250482
68.66;69.07;67.8;67.97;5156398
64.91;66.68;64.55;66.6;5307083
66.65;67.05;65.31;65.86;3680511
65.86;67.35;65.55;65.55;4445001
66.08;66.29;64.87;65.32;4354692
65.68;66.95;65.6;66.34;3740236
66.9;66.9;64.65;65.01;3448924
64.63;65;64;64.37;4181500
64;64.36;62.63;63.87;5238775
63.61;64.35;62.72;63.11;5106983
63.81;63.83;60.62;60.62;6111937
60.46;60.51;59.3;60.04;4099391
59.3;61.83;58.78;60.8;5934932
61.98;62.93;59.05;59.65;7162470
59.3;61.62;59.3;61.29;5761162
61;62.15;60.05;61.52;4273248
62.7;63.88;61.1;61.91;5430408
62.46;64.1;62.27;63.6;7103070
63.15;63.3;61.56;61.75;5743684
61.11;61.55;60.13;60.27;6265056
60.65;61.07;58.55;59.31;9048100
58.75;59.94;58.5;58.74;4156776
58.54;60.45;58.23;59.88;8382091
60.7;61.5;60.12;61.08;4942142
60.26;60.55;58.64;59;5784823
58.9;58.98;56.6;57.91;6613525
57.53;58.01;56.1;57.54;6142605
57;57.39;55.42;55.95;6373679
56.6;57.4;55.62;56.16;4731497
55.4;58.68;55.25;58.68;7412058
59.31;59.34;56.82;57.04;3964085
58.05;58.16;56.08;57.39;4109151
56.09;56.65;55.1;56.34;6053388
57.5;58.86;56.9;57.9;6447688
56.65;58.55;56.65;57.36;5010238
57.08;57.94;54.94;55.12;6282393
55.78;56.94;55.29;55.87;4441081
54.37;54.75;52.4;54.1;8480508
54.14;55.5;51.23;54.99;7646784
56.45;59.6;56.09;58.65;10380154
57.75;62.98;57.75;62.5;11355839
62.2;63.89;61.14;62.77;5826570
61.85;63.32;60.55;63.04;5903199
64.68;66.47;64.47;65.71;8188620
66.3;67.16;64.09;64.76;8749491
63.15;65.29;62.22;64.8;6511805
64.31;64.48;62.92;63.41;3899063
61.51;63.03;60.7;62.3;6482163
63.33;64.49;62.4;63.7;3975463
63.7;65.02;62.72;63.8;4402581
62.81;63.49;61.48;61.53;6481433
60.74;61;59.2;59.5;6503534
60.69;62.48;59;61.88;10641602
64.3;65.95;64.1;65.06;11015128
64.5;67.13;64.4;64.67;7621442
64;64.65;62.48;64.4;5070055
64;65.1;63.85;65.05;2936161
64.29;64.91;62.52;62.85;5223436
61.98;62.18;59.45;59.8;6964891
60.4;60.86;59.21;60.5;4664710
61.07;61.9;60.55;61.19;3288537
60.76;61.36;59.7;60.49;3278970
59.66;59.66;57.82;58.09;5755030
58.11;58.79;57.18;58.4;3407628
57.78;57.78;56.67;56.81;3508636
57.28;58.99;56.9;58.89;4368992
58.9;59.35;58.07;58.43;2070376
57.9;59.05;57.37;58.57;3175872
58.69;58.83;57.36;58.43;2531347
58.19;61.99;57.75;61.42;7194195
61.36;62.35;60.65;61.48;4310546
60.67;62.54;60.54;61.84;2303071
62;64.78;61.77;64.5;6706963
63.35;64.77;63.3;63.68;4058333
63.53;64.2;61.5;61.85;5282882
61.27;61.84;60;60.38;5954495
65.4;66.65;63.77;64.45;9474445
64.24;67.05;63.93;65.02;6779106
65.04;65.35;63.6;63.67;7158288
63.14;63.38;61;63.08;6386230
64.18;64.95;62.89;64.54;4532009
61.12;61.74;56.76;59.92;16676112
58.2;59.5;55.51;58.09;13105071
59.84;60.39;55.58;56.19;11184977
55.26;60.24;55.26;57.87;12559312
65;70.16;62.08;68;29095723
68.3;70.05;66;66;9040232
64.6;65.3;62.63;64.53;6166611
65;65.85;64.54;65.35;3693471
65.4;68.45;64.59;67.21;5516923
66.5;69.2;64.4;68.26;5597543
67.57;67.87;62.5;65.53;6879689
62.35;66.78;62.21;66.08;9530959
67.45;67.7;64.09;65.88;5280408
66.51;68.88;65.07;65.2;5802473
65.27;73;65.25;71.35;9764598
68;72.36;65.75;67.5;12232173
69.5;72;66.09;68.43;8242025
64.83;68.88;60.6;63.43;12063851
64.4;67.78;64.15;66.89;8546652
61.36;62.8;55.12;59.87;15383523
64.31;64.55;61.5;64.2;9106965
65.9;66;59.89;61.34;11074393
61.47;62.19;58.39;59.19;6879805
56.23;57.7;52.95;55;9966380
58.64;58.64;51.53;55.94;9030535
57.15;57.6;51.42;54.9;6584957
58.95;60.22;57.65;59;7666017
57.5;60.85;57.2;58.75;5437920
59.41;60;55.6;58.72;4435891
56;57.11;50.3;57;8522843
53.02;55.2;51.25;55;5682346
56;56;46.26;49.3;10349702
52;54;46.61;54;10379936
55;55.25;51.75;54.67;6415187
54.33;56;51.86;56;5358097
56.4;56.4;53.56;55.42;3054960
56.4;59.35;54.78;58.5;5888136
58.4;58.88;54.6;57.6;6264153
55.27;56.73;53;54.7;6546059
54.61;55.09;53.1;55;4312028
56;56.5;52.11;52.68;5336424
52.04;52.04;47.58;48.29;6876018
49.1;49.23;43.64;45.77;7212212
44.5;46.29;43.64;46.2;5741874
47;47.5;44.29;46.81;6078494
46.26;46.8;41.8;43.02;7553229
42.35;42.6;38.3;40.82;10635789
40;40.68;35.03;36.25;12331602
36.07;37.34;33.55;36.5;11366159
36.75;37.5;33.64;35.98;8866050
36;39.07;34.12;39;9254226
37.7;41.5;36.58;40.55;9372989
41.09;41.09;38.6;40.4;5172087
40.63;44.13;39.72;43.4;6297071
42.99;43.91;41.75;43.33;4625848
42.88;42.88;39.61;40.02;6295019
38.8;40.37;37.54;39.92;4906809
39.91;40.45;38.5;40.45;3053669
40.8;42.38;39;42.29;4818861
41.1;41.65;38.2;39.1;5287949
41.35;44.35;40.7;44.35;6756254
43.78;45.3;43.21;45;6185460
45.01;46.13;44.02;46.13;3518259
45.95;47.5;45.09;46.73;3583381
44.19;44.2;41.4;43.8;5859167
41.47;42.28;39.05;39.4;8128689
39.4;41.35;38.93;41.35;4231547
38.2;38.64;33.6;34.22;20167622
34.8;34.8;31.2;33;12261625
32.14;32.7;30.37;30.37;11867500
30.15;30.25;28.72;29.66;8583490
29.45;29.85;28.5;29.75;5321356
29.02;29.58;28.73;29.5;1398651
29.95;29.99;28.74;29.75;3199285
29.65;30;29.15;30;3928117
30.09;30.64;29.69;30.25;2253411
30.5;32.7;29.92;32.7;4883545
33.19;33.19;31.65;31.86;4973988
31.77;34.4;31.69;34.1;7598070
33.9;35.83;33.71;35;7347091
34.5;35.29;33.82;34.84;3847637
35.1;35.47;33.77;34.07;5087219
33.98;34.6;33.56;34.16;3037956
33.83;33.99;31.73;33.99;5749022
34.01;34.1;29.9;32.07;8161422
31.78;31.78;29.13;29.97;8065286
30.45;30.5;29.01;29.01;8870592
29.6;29.8;25.85;27.35;9755527
26.52;27.24;23.59;23.71;13238719
22.64;24.76;21.37;23.95;17793383
25.5;25.64;22.75;23.2;11717496
23.26;23.55;20.66;21.38;13262526
21.24;25.17;20.91;25;16291120
25.46;25.9;24.33;24.96;7299610
26.15;30.15;26;30.15;15991103
29;30;28.3;29.5;7681373
29;31.6;29;30.01;12747943
28.02;28.5;25.735;27.395;10607800
27.5;27.79;26.09;26.715;5699375
26.86;28.2;26.55;27.69;4527407
26.63;27.85;26.43;27.7;4433171
28.105;30.35;28.105;29.055;9843599
28.85;29.83;28.39;29.42;4662244
29;29.945;27.9;28.4;4828277
27.6;28.98;27.01;27.8;4391055
27.85;27.885;25.585;26.28;5775656
26.885;27.65;26.01;26.44;3682933
26.18;26.91;25.715;25.955;2438867
25.55;25.77;23.79;24;5460809
24.36;25.2;23.33;24.62;4847181
25.02;25.925;24.4;24.5;5449499
23.51;23.78;22.76;23.325;6224275
24.25;24.48;23.025;23.14;3949139
22.8;23.565;22.31;23.05;4163390
24.05;25.79;23.765;24.25;6591187
24.9;27.885;24.885;27.195;8393893
26.6;26.75;25.5;25.99;6014356
24.5;24.875;23.4;23.57;6455963
23.565;24.46;23.2;23.4;4723360
23.805;24.88;23.46;24.73;6645696
24.385;24.8;22.81;22.98;5364602
22.52;22.8;20.95;21.735;8344579
22.3;22.69;21.02;22.075;7233057
22.485;26.65;21.9;26.65;10152576
26.01;28.9;25.625;27.415;9971410
26.51;28.44;25.405;28.4;6008026
29.18;29.5;28.63;29.25;6675912
29.88;31.98;29.76;31.98;6925884
30.91;32.125;30.8;31.7;5592698
32.5;32.55;30.05;31.54;5862858
32.5;34.01;31.55;32.39;8450824
32.06;32.65;30.6;31.65;7957758
32.98;34.6;32.25;34.5;6646989
35.005;35.78;32.5;32.73;7453829
32.195;32.91;30.61;31.985;5454799
32;33.15;31.21;32.6;4025127
32.69;33.18;31.11;32.25;4237051
30.99;30.99;29.085;29.14;5342712
29.06;31.48;29;31.12;4333889
31.3;33.09;30.04;32.9;4349733
33.85;37.015;33.8;36.41;9658412
35.79;37.49;35.2;35.78;5377809
36;37.435;34.3;34.9;5276585
34.6;34.85;32.25;33.855;5224507
33;34.675;32.5;34.385;4031633
35;36.22;34.515;35.345;4853377
36.57;38.82;36.225;38.5;7568847
37.14;38.125;36.75;37.915;4394259
37.78;38.74;37.07;38.695;4339535
38.255;40.85;38.16;40.46;6614844
40.04;40.2;37.35;37.8;5348334
36.755;37.89;35.25;36.76;5881437
36.66;38.05;35.55;37.75;5521938
36.74;37.945;36.5;36.66;3817896
36.6;38.7;36.6;38.41;3951729
36.35;38.665;36.3;38.245;3283923
36.85;37.74;35.82;36.77;4890505
36.4;39.5;36.18;39;5680104
39.4;41.62;39.4;40.25;7996016
40.6;42.475;40.5;41.805;3944175
41.85;43.89;41.85;42.215;6217038
45.34;46;44.51;45.29;9671500
47;48.59;44.74;45.01;10569822
45.045;47.4;45.045;45.885;6423812
45.88;46.99;44.86;46.69;4933368
45.83;47.2;45.41;45.98;5095075
45.75;46.285;42.2;42.34;8566090
42.17;43.65;41.57;43.4;10182341
44.3;44.475;42.5;43.625;5298378
42.765;46.48;42.56;46.2;4865784
47.9;48.9;47;47.42;7213497
46.9;47.14;44.935;45.075;6064338
44.785;45.75;44.35;45.005;3404423
45.78;46.7;45.35;45.895;3162508
45.975;46.4;44.96;46.095;1674517
45.865;47.6;45.1;47.095;3934519
47.9;48.61;47.515;47.8;4040061
47;48;46.755;47.6;2950837
48.7;48.885;47.81;48.75;3882923
49.6;50.245;47.35;47.8;8488719
47.8;48.525;46.82;47.8;3922259
48.3;48.3;46.32;47.6;4505918
47.855;48.5;47.3;47.555;4025686
48.195;48.92;47.63;47.85;3255987
47.15;47.64;46.815;47.305;4460058
47.56;48.44;47.55;47.845;2638894
48.7;49.265;48.13;48.31;2941173
48.015;49.98;47.9;49.55;3239116
49.48;50.3;49.12;49.83;2650020
49.33;50.88;48.8;48.8;8134762
48.65;48.695;47.52;47.695;3792416
47.24;47.59;45.4;46.245;3929629
46.12;47.38;45.255;47.06;2987573
47.4;47.98;46.27;46.27;12588556
46.47;46.72;44.25;44.5;4726383
43.5;44.615;43.1;43.905;3614022
44.9;46.525;44.07;45.865;3663491
46;47.68;45.625;46.47;4046272
47.05;47.98;45.74;46.08;3080219
45.72;47.69;45.655;47.475;2459516
47.745;47.97;46.21;46.25;3185432
46.85;47.86;46.605;47.395;2831315
46.75;47.25;45.75;45.85;3484070
46.33;46.96;45.7;46.76;1747522
45.82;47.23;45.75;46.3;2662454
46.795;47.61;46.48;46.87;2755387
46.49;47.35;45.26;45.78;3195699
46.07;46.69;45.8;46.25;2410265
45.73;47.41;45.23;45.315;2019498
45.07;46.68;44.505;46.425;2230949
46.9;48.5;46.59;47.845;3257651
48.4;48.74;47.65;48.365;4192099
48.3;50.2;48.085;49.17;3670253
49.5;50.37;49.41;49.48;3804143
49.855;50.67;49.74;50.57;2719738
50.4;50.81;49.33;49.73;3950166
49.735;50.2;48.73;50.2;2968943
50.15;51.46;49.34;51.28;3631726
50.66;52.48;50.66;51.16;3464110
52;52.09;50.67;51.22;3012452
50.77;51.2;48.53;48.625;5021546
48.6;50.2;48.4;49.07;2957988
49.84;51.18;49.03;50.3;3728105
50;51.78;50;51.15;5000300
51.25;53.5;51.2;52.53;5002596
53.4;54.34;51.68;52.7;5097491
52.9;53.37;51.32;51.59;3859324
52.27;53.4;52;53;4700068
52.92;55.21;52.28;54.6;5536025
54.23;54.6;53.87;54.35;1829693
54.23;55.05;53.39;53.67;2981640
53.7;55.45;52.85;55.1;3081413
55.5;57.15;55.1;55.75;3457011
56.18;57.25;55.66;55.77;2798768
54.98;55.63;54.18;54.72;3220929
54.75;55.5;54.63;55.43;1547997
54.56;55.36;53.7;54.77;2120228
55.45;56.18;55.18;55.57;2340768
55.56;58.9;55.42;58.9;5153584
58.9;59.15;57.75;59;3062112
57.8;58.95;57.72;58.65;2600862
57.86;58.56;57.26;57.38;2871260
57.5;57.95;56.71;56.9;1899907
57.42;57.65;56.85;57.15;2210146
56.8;56.85;56.1;56.17;1799672
56.22;56.45;54;54.05;3674470
53.99;54.28;53.25;53.98;3370317
54.39;54.85;53.15;53.63;2072323
53.73;54.99;53.54;54.99;2358231
55.35;55.94;54.64;55.64;1637144
55.42;55.58;53.55;53.8;3248154
53.42;54.15;53.22;54.15;3812225
54.45;54.45;52.3;52.9;3768312
53.07;53.98;52.86;52.93;3092169
52.2;52.46;51.3;52.09;3157356
51.95;53.74;51.6;53.1;3919275
53.15;56.14;53.12;55.83;5413603
56.4;57.65;55.81;57.16;4705412
56.79;58.04;56.11;57.01;7860180
56.75;57.35;55.36;56.11;3334392
56.22;56.85;55.41;55.74;2339392
56.05;56.9;55.84;56.41;2528482
55.92;57.28;55.26;55.56;3095907
55.85;56.13;54.86;55.33;2710080
54.82;56.57;54.33;56.57;2702353
58.25;58.89;57.31;57.9;14137925
56.54;56.75;54.4;54.6;9239661
54.8;55.11;52.3;52.51;6696405
52.27;52.3;49.85;50.77;8612506
50.77;51.12;49.82;51.12;7751707
51.84;53.99;51.74;53.99;13387781
53.92;53.99;52.42;52.93;7109900
54;54.12;52.98;53.4;6520692
52.71;53.73;52.4;53.3;5642855
53.1;54.12;52.9;53.89;7770769
53.11;55.21;53;54.16;8032898
54.52;55.98;54.27;55.95;6546228
56;56.58;55.25;56.21;4546579
56.42;56.6;54.31;54.7;4336807
55.2;56;54.95;56;2680942
56.31;56.47;55.58;55.86;3567747
56.11;56.34;54.44;56.25;3427472
54.81;55.8;54.58;55.1;3006887
56.2;57.05;56.09;56.25;10653545
56.62;56.7;54.05;54.17;4177420
54.49;54.58;52.6;53.24;4749911
53.18;53.38;51.58;52.12;4344616
52.57;54.05;51.59;53.74;4973842
53.75;54.1;51.24;51.45;5522419
51.4;53.32;50.65;53.16;4850612
52.22;52.58;50.71;50.87;4604632
51.5;52.99;51.45;52.63;4240364
52.6;54.96;52.23;54.72;5138252
55;55.75;54.35;55.17;4586822
55.94;56.82;55.54;56.71;3521134
56.74;57.4;56.2;57;3036578
57.7;58.58;57.62;57.9;3516295
57.39;58.01;56.65;57.19;3269831
57.19;57.74;56.72;57.6;2163225
58.25;58.52;57.57;58.1;3067150
58.1;58.35;56.94;57.38;2375780
57.81;58.18;57.21;57.57;2849633
57.7;58.15;56.64;56.94;3033224
57.3;57.95;56.22;56.24;4189004
57.21;58.32;56.85;58.15;3494273
57.25;57.58;56.62;56.62;2990956
57.4;57.65;56.5;56.72;2974012
56.3;56.45;53.62;53.85;5049354
52.42;55.46;52.26;55.14;4250921
55.33;55.66;53.86;55;5027686
56;56.39;55.07;55.75;3593488
55.85;55.85;53.83;55.05;4551053
55.5;55.71;54.34;54.73;3248979
54.43;56.08;54.17;55.25;4147816
55.1;55.56;54.78;55.41;2315196
55.36;55.79;54.16;54.54;3901191
54.24;55.47;53.77;54.4;4147202
54.31;55.18;54.16;54.81;3009352
55.09;55.4;54.26;54.26;3243287
55.13;55.35;54.2;54.76;2426443
54.8;55.02;54.15;54.6;2635345
54.77;56.2;54.76;56.03;3853362
55.2;55.98;54.94;55.16;3044642
55.4;55.5;54.18;54.4;8531125
54.45;55.96;54.4;55.88;3342562
55.85;55.97;54.93;55.56;2217525
55.95;55.96;55.16;55.65;1585998
55.85;55.86;55.29;55.55;355969
55.91;56.44;55.69;56.21;1417478
56.46;56.78;56.23;56.56;1409328
56.45;56.75;55.6;55.78;1092725
56.2;56.4;55.66;55.9;509744
56.14;57.32;56.13;57.24;2334481
57.23;58.48;56.82;57.13;3158216
57.35;57.48;57;57.22;1773871
57;58.43;56.89;58.22;3018669
58.45;59.88;58.38;59.6;4284507
60;60.38;58.76;58.76;2939199
59.06;59.19;58.16;58.47;2546033
57.59;58.18;57;58.05;3261552
58.94;58.97;58.1;58.66;2450147
58.91;59.17;56.51;56.51;4782611
56.99;57.18;56.01;56.34;2262079
56.21;56.81;54.78;56.57;3230065
56.06;56.54;54.8;55.01;3425506
55.56;56.08;53.53;53.57;4452517
53.3;53.54;51.2;52.56;6626498
51.97;53.3;51.3;51.63;4295304
50.99;52.7;50.55;52.7;4545744
51.96;52.65;51.16;51.75;5214984
52.84;53.07;51;51.07;5374672
51.33;52.67;51.07;52.15;4555529
51.56;53.33;51.29;52.9;4175585
52.99;54.32;52.6;53.88;3858703
53.98;54.39;52.27;52.54;3039752
52.56;52.83;49.5;49.84;6187118
49.02;49.58;47.105;47.105;10493710
47.8;48.18;45.655;47.455;6020771
47.52;49.44;47.055;48.315;5602149
49.2;50.24;48.72;49.82;5726461
50.37;50.49;47.805;48.5;5171927
48.56;49.11;46.81;47.6;4530565
47.85;48.25;47.195;47.865;2145850
48.8;49.2;47.635;49.2;4087048
50.83;52.52;50.01;51.15;6467431
50.8;52.44;50.46;52.25;5138448
51.72;53.34;51.56;53.08;4898939
53.6;54.32;53.25;53.95;3941300
54.1;54.55;52.2;52.63;4578363
52.78;53.1;52;52.9;3481610
52.41;53.44;51.35;51.51;3289541
52.28;53.33;51.82;53.13;4237242
53.9;54.49;53.38;54.3;3693250
53.86;54.88;53.73;54.7;2678894
54.37;54.85;53.81;54.85;3001625
54.03;55.19;53.93;54.77;4032133
54.97;56.78;54.97;56.78;4196708
56.94;57.6;56.85;57.21;3415093
57.07;57.48;55.96;56.92;3798353
56.68;57.61;56.68;57.47;2865151
56.82;57.33;56.44;56.9;3472501
57.12;57.56;56.56;57;3535395
56.9;56.97;56.18;56.18;2773075
56.64;57.69;56.57;57.48;3568722
57.78;58.14;57.53;57.72;3128705
57.17;57.89;56.76;57.2;2890896
57.11;58.19;57.01;57.32;6173391
57.1;57.25;56.1;57.14;3424818
57.2;58.17;56.95;57.64;3097117
57.84;58.2;56.83;57.84;3835985
57.9;59.02;57.72;58.73;4021093
58.67;59;58.43;58.72;2448494
58.8;59.25;58.19;58.82;2095953
59.05;59.34;57.82;58.29;2404784
57.96;57.96;56.14;56.86;5154371
57.18;58.18;57;57.8;2582196
58;58.25;57.26;57.99;2249143
57.5;57.61;56.28;56.38;4185456
56;56.08;54.27;55.35;4878583
56.05;56.75;55.68;56.75;3244170
57.62;57.69;56.78;57.2;2979410
56.8;57.3;56.33;56.72;2339708
56.7;57.93;56.43;57.6;3813442
57.2;58.15;57.17;57.53;3701155
56.75;57.9;55.14;55.35;7743151
54.5;55.63;54.02;55.35;4807439
55.5;56.41;54.66;55.88;4596444
55.55;55.79;53.98;53.98;6223452
53.49;54.18;51.95;52.82;7691359
52.37;53.6;52;52.96;5696300
53.84;54.94;53.3;54.56;6343737
54.14;55.28;50.73;50.73;8244157
49.9;52.62;48.92;50.98;14732953
50.84;52.53;50.53;52.1;7664140
51.6;53.45;51.05;52.13;6828337
51.5;52.77;51.4;52.3;3401815
51.79;52.28;49;49.1;9085421
49.365;49.72;47.355;47.78;10486831
47.49;50.07;45.36;46.575;14659942
44.23;47.18;42.51;43.93;18651511
50.9;53.2;48;53.11;22953544
51.61;52.47;50.2;51.88;9350037
51.29;53.12;50.56;52.35;7782618
52.94;52.99;51.69;51.81;4708375
51.5;51.55;47.535;47.97;12024406
47.56;49.37;47.2;47.79;6019134
48.995;50.2;48.355;49.305;7030939
47.59;47.64;45.75;46.3;9756171
46.9;47.85;44.31;45.81;9339331
46;46.62;44.64;46.215;9803740
47.39;47.55;46;46.55;5514145
45;45.8;44.41;45.25;8293802
46.05;46.7;45.315;45.315;6763764
46.21;47.55;45.48;47.33;7900958
47.56;47.91;46.52;46.97;5444742
46.56;47.085;45.96;46.295;2902623
45.885;46.13;44.555;45.97;6234287
45.655;46.09;44.985;46.09;4730752
46.85;46.98;45.65;45.865;8963975
45.95;46.175;42.755;43.125;13870836
42.58;43.74;41.73;42.69;7175280
43.22;43.22;40.81;41.48;7479245
42.2;42.755;41.555;42.32;6428197
41.81;44.505;41.38;43.82;6430240
44.71;46.765;44.45;46.275;8920335
47.07;47.75;46.82;47.5;4831460
46.875;49.25;46.85;49.25;5709428
49.85;49.95;48.395;49.34;5146834
48.88;49.9;48.655;49.06;5331367
49.05;50.59;48.94;50.18;7498820
51.27;51.65;50.12;50.32;4081513
49.29;49.6;48.45;49.355;5067032
48.425;49.365;48.02;48.285;3678155
48.585;48.735;45.66;45.875;6785190
46.175;47.05;44.925;45.365;6515535
45.8;47.015;45.145;47.005;4947050
45.83;46.13;43.725;43.75;6579233
44.14;45.78;43.565;44.77;6575170
43.595;44.4;43.13;43.49;5194382
44.99;45.25;43.73;44.205;4054549
44.71;44.775;43.45;43.45;2438261
43.725;45.9;43.53;45.29;4130168
44.31;47.975;43.9;47.975;7224356
48.51;49.98;48.44;49.57;7316507
50;50.48;49.34;50.09;4540300
49.775;50.57;49.16;50;3311890
49.985;51.45;49.71;51.45;4128547
51.55;51.59;49.6;50.74;4298686
50.08;50.57;48.47;48.705;6152237
48.88;49.54;46.59;47.06;6180014
46.62;48.15;46.27;47.14;3304100
47.545;47.78;45.97;46.97;3455432
47.64;48.89;47.565;47.585;4411688
47.3;50;47.13;49.85;4656796
49.845;50.35;48.705;49.82;4390255
51;51.3;49.895;51;4570119
52;54.95;51.77;53.8;10513543
54.5;55.76;54.12;54.96;7312511
54.79;55.4;53.4;53.4;5132610
52.68;53.54;51.9;52.71;4599796
54.75;55.74;54.45;55.49;6147135
55.45;56.18;55.3;55.79;6342724
55.75;56.15;54.44;55.89;5969281
56.02;57;55.82;55.99;4567631
56.39;57.36;55.33;55.71;4201698
56.6;57.17;56.45;56.96;3241744
56.64;56.91;55.65;56;3072173
55.53;55.65;53.76;53.8;3953477
53.38;54.12;52.65;53.58;3120837
54.46;54.46;52.69;53.27;3143708
53.32;53.5;51.92;52.58;2673984
53.1;53.81;52.38;53.72;2510421
53.25;53.88;52.85;53.03;2225721
53.49;53.74;51.59;51.7;4052288
51.64;52.25;50.59;51.02;3956983
51.27;52.29;51.15;51.67;2442126
51.12;51.27;49.605;50.57;3691485
50.3;50.86;48.335;49.165;4371010
50.2;50.34;48.825;49.43;3625939
49.205;49.745;48.105;49.745;4098979
50.4;50.43;48.9;49.12;1945313
48.03;49.435;48.005;49.37;3322812
49.75;52.37;48.835;52.3;5521088
52;52.87;51.51;52.43;3232118
52.65;54.18;52.04;53.44;4072167
53.89;54.14;53.27;53.9;2375091
53.3;53.5;52.04;52.73;3374402
51.98;53.63;51.51;53.5;4074325
53.15;55;52.92;54.46;3756272
53.66;55;53.32;54.84;3172953
55.63;56.54;55.4;55.98;4521830
55.97;56.5;55.74;56.13;2673409
56.01;56.34;55.08;55.67;2787215
55.67;55.85;54.78;55;2775021
55.95;55.99;53.7;53.92;8886407
54.26;54.81;53.36;54.66;2917913
55.7;55.87;54.7;54.7;4237731
55.22;55.81;54.82;55.28;5737791
55.68;55.94;53.23;53.9;4347262
53.05;55.43;52.81;55.3;4500480
55.78;55.83;55.09;55.19;3238270
54.8;55.35;53.87;54.39;4008252
54.7;54.85;52.73;53.11;4890907
52.48;53.3;52;52.17;5782464
52.71;52.98;50.53;51.56;6214084
51.28;51.81;50.31;51.02;3549465
50.8;53.2;50.5;53;4397057
53.49;54.18;53.14;53.35;4133453
53.65;54.5;52.9;53.93;3169797
53.89;53.97;52.45;53.2;3620812
53.59;53.65;52.52;52.7;2500705
52.17;52.73;51.56;52.51;3492275
52.52;54;52.1;54;4561719
53.65;53.97;52.25;52.29;5259213
52.27;52.77;51.39;52.08;4603816
51.61;52.2;51.49;52;3782514
51.9;53.08;51.9;51.92;4794501
51.59;52.79;51.55;52.21;3944788
52;53.13;51.8;52.82;4268094
52.69;53.54;52.45;53.14;2682658
53.6;53.61;52.65;52.84;2513009
52.56;52.91;51.92;52.6;2924451
52.32;53.48;52;52.65;3478913
53.14;53.44;52.55;52.78;2783365
52.76;53;51.93;52.55;2841976
53.25;53.36;51.62;52.17;2664180
52;52.58;51.58;52.21;3144959
53.01;53.3;52.15;52.45;4549905
53.98;55.1;53.77;54.37;7780925
54.73;55.33;53.51;53.8;4326743
53.85;54.68;53.56;54.3;2909576
54.18;55.2;53.88;54.81;3216254
54.62;54.75;53.14;53.5;4461738
54;54.01;51.7;52.67;4718268
51.5;53.5;51.1;52.98;5574664
52.6;53.57;52.41;53.4;2698727
52.81;52.95;51.5;51.53;3817442
51.26;52.45;51.16;52.3;2626447
52.85;54.05;52.67;53.64;3919107
53.65;54;52.5;53.28;3281733
54.2;54.2;51.87;52.13;3535829
51.54;51.79;49.9;50.14;6279553
50.15;50.53;49.16;49.92;4635444
50;50.32;49;49.82;3469030
49.495;49.495;47.355;48.735;8639742
49.47;49.77;46.835;47.18;7297991
47.405;47.46;45.02;45.6;10200747
46.115;46.79;45.935;46.55;8387061
47.13;48.42;46.47;48.025;9035748
48.12;49.325;47.785;48.84;6467834
49.1;49.26;47.62;48.18;4076354
48;49.81;48;49.28;5178835
48.59;51;48.56;50.61;5027132
51.11;52.3;51;52.01;5769383
52.3;52.41;51.55;51.65;3369848
52;52.54;51.6;52.07;3629485
51.83;52.08;51.22;51.85;3567213
51.58;51.6;50.43;50.7;4467696
50.4;50.6;49.8;50.59;4275581
50.74;51;49.71;49.71;7736329
49.505;50.46;49.3;49.765;2785678
49.98;50.44;49.6;50.28;2842115
49.95;50.45;49.65;49.735;2382000
49.63;49.95;49.11;49.55;1803657
49.695;49.735;49.2;49.6;274389
49.4;49.685;48.415;48.92;1707565
49.17;49.45;48.67;48.775;1058906
48.855;49.45;48.61;48.98;1510045
49.055;49.29;48.15;48.425;1939802
48.435;48.625;47.61;47.61;1156343
48.3;49.655;47.935;49.335;2962587
49.335;50.75;49.225;50;3878155
49.67;50.18;49.04;50.15;3726931
50.4;50.83;49.61;49.835;3864414
49.65;49.8;48.64;48.715;5394217
48.405;48.405;47.03;47.32;5577201
48.195;48.36;47.5;47.935;4564750
48.545;50.36;48.3;50.26;7342278
50.56;52;50.22;51.69;7026327
51.1;52.65;51.06;52.57;4622989
52.39;52.81;51.91;52.32;2742747
52.36;53.6;52.34;53.24;4837746
53.01;53.64;52.67;53.02;4798833
52.55;53.97;52.41;53.89;5378005
54;56.19;53.9;55.1;10700611
55.5;55.96;54.51;55.17;3434313
55.5;55.79;54.2;54.55;5607870
54.64;55.27;54.25;54.42;3980740
54;55.87;53.48;55.48;6306918
55.49;56.78;54.83;55.08;6400816
54.6;55.6;53.62;54.6;5434075
55.2;56.64;54.39;56.59;5858029
56.75;57.31;56.43;56.9;4264242
56.66;56.8;55.44;56.03;3970330
56.38;56.84;55.4;55.81;3148600
55.67;57.1;55.67;56.32;3626260
56.3;56.9;55.8;56.81;3556080
56.81;57.75;56.54;57.1;3683989
56.83;56.95;55.61;56.46;4048379
56.34;57.31;55.83;56.72;3650627
57.6;57.6;55.63;56.04;3737402
56;57.58;55.78;57.29;4279241
57.19;59.53;57.19;58.97;7644045
59.1;59.93;57.82;58.77;7872937
58.19;59.06;57.57;58.24;5323040
58.01;58.55;56.71;57.15;4144826
56.6;56.8;55.05;55.56;7256091
55.26;56.38;55;55.03;4823901
54.75;55.39;54.34;54.65;4552453
54.94;56.38;54.68;55.91;4205807
56.14;57.3;55.35;56.58;4281720
56.99;57.17;54.81;55.12;5377159
54.8;54.99;53.8;54.33;4565738
54.93;55.52;53.97;54.17;5001690
54.49;54.73;52.81;53.21;5715481
52.91;53.3;52.15;52.23;4614287
52.57;53.2;52.02;53.2;4651582
53.55;53.58;52.4;52.7;4505429
52;52.68;51.75;52.6;4606580
51.99;53.62;51.8;53.14;6429277
53.4;55.07;52.95;53.07;7392801
51.5;52.68;50.51;51.96;9040389
52.15;52.21;49.755;50.34;9269390
51.6;52.12;50.3;51.75;6815202
52;52.75;51.27;52;8440104
52.66;53.48;52.5;53.18;4584401
53.06;54.22;52.2;52.57;5418276
52.2;52.73;51.76;52.56;4230825
51.97;53.48;51.9;53.39;4246818
53.5;53.77;52.87;53.09;3014256
52.85;53.58;52.59;53.26;2557363
53.55;53.86;52.58;53.1;3392884
53.75;53.75;52.95;53.3;4021659
53.12;53.44;51.57;51.61;5985953
52.03;53.44;52.01;53.44;6122572
53.5;53.85;52.58;52.74;4252002
52.65;52.87;51.8;52.47;3764597
52.51;53.67;51.67;53.39;5496550
53.4;55.25;53.36;54.34;6777217
54.78;55.44;54.56;54.7;3769980
54.8;54.93;53.89;54.11;2613087
53.68;54.08;53.08;53.39;3982480
53.8;54.32;53.25;53.47;3133522
53;53.31;52.13;52.64;4760142
52.64;52.98;51.9;52.1;5517784
51.87;52;50;50.63;7553838
50.7;50.98;50.11;50.13;4210177
50.84;51.1;50.32;50.54;4922521
50.95;51.93;50.6;51.42;4940466
51.34;52.1;51.2;51.72;3545343
51.87;52.69;51.17;52.16;4470617
52.58;53.2;52.58;53.03;4336218
53.03;53.59;52.98;53.43;3084786
53.88;54.08;53.39;53.39;2318805
53.8;53.8;53.07;53.45;4324406
54.75;55.2;54.01;54.05;8919369
54.34;54.57;53.55;53.98;5035588
53.9;54.98;53.63;54.43;5411181
53.98;53.98;52.75;52.94;5814166
52.75;54.38;52.54;54.13;5130308
54.23;54.98;53.9;54.62;4810233
53.77;54.59;53.71;54.14;5521504
54.41;54.9;53.32;53.62;4544706
52.82;53.37;52.17;53.08;4683420
53.33;53.98;52.75;52.83;5052823
53.75;53.81;53.09;53.4;3735222
53.74;54.75;53.1;54.34;5885975
52.7;53.28;51.95;52.32;7773827
51.4;51.82;51.15;51.37;4798465
51.5;51.86;51.2;51.32;4077442
51;52.64;50.7;52.47;4421297
52.65;53.36;52;52.3;4616170
53.55;53.89;52.76;53.5;6172358
53.41;53.7;53;53.21;1694038
53.7;54.64;53.7;54.22;5202601
54.69;54.69;53.71;53.8;3989401
53.22;53.4;52.41;52.41;3597061
52.75;53.7;51.93;53.55;4456372
53.17;53.4;52.27;52.5;3364952
52.4;53.04;52.24;52.64;2450147
52.4;52.77;51.88;52.21;3001914
52.16;52.66;51.52;52.35;3677766
52.46;52.88;51.39;51.61;3617640
51.58;52.03;51.33;51.41;2052808
52.08;52.97;51.77;52.61;3443958
51.86;51.97;51.11;51.3;4633572
50.69;51.27;49.675;51.11;7512203
50.75;52.55;50.43;52.2;10491399
51.05;51.79;50.84;51.75;3908174
52.01;53.25;51.97;53.08;4081296
53.5;53.7;52.89;53.34;4073233
53.06;53.09;50.95;51.28;6840199
52.4;52.62;49.92;50.19;7785907
49.75;50.58;49.36;50.16;5829724
50.46;51.5;50.21;51.13;6070157
51.69;52.95;51.52;52;6281859
52.34;53.35;52.08;53.23;4514464
53.34;54.98;53.13;54.54;5673842
54.61;54.7;53.51;53.95;3355832
53.74;53.86;53.14;53.25;2999895
52.97;53.14;51.92;52.5;5158216
52.97;53.44;51.73;51.82;6376991
52.1;52.29;49.605;49.82;10613554
49.19;49.3;45.81;46.455;15211050
45.5;47.49;43.86;46.945;15977929
46.805;47.715;45.53;46.51;9560191
45.86;46.775;45.43;46.05;6655186
45.4;46.065;44.705;45.28;8550771
44.965;45.125;43.42;43.63;7042692
44.29;45.59;43.89;44.9;7237738
45.8;47.16;45.6;46.955;8660977
46.94;49.69;45.315;48.92;14711988
50.35;50.76;47.895;48.815;9396141
48.1;48.15;46.43;46.7;7690868
46.93;47.43;45.94;46.595;4619374
45.75;46;45.005;45.835;6001620
45.11;46.61;44.92;46.395;6557872
45.47;45.935;44.615;45.465;6694512
46.515;46.75;43.55;43.675;7752036
43.195;44.355;42.5;42.6;9167972
42;43.37;41.555;41.805;10345222
42.945;43.225;40.05;40.615;11462948
39.125;42.37;39;40.615;14329066
42.5;43.44;39.31;39.31;13998942
39.485;40.88;37.39;39.335;13606845
40.38;40.44;33.8;35.61;24099097
36.75;37;32.925;35.72;23489187
36.48;38;34.11;37.225;9190803
38;38.64;36.535;37.525;4357050
37.1;37.5;36.17;37.5;4729138
37;37.36;36.25;36.69;5506820