64.25;64.35;62.57;62.96;684690
62.37;62.37;58.95;59.85;1146000
58.01;59.4;57.47;58.71;849060
57.92;59.2;55.94;56.43;1066130
55.54;57.42;53.56;55.64;1850260
56.92;60.79;56.92;59.55;1671600
61.88;62.27;60.39;61.97;1011920
60.29;61.08;59.05;60.88;873040
59.99;63.71;59.7;62.86;1976030
62.96;64.05;61.58;63.36;1182330
63.36;66.33;63.06;65.34;1140980
66.13;67.67;65.34;65.34;1659120
65.24;66.08;64;66.08;1462410
65.54;66.68;65.04;66.18;1109200
65.34;67.72;65.04;65.04;1413140
65.44;66.73;65.04;66.33;1046830
65.04;66.58;64.55;65.54;527630
65.04;66.73;65.04;65.64;585490
64.84;66.73;64.8;65.79;1126520
66.03;66.03;64.15;64.15;499180
63.86;64.55;62.86;63.86;651150
64.65;65.84;64.25;65.34;744470
64.55;70.09;64.55;67.82;1132950
69.5;72.81;67.82;72.47;1701940
73.95;79.2;73.06;78.61;3169950
78.21;81.87;78.01;79.2;3718640
79.2;79.65;77.32;79.1;1420740
79.1;85.49;78.7;82.57;1204450
81.18;84.35;80.49;83.16;906610
83.46;84.45;82.07;83.95;576770
82.81;91.08;82.81;89.69;1495720
91.53;93.75;85.14;85.14;1587580
87.12;88.6;84.69;85.34;1498250
86.38;86.62;84.64;85.34;1091030
85.34;88.41;84.94;87.62;469960
84.25;86.53;84.25;85.68;664780
85.24;88.11;85.24;86.72;1338010
88.51;92.32;87.02;91.77;741820
92.07;93.75;87.62;88.9;870970
88.36;91.08;88.36;89.6;449640
88.41;89.4;86.67;86.72;805210
87.27;89;84.69;85.64;764920
87.37;91.08;84.6;90.29;1389940
91.08;93.06;86.72;88.46;1345640
89.1;96.92;89.1;93.56;1962740
96.92;96.92;93.36;93.56;576430
93.16;93.65;90.19;90.58;878650
89.89;90.78;86.33;87.12;788350
88;88;84.2;84.7;1282280
86.2;86.4;83.25;84.9;800140
84;84.3;82;82.7;779560
83.4;84.7;82;83;740440
81.9;81.95;79.9;81.5;1272540
79.5;81;79.5;79.5;1267860
79.9;80.9;78.55;79.3;1243070
78;79.8;77.5;78.4;980200
77.8;78;75.1;76.3;1488200
77.2;81.9;76.5;78.25;2775340
79.5;81.35;76.8;77.7;1213260
78.9;81.9;78;81.5;2157850
82.5;86.7;82;85;1100850
84.9;86.7;83.85;86.45;668000
87.1;87.5;84.5;86.5;785940
85.25;85.5;82.3;83.5;1115000
81.05;82.85;80.25;82.8;743360
83;84;73.4;74.4;1424990
71.9;73.1;69;69.05;2344870
69.05;70;63.2;65.5;1596580
68.5;73.2;66.8;72.55;1228560
75.3;75.5;71.8;75.45;1016990
77;80.45;76.2;77.3;518080
73;74.9;72.5;73;887050
72.6;73.1;68.8;70.2;819050
67.9;68.7;64.5;68;1873270
69;69.45;63.65;65;1521640
62.7;68.45;59.3;67.5;1774500
69;69.3;64.5;66.2;841960
67.6;68.7;65.6;66.7;1362530
68.5;71.95;67.15;70.6;846130
70;70.4;68.5;69;534270
70;71.7;69.5;70.25;759530
70;71.3;67.5;69.6;780230
70.8;72.45;69.5;70.2;850730
73;75.5;71.05;74.75;1499500
73.5;74.95;72.1;72.9;1233820
73;78;72.9;75.9;1197540
74.3;76.1;73.9;74.85;743980
75.9;76.9;73.8;74.5;380830
74.4;74.4;68.5;69.5;1806030
69.5;69.5;62.6;64;2758680
63.2;64.9;61.2;64.9;1500440
65.8;67;65.05;65.05;1263270
65.5;65.9;62.3;62.3;720340
62.6;68.9;62.6;67.1;2048360
68;68;64.6;65;828620
64.55;65.2;62.7;63.3;456660
64.2;64.3;57;57;2667970
58.5;60.1;55.25;56.55;1317860
58.8;59;56.1;57.95;1308470
56.6;56.8;52.6;53.5;2209400
56.8;59.85;55.3;58.75;1986700
58.2;59.8;54.9;59.8;1249260
61;63.4;61;62.5;1402480
63.45;65.35;62.05;64.4;1201200
66;68;64.8;66.4;1877400
68;72;67;72;1781700
72.05;74.5;69.35;72.6;2390770
74.2;74.2;70;73.5;1538150
73;74.4;70.5;71.5;1437620
70.5;71.45;68.7;70.2;1582840
70.5;73.6;70.2;72.4;1773160
72.35;73.9;71.2;73.7;635790
72.4;74.8;71.1;73.8;704310
74.8;77.7;74.5;77.7;1306510
77.75;77.75;73.2;74.3;642040
71.2;74.5;70.2;71.8;1167610
71.75;73.75;70.4;72.95;473180
74;75.55;73.9;74.1;725060
72.4;73.5;70.6;71.6;1017020
71.15;72.9;71;72.1;472240
71.55;75;71.55;74;840460
74.5;75.6;73.1;73.7;620400
73.9;74.2;72.8;73.8;449340
73.8;74.7;72.8;74.5;474510
74.4;74.4;69.3;70;1675680
71;72;69.5;70;617950
70.25;71.7;68.95;70.5;356323
72.3;72.3;70.9;72.3;466711
70.3;71.6;69.15;71.1;939860
70.1;71.95;70.05;71.9;394922
72.4;76.5;71.7;75.5;711199
74;76.1;71.05;71.05;379489
71.75;73;71.5;72.5;267000
73.4;76.2;72.5;76;614783
75.15;75.8;72.5;75.55;2111968
73.5;75.2;72.65;74.75;833949
74;74.75;72.3;72.75;570745
72.5;73.6;71.9;72.75;486154
72.4;73;71.9;72.45;383384
72.2;72.4;69.6;69.8;644146
70.55;70.55;68.5;70.25;3878510
70.25;70.5;67.6;68;427829
68.5;68.5;66.55;67;930911
67.5;68.4;66.7;67.5;698993
67.5;67.7;65;65.05;507544
65.05;67;64.15;66.45;924665
66.9;66.9;64.7;65.5;637067
65.1;66.2;64.2;64.75;584311
64.5;65;59.65;61;1198141
63;63.95;61;61.55;916403
61.7;62.6;61.65;62;488318
62;62.4;60.1;60.5;734919
60.55;62.7;60.55;61.65;1345104
61.05;65;61.05;65;1689233
64.7;66.3;64;64.6;357835
65.7;66.8;65.05;65.9;561283
66.6;66.75;65.8;66;231967
65;67.45;65;66.2;473793
67.2;67.2;66;67.1;669278
67.2;67.85;67;67.5;531188
67.5;67.7;65.5;66;290748
66.45;66.8;65.7;66.3;519815
66.5;66.5;64.6;65.75;850782
65.75;65.85;63.6;63.6;1276630
64.3;65.25;64.2;64.5;608732
65;65;62.85;63.5;883107
64;64.7;62.5;64.65;1576214
64.65;70.05;64.5;69.1;1890063
69.4;73.55;67.6;70.75;1179749
71.45;74.9;71.45;74.3;908079
74.25;76.65;73.45;74.5;1055475
75.45;75.45;71.05;72;582231
72.9;72.9;69.7;70.5;522946
71;72;69.55;70.05;566181
70;71.65;68.4;69.05;636428
69.9;70;65.65;66.05;528436
66;67.5;65.25;66;816760
67.9;68.2;66.05;66.35;898913
66.15;68.75;66.15;68.25;863552
69;69;66.05;66.05;644209
65;65.7;63.3;63.9;786404
63.1;68.25;63;65.5;690505
67.6;69.6;62.55;62.55;1584457
64.9;65;59.9;59.9;1562999
56.25;59;56.25;57.1;1687470
60;61.2;58.5;59.75;577392
59.1;60.45;57.7;58.3;906600
58.85;60.3;58.1;58.5;600314
58.85;59.8;55.7;57;764853
57.1;58.75;57.1;57.1;1003394
56.05;58.7;55.75;56.9;633997
56.5;58.75;56;57.95;669444
58;58;54.25;55.65;1037164
56;56.2;53.6;54.95;800927
54.1;54.95;50.2;51.05;1200552
52;52.8;49.5;50.4;1125100
50.8;52.4;49.7;51.7;1026692
51.65;51.65;47;47;2233796
48;48.95;46.05;47.95;1304045
46.5;47.05;44.8;46.8;4342458
48.5;48.8;46.8;47.45;2025606
48.2;51.3;47.8;51;1482081
50.45;51.4;49.11;51.4;1084432
53;54.95;52.2;54.7;819055
55.2;56.15;54.05;55.4;926224
54;56;53.6;54.05;1212449
54.8;58;54.15;58;1516934
57.25;59;56.7;58.7;754112
58;59.35;57.2;59.1;560689
59.7;61.3;59.15;60.45;1217686
59.5;60.45;58.5;60;308018
60;60.25;56.95;60;848893
60;61.4;59.3;60.05;470235
60.6;62.8;60;62.8;980288
62.1;64.8;61.3;62.95;1219682
63.5;65;62.05;62.05;875924
64.25;64.25;60.3;62.25;500321
63.7;63.8;58.5;59.6;1108154
58.7;59.35;57.3;57.95;675605
57.5;57.95;53.4;53.75;760246
53.5;54;50.2;52;919594
53.7;55.45;53;55;521799
56;58.7;54.25;57.9;490083
55;59;55;58.35;577953
57.45;58.6;56.05;56.8;504593
57.15;57.25;52.2;52.3;1070272
52.5;55.4;52.3;54.7;684080
53.85;56.35;53.3;54;789475
54.05;57.45;53.6;56.4;587733
56.5;57.4;55.8;56.5;494496
57.2;59;55.1;57.6;828459
57.5;58;54.35;55;2814563
54.1;54.7;52.1;53;977072
53;53;48.6;50.5;1700427
50.9;54.2;50.7;53.3;1148173
53.9;53.9;49.6;49.8;573948
51.6;53.75;51.55;53.15;904630
56;58.2;54.8;57;1417237
55.25;56.45;54.85;55.8;559014
58;59.7;56.55;58.1;1146822
58.8;59.25;57.1;57.95;753895
57.3;57.8;55.2;56.85;1111083
57;57.4;54;55.4;1453059
55.8;55.8;53.8;55.35;1050939
55.3;55.3;51.25;52.35;851367
50.5;52;50.5;51;1146920
50;51.7;49.55;50.25;1082758
49;50.1;47;47;1223718
47.2;48.95;47.2;48.95;1055117
49.5;49.8;47.22;48;1039580
47.94;49.7;47.4;47.6;384579
48.3;48.89;47.1;48.25;286130
49;49.16;47.12;48.25;240583
49.75;49.75;47.21;47.85;361380
47.9;47.9;46.21;46.85;1095008
50;53.5;49.2;53.5;1818754
53.5;55.3;52.5;54;1063926
52.5;53.2;51;51;850683
51.9;52;48.98;49.19;798123
49;52;49;51.3;1067526
52;52;50.1;50.75;401915
51.8;54.85;51.5;53.5;2122091
53.2;54.6;52.4;53.75;1253994
53.5;55.3;52.5;52.8;1344536
53.2;55.5;52.05;54.7;969589
54.7;56.5;54;54.75;1496890
55.4;56.7;54.95;56.5;1137740
56.95;57.75;54.75;56.3;1222744
56.35;56.7;53.7;54.9;1225020
55;58;54.85;56.5;2324437
56.1;59.5;56.1;58.5;1928994
56.55;58.9;56.5;57.55;1086928
57.95;58.2;53.4;54.9;1040814
53;55.95;49.42;52.55;4512753
51.3;52.3;49.75;51;6144186
51.1;51.8;50;51.2;1519134
51.8;53.7;51.8;52.15;1834547
52.05;52.85;50.85;51.25;832241
51;53;50.75;52;1378240
51;51.65;50.5;50.55;1175093
51.3;51.95;49.9;50.4;914179
50;50.5;48.14;48.49;1544163
48.87;49.3;47.95;48.84;1238551
49.4;49.4;47.37;47.76;1091689
47.5;47.5;44;44.75;1284044
44.99;45.35;42.8;44.5;1538828
43;43.78;41.5;42;1983766
41.9;43;41.15;42;950402
42.21;43.08;41.5;42;1084493
41.9;42.45;40.23;40.76;1188271
40;41.5;39.8;40.56;984053
41.03;42.68;40.85;41.65;1943832
42.71;43.4;41.65;42.57;4306404
43.3;43.69;42.1;42.7;1408392
41.7;42.88;41.65;42.39;1512483
42.02;42.48;41.05;42.23;703873
42.39;42.39;40.4;41.3;1217915
41;41.75;40.66;41.5;823534
41.92;45.11;41.92;44.75;1453908
44.85;46.5;43.85;46.3;1344787
45.7;46.4;44.55;45;740295
43.8;44.55;43.62;44.1;600683
43.9;43.99;42.1;42.31;787835
41.1;41.58;40.38;41;3242697
41.8;41.8;39.8;40.5;2152379
41;41;40.08;40.4;1574798
40.06;41.5;39.91;40.73;1201449
40.59;41.4;39.84;40.24;658881
41.2;42.45;40.4;42.22;5148376
41;41.4;38.3;38.65;2202365
38.22;38.55;35.7;36;2286209
37.5;37.8;35;35.99;5017426
36.8;37.5;36.11;36.6;2377016
37.55;38.2;36.93;38;2792790
39.15;40.48;38.5;38.85;3573284
38.4;38.94;36.6;37.6;3218677
36.43;38.73;36.43;38;1823994
39.25;39.25;38.38;39.05;931855
38.55;38.7;37.6;37.79;1032236
37.5;38.5;36.8;38.24;2129762
38.05;39.98;38.05;39.09;1886495
40.35;40.35;38.52;38.89;1009851
38.7;40.8;38.3;39.92;1527595
40.39;43.34;40.39;42.65;2654332
43.4;44.08;41.6;43.78;2624080
43.5;43.9;42.8;43.66;847818
42.69;43;41.6;42.78;1393031
43.21;44.99;43.21;44.65;1829464
45.96;46.03;44.56;45.5;2729297
44.51;46.75;44.51;45.3;1489233
45.01;46.2;44.71;45.14;1216292
45;46.4;44.87;45.75;1636491
45.9;45.9;44.67;45.8;842339
45.95;46.35;44.54;46.25;1893548
45.9;48.06;45.75;47.71;2430738
47.5;48.92;47.5;48.22;948236
48.25;49.62;48.22;49.2;1717111
49.5;49.75;47;47.5;3053587
47.87;48.73;45.8;47.5;1915722
47.5;48.45;47.5;47.76;485744
47.12;48.3;47.12;47.89;508732
47.11;48.23;46.55;48.23;673411
47.65;48.75;47.28;48.25;1614699
48;48.09;47.22;47.69;1233691
47.1;47.25;46.05;46.25;1215508
46.15;46.35;45.66;45.79;1113769
44.95;45.75;43.67;44.5;2025819
45.45;46.35;44.77;45.01;1483345
45;47.3;44.8;46.01;3557838
46.38;46.85;45.3;45.95;523169
46.8;46.87;45.01;45.37;914468
45;46.3;45;45.55;596000
45.4;46.6;45.4;46.2;294608
46.45;46.49;45.15;45.41;644667
45.79;46.2;45.5;46.11;278897
45.88;45.99;44.82;45.1;430910
44.75;44.75;43.83;44.15;1667782
43.05;43.73;43;43.45;1979024
43.95;43.95;42.28;42.9;615818
42.92;43.58;42.5;43.03;777237
43.5;43.55;42.85;42.95;288386
43;44;42.7;43.2;716509
43.2;44.2;43.2;43.68;924296
44.24;44.24;43.15;43.6;702789
44.1;44.1;41.86;42.3;1336875
43.05;43.15;42;42.45;687007
42.1;42.6;41.52;41.88;817043
42;42;39;39.5;2327020
38.66;40.39;38.66;39.55;1045025
39.75;40.39;39.3;39.66;816940
39.95;39.95;37.85;38.4;1750047
39;39.3;37.6;38;1031747
38;39.5;37.8;39;707069
38.25;39.9;38.25;39.59;661026
39.8;39.8;37.73;38.04;1381384
38.1;38.5;36.75;36.91;1126189
37.39;37.85;35.95;36.94;1718784
37;39.92;36.99;39.92;1942618
39.02;40.39;39.02;39.6;1338047
39.7;40.37;39;39.4;643010
39.5;39.5;38.51;39.32;303691
39.3;39.3;38.1;38.46;659256
38.6;38.6;36.05;36.15;1519818
36.18;36.59;34.9;35.73;1706793
36;36.35;35.09;35.63;859938
34.5;35.23;34.5;35;640165
35.75;36.98;35.75;36.26;3132260
37.18;37.4;36.02;37;503111
36.86;37.22;36.2;36.6;367797
36.12;36.78;36.01;36.62;609812
36.79;36.9;35.61;36.25;1040080
36.9;37;35.75;37;552862
36.4;36.6;35.75;36.24;683405
35.65;37.4;35.6;36.67;769468
36.89;36.89;36.11;36.45;515056
37;37.2;36.49;36.92;1275474
37.48;37.48;36.66;36.74;1404058
36.9;37.7;36.9;37.34;1770858
38.01;38.88;37.6;38;1179011
38;39.13;37.92;38.5;1011645
38.44;38.9;38.2;38.55;1243186
38.74;39.38;38.35;38.7;1811088
38.65;39;38.53;38.58;937702
38.73;40;38.61;39.62;1294836
39.69;40.05;38.93;39.51;659909
39.7;39.74;38.85;39;1047176
38.55;38.75;37.8;38.15;2231563
38.98;39.38;37.15;37.25;1342041
38.25;38.5;37.45;38.25;933087
38.25;39.2;38.25;38.88;553577
38.52;39.15;38.5;38.81;242226
38.25;39.1;38.08;38.77;719929
38.97;39.1;38.05;38.48;634310
38.1;38.4;37.61;37.78;630085
37.9;38.6;37.78;38.4;526730
38;39.2;37.66;38.16;595435
38.61;38.7;37.86;38.07;884766
38.3;38.4;37.36;38.3;949676
38.3;38.68;37.25;38.1;309358
38.09;38.38;36.65;37.35;1145240
37;37.75;36.71;37.7;1549490
37.64;38.3;37.15;37.4;716126
36.99;37.3;36.82;37.19;777441
37.95;37.95;36.33;36.8;464419
36.98;37.27;36.1;36.55;983811
36.15;36.3;35.1;35.24;979715
35.51;35.9;34.51;34.51;1327036
34.5;35;33.7;33.85;1340345
33.5;34.94;33.1;33.92;854051
34.34;34.87;31.55;31.55;1198945
30.1;32.6;30.1;31.75;1341875
31.4;31.4;29.85;30.77;1618721
31.5;31.65;28.04;28.77;1451593
27.8;29.3;26.6;28.5;1702753
28.5;28.5;26.1;27.65;1088401
27.7;29.2;25.1;25.5;2567850
25.5;26.94;25.11;25.6;2557496
25.11;26.75;23;26.61;2854527
27;28.51;26.6;28.51;1416639
28.25;29.8;28;28.9;1009039
29;30.3;28.35;28.77;1298955
28.2;29.21;28.05;29.1;499602
30;30.3;28.34;28.34;1302110
29.02;29.1;28.12;28.75;743860
28.67;29.56;28.35;29.56;1103553
29.9;29.9;26.9;27.6;1964335
28.5;29;27.75;29;2590637
28.8;29.24;28.32;29.02;1031183
28.5;28.9;27.85;28.77;599216
28.51;30.52;28.2;30.52;1143824
30;32.38;30;32.3;1261067
32.5;32.65;31.26;31.5;1749401
32.35;32.35;30.16;30.86;737704
30.86;31.45;30.2;30.92;569795
30.51;34.05;30.5;34.05;1676518
36.65;36.73;34.2;35;3936543
34.5;35.09;33.45;35;1054804
34.5;34.95;33.32;33.89;977558
33.95;34.99;33.9;34.81;766105
35.3;37.4;35.13;36.8;2261354
37;37.92;36.5;37.28;1090634
37.2;37.9;35.61;35.95;1347331
36.4;36.5;35.71;36;1448030
36;36;34.23;35.18;852094
34.2;34.4;32.66;33.59;1616925
32.99;34.47;32.9;34;1079827
33.15;34;33.15;34;511891
34.1;34.41;33.6;34.01;1006696
34.5;35.1;34;34.97;1155346
35.12;35.37;34.13;35.08;1211520
35.2;35.3;32.8;34.33;1228144
33.5;35.14;33.42;34.78;1418161
35;35;34;34.29;957650
34.68;34.68;31.7;33.47;819268
33.97;34.58;33.82;34.37;1463263
34.66;36.66;34.54;36.3;2761726
37;37.5;36.78;37.32;2013564
37.17;37.49;36.5;36.99;1569752
37.4;38.48;36.81;37.82;1403846
38.46;38.55;36.45;37.21;1015823
36.7;37.5;36.3;36.55;1036766
36.5;36.7;36;36.6;818375
36.9;36.9;35.9;36.33;664251
36.94;37.03;36.35;36.45;689676
36.9;37.44;36.6;36.9;1053068
36.64;37.6;36.64;37.15;1046716
36.78;37.42;36.5;37.29;1523832
37.8;39.22;37.75;38.5;2270590
38.5;38.64;37.43;38.46;871034
38.48;39.4;38.09;39.33;1188670
39.6;40.4;39.5;40.19;1600926
40.44;40.8;40.25;40.3;1220556
40.1;40.5;39.52;40.5;856571
40.1;40.1;39.56;40.03;825194
39.6;40.09;39.45;40.05;701698
40;40.07;39.1;39.82;609228
39.32;39.6;37.85;37.96;1125822
37.7;38.34;37.54;38.15;891601
38.2;39.1;37.52;38;749123
38.2;38.35;37.6;38.07;919835
38;38.05;36.88;37.5;789370
36.98;37.7;36.12;36.25;695385
36;36.22;35.8;35.85;977581
35.9;36.04;35.81;35.92;187317
36;36.9;35.8;36.82;612207
36.99;37.1;36.13;36.8;596309
37.27;37.27;36.5;36.82;338736
37.19;38.25;36.77;38.14;916161
38.8;38.8;38.2;38.5;1055306
38.5;38.5;37.76;38;515408
37.49;38.29;37.31;38.2;1514729
38.23;38.78;37.71;38.6;821625
38;38;37;37.2;988418
37.1;37.5;36.08;36.4;876978
36.05;36.2;35.3;35.45;751241
35.35;36.38;34.75;36.31;800642
35.6;35.69;34.96;35.11;791253
35;35.6;34.7;35.06;709235
34.9;35;34.21;34.31;565544
34.31;34.39;32.97;33.15;1036681
33.45;34.48;33.33;34.2;1276152
33.5;34.42;33.5;34.41;784844
34.8;35.65;34.51;35.28;730856
35.02;35.5;34.7;34.9;1006858
34.95;35.75;34.94;35.51;499537
35.06;35.74;34.62;34.62;1897326
34.08;34.32;33.75;34.11;1145504
34.67;34.89;34.01;34.43;869241
34.1;34.84;33.86;33.86;781023
33.6;34.65;33.54;34.17;666251
33.6;33.73;32.61;32.65;1089346
32.7;33;30.88;31.01;1619964
31.32;32.05;31.05;31.69;1006526
31.81;32.09;31.5;31.77;451166
32.2;32.29;31.27;31.35;760332
31.5;31.99;31.05;31.4;1293000
31.4;31.5;31;31.49;709680
31.38;33.5;30.65;33;2619218
33.06;33.62;32.6;33.35;783106
33.06;33.5;31.91;32.1;813744
31.85;31.99;30.64;30.9;1822152
31.1;31.29;30.51;30.72;725957
31.3;31.88;31.05;31.46;571367
31.3;31.3;30.68;31.23;598667
31.7;31.75;31.01;31.61;533262
32.08;32.5;31.85;32.25;1245607
32;33.28;32;33.1;379111
32.5;33.7;32.5;33;912062
32.75;33.85;32.75;33.85;408373
34.8;35.6;34.51;35.25;991838
35.8;36.5;35.3;36.2;1394439
36.2;37.14;36.2;37.01;2397506
37.71;38.95;37.64;38.44;1976869
37.4;37.97;36.82;37.37;1571214
37.88;37.89;35.9;36.1;1280130
36.49;36.49;35.34;35.75;886187
35.75;36.48;35.75;35.93;724149
35.66;36.29;35.6;35.99;689686
36;36.75;35.9;36.63;811919
36.51;38;36.51;37.28;926718
37.7;38.75;37.02;38.59;1073504
38.6;38.87;37.8;37.89;1289348
37.61;38;37.05;37.19;806430
37.34;37.99;37.22;37.34;573919
37.85;38.04;37.35;37.6;642736
37.07;38.38;37.07;37.62;579385
38.1;38.24;37.4;37.42;899397
37.98;37.98;37.34;37.45;1522695
37.5;37.84;36.95;36.95;707564
37.4;37.74;36.39;37.06;1204329
36.9;36.9;35.5;35.94;1196384
35.6;36;35.57;35.66;497530
35.7;35.7;34.5;34.56;714781
34.73;34.92;34.36;34.75;662302
34.13;34.67;33.34;34.67;1619660
35.2;35.2;32.72;32.91;1004577
33.08;34.03;32.66;33.95;1494547
34.05;34.33;33.43;34.03;769350
34;34.72;33.93;34.7;1131905
36.22;37.2;35.9;35.92;2102077
36;36.47;35.31;35.5;983328
35.64;36.39;35.5;35.8;812523
36;36.13;34.86;35.68;592629
35.38;35.94;35.04;35.75;668429
35.65;35.94;33.6;34.02;1000694
33.87;34;32.82;33.45;1171450
33.5;33.9;32.88;33.24;3186302
33.3;33.79;33;33.27;1659540
33;33.5;32.32;33.5;1707568
33.7;33.84;31.51;31.69;1396271
31.55;31.62;30.62;30.85;1622332
31.9;31.9;31.3;31.9;1879113
31.35;31.9;31.16;31.42;1395361
32.47;33.13;32;32.6;1654209
33.05;33.13;32.3;32.46;506308
32.15;32.96;32.05;32.22;591569
32.47;33.18;31.7;32.9;1152648
33.1;33.58;32.66;33.25;1438503
33.8;33.93;33.21;33.6;652785
33.61;34.49;33.55;34.16;684013
34.69;34.75;34.34;34.39;728077
34.64;34.68;33.83;34.24;292163
33.95;34.24;33.44;33.7;687283
33.6;33.84;32.58;33.4;929815
33.4;33.97;33.15;33.56;497993
33.98;33.98;33.33;33.35;415174
33.42;33.98;33.4;33.72;296136
33.97;34.2;33.35;33.4;473304
33.4;33.82;33.01;33.5;3603398
33.51;33.53;32.15;32.3;602662
32.23;32.89;31.6;31.66;2018809
31.47;32.1;31.31;31.55;568805
31.03;31.19;29.7;29.91;1368861
30.1;30.31;29.63;29.63;974164
29.97;30.16;29.35;29.4;1063822
29.02;29.02;28.08;28.13;1332237
28.65;29.3;28.41;28.52;792038
28.2;29.29;28.12;28.93;1117015
28.48;28.48;27.63;27.8;980688
28.17;28.2;27;27.34;1102910
27;27.64;25.85;26.77;1365634
26.86;28.09;26.86;27.99;690266
28.56;28.75;27.23;27.34;1049880
26.22;27.5;26.22;27;1041747
26.5;27.78;26.5;27.03;1318824
26.8;27.4;26.05;26.99;1630453
27.12;27.28;25.7;25.92;987627
26.95;26.97;26.05;26.97;1985867
25.7;26.46;25.32;26.3;1182132
26.6;27.81;26.5;27.42;1142588
28.01;28.39;27.89;28.29;1270505
28;28.55;28;28.06;841392
28.05;28.09;27.31;27.82;1082121
27.75;27.93;26.1;26.1;1227923
26.88;27.38;26.64;27.25;635559
27.72;29.27;27.3;29.27;1310543
28.79;29.27;27.62;28.37;826142
28.03;28.3;27.33;27.42;1548652
27.1;27.43;26.74;26.8;1123354
26.44;26.8;25.72;25.72;1473778
26.49;26.56;25.3;25.66;1068466
25.65;26.15;24.45;24.45;969682
25.18;25.18;23.7;24.18;964027
23.77;25.25;23.77;25.17;1683235
25.2;26.12;25.1;25.85;1202997
25.93;25.93;24.82;25.22;688447
25.1;25.22;24.1;24.1;748988
24.53;24.78;23.72;24.03;1027690
23.42;24.4;23.12;23.5;1969490
24.11;24.44;21.85;22.31;2103655
22.02;22.92;21.15;22.92;1589180
23;24.28;22.72;24.23;1224260
24.6;24.71;23.62;24.22;1146944
24.78;24.8;23.06;23.45;1364735
23.76;24.01;22.01;22.3;1065740
22.47;22.79;21.81;22;944904
22.5;22.5;21.05;21.05;1071630
20.7;21.8;20.4;21.7;1065680
21.98;22.65;21.8;22;834490
22.57;23.4;22.1;23.33;1230377
23.45;23.9;22.62;23.34;951981
23.32;23.34;22.45;22.7;387139
23.38;23.38;22.15;22.69;565605
22.19;22.64;21.6;21.8;916705
22.39;23.13;22.05;22.85;452398
23;23.18;22.5;23;528531
22.43;23.97;22.43;23.75;655426
23.67;24.49;23.46;24.43;852333
24.49;25.55;24.43;24.9;1164169
25.2;26.66;25.12;26.28;1189476
26.33;26.75;25.93;26.15;801195
26;26.59;25.62;25.9;353980
26.2;26.55;25.5;26.19;511676
25.78;26;25.22;25.39;3222407
25.23;25.3;24.38;25.01;945366
25.43;25.76;24.55;25.25;742449
25.1;25.3;24.6;24.83;313989
24.5;24.93;23.52;23.76;765734
23.35;24.18;23.16;24.09;450525
24;24.19;23.17;23.38;763114
23.67;23.94;23.1;23.59;1196566
23.75;24.01;23.41;23.99;609071
24.3;24.68;23.91;24;785255
25.38;26.49;24.68;26.19;2128616
25.93;26.85;25.85;26.23;2462451
26.01;27.2;25.68;26.57;1257074
26.99;27.07;26.67;26.73;849133
27.18;27.6;25.73;26.35;1375329
26;26.61;25.6;26.3;840369
26.3;26.85;25.92;26.26;894823
25.52;26.46;25.52;26.01;954791
25.48;26.08;25.07;25.4;1104359
25.2;25.65;23.8;24.19;2019477
23.65;24.75;23.65;24.01;1267785
24.65;25.12;24.01;24.98;3847546
25.29;25.83;24.96;25.83;1264284
24.9;26;24.7;26;1584751
26;27.1;26;26.86;2425876
27.4;28.18;26.32;26.99;2274348
26.99;26.99;25.68;25.68;1360473
25.85;25.85;24.1;24.87;1098925
24.47;25.65;24.1;25.09;539397
25.46;26.47;24.11;24.67;1216649
25;25;23.74;24.06;788094
23.93;25.09;23.8;24.52;996832
25;26.12;24.65;25.47;1440552
25.45;25.75;25.27;25.5;1352907
26;26.75;25.94;26.7;1987455
26.2;27.35;26.13;26.69;1383320
27.15;27.74;26.55;27.08;1658409
27.5;27.58;26.54;26.99;1465368
26.58;27.45;26.58;27.2;1345712
27.3;27.3;26.08;26.59;1009739
26.62;26.95;26;26.01;932042
26.29;27;25.94;26.7;655219
26.6;27;25.74;26.78;925067
27.33;27.87;27.21;27.7;1081471
27.04;27.5;25.89;26.09;1527213
26.62;26.75;25.76;26.7;991499
26.63;27.2;26.16;26.59;968709
26.94;26.94;24.94;26.34;702110
26.5;27.22;26.5;27.13;1406718
26.95;27.15;26.83;27.05;1419886
27.16;27.27;26.35;26.72;1346949
27.27;27.55;26.26;26.36;1421933
26.11;26.49;25.66;26.04;902188
25.87;26.29;25.58;25.87;534887
25.93;26.43;25.75;26.35;591337
26.4;26.43;25.81;26.4;579120
26.14;27.22;26.04;27.2;1212543
27.22;27.45;26.9;27.37;1096093
27.43;27.88;27.29;27.62;1022281
27.1;28.03;27.1;27.8;1023575
28.04;28.18;27.35;27.74;823500
28.53;29.1;28.01;29.01;2060363
29.48;29.75;29.06;29.6;1278116
29.75;29.75;28.72;29.18;809845
29.42;29.63;28.51;28.75;725569
29.11;30.2;28.1;29.87;6058303
30.29;30.45;29.75;29.92;627587
30.2;30.45;29.6;29.75;938668
30.2;30.44;29.55;29.66;638588
29.58;30.2;28.4;28.69;1267686
27.99;28.6;27.85;28;1231270
28;29;27.54;27.9;1408807
28.02;28.3;27;27.68;922340
28.5;28.65;27.4;27.52;862168
27.45;27.72;26.83;27.15;1175334
27.6;27.68;26.84;27.1;762506
26.92;27.45;26.63;27.36;1064440
27.31;27.83;26.65;27.23;990677
26.75;27.67;26.75;27.05;581683
27.02;27.15;26.45;26.51;999244
26.25;26.49;25.71;25.9;1966977
26.07;26.32;25.01;26.32;1296586
26.1;26.79;25.88;26.79;1026499
27.5;27.5;26.05;26.5;508832
27.13;27.2;25.97;26.42;213315
26.84;26.98;25.78;25.99;579790
26.35;26.35;25.57;26.01;600258
26.31;26.97;26.03;26.62;539104
26.4;27.05;26.06;26.53;618803
26.97;27.25;26.55;27.11;1064211
27.07;28.28;26.89;27.53;828152
27.96;27.96;26.64;27;393446
26.65;26.98;26.43;26.7;519394
26.83;27.3;26.08;26.69;788715
26.76;27.2;26.05;26.56;682619
26.78;26.95;25.51;25.55;1399064
25.6;25.93;24.62;24.85;2481282
25.01;25.26;24.36;24.88;1730867
24.88;25.44;24.8;25.33;990988
25.25;26.39;25.25;25.5;1678499
25.65;26.05;24.12;24.45;1166032
24.5;25;23.69;23.85;1491755
23.93;24.4;23.25;23.8;1607555
24.26;24.34;23.25;23.51;1266892
23.82;24.13;23.02;23.18;797495
23.11;23.66;22.6;22.85;997655
23;23.42;22.71;23.26;880372
23.25;23.72;22.7;23.58;2939343
23.63;24.18;23.48;23.81;1025752
23.66;23.89;23.2;23.67;1141685
23.72;23.74;23.05;23.37;1153369
23.05;23.25;22.56;22.69;2005843
22.87;23.15;22.61;22.9;1143184
22.65;23.2;22.65;22.75;1048807
22.53;22.59;21.41;21.5;2675013
21.68;21.95;21.42;21.54;695921
22;22.33;21.56;22.33;1036656
22.18;22.4;21.92;22.15;939436
22;22.67;21.97;22.35;1483649
22.16;23.34;22.14;23;1347891
23.39;23.51;22.9;23.13;457712
23.29;23.88;22.9;23.77;617885
23.74;23.94;23.1;23.16;521960
23.3;23.4;22.71;22.82;524768
22.7;23.25;22.5;23.15;880548
22.97;23;22.5;22.85;759911
22.35;22.63;21.9;21.92;876585
22.68;22.7;22.03;22.03;4515219
21.99;22.6;21.99;22.5;1637389
22.5;22.65;21.82;22.54;1525282
22.65;22.7;21.95;22.15;1087073
21.95;22.15;20.65;20.68;1915933
20.65;21.23;20.2;20.45;1434269
20.4;20.75;20.15;20.39;913925
20.2;20.22;19.76;19.76;984746
19.8;19.96;19.06;19.19;674169
19;19.2;17.51;17.7;2305695
18.1;18.25;16.61;16.75;2276656
17.03;18.79;16.87;18.79;1952674
18.78;21.11;18.53;21.01;2126677
19.55;21.6;19.35;21.26;1873177
21.58;21.7;20;20.13;1199171
20.42;21;20.11;20.85;795348
20.99;21.33;20.08;20.84;534865
20.94;22;20.71;21.84;850790
21.49;21.5;19.62;19.81;1146747
19.62;20.37;19.19;20.36;981428
19.98;20.3;19.54;19.69;973827
19.61;19.61;18.6;19;710630
19.16;19.25;17.98;18.78;1683545
18.43;18.74;18.1;18.44;1063026
18.49;18.57;17.25;17.47;1639251
17.93;19.5;17.9;19.37;2240048
19.37;19.99;19.14;19.37;1850394
19.49;20.28;19.28;19.97;1495503
20.99;21.35;20.61;20.8;2335829
20.5;21.17;20.11;20.67;2994126
20.34;20.65;19.74;20.2;3010052
20;20.34;19.59;20;1713269
19.92;20.75;19.9;20.18;1603720
20.19;20.65;19.77;20.42;1237650
20.75;21.88;20.7;21.78;5997834
22;22.66;21.6;21.96;1704733
21.5;22.15;21.28;21.94;1318952
22.24;22.24;21.41;21.97;700141
22.39;22.53;21.83;21.91;1211803
21.68;22.05;20.88;20.91;1147452
21.1;22.25;21;21.7;1228759
21.75;22.32;21.6;22.23;1971881
22.2;22.69;21.85;22.06;1489485
21.64;21.97;21.64;21.92;1200842
21.93;22.55;21.61;22.52;1044733
22.95;23.2;22.7;22.79;870118
22.86;24.15;22.45;24.02;1288049
23.99;24.02;23.35;23.55;4421066
23.58;23.58;22.51;22.64;975014
22.79;22.83;22;22.42;1062169
22.54;22.8;21.9;22.12;1219136
22.47;22.68;22;22.46;1903407
22.67;23.02;22.6;22.68;987302
22.62;23.25;22.5;23.1;550225
23.18;23.34;22.69;22.74;749532
22.75;22.76;22.02;22.2;661185
22.04;22.45;21.9;21.98;1243570
22.22;22.32;21.8;22.29;1209549
21.8;22.65;21.57;22.32;4155714
22.59;22.59;21.24;21.68;2836622
21.65;21.96;21.5;21.8;463477
21.51;21.75;21.26;21.65;983191
21.8;21.96;21.44;21.65;1534239
21.52;22.15;21.52;21.99;795764
21.86;22.68;21.76;22.66;1507266
22.77;23.5;22.51;23.36;1452957
23.17;23.2;22.75;22.84;745297
23.1;23.45;22.86;23.19;1047176
23.45;23.45;22.78;22.93;1114263
23.19;23.9;23.01;23.89;1361577
23.8;23.84;23.46;23.49;473624
23.35;23.74;23.3;23.72;628153
23.8;23.86;23.24;23.67;1355320
24;24.45;23.67;24.2;1616522
24.46;24.46;23.7;23.7;1002810
23.94;25.03;23.5;25.03;1391481
25.49;25.8;25.31;25.51;1924424
24.41;24.6;23.66;23.76;3988575
23.88;23.96;23.34;23.49;2309899
23.24;24.13;23.24;24.1;2158337
24.06;24.1;23.83;23.85;1058849
23.9;24.08;23.65;23.75;1806753
24.01;24.22;23.52;24.03;2014559
23.98;24.12;23.77;23.77;1275511
24.23;24.33;23.9;24.25;1664077
24.25;24.65;24.02;24.04;1619652
24.01;24.25;23.2;23.23;1273585
23.6;23.82;23.4;23.72;1141437
23.72;23.92;23.36;23.9;559734
23.75;24.08;23.52;23.6;1751965
23.85;24.58;23.8;24.55;824710
24.46;24.62;24.3;24.41;520180
24.37;24.39;23.86;23.98;1061970
23.8;24.35;23.75;23.86;720331
23.63;24.13;23.63;23.95;613357
24;24.49;23.95;24.37;292706
24.14;24.74;24.13;24.52;595990
24.45;24.58;23.67;23.99;826903
23.98;24.09;23.41;23.6;727775
23.53;24.05;23.53;23.81;712720
23.93;23.99;23;23.14;931855
23.28;23.36;22.95;23.26;545205
23.06;23.35;22.63;22.7;1261668
22.51;23.25;22.27;23.14;1295642
22.92;23.64;22.81;23.3;500204
23.52;23.98;23.47;23.75;875181
23.78;23.8;23.26;23.49;1262055
23.33;23.8;23.33;23.4;804745
23.43;23.66;23.29;23.52;861883
23.49;23.58;23.1;23.3;749046
23.25;23.4;22.8;22.82;629127
23.04;23.24;22.66;23.04;905677
22.83;22.83;22.02;22.2;1286398
22.4;22.4;21.72;21.92;1480962
21.9;22.84;21.9;22.52;1385701
22.78;23;22.65;22.75;408101
22.95;23.05;22.8;23.05;859261
23.19;23.19;22.9;23.08;722366
23.15;23.45;22.88;23.37;540026
23.47;23.59;23.3;23.56;339190
23.73;23.85;23.61;23.77;404781
23.98;24.18;23.75;24;675351
23.92;23.99;23.3;23.7;890168
23.84;23.88;23.64;23.66;646524
23.77;24.1;23.52;23.82;502221
23.7;23.9;23.55;23.57;307970
23.74;23.8;23.29;23.49;548554
23.52;23.95;23.52;23.85;578018
23.92;24.25;23.78;24.13;1168432
24.11;24.4;23.82;23.98;870088
24.38;25.06;24.25;24.92;1162726
25.09;25.35;24.6;25.18;1433157
25.35;26.16;25.04;25.88;1254712
25.78;25.79;25.06;25.39;1115320
25.4;25.42;24.72;24.85;1059673
24.87;25.25;24.87;25.13;843216
25.35;25.46;24.86;25.01;682393
25.4;25.4;24.56;24.77;1662352
24.5;25.14;24.21;24.49;1220297
24.64;24.72;24.12;24.42;728861
24.64;24.85;24.44;24.49;630773
24.71;24.79;24.5;24.72;596551
24.98;25;24.44;24.44;931053
24.5;24.8;24.45;24.72;672756
24.72;24.87;24.52;24.6;719226
24.51;24.69;23.86;23.98;816743
23.98;23.98;23.65;23.82;869751
23.86;24.2;23.85;23.99;439112
23.72;24.19;23.55;23.7;860337
23.68;23.85;23.15;23.47;988928
23.5;23.6;22.9;23.02;1169695
23.2;23.26;22.22;22.61;1278830
22.6;22.89;22.44;22.8;489759
23.11;23.5;23;23.05;730288
23.58;24.1;23.2;23.98;1154417
23.89;24.15;23.74;23.85;611885
23.99;24.02;23.6;23.91;505417
23.97;24;23.51;23.69;552750
23.9;24.18;23.69;24.15;641590
24.33;24.33;23.59;24.04;1021489
24.1;24.45;24.03;24.45;780436
24.51;24.68;24.1;24.21;532123
24.42;24.75;24.18;24.74;787916
24.6;24.65;24.3;24.45;584607
24.6;24.6;24.21;24.44;597125
24.2;24.29;23.85;23.96;461719
23.97;24.19;23.73;23.86;592687
23.8;24.09;23.51;23.53;788337
23.45;23.45;23;23;842055
23.15;23.38;22.9;22.9;466003
23.32;23.37;22.97;22.97;1293687
23.29;23.68;23.16;23.5;2663282
23.9;23.96;23.42;23.74;1145450
23.8;24;23.48;23.84;1086125
23.71;23.71;23.35;23.4;1094331
23.67;23.67;23.5;23.63;1741739
23.71;24.12;23.65;23.91;1311454
24.01;24.01;23.3;23.61;1301371
23.61;23.64;23.33;23.36;1286756
23.59;24.4;23.55;24.4;2457558
24.27;24.42;24.14;24.28;1001705
24.35;24.35;24.05;24.1;626855
24.02;24.6;24.02;24.5;919922
24.69;24.82;24.41;24.63;1730025
24.6;25.08;24.5;24.95;1426545
24.6;24.69;24.32;24.47;1234582
24.65;24.94;24.5;24.85;893428
24.5;24.68;24.25;24.61;1307549
24.68;24.7;24.22;24.53;1077004
24.5;24.73;24.25;24.61;872346
24.7;25.06;24.66;24.82;1133280
25.1;25.37;24.9;25.29;1706165
25.3;26.73;25.27;26.04;4514127
26.25;26.44;26.23;26.38;2059357
26.4;26.4;25.9;25.9;1329598
26.37;26.65;26.05;26.65;1013913
26.65;26.99;26.51;26.98;1482356
26.4;27;26.4;27;1601462
26.84;27;26.66;26.97;882494
26.7;26.91;26.56;26.67;1228661
26.7;26.81;26.36;26.68;1177381
26.86;27.02;26.77;26.87;1780360
26.89;26.89;26.31;26.47;1147981
26.63;26.74;26.25;26.47;1199404
26.7;26.8;26.26;26.34;855917
26.9;26.99;26.42;26.55;1438039
26.4;26.77;26.3;26.59;940693
27.08;27.1;26.65;26.65;4038584
26.65;26.65;26.28;26.3;2545524
26.27;26.69;26.23;26.39;1427821
26.42;27.13;26.41;27.02;2169024
27.08;27.28;26.95;27.28;1518267
27.31;27.59;27.3;27.59;575328
27.52;27.55;27.2;27.4;452685
27.5;27.54;27.27;27.46;500531
27.25;27.75;27.25;27.72;410327
27.75;28;27.71;27.9;456021
27.94;28.38;27.75;28.38;1184310
28.45;28.45;27.98;28.2;756426
28.41;28.72;28.25;28.25;1397021
28.91;29;28.58;28.97;2485991
29;29.14;28.81;28.97;1992179
28.85;28.9;27.98;28.4;1609473
28.33;28.52;28.1;28.3;1184525
28.4;28.89;28.2;28.8;2028580
28.66;29.49;28.55;29.47;1853983
29.35;29.49;29.05;29.46;1221405
29.5;29.5;29.16;29.37;1047102
29.45;29.45;28.93;29.15;1637127
29;29.3;28.97;29.27;878881
29.34;29.34;28.8;28.88;1430859
28.74;28.97;28.66;28.92;1089758
28.87;29.26;28.87;29.21;648305
29.62;29.7;29.4;29.46;1741481
29.61;29.8;29.43;29.73;1477947
29.89;29.89;28.87;29.27;1234208
29.25;29.34;28.9;28.95;1518451
28.99;29.33;28.98;29.17;538284
28.97;29.41;28.71;28.8;1271533
28.7;28.85;28.2;28.49;1345615
28.26;28.81;28.26;28.6;857122
28.5;29.13;28.49;29.04;1358579
28.8;29.39;28.8;29.28;554871
29.2;29.21;28.71;28.99;1077072
28.55;29.32;28.55;29.26;1006850
29.24;29.5;29.1;29.26;623607
29.09;29.25;28.82;29;754669
29.17;29.17;28.95;29.03;527130
29.01;29.54;29.01;29.51;785807
29.6;29.64;29.46;29.51;895973
29.6;29.9;29.54;29.88;1347337
29.55;29.85;29.45;29.61;1005726
29.71;29.85;29.51;29.6;769508
29.53;29.64;28.74;29.25;1484743
29.4;29.54;28.82;29.25;1917810
29.05;29.53;28.81;29.14;1056186
29.05;29.7;29.05;29.64;1083916
29.7;30.24;29.7;30.15;1646339
30.33;30.68;30.26;30.53;1586613
30.39;30.58;30.28;30.4;871026
30.47;30.65;30.3;30.6;834392
30.54;30.79;30.26;30.4;1296138
30.5;30.7;29.99;30.24;1152843
30.03;30.05;29.66;29.8;1133194
29.67;29.75;28.45;29.32;1761480
28.93;29;28.43;28.6;1657056
28.06;28.85;27.98;28.66;982554
29;29.08;28.1;28.3;1815984
28.2;28.4;27.8;28.2;1045736
28.35;28.8;28.1;28.7;1469345
28.83;28.94;28.36;28.4;854667
28.66;28.7;28.37;28.45;986098
28.2;28.26;27.65;27.88;1881455
27.88;28.1;27.58;27.61;1105863
27.6;27.98;27.2;27.55;1441913
27.05;27.69;27.05;27.63;2249891
27.84;28.07;27.72;27.94;2491718
28.05;28.48;27.8;28.45;819570
28.4;28.4;27.94;28.01;1371319
28;28.47;27.9;28;1874278
28.31;28.31;28.01;28.18;1000822
28.17;28.55;28.11;28.46;1337316
28.69;28.95;28.5;28.9;1641415
29;29.04;28.3;28.55;1908262
28.51;28.88;28.18;28.18;1877664
28.48;28.67;28.06;28.2;1349380
28.35;28.53;28.21;28.38;892163
28.35;28.45;27.68;28.1;1616820
28;28.51;27.72;28.45;1974178
28.48;28.74;28.32;28.53;1631739
28.51;28.81;28.29;28.8;1546076
28.85;29.25;28.85;29.11;1190157
29;29.01;28.7;28.91;2597052
28.88;29.26;28.88;29.26;1861879
29.24;29.61;29.12;29.43;1112997
29.43;29.6;29.2;29.45;1764412
29.59;29.6;29.12;29.53;996671
29.52;29.7;29.29;29.36;4669340
28.65;28.84;28.26;28.49;2150801
28.19;28.72;28.01;28.49;1539463
28.4;28.84;28.26;28.78;586306
29;29.09;28.59;28.99;3976442
28.98;29.27;28.76;29.1;1559545
28.84;29.13;28.6;28.6;1433204
28.61;28.89;28.6;28.75;5977027
28.35;28.49;27.85;27.85;1968427
28.02;28.49;28;28.44;1286001
28.3;28.55;27.76;27.76;1544532
27.8;28.24;27.75;27.82;1619101
27.85;27.97;27.4;27.46;1992687
27.21;27.6;26.75;27.5;1461671
27.69;27.82;27.45;27.71;1134166
27.9;28.3;27.9;28.08;1124799
28.05;28.17;27.78;27.85;828714
27.91;28.23;27.82;28.03;550975
28.15;28.27;28.07;28.15;810313
27.95;28.2;27.75;27.79;790638
28.1;28.45;28.05;28.16;2059800
28.09;28.5;28.09;28.2;900997
28.46;28.46;28.05;28.24;985257
28.11;28.42;28.06;28.27;120140
28.11;28.32;27.78;27.78;662447
27.9;28.23;27.9;28;824761
28.06;28.13;27.48;27.61;1149709
27.65;28.12;27.56;28.08;1022114
28.05;28.37;27.99;28.21;396514
28.4;28.4;28.06;28.15;712400
28.11;28.32;28.01;28.22;745053
28.31;28.34;28.12;28.16;555919
28.49;28.49;27.97;28.18;423398
28.15;28.15;27.72;27.78;664757
27.78;28.25;27.78;28.23;729920
28.6;28.71;27.8;28.05;1022456
28.07;28.53;28.05;28.53;1281522
28.23;28.54;28.23;28.36;1647777
28.45;28.7;28.15;28.25;932796
28.27;28.45;28.09;28.17;540126
28.16;28.28;27.96;28.05;2410473
28.08;28.15;27.9;28;1113521
27.91;27.99;27.45;27.6;1605170
27.6;27.92;27.6;27.79;918487
27.71;27.95;27.62;27.62;1766346
27.75;28.02;27.4;27.52;2468390
27.65;28.04;27.45;27.55;1454795
27.62;27.8;27.27;27.38;1064202
27.35;27.5;27.15;27.19;575314
27.2;27.38;27.03;27.22;660343
27.12;27.44;27.1;27.27;705358
27.27;27.5;27.04;27.18;1032234
27.1;27.35;27.03;27.11;702303
27;27.37;27;27.02;542213
27.02;27.34;26.85;27.05;946365
26.98;27.11;26.75;26.92;669775
27;27.07;26.49;26.49;1108231
26.32;26.76;26.31;26.51;504392
26.38;26.4;26.18;26.34;674465
26.25;26.55;26.21;26.55;901878
26.7;26.9;26.54;26.55;761738
26.3;26.45;26.09;26.11;1054909
26.1;26.21;25.94;26.06;901647
27.52;27.77;26.99;27.48;3718862
27.57;27.94;27.49;27.66;1629243
27.75;27.85;27.25;27.44;1192717
27.46;27.81;27.45;27.72;914484
27.61;28.11;27.61;27.93;997758
27.95;28.1;27.45;27.67;1044863
27.83;27.89;27.45;27.59;884283
27.5;27.54;27.21;27.38;873730
27.5;27.6;27.41;27.41;783387
27.2;27.3;26.84;26.91;1034922
27;27;26.62;26.88;756485
26.95;27.08;26.75;26.82;759441
27.1;27.11;26.55;26.68;894393
26.72;27.19;26.72;27.1;1625845
27.01;27.19;26.91;26.96;1058406
26.96;27.4;26.93;27.32;619629
27.3;27.52;27.13;27.44;648385
27.37;27.44;27.07;27.42;1132213
27.45;27.51;27.02;27.25;1333129
27.33;27.49;26.87;27.15;993358
27.36;27.64;27.2;27.58;644610
27.58;27.98;27.5;27.76;586120
27.94;28.31;27.94;28.08;1000868
28.38;28.54;28.32;28.51;1081234
28.67;28.73;28.34;28.55;721948
28.59;28.69;28.42;28.45;473530
28.45;28.56;28.12;28.29;1541507
28.2;28.36;27.89;27.95;1132715
27.9;27.95;27.58;27.86;1384792
27.83;28.26;27.62;28.07;1526242
28.28;28.37;28.2;28.35;370282
28.39;28.65;28.31;28.5;761167
28.9;29.07;28.72;28.8;1891290
28.83;28.94;28.34;28.67;894284
28.76;29.2;28.7;29.12;1046090
29.36;29.47;29.16;29.4;941930
29.4;29.5;29.2;29.23;965555
29.23;29.37;29.07;29.08;855609
29.08;29.17;28.97;29.08;845560
29;29.5;28.82;29.46;995137
29.5;29.51;29.24;29.43;764743
29.49;29.55;29.37;29.44;927350
29.41;29.6;29.41;29.55;1171902
29.49;29.55;29.38;29.44;2110746
29.38;29.64;29.38;29.55;962541
29.64;29.81;29.55;29.74;1129458
29.71;29.95;29.65;29.88;822898
29.85;30.6;29.85;30.45;1535761
30.5;30.64;30.11;30.2;2114037
30.47;30.8;30.25;30.8;932979
30.95;31.44;30.95;31.23;1363496
31.15;31.35;30.92;31.16;1328990
31.16;31.42;30.97;31.34;1394388
31.34;31.7;31.27;31.51;1206953
31.51;31.6;31.13;31.31;1632050
31.47;31.5;31;31.14;988746
30.91;31.25;30.59;30.85;1268644
31.25;31.38;31.11;31.33;877408
31.04;31.35;30.9;31.02;1765768
30.95;31;30.72;30.84;812152
30.98;31.15;30.85;30.99;560484
31.19;31.45;31.04;31.08;910942
30.92;30.92;30.63;30.71;1225960
30.98;30.98;30.52;30.68;821085
30.59;30.94;30.57;30.59;712893
30.45;30.45;30;30.15;915128
30.12;30.17;29.95;30.05;1399721
30.35;30.41;29.92;30.25;815571
30.34;30.88;30.33;30.73;709239
30.69;30.98;30.69;30.88;790351
30.87;31.08;30.82;30.97;383377
31.05;31.39;30.9;31.32;762633
31.4;31.89;31.39;31.82;1069143
31.62;31.98;31.37;31.98;1379986
32.03;32.45;31.94;32.31;1388458
32.31;32.39;32.14;32.25;820402
32.26;32.36;32.08;32.36;715692
32.5;32.5;32.11;32.15;821274
32.11;32.95;32.09;32.95;916106
32.97;33.28;32.72;33.1;1079016
33.21;33.6;33.03;33.22;855943
33.22;33.25;32.79;32.95;985208
32.76;33.18;32.75;33.14;939104
33.03;33.28;32.8;33.13;1032581
33.1;33.25;32.92;33;773344
32.76;32.96;32.36;32.85;1687824
32.9;32.98;32.6;32.79;709270
32.76;32.84;32.53;32.7;697114
32.72;33.05;32.67;32.95;670713
32.75;32.9;32.59;32.82;527528
32.76;33.06;32.64;32.65;673420
32.73;32.75;32.27;32.36;929382
32.27;32.76;32.07;32.65;1279237
32.75;32.93;32.75;32.83;928877
32.8;32.95;32.42;32.52;725225
32.4;32.52;32;32.32;622377
32.35;32.71;32.19;32.44;1275143
32.2;32.64;32.15;32.61;1297107
32.31;32.75;32.31;32.67;1547709
32.7;33.09;32.7;33;1581822
32.89;33.4;32.89;33.32;1080289
33.31;33.97;33.31;33.84;2781653
33.84;34.16;32.95;33.88;1893096
33.88;34.25;33.84;34.13;2200606
34.06;34.1;33.35;33.35;2298019
33.25;33.51;33.14;33.3;1176709
33.03;33.81;33.03;33.78;2259325
33.7;34.25;33.7;34.22;1214865
34.04;34.24;34;34.07;590562
34.12;34.14;33.74;33.95;171814
33.83;34.19;33.8;33.91;494977
33.91;33.99;33.58;33.9;482640
33.98;34.22;33.77;34.04;562444
34.25;34.26;34.05;34.19;342738
34.2;34.24;33.79;34;370797
34.11;34.68;34.11;34.43;502181
34.35;34.69;34.2;34.69;2687127
34.59;34.64;34.33;34.35;1541074
34.39;35.24;34.36;35.24;2501159
30.2;30.85;30.01;30.18;3469231
30.15;30.17;29.77;29.95;2599134
30;30.1;29.38;29.47;2163607
29.5;29.65;29.28;29.42;2093967
29.45;29.5;28.92;29;1698743
28.85;29.41;28.81;29.24;1537865
29.32;29.5;29.21;29.32;1197553
29.38;29.47;29.08;29.3;1163905
29.27;29.5;29.26;29.39;760125
29.39;29.4;28.93;29;1168864
28.96;29.08;28.81;28.95;898602
28.8;29;28.75;28.99;686420
28.98;29.31;28.86;29.18;1050030
29.35;29.46;29.16;29.41;1114445
29.4;29.5;29.06;29.5;1026183
29.5;29.5;29.24;29.45;663201
29.5;30.05;29.38;30.05;1692708
30;30.25;29.82;30.25;1163982
30.35;30.55;30.03;30.55;818159
30.56;31.1;30.45;30.66;1444758
30.85;31.95;30.78;31.95;2511268
32;32.67;31.85;32.61;1885019
32.56;32.56;32;32.15;1479441
32.15;32.35;31.8;31.99;1127268
31.84;32.02;31.82;31.95;544108
31.91;32.4;31.86;32.34;861422
32.3;32.37;32.03;32.35;553395
32.35;32.62;32.3;32.57;834971
32.67;32.67;32.1;32.25;1514237
32.5;32.74;32.37;32.68;1229315
32.71;32.75;32.34;32.68;1409577
32.5;32.51;31.77;31.95;934113
31.85;31.95;31.37;31.8;905905
31.73;31.74;31.34;31.62;864966
31.63;32.05;31.34;31.95;852931
31.91;32.34;31.85;32.32;1022881
32.32;32.75;32.17;32.74;1416774
32.54;32.88;32.42;32.78;1511173
32.56;32.65;31.75;32.11;1957591
31.95;32;31.74;31.79;1404633
31.93;31.95;31.5;31.53;1169136
31.52;31.58;31.25;31.58;1148966
31.5;31.51;31.32;31.41;829342
31.45;31.68;31.05;31.18;948959
31.38;31.38;30.78;30.78;860306
30.75;30.98;30.57;30.63;1005388
30.58;30.74;30.4;30.55;760985
30.62;31;30.52;30.89;933128
30.81;31.09;30.59;30.61;873474
30.74;30.9;30.61;30.76;519997
30.78;31;30.63;30.88;732753
30.98;31.05;30.75;30.83;498776
30.76;30.83;30.05;30.35;1350090
30.11;30.7;30.11;30.6;881012
30.6;31;30.49;30.86;844515
30.51;30.75;30.19;30.54;1211686
30.49;30.79;30.29;30.38;679139
30.44;30.92;30.35;30.58;1235916
30.65;31.15;30.65;30.99;1578879
30.97;31.16;30.62;31.07;1056362
31.2;31.31;30.96;31.18;2115816
31.41;31.56;31.23;31.46;2091010
31.53;31.53;31.13;31.32;2181248
31.4;31.67;31.36;31.56;2032037
31.5;31.79;31.44;31.69;1035249
31.55;31.7;31.4;31.54;581979
31.68;31.73;31.46;31.65;840264
31.46;31.7;31.32;31.46;915487
31.25;31.39;30.96;30.96;1109317
30.52;30.72;30.11;30.2;1798709
30.22;30.36;30.03;30.26;1129457
30.53;30.55;30.08;30.22;883736
30.19;30.33;30.07;30.25;806842
30.54;30.76;30.31;30.62;1167313
30.65;30.74;30.34;30.6;696642
30.65;30.65;30.16;30.54;884598
30.25;30.34;29.78;29.87;1088239
29.9;30.52;29.9;30.41;2804048
30.05;30.89;30.05;30.84;1608602
30.95;30.95;30.5;30.65;683118
30.89;31.17;30.31;31.09;1219529
30.5;30.79;30.5;30.72;946939
30.94;30.94;30.72;30.88;643948
30.99;31.34;30.75;31.2;644469
31.01;31.25;30.93;30.97;738409
31;31.28;30.81;30.96;738718
30.68;31.04;30.65;30.77;1322159
30.95;31.17;30.8;31.07;397535
31.05;31.14;30.82;31.11;808673
30.85;31.24;30.85;31.21;483821
31.24;31.24;30.96;31.04;773931
31.08;31.76;31.06;31.66;1466939
31.68;31.75;31.43;31.6;892466
31.5;31.72;31.35;31.61;869837
31.53;31.69;31.47;31.47;1257452
31.4;31.43;31.04;31.15;1019645
31.07;31.7;31.07;31.48;959566
31.38;31.7;31.15;31.66;907361
31.51;31.55;31.21;31.38;907976
31.4;31.48;31.27;31.45;447247
31.46;31.46;31.1;31.27;1247247
31.27;31.67;31.25;31.67;650938
31.6;31.72;31.15;31.19;879155
31.22;31.42;31.16;31.4;623576
31.27;31.43;31.07;31.11;695789
31.27;31.31;31.07;31.15;1337333
31.05;31.2;30.87;30.94;2404643
30.88;31.04;30.45;30.45;2263710
30.55;31.06;30.51;30.66;1546925
30.78;31.19;30.69;31.19;1829044
30.98;31.17;30.98;31.02;1090811
31.04;31.43;31.04;31.34;2196495
31.36;32.34;31.36;32.26;2764923
32.37;32.99;32.08;32.9;2227548
32.85;32.85;32.18;32.49;2379232
32.5;33.07;32.46;32.97;1238011
33.58;33.95;33.15;33.5;3817709
33.5;33.73;33.17;33.7;1257193
33.49;33.65;33.4;33.55;888650
33.28;33.39;32.87;33.19;1071562
33.25;33.95;33.2;33.88;1381106
34;34.78;33.8;34.51;2204685
34.34;34.6;34.15;34.26;2216267
34.16;34.81;34.07;34.81;1184206
34.81;34.82;34.45;34.82;665732
34.81;34.82;34.35;34.79;1055966
34.83;35.09;34.26;34.83;1884993
34.79;34.79;33.33;34.18;2106681
34.5;34.86;34.43;34.79;1060934
34.93;34.99;34.5;34.95;892924
34.8;35.03;34.74;35.03;675968
34.8;35.26;34.74;35.26;1197710
35.17;35.95;35.03;35.82;1257796
35.88;35.89;35.25;35.45;1365611
35.41;35.67;34.95;35.04;1374479
35.02;35.17;34.62;34.79;1559659
34.63;35.01;34.62;35;761054
35.05;35.24;34.37;35.02;1040207
35.02;35.34;34.94;35.28;749572
35.23;35.65;35.16;35.6;1272227
35.6;35.74;35.35;35.54;1038046
35.69;35.79;35.58;35.7;553373
35.7;35.88;35.64;35.8;1278692
35.8;36.45;35.79;36.11;1708059
36.11;36.39;36.06;36.33;708892
36.49;36.49;36.14;36.47;872773
36.43;36.82;36.18;36.8;1067856
36.66;36.89;36.42;36.61;1388128
36.39;36.85;36.39;36.6;1074978
36.63;37.25;36.63;37.17;1209778
37;37.24;36.75;37.24;885188
37.5;37.55;36.65;37.22;1255096
37;37.22;36.88;37.2;1023013
37.3;37.32;36.86;36.94;910726
36.73;37;36.68;36.8;486822
36.84;37.48;36.84;37.42;1362385
37.42;37.59;37.2;37.39;1301404
37.37;37.59;36.77;37.19;1401470
37.33;37.38;36.9;37.34;688367
37.34;37.38;37.04;37.24;684228
37.09;37.24;36.93;36.99;633212
36.65;36.9;36.12;36.32;2455230
36.05;36.25;35.81;36.11;1051395
36;36.69;36;36.25;886305
35.85;36.48;35.85;36.26;516328
36.4;36.4;36.03;36.03;506011
35.9;36.4;35.89;36.15;981467
36.4;36.71;36.32;36.56;677740
36.62;36.73;36.01;36.42;594485
36.45;36.86;36.42;36.86;565756
36.86;36.88;36.49;36.88;645928
36.86;37.05;36.28;36.88;747687
36.74;36.9;36.4;36.68;830527
36.8;36.82;36.44;36.69;631184
36.78;36.87;36.55;36.72;431253
36.73;36.78;36.35;36.7;772458
36.85;36.93;36.06;36.06;1502543
36.04;36.97;35.86;36.9;1480097
36.98;37.95;36.67;37.95;1590451
37.95;38;37.61;37.81;991448
38;38.44;37.83;38.13;1743950
38.11;38.25;37.61;38;965304
37.91;38.15;37.54;37.86;885133
37.86;38.45;37.86;38.43;864097
38.6;38.9;38.55;38.9;1098437
38.85;38.88;38.47;38.7;724020
38.84;38.84;38.52;38.71;750228
38.7;38.89;38.45;38.59;914606
38.85;38.88;38.48;38.67;925809
38.7;39.15;38.67;39.12;609287
39.5;40.27;39.35;40.19;1466071
40.03;40.38;39.8;39.91;1041703
39.5;40;39.4;39.8;1440175
39.8;40.3;39.71;39.8;1195216
39.85;39.89;39.31;39.41;831809
39.41;40;39.41;39.66;831356
39.66;39.8;39.39;39.49;907144
39.35;39.62;38.22;38.25;2019105
38.11;38.57;38.11;38.42;1628620
38.42;38.55;38.04;38.07;904242
38.31;38.45;38.1;38.2;1101528
38;38.09;37.07;37.28;1784750
37.69;37.93;37.31;37.47;1139822
37.13;37.57;37.06;37.2;1362004
37.35;37.98;37.1;37.94;1095379
38.1;38.2;37.61;37.64;731099
37.64;38.56;37.64;38.55;1259826
38.3;39.05;38.02;38.86;1697868
38.8;38.96;38.17;38.96;1372237
39.25;41.29;39.05;41.17;2984572
41.1;41.17;40.22;40.58;1755508
40.52;42;40.42;41.66;2067195
41.8;42.67;41.8;41.95;2044975
41.95;41.99;41.17;41.63;1114687
41.5;41.59;41.17;41.24;963147
41.24;41.73;40.98;41.17;1290792
41.17;41.28;40.78;40.9;1458211
41.11;41.52;40.97;41.33;1374290
41.67;41.75;41.44;41.6;594500
41.6;41.66;41.38;41.59;1074030
41.17;41.97;41.14;41.17;2359762
41.76;41.83;40.5;40.59;2627491
40.55;41.49;40.55;41.26;1405455
41.48;41.52;40.88;40.94;1136207
41;41.29;40.94;41.2;938561
41.17;41.43;40.85;41.35;863105
41.5;41.89;41.25;41.69;1272993
41.67;41.79;41.28;41.44;940778
41.4;41.44;41.04;41.28;1083557
41.28;41.48;40.95;41.12;1325485
41.12;41.3;40.52;40.89;828451
40.52;40.94;40.43;40.59;1420153
41.5;41.5;40.58;40.95;1379230
41.05;41.35;40.98;41.2;778611
41.17;41.27;40.7;40.79;563972
40.78;40.99;40;40.79;728269
40.68;41.25;40.54;40.92;774251
40.89;41.12;40.67;40.9;938201
40.91;41.15;40.57;40.87;700033
41.4;42.22;41.24;41.38;1976263
41.24;41.4;40.56;40.83;931268
41;41.18;40.24;40.88;1533993
41;41.1;40.11;41;961109
40.95;41.19;40.74;40.9;1354961
40.95;40.98;40.56;40.56;1057944
40.52;40.79;40.26;40.64;1253238
40.64;41.13;40.5;41.1;1594479
41.09;41.44;40.78;41.33;1208791
41.25;41.45;41.2;41.44;639917
41.4;41.45;41.23;41.37;439497
41.3;41.72;41.15;41.52;338303
41.5;41.73;41.21;41.65;466799
41.5;41.7;41.16;41.3;628563
41.17;41.35;41;41.19;256283
41.12;41.31;40.68;40.86;1281317
41.02;41.12;40.77;41.12;992003
41.1;41.67;41.05;41.53;1746560
42;44.7;41.91;42.68;5399530
42.5;43.19;42.21;43.08;1229423
43.25;43.55;42.76;43.11;1072393
43.55;43.85;43.34;43.65;1350118
43.3;44.15;43.2;43.86;1371865
43.58;43.98;43.53;43.85;1040657
43.56;43.88;43.56;43.84;511656
43.55;43.79;42.82;43.17;997850
42.31;42.74;42.05;42.5;1671710
44.4;44.4;43.21;43.46;1330760
43.49;43.82;43.15;43.34;999502
42.76;43.09;42.22;43.09;1046277
42.84;43.47;42.84;43.3;583295
43.32;43.73;42.98;43.65;774879
43.64;44.5;43.64;44.5;956927
45;45.43;44.69;45.06;1378272
45;45;44.29;44.7;613848
44.85;45.23;44.04;45.12;1807604
45;45.76;44.7;45.55;1017022
45.36;45.56;44.86;44.93;1270576
44.87;45.22;44.55;44.88;758174
45;45.2;44.5;44.78;678241
45.46;46.19;44.89;45.24;1763141
45;45.5;44.85;45.24;959369
45.75;45.8;45.2;45.24;671216
45.31;45.7;45.08;45.2;808210
45.2;45.69;44.77;45.59;1161135
45.59;45.69;45.16;45.5;727660
45.5;45.65;44.81;44.86;893828
45.24;45.3;44.66;44.84;884434
45;45.1;44.41;44.77;997215
44.79;44.8;44.25;44.56;348855
44.56;44.97;44.31;44.5;1044051
44.36;44.38;43.67;44.23;1569709
44.3;45.02;44.01;45;1258173
44.68;45.3;44.5;45.16;683665
45.39;45.4;44.66;45.14;964465
44.99;45.18;44;44.06;1539996
44;44.8;42.65;42.9;2563361
42.92;43.09;42.06;42.25;2482024
42.01;42.25;41.67;41.88;1867616
42.17;43.18;42.17;42.82;1690957
42.55;43.17;42.45;42.68;1267528
42.74;43.05;41.86;42.82;2021519
43.03;43.2;42.18;42.55;905258
42.33;43.35;42.06;43.2;872911
43.42;43.79;42.9;42.95;862779
42.95;43.2;42.82;43.08;529758
42.86;43.6;42.86;43.43;838752
43.77;44.19;43.43;43.9;1091515
43.75;44.19;43.46;43.72;1374704
43.86;44.3;43.6;43.98;689556
44.14;44.16;43.6;43.81;799881
43.15;44.08;43.1;44;1377699
44;44.51;43.91;44.08;1390087
44.08;45.28;43.98;45.28;1526784
45.05;45.35;44.1;44.25;918056
44.26;44.41;43.44;43.56;1133554
43.35;44.1;43.35;43.91;454641
43.92;44.14;43.4;43.91;1046576
43.8;44.06;43.55;43.85;1079870
43.86;44.5;43.81;44.49;889407
44.43;44.49;43.95;44.34;1013164
44.76;44.8;44.22;44.34;708423
44.39;44.57;44;44.2;696126
44;44.2;42.85;42.9;2251279
42.88;43.12;42.53;42.8;1113165
42.8;42.95;41.7;41.9;1449849
41.65;42.16;40.5;41.67;2786402
41.8;42.23;41.17;41.35;1062305
41.17;41.32;40.9;41.27;1227188
41.77;42.2;41.31;41.8;1275796
41.63;42;41.32;41.55;1981544
42.4;42.89;42.05;42.8;1808107
42.32;42.92;42.25;42.73;1273913
42.68;43.16;42.3;42.97;2075484
42.76;43.1;42.75;42.95;1494718
44.02;44.22;43.25;43.9;3473810
43.55;43.95;43.02;43.25;1745769
43.34;43.58;42.5;42.82;1392805
42.2;42.84;42.05;42.4;1605793
42.38;42.79;42;42.7;1219999
43.09;44.87;43.01;44.72;2548547
44.78;45.6;44.78;45.59;1715904
45.75;47.4;45.25;46.82;3933568
47;47.4;46.27;47.03;2779781
46.96;47.2;46.49;47;3869382
46.92;47.34;46.13;46.52;3526469
46.75;46.75;45.23;45.23;2227351
45.45;45.57;44;44.59;2142462
45.5;45.72;43.5;43.5;2339283
43.49;44.23;42.5;43.46;1721452
43.16;44;42.8;43.34;1509860
43.29;43.29;40.7;40.84;2323193
41.31;42.28;41.12;41.7;2676361
41.61;42.21;41.43;41.83;1451264
41.85;42.16;41.51;42.14;757999
42.21;43.33;42.01;43.26;1575464
43.39;43.39;42.85;43.05;418998
43.05;43.12;42.49;42.67;1689130
42.05;42.74;42.05;42.4;2098970
42.6;42.74;41.71;41.91;1949555
42.5;43.12;42.35;42.62;2353062
42.72;43.28;42.23;42.95;1570103
42;42.6;41.59;41.66;2343106
41.7;42.4;41.31;41.75;1308652
41.05;41.34;39.21;39.21;3775714
39.55;39.89;39.29;39.39;2017767
39.62;39.62;39.12;39.13;959205
38.25;38.7;37.82;38.25;1387136
38.24;38.55;37.61;37.75;2226159
38.22;39.55;38.1;39.31;2423126
39.9;40.78;38.4;38.5;2167500
38.9;39.53;38.66;38.83;1011087
38.4;39.35;38.4;39.35;871659
39.08;39.25;38.42;38.87;1090979
39.6;39.93;38.73;38.87;1062246
38.79;39.19;38.61;38.92;819007
39.39;39.54;38.93;39.24;984998
39.49;39.75;39.05;39.05;1035599
39.05;39.45;38.39;38.5;1035209
38.88;39.48;38.51;39.35;981508
39.99;40.7;39.44;40.2;1668119
41.1;41.3;39.77;39.97;1193137
40.16;40.49;39.92;40.49;592546
40.41;40.76;39.7;39.8;1191619
39.97;40.2;39.51;39.75;1139893
39.5;39.79;39.2;39.48;824796
39.4;39.48;39.07;39.3;757442
39.3;39.5;38.5;38.64;1441405
38.92;39.1;38.39;38.43;807385
38.31;38.31;37.64;37.84;1522007
37.5;37.5;36.28;36.52;2311080
36.67;36.73;36.05;36.39;1767105
36.5;36.94;36.2;36.42;1670394
36.26;37.16;36.2;36.87;1769820
37.39;37.77;37.06;37.49;1365361
37.5;37.5;36.62;36.76;983545
36.86;37.53;36.71;37.36;1025828
37.47;37.86;37.01;37.67;1107520
37.79;38.2;37.75;38.05;1362106
38.25;38.47;37.88;38.37;1340624
38.24;38.72;38.1;38.72;893082
38.88;39.18;38.6;39.09;1287262
39.22;39.22;38.42;38.69;1127869
38.8;39.67;38.63;39.56;1320965
39.49;39.7;38.6;38.72;1402334
38.86;39.2;38.51;38.84;756802
38.6;38.75;38.4;38.59;923624
38.99;39.34;38.8;39.33;1340752
39.55;39.95;39.08;39.74;1475850
39.39;39.39;38.5;38.88;1797730
38.45;39.08;38.26;38.32;2036601
38.7;39.68;38.43;39.51;1567674
39.24;39.89;39.24;39.5;900160
39.44;39.74;39.26;39.55;820341
39.66;39.89;39.55;39.85;679258
39.82;39.92;39.6;39.7;809851
39.75;39.77;39.15;39.76;1052953
39.83;40.28;39.81;40.2;1359241
40.17;40.42;40.03;40.15;1114397
40.38;40.65;40.03;40.62;1199090
40.75;40.75;40.03;40.45;1080584
40.61;40.87;40.1;40.73;641436
40.84;41.19;40.5;41.01;900446
41.1;41.37;40.91;41;1076063
41.04;41.29;40.84;41.1;844450
41.03;41.41;41.03;41.31;1249943
41.31;41.83;41.21;41.71;699614
41.86;41.9;40.91;41.53;1088429
42;42.04;41.15;41.78;1883042
41.75;41.75;41.16;41.21;1667440
41.38;41.62;41.21;41.41;839176
41.24;41.36;40.95;41.18;808266
41.2;41.38;40.7;41.24;1135663
41.48;41.83;41.32;41.83;773856
41.81;41.88;41.28;41.45;1212912
41.26;41.75;40.95;41.75;2956308
41.74;42.26;41.45;42.19;1380474
42.01;42.19;40.85;41.01;1760331
41.15;42.05;40.95;42.05;1016123
42.06;42.18;41.77;42.12;1532199
41.93;41.93;41.22;41.35;838368
41.62;41.92;41.44;41.7;875453
41.9;42.03;41.57;41.82;1573387
41.97;42.2;41.63;42.14;1451243
42.13;42.32;41.95;42.24;976112
42.28;42.32;42.02;42.18;934275
42.4;42.5;42.09;42.44;681784
42.26;42.39;41.78;42.11;2568262
42.06;42.33;41.77;42.2;1577500
42.42;43.24;42.22;42.91;1233001
42.81;43.35;42.81;43.25;1102267
43.28;43.28;42.82;43.01;1098763
43.19;43.19;42.73;43;2916015
42.99;43.24;42.77;43.23;769781
43.27;45.46;43.2;45.46;3293856
45.34;45.39;44.74;44.83;2374444
44.99;45.46;44.93;45.25;882955
45.01;45.21;44.26;44.61;964470
44.68;45.09;44.53;44.97;822535
44.94;45.77;44.53;45.6;912400
45.7;45.93;45.42;45.81;1075488
45.94;46.7;45.71;46.6;1226680
46.59;46.59;45.12;45.38;2366672
45.26;45.88;45.02;45.63;1234346
45.9;45.9;45.39;45.57;1613730
45.27;45.39;44.56;44.79;1654512
44.79;45.56;44.34;45.45;1493877
45.49;45.9;45.12;45.68;1191353
45.69;45.8;45.3;45.46;953188
45.35;45.74;44.94;45.18;993314
45.38;45.7;45.21;45.63;643155
45.64;46.11;45.55;45.93;734810
46;46.51;45.95;46.5;1075938
46.51;46.85;46.15;46.83;1226853
46.89;46.89;46.26;46.62;1016176
46.4;46.41;46;46.1;993585
46.28;47.11;46.26;47.01;1226898
46.95;47.1;46.41;46.62;866629
46.73;46.99;46.24;46.8;1211593
46.9;47.13;46.65;46.96;1587326
46.5;46.64;45.88;46;2096828
45.7;45.7;44.6;44.93;1926823
44.89;45.5;44.7;45.38;1283258
45.76;46.12;45.48;45.92;1788483
45.8;46.03;44.95;45.05;1635548
44.81;44.98;43.93;44.67;1834495
44.61;44.72;44.03;44.03;1363005
44;44.5;43.81;44.36;1555804
44.81;45.35;44.46;45.15;2034647
45.12;45.37;44.82;44.83;1701824
44.5;45;44.12;44.15;1643187
43.6;44.63;43.6;44.6;1417491
44.3;45.26;44.3;45.26;1639498
45.21;45.67;45.08;45.65;1736700
45.55;46.89;45.42;46.8;2408815
46.18;46.79;46.11;46.79;2148189
46.56;46.9;46.35;46.53;1750702
46.53;47;46.47;46.96;2581270
46.89;48;46.89;47.75;2224427
47.75;47.98;47.4;47.9;1800036
47.66;49.42;47.61;49.12;3146870
49.09;49.15;48.71;48.9;1656054
48.6;49.1;48.26;48.99;1548340
48.98;49.41;48.9;49.36;1342002
49;49.37;48.65;49.36;1501482
49;49.25;48.21;48.36;1195606
47.75;49.06;47.75;49;1013849
49;49.02;48.51;48.77;733705
48.51;48.7;48.22;48.63;816747
48.92;49.65;48.72;49.62;913982
49.68;49.81;49.22;49.81;831590
49.79;49.79;49;49.17;1106931
49.23;49.39;48.71;48.84;1149107
48.86;49.44;48.86;49.15;841750
49.48;51.9;49.28;49.7;1766566
49.63;49.74;48.42;49.07;1639250
49.26;49.82;49.01;49.75;1585790
49.97;50.55;49.63;50.5;1287612
50.5;50.6;50.15;50.35;696799
50.2;50.6;49.84;49.97;725792
50.2;50.8;49.83;50.1;1640944
50.2;50.9;50.15;50.65;1112012
50.65;52.7;50.3;52.05;1833557
52.1;53.15;51.85;52.05;1403568
52.25;52.45;50.95;51.4;1088730
52.4;54.15;52.2;53.7;2350755
53.7;53.9;52.65;53.05;1059622
52.9;53.25;52.35;52.75;1128070
52.65;53.4;52.55;53.3;620556
53.25;53.5;52.7;53.3;672945
53.1;53.2;51.8;51.85;1637101
52.05;53;52.05;52.8;1385701
53.15;53.35;52.75;53.15;796338
53.15;53.45;52.8;53.45;878106
53.5;53.8;52.65;53;1016771
53;53.15;52.5;53.1;1435086
53.05;53.45;52.45;52.6;703687
52.8;53.6;52.6;53.5;882177
53;53.2;52.55;53.05;880006
54.1;54.55;53.4;54.2;1430164
54.7;55;54.25;54.85;1155984
54.9;55.95;54.45;54.95;1473952
54.5;54.7;54.15;54.2;803441
54.21;54.7;54.15;54.41;666701
54.21;54.47;53.8;54.3;960202
54.65;54.65;53.81;54.04;729404
54.21;54.45;53.35;53.48;1023411
53.49;54.69;53.47;54.63;1636192
54.84;55.8;54.6;55.69;1243174
55;55.38;52.28;52.78;1962778
52;53.08;49.59;52.7;2122375
52.9;54;50.72;51.97;2530005
52.3;52.74;51.45;51.97;1135768
51;51.59;50.2;51.44;1808100
52.22;52.22;51.05;51.41;1494028
51.61;52.27;51.02;51.86;1463233
52.17;52.62;51.9;52.6;1226486
52.5;53.25;52.05;53.1;1236663
53.45;53.92;52.76;53.07;1706018
53.25;53.55;52.65;53;1243647
52;52;51;51.19;1910610
52.1;52.41;51.49;52.14;1657640
52.13;53.3;51.95;53.1;1644241
53.5;53.9;53.33;53.74;992378
53.74;54.68;53.21;54.68;1417959
54.69;54.81;54.11;54.3;1106657
55;55.96;55;55.89;1578101
55.79;56.54;55.24;56.34;1763155
56.49;56.5;55.29;55.56;1112093
55.99;56.79;55.86;56.57;1540320
56.3;56.44;55.66;55.86;1293147
55.8;57.68;55.8;57.68;1629441
57.68;58.05;57.15;57.85;1565104
57.6;59.09;57.3;58.98;1818155
59.34;60.04;58.98;60.02;1322560
60.03;60.2;59.19;59.5;1241381
59.51;59.51;58.84;59.29;942718
59.32;59.95;59.26;59.76;1196330
59.54;61.69;59.01;59.9;3203444
59.5;59.91;59.18;59.64;1117643
59.65;60.1;59.2;59.81;1209487
59.3;59.73;58.99;59.35;1805866
59.36;59.7;58.98;59.53;1417512
59.6;59.61;58.68;59.34;1098231
59.09;59.25;58.24;59.01;1727565
59.34;59.78;59.06;59.63;1987059
59.9;60.2;59.44;59.87;1052010
59.87;59.97;58.53;58.98;1409482
58.98;59.5;58.83;59.4;1380051
59.39;59.88;58.08;58.39;2164391
58.3;59.01;58.08;58.9;1147899
58.3;59.2;58.3;58.68;765096
58.78;59.18;58.14;58.77;1521511
58.05;58.79;57.7;58.74;2484255
58.71;60.06;58.36;59.98;2539597
61.01;63;61.01;62.08;2739117
62.05;62.38;60.57;61;1493436
61.4;61.45;60.48;61.05;968322
61.7;61.7;60.51;60.76;1139051
60.2;60.47;59.65;60.44;1938426
60.75;60.98;60.27;60.79;1657046
61.59;62.07;60.91;62.06;1965862
62.35;63.14;61.58;62.7;1644329
63.17;63.49;62.7;63.06;862735
62.95;63.93;62.57;63.44;1601975
63.51;63.99;63.18;63.5;1404400
63.5;64.29;63.5;64.24;938559
64.3;65.37;64.3;65.21;1725866
65.13;65.75;64.3;65.09;1445147
65.19;65.27;63.91;65.09;1344009
65.08;65.19;64.59;65;275732
65.08;65.12;63.92;64.89;1479309
64.3;64.79;63.66;64.65;1313839
64.75;65.74;64.75;65.6;1357892
65.6;66;65.19;65.8;998523
66.29;66.47;64.85;65.12;1605377
65.64;67.43;65.3;66.02;2684878
66.97;67.08;64.37;64.51;2092162
65.44;65.85;64.06;64.06;3132791
63.79;64.48;63.14;63.5;1575817
63.99;64.67;63.9;64.11;1205037
64.2;64.44;62.94;63.3;1124449
63;63.36;61.98;63;2737496
63.53;64.68;63.53;64.49;1501492
64.88;65.24;63.68;64.92;2864535
64.6;64.96;64.05;64.42;1584475
64.6;64.8;63.6;63.73;1301854
64;64.68;63.63;64.48;1886440
63.73;64.24;62.17;62.68;2319281
62.9;63.11;61.6;62.49;2120792
61.87;62.43;61.47;62.28;1258925
62.2;62.55;61.6;61.85;1615446
61.5;61.65;60.5;60.72;2033884
61.2;61.96;61.03;61.84;1218444
62.32;62.65;61.31;62.19;2035358
62.02;62.47;61.45;62.12;1095700
62.75;63.85;62.15;63.74;2859125
63.99;64.16;63.22;63.47;1421531
63.69;63.8;62.59;62.59;2291911
62.73;63.44;62.66;62.99;1143863
63.44;63.44;62.51;62.68;1037202
62.94;63.08;61.15;61.41;1632783
61.05;61.32;60.37;60.97;1648178
61.59;63.24;61.38;63.24;1868910
64;64.1;62.91;63.64;1503107
63.99;64.05;63.27;63.72;937428
63.72;64.2;63.08;63.34;969771
62.8;63.2;62.04;62.04;1249356
62.74;62.93;62.35;62.82;719691
62.54;62.87;61.15;61.15;1359913
61;62.14;61;62.09;996291
62.14;62.18;60.62;60.67;1045215
60.6;61.72;60.24;60.62;1205057
60.88;61.1;58.8;58.84;1944096
58.39;58.75;57.49;57.61;2183946
57.7;58.7;57.61;58;1184350
58.15;59.22;58.07;59.14;1564073
57.6;58.32;55.83;56.7;3520327
57.22;57.58;56.66;56.79;1316217
56.8;57.2;55.74;55.8;1210846
55.2;55.25;54.46;54.57;1895564
55.4;55.9;54.59;55.43;1859370
56.03;56.77;55;56.6;2198768
56.62;56.65;52.92;54.16;3448380
52.63;54.4;52.56;52.58;3402676
53.28;53.99;52.9;53.9;1898518
53.15;54.58;52.7;53.29;1991596
52.75;53.45;52.28;53.2;1701592
51.59;52.24;50.63;50.88;2777746
50.61;51.97;49.55;50.76;3300560
51.6;52.16;51.32;51.77;1937483
52;52.21;51.11;51.83;1840872
52.28;54;52.01;53.93;2409948
54.64;54.85;53.9;54.01;1260171
53.78;54.94;53.61;54.67;792230
55.09;55.48;54.54;54.95;660828
54.58;55.6;53.97;54.21;1445324
54.15;55.26;53.68;55.05;1113697
56.66;58;56;57.1;2571524
57.35;58.15;56.72;57.81;1845394
58.37;58.39;57.01;57.85;900226
57.89;58.87;57.24;58.85;1399492
58.84;58.95;57.68;57.89;1275392
58.1;58.89;57.5;58.52;1378078
58.6;58.7;56.74;56.86;1608500
56.8;57.48;55;55.17;1647176
55.99;57.13;55.48;57.05;2097163
58.75;59.5;57.45;59.45;3116228
59.2;61.03;58.86;60.15;2642278
60;60;57.96;58.52;2526766
58.7;58.7;57.36;57.57;1911776
57;58.72;56.5;58.38;1932962
59.6;60.19;58.67;59.87;1884314
59.65;60.29;58.93;60;1195269
59.65;60.76;59.65;60.51;1474007
60.81;60.81;60.18;60.72;1000679
60.4;60.8;59.61;60.18;1152127
60.18;61.08;60.09;60.8;1063053
61.38;61.39;60.84;61.19;1165865
61;61.28;60.05;60.49;1183524
60.4;61.65;59.84;61.65;1263163
61.8;62.32;61.03;61.33;1321266
61.5;61.61;60.95;61.47;1147545
61.46;61.69;60.64;60.96;1016320
61.01;61.35;60.45;60.85;953198
60.84;61.17;60.35;60.62;817812
60.99;62.43;60.6;62.4;1507210
63;63.97;62.67;63.97;2367963
63.99;64.97;63.8;64.97;1239081
64.5;64.74;63.66;64.36;1452671
64.5;65.25;64.12;64.38;1030927
64.1;64.97;63.15;63.17;1419092
63.31;64.62;63.26;64.47;1071428
64.55;64.74;62.55;63.11;1220445
63.19;63.86;62.63;62.94;868425
61;61.94;61;61.41;1070745
62;62.69;61.5;62.25;1054354
62.15;62.64;61.59;61.81;942716
62.95;65.59;62.74;65.59;2861482
66.01;66.58;64.8;65.3;1556584
65.3;65.88;65.03;65.82;742909
65.89;65.9;64.87;65.21;758055
65.21;66.4;64.89;66.26;932572
66.5;66.58;63.95;65.17;1212079
65;65.1;63.56;64;1194157
63.4;63.7;62.58;62.64;1155026
62.7;64.14;62.65;64.04;1391048
64.2;64.88;61.84;62.3;1341536
61.35;62.42;61.12;62.01;1518867
62.25;62.59;60.16;60.79;1937786
60.42;61.18;60.2;60.67;859791
60.15;60.48;59.2;59.87;1370961
61.05;61.35;59.9;60.91;1335537
61.91;62.98;60.95;61.67;1695811
61.37;61.92;60.74;61.04;1241781
60.89;62.45;58.8;58.8;1659851
59.02;60;58.06;59.52;1864681
58.73;58.92;57;57.35;1809504
57.35;57.74;56.39;57.4;930210
57.4;58.97;57.1;58.87;993969
59.7;59.8;57.2;57.3;1453518
57.48;57.65;56.1;56.65;1609207
57.2;58.73;55.12;58.49;2166679
58.74;59.72;58.5;59.72;1525497
59.76;61.48;59.57;61.22;1534138
61.1;61.45;60.46;60.81;1132974
60.95;61.25;59.3;59.72;1366569
61.5;61.5;59.22;60.75;1526013
61.25;61.66;59.69;60;1298218
60;60.96;59.96;60.59;1270745
60.45;62.21;60.28;62.18;1265381
62.39;63.27;61.95;63.27;1600472
62.4;63;61.55;62.19;1693247
61.76;62;60.53;60.72;1017212
61.42;61.42;60;60.78;702834
59.98;60.17;59.16;59.61;1406189
59.46;60.07;59.15;59.41;1153184
59.28;59.49;58.15;58.25;1242581
58.25;58.79;55.54;55.95;2340794
56.47;56.49;55.25;56.34;4298186
56.3;56.95;55.79;56.7;366898
56.8;56.98;56.05;56.43;1115940
56.2;57.4;55.76;57.03;1002725
57.03;57.03;56.04;57;314864
56.68;57.25;54.81;54.91;986035
54.85;55.3;52.77;53.5;2478743
53.61;54.13;52.1;52.46;1571019
52.4;53.2;52;52.39;2247103
52.91;55.09;52.5;54;2247846
53.64;53.64;52.66;52.9;1773997
53.42;53.74;51.63;51.7;1634714
51.97;52.62;51.71;52.13;1549552
52;53.39;51.81;53.26;1154540
53.2;53.9;51.03;51.2;1963926
50.8;50.8;49.1;49.6;2284028
50.5;51.28;49.7;49.82;2693274
49;51.66;48.81;50.29;2976600
49.49;50.06;47.54;48.44;3697773
46.26;50.72;45.76;50;3061364
50.98;52;48.71;48.81;3163429
50.96;51.9;49.86;51.17;3686274
52;52.75;51.7;52.1;2618723
51.54;52.44;50.72;51.83;2247195
52.41;53.43;52.31;53.14;1520411
53.1;53.9;52.1;52.29;1746675
51.91;53.06;49.65;51.33;2500942
51.8;53.14;51.72;52.36;1716566
52.7;52.9;51.7;51.83;1725803
51.99;52.19;49.32;49.35;2301326
48.88;50.73;48.5;50;1943250
50;50.24;47.71;47.99;2840023
47.91;49;47;47.19;2540658
47;47.13;45.6;45.95;2993854
46.16;47.55;45.18;47.25;2812493
46.89;48.6;46.5;48.25;2052240
49.9;50.25;47.87;48.14;2568633
48.11;48.94;47.5;48.24;1445907
48.65;49.15;48.3;48.65;954720
48.34;49.56;47.65;49.24;1807124
48.8;49.38;48.04;48.9;1433238
49.23;49.85;48.57;49.3;1283459
49;49.5;48.55;48.91;936763
49.53;50.17;49.32;50.1;1145510
50.73;50.99;49.7;50.85;1488352
49.41;49.9;46.87;47.57;4594273
47.5;47.72;46.14;46.14;2819326
46.1;46.95;45.15;45.44;2030188
45.4;45.4;44.18;44.44;3071379
44.4;44.85;43.61;43.79;2270947
44.18;45.04;43.92;44.74;1925481
45.24;45.3;44.3;44.57;1810955
44.04;44.37;43.15;43.81;1926980
43.8;43.8;42.62;42.8;2124185
43.02;43.99;42.64;43.41;2178110
44.36;44.53;43.39;44.17;1811744
43.17;43.37;42.22;42.6;2330750
42.7;43.9;42.1;42.44;2165492
41.4;41.6;40.5;40.53;2364346
41.3;41.77;40.24;41.51;2241906
41.95;42.25;40.5;40.79;2782301
40.32;40.93;39.84;40.35;2410402
42.04;42.3;40.94;41.48;1875875
41.22;42.25;41.01;41.79;2282269
41.47;42.23;40.93;41.16;2697516
40.95;41.16;39.87;40.21;2176100
39.81;40.62;39.44;40.24;2094554
40.22;43.32;40.2;43.31;3282221
43.86;43.9;42.86;43.37;2309733
43.56;43.62;42.51;42.73;1891182
43.75;44.77;43.1;44.4;3395661
44.95;45;43.8;44.04;1952877
43.97;44.04;43.07;43.46;1178808
43.05;44.35;42.85;43.62;1759093
43.74;43.9;42.76;43.83;1613940
45.25;45.95;44.62;44.86;3637040
44.36;44.55;43.97;44.05;1671902
44.54;45.43;44;45.23;1797607
45.88;46.91;45.51;46.91;2174438
47.04;47.1;46.02;46.53;1387314
46.76;47.69;45.91;47.46;1838984
47.59;47.59;46.39;46.84;1253412
46.77;47.46;46.14;46.7;1210659
47.03;47.65;46.1;47.49;1734785
47.57;48.5;47.49;48.45;3195181
48.68;49.7;48.67;49.66;1863104
48.48;48.95;48.21;48.76;1337720
48.48;48.75;47.97;48.18;1838404
48.2;48.37;47.25;48.02;1456719
48.98;49.83;48.53;48.7;1498456
48.53;48.97;48.25;48.55;736574
48.6;49.08;46.9;47.27;1337740
47.51;48.89;47.3;48.59;1022699
48.35;48.87;48;48.7;881140
48.42;48.59;47.11;47.5;1153607
47.7;48.24;47.11;47.5;400952
48.01;48.01;46.85;47.07;837287
47.99;48.66;47.52;48.25;1725387
49.39;51.19;49;50.23;2852181
50.85;51.78;50.55;51.38;1649403
51.58;52.26;51.55;52.02;1989854
51.89;52;51.2;51.44;907935
51.44;51.46;50.39;50.95;1230304
50.2;51.59;49.9;51.26;1508473
51.23;51.48;49.5;49.5;1039102
49.22;50.61;49.22;49.92;597241
50.29;50.48;49.26;50.37;996691
50.59;51.4;49.76;50.45;1032108
50.51;50.55;49.52;49.73;1218609
49.84;52.49;49.84;52.49;2445866
52.5;52.51;50.49;51.01;1402183
51.15;51.7;50.45;51.45;1391345
49.75;49.75;47.98;47.98;3918494
48.25;49.08;48;48.4;1634858
48.32;49.04;46.72;46.72;1567037
46.59;46.72;45.88;45.91;1209488
45.41;46.53;44.87;46.08;1513033
46.12;46.68;44.64;44.73;1726943
44.7;45.55;44.6;45.47;1461837
45.9;46.8;44.9;46.77;1737234
46.02;46.28;44.75;45.44;1640319
45.81;45.9;45.13;45.36;1238788
45.36;45.46;44.41;44.71;1706388
44.14;44.57;43.47;43.47;1731291
43.85;43.85;41.76;42.2;2522856
42.15;42.97;41.77;41.89;1466555
42.28;42.28;40.05;40.87;1873002
40.87;42.26;40.57;42.19;1599524
41.77;41.89;40.56;40.79;2209477
40.7;42.5;40.15;42.05;2109818
41.9;42.57;41.11;42.16;2224049
41.96;41.96;40.02;41.26;2362114
41.42;42.19;40.77;40.86;1672865
40.15;42.4;39.91;42.3;1790166
42.46;42.49;41.12;41.42;646190
41.61;42.41;40.99;42.16;728895
41.14;41.58;40.49;40.9;1692410
41.59;42.3;41.44;42.11;1301139
41.56;41.89;40.69;41.18;1720824
41.13;41.81;39.97;39.97;1790079
40.42;41.83;40.42;41.19;1024096
40.39;40.88;39.55;40.12;2459958
40.14;40.84;38.7;40.46;1893128
41.5;43.43;40.99;42.63;2224270
42.27;44.17;42.1;44.17;1635068
43.84;44.74;43.07;44.04;1084917
43.67;43.67;41.8;43.04;1473838
43.89;44.23;43.04;43.97;1054950
44.04;44.3;42.15;42.38;1183416
41.56;43.15;41.4;42.88;1418320
42.88;42.88;41.51;41.63;1480195
41.2;41.76;40.55;41.39;1151586
41.66;42.31;41;41.95;962389
41.74;42.36;41.11;41.74;1026806
41.47;42.21;41.08;41.24;842575
41.09;41.45;40.08;40.08;1178023
40.35;41.49;40.12;41.37;1736830
41.65;43.18;41.56;42.89;1655828
42.4;43.6;42.21;42.92;853415
43.71;45.5;43.62;44.54;2368776
44.69;46.36;44.36;45.65;1275778
47.1;47.42;45.13;45.56;1767689
45.04;45.3;43.16;43.16;1460196
43.64;44.66;43.35;44.12;1226396
44.31;44.7;43.65;44.15;726347
44.15;44.55;43.2;43.88;686933
43.32;43.37;42.3;42.3;1388006
42.6;42.85;42.01;42.5;833549
42.16;42.49;41;41.49;1303364
41.69;42.42;41.53;42.2;1266765
42.12;42.15;41.11;41.23;916733
41.15;41.66;40.34;41.33;1258204
41.26;41.51;40.42;41.39;1335008
41.29;41.48;40.15;41.15;1858903
41.71;42.39;40.76;41.24;2103617
40.85;41.5;40.5;41.29;783530
41.03;43.07;40.6;42.82;1997603
42.29;42.61;41.92;42.1;946923
42.1;42.1;40.23;40.23;1855833
40.08;40.23;38.26;38.27;3515262
39.78;40.5;39.2;39.53;1656410
39.52;40.1;38.39;38.61;1412193
38.75;39.1;38.24;38.39;1494136
38.52;38.59;36.86;37.5;2129857
38.19;38.23;37.31;38.15;1673804
37.1;37.48;36.28;36.69;2971939
36.3;37.69;35.6;36.39;2887906
36.85;37.48;34.96;34.96;2669328
34.8;35.04;33.39;34.27;3676150
36.05;37.75;35.75;37.72;3382124
37.72;37.72;36.34;36.34;1271360
36.28;36.46;35.12;35.52;1608723
35.36;36.01;34.27;34.47;1834938
34.58;35.35;34.52;35.08;1660929
34.52;34.56;33.49;33.49;2028126
33.4;33.47;30.27;30.42;3184285
29.44;31.85;29.4;31.75;3732679
32.28;32.71;31.26;31.73;1945376
31.75;32.33;29.79;29.84;1886532
30.01;30.7;28.4;30.37;2676904
28.5;29.16;26.59;26.7;3684746
27.79;27.9;26.07;26.07;3180564
24.77;28.51;24.04;26.66;4735587
27.29;31;27.09;28.88;4262972
26.67;29.88;26.01;28.68;5595793
31;33.38;30.14;33.38;3606094
34.25;35.28;32.66;33.25;3759408
33.1;33.7;30.3;30.5;2981087
29.5;30.3;26.81;27.12;4466859
28.76;28.96;26.09;27.33;3877490
28.12;29.14;27.82;29.06;1833410
29.77;30.45;29.2;30.03;1651768
29.14;29.55;27.6;27.6;1757217
27.95;28.32;26.01;27.35;2298183
26.09;26.54;24.34;26.54;3676570
25.25;26.47;24.68;25.71;1818146
26.43;27.92;25.5;27.89;2373022
29.22;32.62;29.22;32.62;3580951
33.31;34.6;31.36;31.97;3697486
31.25;33.3;31.25;33.18;2495380
33.35;33.6;32.38;33.31;1314590
33.9;34.59;33.2;34.23;2114132
34.33;34.46;33.31;33.75;1930608
32.6;33.24;30.94;30.94;1666191
31;32.26;30.3;31.24;1921464
31.92;32.27;30.2;30.39;1876801
29.88;30.13;28.6;28.75;1781590
29.55;29.83;27.92;28.24;1765140
28;29.48;27.59;28.31;1312917
29.69;29.91;28.63;28.87;1218299
28.78;29.4;28.08;28.42;963882
28.4;28.8;27.72;28;1675797
28.2;28.48;26.91;26.91;1333268
26.01;26.35;24.55;25.13;2772628
25.36;26.47;24.3;24.75;2152637
25.24;28.2;25.24;28.2;2018237
28.04;30.22;27.56;30.2;3169099
29.83;30.73;29.26;30.02;1762004
30.54;31.83;30.32;31.82;1101981
31.75;32.22;30.56;32.22;1778408
32.18;32.3;29.53;29.61;1150215
28.56;31.85;28.25;31.85;1605079
30.9;31.1;28.06;29.12;3421371
29.12;29.97;28.55;28.72;1940330
28.21;28.58;27.21;27.31;1870214
28.99;30.15;28.63;30.15;2094907
29.85;30.48;29.52;29.88;2354244
30.11;30.5;29.4;30.5;1656981
30.4;30.87;29.83;30.67;1105447
29.2;30.19;28.7;29.69;1315740
30.27;30.59;29.79;30.14;1117685
30.26;30.74;29.76;30.41;1456120
30.8;31.17;30.22;30.94;1093908
30.95;31.24;30.29;31.09;1416927
30.59;30.96;30.15;30.57;1422615
30.04;30.5;29.4;29.4;1219540
29.36;30.3;29.07;29.28;1098269
29;29.86;28.48;29.86;393415
29.9;29.96;28.81;29.05;558206
29.22;30;29.13;29.95;433395
29.97;30.32;29.86;30.2;375650
30.3;30.85;29.71;30.85;794393
31.01;31.19;30.5;31.07;889881
31.09;32.91;30.8;32.91;1485595
32.79;34.48;32.7;33.8;2280214
33.43;33.66;32.62;33.35;1058012
33.5;34.6;33.02;33.36;1285213
33.19;33.42;30.94;30.94;1765099
30.68;30.99;29.42;29.73;1902222
30.02;30.31;27.89;27.95;1918503
28.01;28.64;27.15;28.06;1874601
28.79;29.63;28.33;28.53;1309709
28.98;29.18;27.53;27.93;870374
27.9;28.97;27;27.1;1605843
26.51;27.1;25.95;26.52;2651865
26.88;27.4;25.87;26.06;1448108
26.05;26.48;25.18;25.75;1596636
25.6;27.4;25.52;27.33;1725108
27.43;27.43;26.46;27;1899417
27.59;28.15;27.48;27.82;1830587
27.69;27.86;26.81;27.17;1236171
27;27.57;26.56;26.76;1605170
26.495;26.55;25.7;26.19;1362360
26.51;27.09;26.09;27;1353545
27.26;29.11;26.8;28.78;1930981
28.26;28.71;27.36;28.44;1263318
28.675;29.655;28.5;29.65;1936487
29.455;30.245;29.17;30.2;1389960
29.93;29.93;28.56;28.56;1169218
28.495;29.39;28;29.17;1025242
29.05;29.095;27.48;27.83;1243890
28.305;28.96;28.125;28.46;906824
28.235;28.28;27.73;27.73;602491
27.46;27.555;25.95;25.95;1847906
26.09;26.36;25.04;25.6;2251975
25.25;25.56;24.8;24.805;1977646
24.59;24.66;23.07;23.07;2427723
23.575;24;22.74;22.74;1718375
22.45;22.8;21.765;22.14;1973104
23.03;23.065;21.95;22.1;2315785
22.455;23.64;22.3;23.405;2215784
22.77;23.15;22.26;22.8;1820156
22.225;22.55;21.84;22.18;1764049
22.665;22.665;21.825;22.22;1564091
22.835;23.88;22.37;23.88;2585667
23.87;23.95;22.275;22.275;2066304
22.22;23.025;22.135;22.73;1541545
23.005;23.005;22.03;22.5;1396292
22.55;24.75;22.43;24.725;1820934
24.725;25.96;24.23;25.45;2715730
25.105;26.51;24.62;26.51;1874443
27;27.33;25.625;26.095;2241502
27.01;27.485;26.425;27.485;2211303
27.13;27.69;27.1;27.63;1957083
27.9;28.2;26.62;27;1301538
27.22;28.2;27.22;27.57;1655211
27.135;27.57;26.865;27.44;1679141
27.9;28.07;27.1;28;1332644
28.2;28.63;27.28;27.925;1381265
27.66;28;27.225;27.79;1047745
27.95;27.95;26.95;27.25;1279451
27.445;27.5;26.51;26.64;1221878
26.275;26.385;25.55;25.55;1201609
25.85;26.94;25.85;26.92;1200713
26.9;27.945;26.265;27.945;1401522
28.25;29.8;28.02;29.77;2530338
29.85;30.5;29.01;30.38;1694669
30.5;31.1;29.96;30.235;1348940
28.735;30.27;28.5;29.2;1113757
28.77;30.48;28.64;30.25;1058881
30.275;30.68;29.765;30.645;1332553
30.75;31.54;30.045;31.15;1905630
30.8;31.09;30.51;30.835;1375372
31;31.42;30.64;31.42;1175431
31.61;31.8;31.1;31.8;1156508
31.82;31.9;29.725;29.825;1528523
29.99;30.335;29.02;30.08;1605713
30.165;32.49;29.965;32.49;1830913
32.3;33.5;31.8;33.26;1969314
33.2;33.26;31.8;33;2169645
32.66;33.5;32.105;33.3;1610300
31;31.655;30.75;31.385;2589195
31.985;32.205;31.45;32.205;1846755
32.37;32.89;32.25;32.52;1469098
32.67;33.6;32.55;33.6;828400
33.5;33.84;33.01;33.3;1871511
33.01;35;32.98;34.46;1519283
34.94;35.87;34.425;34.705;2043654
35;35.37;34.02;34.39;1433169
34.605;34.605;32.65;32.795;1541771
32.56;33.045;31.785;31.905;1353896
31.99;32.37;30.67;30.67;1459907
29.51;30.4;29.155;29.845;2448189
30.045;30.285;29.3;30.15;1742404
29.78;30.62;29.55;30.6;751240
30.77;31.25;30.7;31.015;1306312
31.015;31.755;31;31.725;662138
31.355;31.355;30.36;30.36;589868
30.68;31.095;30.02;30.44;584335
30.46;30.685;29.61;29.905;468131
29.81;29.995;28.81;29.82;1184361
30.11;30.68;29.885;30.675;1238401
30.05;30.15;28.77;29.02;1895769
29.31;29.795;28.83;28.97;1931553
29.5;30.6;29.28;30.435;969420
30.305;31.15;30.1;30.495;1446199
29;29.565;28.015;28.075;2728514
28.25;28.76;27.91;27.91;1655919
27.94;28.81;27.92;28.255;1268949
27.65;27.85;27.005;27.04;1609698
27.18;27.49;26.51;26.51;1534992
26.9;27.28;26.395;26.44;1887422
26.39;26.85;26.19;26.39;1293265
26.4;26.845;26.25;26.3;1002222
26.28;26.39;25.91;25.92;1595409
26.14;26.53;25.835;25.98;1788880
26;26.33;25.095;25.13;2102256
25.45;26.31;25.4;26.23;2226512
26.35;26.35;25.845;26.175;1848498
26.005;26.14;24.95;24.95;2204665
25.15;26.38;25.15;25.88;2403600
26.07;26.85;25.81;26.6;1957934
27.63;27.91;27.05;27.58;2731584
27.9;28.15;26.855;26.91;1389262
26.9;27.85;26.8;27.73;1288275
27.715;27.98;26.705;26.8;1635844
27;27.2;26.655;26.925;1617566
26.87;26.88;25.67;25.67;2176141
25.8;26.27;25.64;26.17;1133092
25.93;26.01;25.49;25.59;1151721
25.815;26.205;25.38;25.63;969858
25.635;26.095;25.45;25.735;1060088
26.075;26.325;25.6;25.75;1199219
25.6;25.625;25.195;25.195;1022867
25.3;26.35;25.16;26.35;1415293
26.48;26.975;26.31;26.77;1459993
26.94;27.59;26.63;27.59;1822091
27.65;28.035;27.29;27.88;1712930
28.04;28.07;27.6;27.765;1161200
27.91;28.545;27.84;28.545;1282571
28.6;28.785;28.32;28.615;1162159
28.72;28.72;28.035;28.44;1004995
28.6;29.2;27.915;29.2;1297339
29.04;29.385;28.41;28.59;2022478
29.085;29.4;28.68;29.21;1249290
29.015;29.37;28.275;28.3;1316061
28.44;29.33;28.365;28.915;1227555
29;29.92;28.56;29.92;1275060
29.73;29.94;29.285;29.885;993732
29.835;30.455;29.425;30.22;1057538
30.27;30.305;29.435;30.2;1122545
30.3;31.085;30.1;30.69;1543323
30.9;31.1;30.73;31.1;1240177
30.945;31.765;30.26;31.765;1701328
31.53;31.63;31.05;31.6;782155
31.6;31.8;30.595;30.795;1643262
30.8;31.695;30.42;31.695;1232839
31.65;31.9;31.225;31.63;2107244
31.67;32.21;31.59;32.21;1827759
32;32;31.205;31.5;2162784
31.66;31.88;31.175;31.8;1487548
31.6;31.81;31.23;31.7;2084540
31.94;32.1;31.64;31.8;2032325
31.695;32.655;31.64;32.5;2104461
32.66;34.43;32.52;34.43;2092503
33.82;34.5;33.535;34.305;1721384
34.2;34.295;33;33;1959285
32.605;33;31.99;32.155;2530692
34.16;35.25;34.07;35.095;4429294
34.75;34.775;34;34.615;1535111
34.58;34.96;33.43;33.43;1959551
33.3;33.4;32.25;33.01;1956229
33.375;33.55;32.98;33.425;1753126
33.74;33.9;33.4;33.7;1159662
33.95;34.24;33.75;34.005;1333422
34.045;34.1;33.15;33.53;2267669
33.485;34.28;33.24;34.28;2236968
34.4;34.85;34.205;34.685;2292401
34.87;35.765;34.64;35.765;2058063
35.4;35.4;34.45;35.375;1384032
35.44;35.91;35.265;35.865;1576375
36.01;36.885;36.01;36.605;2350246
36.75;37.14;36.415;36.655;1986927
36.5;36.795;36.3;36.3;2258468
36.455;36.475;35.92;36.04;1354029
36.015;36.3;35.475;35.5;1173658
35.595;36.125;35.325;35.83;1294618
35.7;35.805;34.655;34.67;1624908
34.795;34.795;33.73;33.99;1491195
34.18;35.135;33.525;35.115;1161838
35.25;35.375;34.4;34.8;1039498
34.8;35.01;34.2;34.75;1074903
35.38;35.525;34.715;34.83;1632682
34.5;34.625;33.645;33.78;1517476
34.7;35.065;34.4;35.065;1634942
35.425;36.02;34.8;36.02;1642585
35.995;36.3;35.675;35.915;1081494
36.29;36.4;35.98;36.36;1081568
36.255;36.96;36.245;36.96;1415659
37.005;37.44;36.96;37.395;1077779
37.105;37.28;36.5;36.575;1134174
37;37.15;36.515;37.06;889014
37.05;37.265;36.72;37.195;756801
37.4;37.76;36.52;36.75;1003661
36.82;37.205;36.59;37.16;656005
37.42;37.52;36.55;36.57;928490
36.8;36.8;35.485;36.105;1282318
35.625;35.83;35.06;35.615;1215524
35.96;36;35.29;35.3;1155935
35.48;35.68;34.095;34.11;1526881
34.11;34.785;33.91;34.275;1212203
34.2;34.245;32.9;33.28;2119330
33.005;34.25;32.68;34.25;1341439
34.01;34.2;32.15;32.15;2580390
32.15;33.415;32.05;33.2;1605265
32.72;33;32.17;32.705;1507007
33.4;33.95;33.165;33.95;1302959
33.64;35.11;33.335;34.93;1646407
35.1;35.2;34.22;34.71;1001722
35.175;35.665;35;35.65;1217015
35.65;35.71;35.27;35.545;818802
35.825;36.29;35.56;35.7;639508
35.82;36.32;35.65;36.065;1053946
35.85;36.345;34.79;35.165;1633971
35.855;35.95;35.49;35.9;854407
35.775;35.85;35.015;35.07;1012598
35.215;35.535;34.91;35.12;1051029
35.14;35.14;34.125;34.175;1251834
34.35;34.57;33.65;34.02;1198876
34.42;35.275;34.35;35.225;939220
35.22;35.48;34.62;34.725;834342
35.03;35.1;34.3;34.5;871589
34.38;34.5;32.85;33.1;2413257
32.7;33.855;32.52;33.48;1351436
33.475;33.685;33;33.135;1010639
33.6;34.965;33.6;34.965;1452687
35.5;35.73;34.08;34.42;2012873
35.13;35.38;34.7;34.96;2033055
34.96;35.8;34.565;35.49;1163368
35.49;35.535;34.73;34.83;1228133
34.895;35.035;33.985;34.23;1282322
34.24;34.74;33.85;34.29;1210987
34.245;34.48;33.87;34.12;1144400
34.2;34.44;34.03;34.315;1221561
34.63;34.7;34.19;34.43;776759
34.5;34.64;34.18;34.6;1322307
34.67;34.93;34.51;34.865;1505570
34.9;35.59;34.62;35.4;2579578
35.4;35.685;34.88;35.035;1879282
35.28;35.64;35.1;35.64;946749
35.8;36.25;35.615;36.025;1159914
36.3;36.5;36.1;36.415;656019
36.45;36.5;36.145;36.44;154720
36.5;36.5;36.15;36.49;475462
36.5;36.55;36.28;36.375;585111
36.245;36.52;36.055;36.47;407694
36.5;36.69;36.425;36.425;154743
36.395;37.02;36.32;37.02;823953
37.135;37.5;36.835;37.475;1135469
37.38;37.7;37.215;37.675;859576
37.595;37.66;37.035;37.16;1012350
37.365;37.68;36.97;37.175;1450056
37.34;37.69;37.22;37.54;1506439
37.6;37.745;37.215;37.335;1348627
37.22;37.615;37.115;37.595;1179524
37.7;37.93;37.445;37.885;1265622
37.885;38;37.28;37.42;1294420
37.6;37.97;37.43;37.825;774061
37.645;38.08;37.34;38.075;1252590
37.88;37.935;37;37.1;1493721
37.2;37.635;36.91;36.965;2617726
36.9;37.45;36.575;36.925;1439800
36.68;37;36.405;36.42;1344011
36.09;36.89;36;36.755;1544565
36.455;36.905;36.15;36.33;1194635
36.755;36.9;35.15;35.15;2381632
35.435;35.905;35.23;35.77;1807065
35.7;36.15;35.405;36.06;843608
36.07;36.855;35.8;36.855;1569238
36.9;37.38;36.655;37.215;1644238
37.13;37.4;36.07;36.11;2305870
35.93;36.11;34.66;34.77;2568369
35;35.5;34.6;34.925;1152376
34.9;35.44;34.775;35.15;1058797
35.4;35.7;35.025;35.36;1470267
35.555;35.65;34.29;34.48;2058846
34.6;34.72;33.37;33.37;2867574
33.425;34.025;33.425;33.895;964077
34.2;34.45;33.625;34.225;1112262
34.45;35.05;34.45;35;1333908
34.83;35.22;34.75;35.185;974120
34.89;35.46;34.74;35.435;1656113
35.52;35.52;35.04;35.15;1035385
35.495;35.55;34.6;34.685;1419644
34.77;34.945;33.665;34.235;1714878
34.175;34.5;33.255;33.325;1691630
33.615;34.15;33.24;33.8;1622606
34.29;35.22;34.19;35.2;2554924
35.35;35.83;35.2;35.815;1947793
35.85;37.53;35.615;37.53;3523552
37.25;37.605;37.095;37.185;2017359
37.4;37.73;37.185;37.615;1504539
37.75;37.845;37.03;37.06;1531080
37.215;37.29;36.73;37.08;1469252
37.18;37.8;36.965;37.8;1374399
37.645;37.9;37.47;37.6;997100
37.64;38.15;37.56;37.605;1229600
37.55;37.95;37.3;37.33;995294
37.52;37.825;37.24;37.56;669744
37.715;38.125;37.68;37.945;1468833
37.895;38.165;37.815;37.87;1097928
37.99;38.075;37.045;37.125;1754442
37.18;37.615;36.825;37.615;1577758
37.73;38.03;37.41;37.81;1026316
37.98;38;37.1;37.7;1190202
37.86;38.025;37.42;37.955;943787
37.97;38.245;37.785;37.875;1168972
38;38.2;37.69;37.85;599665
38.14;38.19;37.43;37.69;823146
37.595;37.995;37.065;37.22;1094973
37.625;37.91;37.485;37.7;1156009
37.835;38.245;37.68;38.205;1656489
38.1;38.245;37.83;38.06;1365917
37.95;38.04;37.23;37.48;846312
37.945;39.68;37.845;39.68;2900063
39.78;39.98;39.08;39.135;1486492
39.01;39.22;38.71;38.88;955933
39.1;40;39.04;39.98;1846185
40.01;40.45;39.785;40.295;1124531
40.2;40.56;39.47;39.53;1510728
39.325;39.83;39.135;39.135;1181324
39.3;39.755;39.19;39.755;1123725
39.75;39.875;39.125;39.265;943726
39.005;39.315;37.815;38.01;2110598
37.975;39.23;37.935;39.005;1313951
39.35;39.68;38.575;38.615;1243602
38.5;38.53;36.755;36.755;2249681
36.6;37.13;35.66;36.665;2752473
36.94;37.635;36.24;37.55;1754697
37.7;38.04;37.15;37.47;1794780
37.21;38.105;36.485;37.675;1465311
36;36.35;34.73;34.76;2977998
34.995;35.22;34.085;34.18;2998619
33.9;34.605;33.34;33.34;2288512
32.3;33.55;31.51;31.985;3726492
33.52;34.775;32.65;34.775;2940498
34.11;34.635;33.81;34.61;1535728
34.905;36.275;34.225;36.08;2723704
36.22;36.545;35.875;36.4;1225341
36.24;36.385;34.83;34.93;2064580
34.55;35.365;34.305;34.365;1379687
35.22;35.235;34.575;34.85;1095674
34.31;34.61;33.59;33.805;1687636
34;34.345;32.125;32.75;2159365
32.775;33.05;31.9;32.84;2193936
33.32;33.42;32.665;33.285;1114259
32.105;32.235;31.44;31.95;1376947
32.51;33.285;32.385;32.87;1958360
33.03;34.38;32.98;34.38;1936189
34.915;34.925;34.1;34.47;1711931
34.52;35.06;34.28;34.845;736044
34.85;35.45;33.86;35.115;1766581
34.62;35.35;34.11;34.5;1980559
35.395;35.4;34.385;34.555;2081283
34.415;34.695;33.595;33.765;2307137
33.06;34.145;33.05;33.725;1276782
33.885;34.025;32.9;33.35;1587748
33.51;34.035;33.365;34.035;1313526
33.64;35.29;33.64;35.04;2028603
35.18;35.675;34.76;35.335;1417098
35.6;35.94;35.48;35.935;1084052
35.525;36.28;35.425;36.28;1120949
36.47;36.525;34.86;35.275;2430184
35.47;35.78;34.75;34.88;1590885
34.95;35.71;34.95;35.375;1687747
35.9;35.965;35.31;35.4;1206442
35.22;35.565;34.695;34.92;1123584
34.66;34.855;33.91;33.91;1525915
34.24;34.4;32.95;32.985;1848114
33.165;33.425;32.11;32.305;2104688
32.55;33.24;32.12;33.23;2048973
32.87;32.87;31.505;31.775;2626303
31.875;32.74;31.635;31.925;2594788
31.495;31.555;30.4;30.655;3235602
31.115;31.49;30.65;30.79;2103386
31.1;31.19;30.45;30.67;1349796
30.775;32.04;30.73;31.56;2083475
31.135;31.335;30.4;31.265;2536768
31.675;32.145;31.35;31.965;1591408
32.285;32.355;31.975;32.13;1139694
32.19;32.54;31.69;32.215;848863
32.38;33;32.155;32.85;1157674
32.94;33.065;32.235;32.59;788966
32.4;32.91;31.815;31.895;1740149
32.045;32.32;30.875;30.925;1898967
30.77;31.125;30.47;30.615;1125277
30.975;30.975;30.42;30.74;1302068
31.03;31.435;30.87;31.245;1576050
30.965;32.33;30.945;32.235;1673120
32.23;32.82;31.92;32.5;1180952
32.98;32.98;32.41;32.72;929805
32.805;33.5;32.66;32.905;1375732
33.1;33.48;32.275;32.405;1309800
32.395;33.52;32.135;33.13;1832491
33.03;33.27;31.97;32.4;1928592
32.585;33.645;32.58;33.645;1362264
33.315;33.6;33.045;33.275;1139329
33.26;33.63;32.87;33.35;736793
33.38;34.115;33.185;33.915;1409402
34.05;34.3;33.18;33.325;908625
33.82;34.08;33.75;34.08;684211
33.89;34.245;33.33;33.87;896220
33.605;33.685;32.595;32.635;1069273
32.545;32.755;32.03;32.385;1062841
32.54;32.765;32.01;32.42;987011
32.515;32.96;32.17;32.63;806367
32.9;33.54;32.77;33.475;1081814
33.29;33.915;33.015;33.765;955701
33.885;34.165;32.99;33.225;1831930
33.23;33.5;32.435;32.55;1287525
32.635;33.47;32.275;33.125;975388
32.73;32.785;31.57;32.045;2360639
31.93;32.32;31.375;31.61;1280199
32;32.25;31.575;31.965;1027603
31.925;32.51;31.835;32.445;1010192
32.55;32.85;31.98;32.05;790268
31.495;32.245;31.39;32.035;1559505
31.32;32.3;30.62;32.265;2560342
32.115;32.765;31.915;32.405;1455771
32.55;32.905;32.14;32.405;1437520
32.685;32.73;32.32;32.7;820550
32.6;32.63;31.87;32.17;1234108
32.085;32.31;31.655;32.03;1431419
31.875;33;31.58;32.86;1982984
32.7;32.97;32.33;32.455;1091786
32.6;33.05;32.565;32.92;1431281
32.75;32.985;32.585;32.88;1097194
32.96;33.265;32.5;32.795;1137231
32.64;32.775;31.63;31.825;2626217
32.42;32.42;31.3;31.505;4778881
31.61;32.24;31.51;32.165;1280691
32.035;32.68;32.025;32.505;1428485
32.61;32.61;31.625;31.905;1797978
32.245;32.315;31.06;31.485;1454848
31.245;31.85;30.965;31.715;1332956
31.885;32.07;31.64;31.71;764255
31.66;32;31.1;31.745;1117963
31.935;32.145;31.65;31.715;1346458
31.56;32.24;31.34;31.485;1225304
31.39;31.85;31.05;31.18;980309
31.18;31.27;30.71;31.04;946475
30.945;31.905;30.9;31.765;1497158
31.855;32.1;31.5;31.615;1173346
31.65;31.875;31.285;31.53;1300252
31.41;31.865;31.38;31.635;1590388
31.625;32.355;31.625;32.235;1409039
31.99;32.025;31.575;31.62;1643508
32.085;32.46;31.855;31.9;1429409
32.04;32.19;31.905;31.98;1213348
32.285;32.455;32.04;32.32;1619893
32.25;32.445;32.005;32.24;651007
32.285;32.355;31.86;31.895;1074241
31.88;32.29;31.82;32.205;727524
32.04;32.975;32;32.93;2204030
32.845;32.885;32.545;32.595;949562
32.73;32.785;32.295;32.345;879215
32.185;32.365;31.775;32.29;886046
32.08;32.265;31.725;31.725;1241660
31.82;32.22;31.78;31.89;1033439
31.92;32;31.47;31.665;1132057
31.925;32.195;31.51;31.645;1024286
31.55;31.925;31.37;31.72;993677
31.94;32.475;31.76;31.89;1828389
32.02;32.575;31.975;32.455;1986633
32.635;33.13;32.565;32.68;1629173
32.68;32.8;32.3;32.585;904473
32.55;33.47;32.5;33.115;1797235
33.375;33.99;33.22;33.64;2681871
33.67;33.8;33;33.105;1483636
32.6;33.045;32.355;32.87;1884617
32.71;33.135;32.52;33.085;1314514
32.945;32.95;32.29;32.335;1561207
32.245;32.65;32.185;32.46;1061553
32.7;32.84;32.245;32.705;1506911
32.725;32.79;32.42;32.66;683016
32.845;33.06;32.25;32.4;1144600
32.215;32.35;31.83;31.83;1621179
31.75;32.05;31.5;31.94;1533271
31.885;31.94;31.565;31.825;844740
31.65;31.86;31.11;31.555;1457043
31.665;31.825;30.7;30.74;2163744
30.74;31.145;30.585;30.74;2064099
30.99;31.615;30.97;31.49;2422910
31.985;31.985;31.3;31.88;1724949
32.205;32.3;31.505;31.76;1550177
31.755;32.05;31;31.105;2228965
31.155;31.785;31.155;31.57;1993724
31.45;31.95;31.31;31.815;1628957
32.02;32.24;31.865;32.025;1379777
32.12;32.325;31.945;31.945;1301642
31.905;32.09;31.375;31.955;2089015
31.905;32.205;31.825;32.1;1488657
32.025;32.185;31.805;31.98;1573251
31.915;32.185;31.815;32.02;1077381
32.03;32.175;31.97;31.995;1920867
31.955;32.65;31.905;32.255;1588627
32.415;32.69;32.315;32.62;1144131
32.63;32.63;32.305;32.41;1197482
32.46;32.58;32.11;32.355;457084
32.32;32.46;32.265;32.32;110134
32.32;32.52;31.9;32.405;534390
32.45;32.695;32.33;32.35;375812
32.46;32.63;32.395;32.56;367100
32.515;32.56;32.24;32.37;523756
32.375;32.46;32.15;32.255;180740
32.5;32.96;32.305;32.94;1059566
32.89;33;32.525;32.64;1190166
32.465;32.895;32.25;32.895;1291601
32.945;33.115;32.62;32.76;899980
32.695;32.895;32.4;32.625;983552
32.575;32.575;31.835;31.96;1076620
32.075;32.33;31.94;32.245;1438425
32.27;33.035;32.27;32.865;1658923
32.75;33.15;32.625;33.145;2043087
33.005;33.44;33.005;33.245;1666553
33.375;33.4;32.85;32.88;982999
33.3;34.665;33.11;34.665;4134590
34.035;34.3;33.82;33.93;2662844
33.85;34.485;33.68;33.985;1782312
34.1;35;34.02;34.68;2396162
34.795;35.045;34.385;35;1163348
35;35;34.525;34.64;1175531
34.96;34.97;34.66;34.7;905308
34.625;34.92;34.28;34.57;1477305
34.27;34.66;34.185;34.185;1497606
34.03;34.27;33.65;34.01;1243064
34.06;34.235;33.705;33.835;1616225
33.965;34.035;33.6;33.805;1387296
33.8;33.9;33.185;33.46;1465941
33.475;33.81;33.475;33.81;1076374
33.865;34.495;33.85;34.425;1336958
34.28;34.46;34.01;34.185;1322659
34.085;34.315;33.915;34.06;858052
34.02;34.125;33.625;33.91;1240309
33.815;33.95;33.13;33.655;1569192
34;34.035;33.615;33.705;1090991
33.63;33.925;33.62;33.65;984417
33.76;34.01;33.555;33.7;1810148
33.87;33.885;33.47;33.5;1246621
33.98;34;33.52;33.89;2347626
33.92;33.925;33.295;33.295;1508655
33.17;33.8;32.815;33.465;2156336
33.345;33.51;33.05;33.175;1398841
32.9;33.05;32.7;32.78;1427612
32.845;33.16;32.715;33.1;1228804
33.055;33.735;32.805;33.505;1830444
33.64;33.87;33.16;33.2;1241755
33.645;34.45;33.255;34.21;3489364
34.43;34.52;33.855;34.275;2034152
34.385;34.57;33.81;33.98;1519242
33.985;34.6;33.765;34.225;1476064
34.305;34.9;34.225;34.605;1711976
34.57;34.775;34.25;34.31;1806000
34.05;34.27;33.665;33.98;1206161
33.66;33.915;33.53;33.55;1100059
33.43;33.575;33.05;33.17;1641247
32.64;32.77;31.75;32.47;2649735
32.52;32.59;31.56;31.735;2785733
31.84;32.565;31.735;32.55;2341253
32.675;32.77;32.05;32.315;2295411
32.805;33.135;32.715;33.1;1686862
33.1;33.2;32.895;33.015;1314971
32.83;33.41;32.815;33.37;1019970
33.33;33.925;33.185;33.825;1524178
33.925;33.97;33.695;33.865;725284
33.805;33.915;33.56;33.75;948463
33.805;34.17;33.58;34.15;1001828
34.405;34.45;34.105;34.295;854122
34.29;34.4;33.885;33.885;1202589
33.955;34.375;33.905;34.15;1353145
34.19;34.485;33.93;34.3;829872
34.21;34.29;33.915;34.045;951793
34.055;34.225;33.94;34.105;751574
34.07;34.22;33.865;33.945;1109863
34.1;34.33;34.04;34.33;982800
34.145;34.33;33.875;34.05;782560
33.815;34.01;33.43;33.45;2286788
33.6;33.785;33.45;33.66;1244583
33.5;33.66;33.395;33.46;1097195
33.5;33.685;33.4;33.615;874070
33.575;33.78;33.14;33.15;1613046
33.21;33.27;32.955;33.175;1009927
33.42;33.96;33.21;33.96;1134444
34.19;34.375;33.975;34.37;994870
34.38;34.49;34.185;34.365;940191
34.35;34.68;34.21;34.62;1003603
34.75;34.83;34.545;34.785;1240935
33.25;33.865;33.25;33.615;2117132
33.945;34.4;33.8;33.92;1354981
33.915;34;33.48;33.575;1445905
33.5;33.87;33.18;33.29;1040196
33.44;33.48;33.06;33.28;1221419
33.3;33.88;33.2;33.88;1269328
33.8;33.87;33.455;33.64;1030196
33.695;34.145;33.625;34.045;853023
34.21;34.32;34;34.255;1005231
34.025;34.025;33.65;33.93;887363
34.135;34.17;33.79;33.89;763576
33.795;33.98;33.5;33.965;743524
33.14;33.2;32.44;32.44;4348645
32.665;32.84;32.395;32.56;1861315
32.765;32.875;32.49;32.805;1055474
32.95;33.06;32.47;32.57;943073
32.39;32.39;31.8;32.05;1985255
32.025;32.155;31.975;32.005;1259528
31.81;31.925;31.575;31.76;1728145
31.84;31.9;31.42;31.53;1619916
31.9;32.125;31.7;31.765;1293582
31.82;31.875;31.42;31.465;573304
31.775;32.14;31.705;32.1;1836982
32.11;32.21;31.695;31.795;972245
31.46;31.56;31.14;31.405;979854
31.465;31.555;31.15;31.395;980949
31.42;31.48;31.12;31.165;1312597
31.165;31.43;31.11;31.195;742953
31.11;31.23;30.79;30.92;1115853
30.85;31.255;30.7;31.18;1066091
31.175;31.22;30.76;30.765;1325593
30.86;30.965;30.685;30.81;646523
30.95;31.095;30.855;31.04;1079116
31.02;31.02;30.615;30.7;1283182
30.71;30.71;30.16;30.415;1260882
30.3;30.635;30.005;30.455;2344725
30;30.195;29.735;29.735;1867572
29.86;30.44;29.86;30.385;1447759
30.32;30.425;29.705;29.865;2037678
29.745;29.895;29.2;29.3;1681408
29.62;29.7;28.765;28.85;1942952
28.905;29.22;28.65;28.855;979510
28.935;29.24;28.65;28.93;1354795
29.07;29.85;29.06;29.825;1973490
29.91;30.315;29.8;30.315;1599721
30.315;30.455;30.04;30.325;826264
30.435;30.44;30.175;30.255;681595
30.26;30.26;29.765;29.765;1108394
29.86;29.865;29.34;29.36;1561293
29.53;29.655;29.105;29.45;1470255
29.49;29.55;28.81;28.88;1581035
28.7;28.8;27.88;28.025;1877846
27.645;27.645;26.625;27.33;2919699
27.475;27.875;27.355;27.815;1992984
27.5;27.615;27.14;27.14;1228624
27.08;27.29;26.855;26.87;1639614
26.73;26.76;26.16;26.16;1611643
26.2;26.755;26.17;26.67;1231041
26.84;27.055;26.57;27.03;1603460
27.125;27.66;26.555;27.505;1647304
27.7;28.095;27.53;27.58;1242308
27.49;27.49;27.02;27.155;1192125
27.235;27.365;26.825;26.89;985474
26.75;27.12;26.545;26.765;1432514
26.52;26.635;26.13;26.445;1648843
26.325;26.6;26.02;26.39;1829383
26.83;26.93;25.44;25.625;1792301
25.62;25.835;25.07;25.07;2074377
24.935;25.335;24.545;24.86;2192194
25.25;25.275;23.69;23.825;2763418
22.97;24.78;22.915;23.935;4152809
23.525;24.31;22.62;22.725;2892230
22.755;23.5;21.785;23.3;3319323
23.795;23.86;21.86;21.99;2948746
22.74;22.92;21.2;22.885;2789294
22.92;24.05;22.25;23.955;2078021
24.235;24.36;23.73;24.02;1052549
23.935;23.95;23.25;23.695;1363970
23.585;23.65;23.145;23.415;2183263