258.2;274.8;255.9;255.9;492603
257;257;236.6;237.2;357912
229.1;230;212;213.8;784213
216.5;222.1;215;215.2;468808
213;234.9;210.1;226;550392
235.9;252.6;234.2;240.1;492569
252;262.5;227;260;831122
252;255;243.7;250;591544
244;251.8;241.8;242.2;326241
247.2;256;242.2;251;264852
252.3;256.1;247;255;182660
257;257;245.5;245.6;302025
245.6;246.7;233;234.2;437825
238.5;240;224.2;227.3;504230
230.1;243.9;228;239;480949
242;256.2;240;249.8;466123
240.5;256;240;249.2;329331
255;259.2;251.1;251.6;313011
218;236.5;215.2;224.1;2350731
227;232;216.1;223.2;559645
220.2;222;216.8;217.2;307251
221;228;215.2;216;364999
221.4;227.8;218.3;224.9;501821
226.8;235;225;235;445088
235;247;233.3;243;307467
245;248;235.5;235.5;174800
244;250.5;242;249.1;353693
249.1;260.8;243;248;532361
240.1;247;235.3;240;334700
258;267.8;255.5;267;796444
269;269;255.1;255.7;354371
257;262;235;240;285478
243.1;247.5;230;232;349683
235;240.1;231.4;235;239768
239;246.4;234.5;234.5;267295
234.7;238.9;228;232;163760
234.3;240.5;226;235;409848
239;245.5;237;239.8;250522
244.6;262;244;258;534423
263;266.5;255.1;256;306823
258.1;263.8;247.3;256.5;253021
269;296;265.8;286;1585282
298;313.5;294.2;294.2;892821
297;298;278.2;280;575521
289.5;297.3;285.6;293.9;406388
302;310;300;310;415670
303.1;307.5;289;295.2;341986
309;322.4;306.3;309.8;680966
321;340;315.4;339;658120
350;368.9;341;350;644371
330;347.8;323.1;330;387832
321.5;324.9;302.6;305;596313
292.1;299.8;287.2;291;407127
297;297;270.2;285;625431
303.1;306.5;273.2;276;764479
282;294.8;281;284.2;292351
283;284.5;271;276;271363
292;294.2;285;289.9;397819
292.4;297.7;285.2;296.8;377465
300;300;290;299;323967
300;304.5;289.4;297.8;191364
297.8;304;293.5;297.7;241406
296.5;296.6;284.3;291;260051
283;283.4;263.5;270;599620
256.5;283;253.1;283;440712
273;276.7;258;260;412369
256;259.3;246.3;250;463217
249;253.5;226;226;983025
234.5;254.9;232;251.8;504778
255;264.7;252;252;333076
258;266.5;258;258.1;234755
245.5;255;238.6;244;467538
248.9;252;229.4;232.4;655556
225;242;223.5;230;525506
228.9;232;207;207.1;976260
190;202.4;190;201;667001
210;213.7;188.2;195;836759
201.8;222;201;220.1;1176166
220;224.7;215;219.3;285001
223;223;209;220;305916
228;228;209.3;209.3;572234
206.1;210.5;200;208;338512
214.9;217.8;211;216;418785
219.7;220.3;213;217.5;358515
214;218.9;209.1;211;394291
216;217.6;212;216;305078
218;218;205.7;207.9;541691
210;210.7;206;208.6;213260
208.8;213.9;205;205.9;309312
206;211;195;196.1;392623
195.6;209;190.3;209;409869
211.5;212.3;203;208.5;330607
209.4;213.6;207.2;211.5;321031
215;220.5;213.1;219.3;385899
221;221;206;206;601892
205;207.4;199.2;203.8;354420
203.7;203.7;190;193.1;606326
194;196;173.8;176.5;651812
182.1;185.5;173.1;173.1;533651
166;173.9;166;173;1651913
180;187;175.1;187;2070093
185;197;180;197;911118
200;201;191.9;195;291045
197;200.8;191;200;750798
206.2;208;193.5;200.9;1079402
201;219.5;200;219.5;633110
219.5;236;213;226;1285564
231.9;232;217;224;566815
216.3;222.6;211;215.3;539343
212.1;212.9;203.2;205.3;584953
210;217.8;206;216.6;515357
216.5;219.7;208.1;212;410837
207;209.5;204;206.1;648025
211;211;203.7;205;476963
204.5;205;200;201;511676
205;206;196.2;206;779360
204.9;209.4;202.1;204.8;296932
209.3;215.5;208;212.5;439348
212.5;216.1;201;206;568497
205.3;211;194.5;197;487730
194;196.8;177.9;183.9;1557961
189.2;191.5;184.6;188;499340
194.5;194.5;190.7;192.5;464061
192;192.5;182.3;185.1;559033
187.5;187.8;172.6;176.5;975556
179;184.5;175.5;184.5;562329
185;185;176.2;185;435132
184;184;175.6;177.1;532140
178.9;181.2;176.5;177;460822
178;181.4;176;181.4;367933
183;191;183;189.3;453407
192;192.5;182.2;182.3;281632
184;184;177;180.3;340324
182.5;182.5;178.3;180.3;471495
181.8;192.4;178.2;191;837602
192.9;200;192;198.4;868108
197.3;198.7;191.5;191.5;338874
193.1;195.3;188.2;189.8;397502
187.2;196;187.2;195;555364
198.8;214.5;198;210;1634670
204.2;215;204.2;209.5;464364
213.2;213.2;204.2;204.5;332301
206.9;208.7;200;200;231075
202.8;208.5;201;205;438877
205;206;198.1;202;367323
201.5;212;199.1;211.9;370809
211.9;211.9;204.9;208.4;241332
207.4;207.4;196.3;199.5;493867
197.5;199.2;184.5;189.8;615250
194.8;194.8;187.6;189.5;354346
192;192.5;189.9;191.9;209790
193.5;193.5;185.5;189;331985
193.3;203.9;184.2;193.6;2517117
193;196.8;188;194;558797
192.9;192.9;185.6;187.5;637310
190;191.9;188.2;190;194939
191.7;192.5;189.3;190.1;124648
192;195.8;191.1;194;210438
194;195.3;189;194;207288
194.8;197.8;192.5;193.3;330733
193.5;198.5;193.5;198.5;168161
199.2;206.9;198.1;206.9;530286
204.6;205.5;199.1;203.8;436615
203;209.8;202.4;208.2;358565
208.2;216;208.2;215.5;451489
214;219.6;213.1;219;474523
219.8;231.6;218;227.5;1185038
226.1;235.2;223.1;229;881703
231.2;235.7;226.5;235;535325
235;247;230.7;240.1;887666
240.1;245.8;236.1;241;377904
239;239.8;230.5;233;494933
229;230.9;220;220.3;547731
219;229.2;216.5;226.5;396608
230;233;220.5;220.5;281759
223.1;225.8;213.6;216.8;452501
214.3;218;209.3;215.4;371444
216.9;219.5;209.6;209.9;382886
214.5;230;213.5;219.5;995836
216;218.9;208.2;211.1;749277
212.2;220;208.4;216;439360
212;224;212;224;611849
227.1;231;217.1;217.1;416741
220;222;206.5;206.5;465988
204;206;196;200.5;923334
207.7;214.3;204;214.3;419954
210;211.8;207.6;208;263925
207.7;217.2;206.5;214;295195
215;216.9;207;212.2;188926
215;220.4;213;213;329680
206.5;220.7;206.1;220.7;216420
217;228.3;215.5;228;497654
224;224;214.1;217;612808
219.8;223.5;215.3;219.5;330745
218;221.7;206;208.1;311668
208.6;212;200;202;350028
206;209;201.9;207.5;566717
201;204;191.9;197.5;657263
201;209.8;196;200;431231
195;204.2;193.2;204;679744
213;213;206.1;207.2;334325
207.7;209;197.2;201;490315
198;198;182.5;189.6;1168149
193;199.4;191.2;199;428547
202.5;205;195.2;201.8;660666
202;203;197.3;201;286388
200.8;200.8;191;193.9;1259187
190;191.5;180.5;184;992104
182;190;180.6;182;617184
187.5;193.5;185.5;188.5;730577
190.5;191.8;185;188.5;230403
188.9;188.9;185;188;471384
190;194;189.1;192.9;197515
193.5;193.5;186;187;532968
189;190.5;180.9;183.1;774093
187.5;189.5;184;187.9;366817
189;189.5;181.8;186.9;445613
189;190;184.1;184.8;399800
183;184.4;176.4;180;545323
185;186.1;174.3;178.2;1414388
176;178;168.7;170;627299
174;182.3;173;181;517907
184;187.9;180.1;185.7;632264
184.6;188.2;181.1;188;387792
184;188.5;182.2;182.5;315562
186.9;187.4;177;177.1;593604
179;184.3;177.5;182.5;342773
178;180;169.4;171.5;1020410
172.1;174.4;171.5;172.3;337823
168;175.9;159;168;1349628
174;178.8;172.8;176;498738
175.8;176.2;168.6;170;447943
168;172;165.1;171;665638
167;170.4;158.9;158.9;1013632
160.1;165;159.3;159.7;673572
161.8;163.2;154.6;158.7;447531
160;170.9;160;169.3;679335
177.8;184.9;177.5;184.9;1177051
180.6;190;177.5;181.4;722047
180.5;188.4;180.5;182.5;466859
182.5;186.3;180.3;183;513687
182.1;185.5;178.7;183.6;436389
184;184.9;177.3;178;441109
177.8;178;169.6;178;526176
172.8;174.9;168.7;168.7;423310
172;178.3;171.6;173;406956
176;180;170.8;180;438037
174;177;168;171.3;575925
167;171;161.5;170.1;575061
173;174.5;163.7;167;415006
169.4;173;168.1;169.3;212466
170.1;172.9;169.4;172.7;200980
172.8;173.9;170.2;171.8;157796
173.6;175.3;166.7;168.5;277072
163;163.9;154;158;857112
171.4;171.8;164.9;166;880750
168;171.8;165.5;166.9;387969
166.7;171.9;166;166.9;570991
171.5;173.6;167.5;170;518496
169.3;179;169;179;609807
179.4;182.8;174;180.4;1069428
183.2;194.9;182.3;192.5;1616220
192;192.5;188.7;192.5;465094
190.2;191.5;184.3;186.7;468829
187.5;199;187.5;196;668083
196;200.2;192.5;194.3;952821
200;201;197;200.9;705336
199.8;199.8;193.9;197.5;458844
198.5;198.5;181.8;186.3;1085265
190;190.8;180.5;186;1249762
182.3;187.5;180;186;516273
191;199.4;190;198;1671391
199;200;195.1;200;462679
197;207.8;197;206.2;1112270
207.9;209.8;202.1;209;1177725
206;207.3;197.5;198.5;779999
199.5;200.5;194.5;197;484020
195.5;199.5;192.2;192.2;549059
192.5;197.9;192.5;195.8;386222
194.5;194.8;189;189;428597
190.2;197;190.2;193.2;429821
193.2;194.9;188.7;189.4;390024
190;194.5;190;193.9;256063
195;197.1;192.2;192.2;299655
190.6;194.5;188.2;193.7;255638
196.9;208.9;195;205.4;1031091
202;206.1;197.3;199.1;588188
197.9;202;196.6;198.9;288885
199.5;205;196;197.1;427408
195.3;198;189.7;192.6;487214
192.4;197;190.5;190.8;647105
191.3;192.7;184;187.4;668754
189.4;193;187.9;188.5;840044
190.6;191;184.2;190.5;548121
187.1;190.4;186;190.4;481451
189.8;190;176.8;177.5;1024359
174;180;168.5;173.6;814738
174.1;180.9;174.1;176.4;564584
178;185.2;174;185.1;600359
185;192;180;192;396205
189.3;193.4;185.2;188.6;308507
185.2;187.9;177.6;181.7;349584
177;178.1;169.3;173.2;585808
166;175.2;164.8;173;718317
177.9;177.9;166.3;169.3;577084
173.7;175.8;167.5;175.2;667588
175.2;175.4;158.6;159.5;1255683
159.9;163.4;151.1;153.4;693241
157;157.8;151.5;155.8;1313874
150.1;151;137.5;142;1547444
140.5;142.5;132.6;134;892811
140;144.8;139.2;142;961208
145;149;144;148.9;552349
146.5;148.4;142.6;144;1070082
144;144.7;134.6;137.4;849399
131.5;133.5;125.6;131.4;1063295
129;135.7;128.6;130;765764
132.9;134.6;125.3;128.4;601929
125.7;125.9;111.6;114.2;1499773
112.7;122.8;109.7;120.8;1224410
121.1;126.9;121.1;124;794250
128;128;115.5;120.9;898030
120;123;117;117;508931
119;126.7;117.5;124;840726
127;133.1;125;133;796406
132;132.6;128.1;128.9;374172
124;125.4;117.1;124.5;1053601
130;139;128.5;137.4;1060140
142;149.5;137.2;147;2302888
148;154;146.1;148;1365788
147;147;141.3;142;629237
140.1;147;140.1;145.8;442015
146.4;147;142.8;144.8;425470
146.4;152;144;152;894455
150.6;158.5;148.6;155.4;1126121
158.5;164.8;157.1;162.9;718248
163.5;166.7;158;159.2;1136808
160.6;162.8;149.5;149.6;589765
134.8;140;132.4;136.4;2714818
135.5;139.9;133.3;139.9;786955
137.7;137.7;133.2;136;759488
136.1;136.2;130.4;132.6;769675
134.5;141.4;133.6;136.4;839021
135.5;139.5;133.4;135.2;353677
135.5;135.5;132.5;132.8;355898
134.8;136.7;132.3;136;1050991
133.1;135;129.1;134;1151770
138.9;143.7;138;140.6;1159713
139;146.8;137.5;142.2;823051
143;146.5;140.3;146.3;389134
148.6;154.3;148.6;150.5;1244523
147.9;150.9;147.6;148.8;791729
147;150.9;146.8;147.4;244862
148.4;149.5;143.3;144;273758
140.8;143.8;140.7;141;381609
140.5;143.5;140.5;141.7;484335
139.6;140.5;134.9;134.9;816896
134.7;137.5;131.2;136.1;752414
135.5;135.5;131.3;133.5;529141
136;139.2;135;139;342019
139.9;142.4;139.6;141.4;404583
141.4;142.8;137.2;139;332171
142.9;143.4;138.5;138.5;400936
137;137.4;132;132.7;523108
131.5;131.5;121.2;122;1547669
124;125.4;120;125.2;865048
122.8;123;118.7;121;942509
118.2;119.7;115.6;118.8;899356
117.3;118.5;115.4;116;288619
117.5;120.9;117.5;119.1;919249
118.3;118.3;111.8;115.5;709591
116.7;117.4;109.7;111.8;1007087
111.8;115.5;111.5;114;644191
111.1;113.4;110.3;110.6;564962
96.2;96.95;84.55;85.2;7355966
86;86.7;79.8;81.4;2621420
79.9;82.4;77.4;82.05;1746074
83.8;86.8;80.8;86;1228766
85.4;86.9;83.55;86.6;669983
86.8;86.8;83.2;85;754237
84.6;84.85;81.5;81.95;325582
80;83.2;79.15;83.2;821634
81.5;82.25;79.4;80.15;998634
81.5;81.5;78.65;80.9;504295
80.85;82.85;77.8;78.55;586714
77.1;79.1;74.75;74.75;532624
78;79.6;76.4;76.4;667538
78.4;79.1;76.7;79.1;645761
78.9;78.9;76.6;78;520622
77.1;77.2;75;76;459136
76.5;78.1;75;77.05;903355
79.2;79.8;74.85;75.5;981165
74.3;74.3;69.3;72.45;1678883
71.65;73.75;70.2;72.1;542155
71.25;71.85;69.8;71.5;539169
71.15;72;68;69.5;637131
70.5;72.75;69.1;72.3;1037937
74.05;76.8;73.6;76.45;959373
77;81;76.9;79;1337785
79.2;79.75;77.9;79.25;308968
79;83.3;78.2;82.5;523358
83;88.3;82.9;83;1218655
84.25;84.25;79.25;79.25;463745
80.5;82.5;79.6;80.7;695313
80.15;82.45;79;81.2;476078
80.5;82;80.2;80.55;661522
78.9;79.3;76.75;76.9;624925
77.95;79;76.3;77.35;397139
77.95;78.9;76.85;77.4;414367
78.6;81.6;78.25;81;476522
80.65;82;80.2;81;235732
80;80.5;77.75;78.3;770651
79;80.1;75.4;76.5;705133
76;77;75.2;75.5;424426
76.9;77;75.7;77;414276
75.2;77.45;75.1;75.95;333323
76.35;77.15;75.7;76.6;206669
76.8;78.2;76.2;78;579467
78.5;79.5;76.65;77.1;368616
76.4;77.85;75.1;75.3;494069
75.1;76.4;73.75;76.25;1330110
76;76.4;72.5;72.75;463852
72;72;69.6;70.2;837829
71;71;67.9;69.3;441188
70;71.1;65;68.05;1382221
66;66.2;63.2;63.8;1083832
63.4;65.45;61.5;64.55;1008725
64.75;68.05;63.6;66.3;1615768
65.5;67;64.9;66;539718
66.2;68;60.1;60.1;690692
55.1;61.95;55.1;59.3;763697
60.75;60.75;58.6;58.75;587150
58.6;59.15;55.7;55.8;837079
51.1;57.1;51.1;56.35;981353
54.55;58.4;52.2;58.25;1078776
58.5;58.5;53.6;53.8;745444
54;54.9;49;51.2;988596
50.2;55.2;49.25;54.5;1403307
54.5;58.25;52.7;57.5;1253914
56.9;60.3;55.5;57.95;865455
57;61.3;56.75;60.6;1080941
59.8;59.8;55.8;57.45;958921
58.5;59.7;58.1;58.45;740361
59.5;59.5;54.45;55.5;574995
55.05;55.3;50.95;53.95;838574
53.5;54.9;49.7;53.8;1121381
56.75;56.8;53.8;56.05;1086886
55.1;56.65;53.2;54.2;716134
52.7;54.7;51.3;54.2;934260
53;58.2;52.2;56.85;1507595
57.2;62.2;55.4;60.15;1818438
60.5;63.4;59.3;61.9;1932389
58;61.5;56.75;61.3;4398376
60.5;60.95;59.15;60.4;880690
60.3;63.5;60.1;62.45;956510
63.6;68.25;63.2;64.75;1440061
61.1;63.2;59.6;62.85;1364287
62.8;64.25;59.05;60.4;1082399
60.4;60.95;58.75;60.95;951025
62.45;65.55;61.5;65.15;1235416
64.05;67.95;63.75;67.1;1152957
67.5;70.4;65.35;65.4;1637545
67.05;69.45;67.05;68.65;869051
67.95;68;64.35;64.95;734953
63;63;61;61.5;822432
61;64.05;60.5;62.5;792563
62;63.45;61.1;62.45;428483
63;66;62.75;65.1;1085287
66;69.8;65.2;69.05;952545
70;73;69;69.1;1427620
70;70;65.7;67.5;1065222
66.4;72.65;64.8;71.65;1430228
69.15;70.75;69.15;70.75;672253
69.8;70;64.9;65.7;708519
67.5;70.9;67.3;70;621403
72;75.5;71.55;74.55;1633145
76.2;79.15;75.35;77.6;973579
77.3;78.7;75.05;77;814431
77;82.9;77;81.75;1498186
82.8;82.8;76.2;76.6;1746066
74.1;75;72.35;73.95;821045
73.95;77.25;73.95;76;485103
75.5;76.5;72.35;72.6;912322
73.5;75.85;73.35;73.55;924383
74.4;75.75;72.25;73.1;1179502
72.55;74.2;70.1;71.5;1650608
69.95;70.6;68.6;70;1152663
71;72.8;71;71.6;684903
70.6;72.5;69.6;72.5;598288
74;78;73.8;78;1968142
80.5;89.5;80;89;2750426
90;92.5;83.6;84.6;2336820
86;86.15;82.5;84.6;470777
82.15;84.6;81.85;82.4;515215
81.9;83.5;80.4;81.15;543238
82;84;79.7;80.5;889936
79;81.5;75.75;77.1;1921464
75.4;79.6;74.3;77.4;680778
77.5;83.2;76;82.7;724852
82.7;85.35;81.65;82.9;780772
81.8;83.4;77.3;80;919636
78.6;82.4;77.95;79.05;691902
78;80.4;77.55;77.9;539012
77.65;78.55;77.3;77.9;111787
78.5;80.4;77.9;79.05;292761
79.95;81.8;78.4;81.1;697773
81;82.35;79.65;81;267748
82.9;89.4;82.2;88.05;888942
89.2;90.7;84.75;85;1557673
85;85.2;83.25;84.6;433504
84;84.95;82.2;82.6;566769
84.1;89;83.55;89;2379027
86.55;87.5;85.1;85.6;1337429
85.05;87.2;84.05;86;715983
84.5;84.8;82.55;83.1;564397
83.1;85.4;82.6;83.5;626611
82.55;83.55;79.25;80;833242
81.85;83.35;80.25;83.2;1052377
81.6;81.7;77.3;77.85;1418332
78.1;78.4;75.45;77.65;586962
77.5;79.8;77.35;77.5;561511
76.9;78;75.85;77.2;1069474
78.3;81.15;78.2;79;1161156
78.9;78.9;76.95;78.35;759459
79;80.5;78.35;80.2;504858
80.9;84.2;79.5;80;1057657
78.3;78.95;76.55;77.5;1088322
79.1;80.6;78.3;78.6;623946
80;81.3;78.2;78.95;787517
79;80.25;78.05;78.8;537034
77.05;77.9;75.1;76.35;844549
76.5;76.75;72.8;74.3;1020580
72.95;76.75;72.7;76.1;952374
75.2;75.65;73.4;73.6;755110
75.85;77;74.7;76.75;684358
77.4;79.75;77.2;78.6;1565773
79.3;79.9;77.55;78.3;593191
79.5;81.35;79.05;80.6;1216354
80.3;82.55;77.75;79.5;985865
78.2;79.75;78.1;79.5;312938
78.65;79.25;77.25;78.5;802329
78.3;78.3;75.1;76.6;1132714
76.65;77.4;72.15;75;3353042
73.5;73.9;70.4;71;1720166
71.95;72.2;70.4;72.2;1638090
73.65;75.95;73.4;74.4;2707252
75.05;78.45;75;77.65;832262
76.05;77.5;75.15;76.65;546284
76.6;78.1;75.25;76.75;402469
78;81.5;78;80.8;1621433
81.4;84.25;79.75;82.95;1264231
82.1;82.7;80.8;82.25;890566
82.75;84.45;81.25;82;967021
81.6;83.2;80.1;82;1005142
81.4;84;81.4;83;1108202
82.8;84.25;81.4;82.25;1152163
82.5;87.2;82.5;84.5;2222513
84.95;86.4;84.5;85.5;845387
84.95;86.9;84.8;86.35;785379
87;88.85;86.65;87.9;958462
87.55;89.25;87.35;87.65;1282055
86.5;86.9;83.5;85.55;1058370
83.85;86.35;83.8;85.3;881194
86.4;87.5;84.7;85.8;557063
85.05;86.5;83.75;84.45;596491
83.9;86;83.15;84.95;673906
85;85.95;84.2;84.6;500221
85.25;85.8;84.6;85.3;688802
84;84;81.7;82.45;647509
81.1;82.55;79.6;81.1;762943
79.65;80.45;77.8;79.3;950806
80;80.3;78.35;79.3;899632
79.3;79.3;73.85;75.6;1034750
77.1;77.85;75.35;75.65;987800
74.75;77.5;74.75;76.75;968466
77.8;77.8;72.8;73.55;1015395
73.6;73.85;72.3;73.1;1638023
74.45;75.2;73.7;74.25;538313
75.5;78.45;75.5;77.7;890557
79;79.7;76.5;76.95;658453
75.8;77.45;74.55;76;783634
75.3;77.15;75.25;76;458025
75;75;70.3;72;1485975
72.35;73;65.15;67.8;3451076
67.45;69.35;66.55;68.05;1022593
66.5;67.3;62.45;63.3;2772068
62.9;65.8;61.9;64.5;1333782
63.7;65.95;63.2;64.5;559706
64.25;65.25;63.7;64.75;1695928
64;64.8;61.6;62;1081145
61.6;63.5;59.8;60.5;2179612
60.7;62.5;60.1;62.05;577220
60.9;61;59;60;897171
62;63.6;61.65;62.9;901628
64.6;64.6;62.3;63.05;332252
61.15;61.4;58.45;59;1168272
58.7;60.35;57.2;60.35;615347
60.55;62.9;60.15;62.15;631673
62.95;63.8;61.4;62;856577
62.25;63.5;59.8;60;1132338
60.5;60.8;57.6;59.8;1196203
59.65;60.5;57.9;58.45;346983
58;59.7;57.75;58.75;1122174
57.6;58.35;55.5;56.85;1113500
56.25;57.25;54.35;55.9;988395
56.5;56.8;55;55.55;756384
55.1;56;54.75;55.2;280330
55.2;56.65;54.5;54.8;536294
55;55;52.3;53.55;947796
52.2;53.3;51.4;52.65;1029312
53;54.45;52.7;52.7;830501
52.4;52.85;51.25;51.85;417087
51.2;51.6;50.4;50.75;1021031
51.65;53.5;51.4;51.4;1474372
52.4;53.25;51.2;51.95;773962
50.35;50.5;49.5;50.5;1028232
51.25;51.8;49.95;50.95;615480
50.6;53;50.1;52.1;933079
50.9;51.7;49.8;49.95;949327
50.6;51.4;46.5;47.5;2318183
43.15;45.79;41.8;45.3;3631803
45.12;46.39;45.11;45.84;832045
46.51;48.4;45.55;47.59;1207706
45.6;47.79;45.21;45.7;1369206
45;45.85;43.72;44.4;1422052
43.59;45.25;42.12;44;939647
43.72;44.2;42.22;42.75;1206100
43.74;44.8;43.43;44.26;1234020
41;43.34;40.2;42.75;2211553
44.6;45.06;40.22;42.84;2829930
43.1;43.31;40.15;40.25;2212703
40.57;42.02;39.57;42;1823999
39.35;39.99;38.6;39;1640902
38.76;39.55;35.69;36.62;1600701
37.63;38.68;36.8;36.85;833169
37.77;40.28;37.19;39.6;1182210
39.49;40.3;38.1;39.11;697229
39.11;39.85;37.61;38.34;584786
37.65;37.85;36.24;36.91;875095
36.2;37.65;34.5;35;1529136
36.8;37.38;35.12;35.6;1561846
35.68;36.28;33.8;34.24;1053239
35;35.24;31.5;33.85;2065666
32.97;38.1;32.7;37.04;2120900
37.49;37.49;35.7;36.34;1226386
36;36;33.82;34.9;984431
34.2;35.8;33.2;33.25;786572
33.51;34.39;32.2;32.4;1004522
31.69;31.9;29.34;30.64;2577407
32.7;33.38;31.15;31.51;2096241
31;31.85;29.52;31.85;953260
33.28;33.68;31.3;33.1;927162
33.99;35.2;33.5;35.2;1587728
35.59;37.05;34.23;34.96;1658633
34.91;35.63;33.53;33.62;856870
34.1;34.1;32;32.16;769156
33.55;33.55;30.56;31.11;676765
30.47;32.25;30.1;31.74;1168604
32.13;33.25;31.05;31.07;815559
32.19;32.49;30.7;31.53;947552
32;32.45;30.37;30.85;752595
30.72;31.41;29.52;30.34;542766
30.68;30.68;29.05;29.7;837107
28.81;29.01;27.5;27.75;1100574
28.64;29.35;27.36;27.77;826635
27.72;28.77;27.5;28.3;562967
28.02;30.27;27.52;29.71;787044
29.71;31.17;29.56;30.32;900690
30.83;33.18;30.25;32.51;1590871
33.44;36.4;33.25;36.03;2088643
36.5;36.5;33.85;35;1154268
34.02;34.92;33.14;33.14;538713
33.64;34.5;33.35;34.03;718987
33.15;33.28;31.67;32.42;1102413
31.86;32;30.82;31.67;658758
32.25;32.25;30.42;30.59;1036560
30.86;30.94;29.87;30.34;536093
30.01;30.33;28.1;29.1;816720
28.35;29.75;28.24;28.8;856214
29.01;29.27;26.3;27.03;1222514
27.06;27.67;26.6;27.28;852962
27;27.25;26.33;26.5;622596
27.1;27.67;25.5;26.42;758987
26.7;29.08;26.3;28.74;1274313
29;29.75;28.25;28.95;1871161
28.7;28.7;26.39;26.39;1191516
26.59;27.07;24.64;25.25;1143250
26.65;26.65;23.75;24.37;1676261
23.1;24.24;22.13;23.1;1908206
21.41;21.88;19.5;21.2;2636082
20.95;21.5;20.21;20.93;1712960
20.9;21.2;18.68;19.29;1850063
19.39;19.8;17.5;17.52;1829460
17.22;18.9;17;17.88;2092552
18.35;20.31;18.3;19.55;1755705
19.27;19.99;18.76;18.87;1047535
18.1;18.1;15.1;16.2;1921846
16.15;16.62;14.61;14.92;1951026
15.89;16.35;14.95;15.32;1930619
14.9;15.3;13.8;14.15;1806471
13.95;14.69;13.6;13.98;1706770
13.72;13.8;12.85;12.96;1195228
13.3;13.92;13.18;13.55;2777505
13.8;14.77;13.38;14.67;2306272
14.67;15.95;13.36;15.5;4358280
15.8;17.2;15.61;16.5;3410141
16.2;16.8;15.55;15.95;1119424
16.25;19.03;16.15;18.6;2876214
17.8;20.51;17.52;18;4115573
18.44;24.3;18.2;22.75;7405647
24;25.19;20.85;22.78;6022206
22.75;24.49;21.5;24.34;1914434
24.64;26.25;22.72;24;3572160
24.44;24.44;20.52;20.53;2612148
21.27;22.32;21.07;21.72;2109518
21.34;22;20.38;21.27;3043292
22.61;23.98;22.15;23.02;1905141
22.61;23.2;20.85;21.2;1585952
21.8;23.95;21.56;23.57;1636473
23.12;25.9;23.12;24.83;5795505
24.69;24.69;22.96;24.39;1000886
25.8;27.11;25.75;26.93;1578445
26.93;27.19;25.91;26.59;1544014
27.3;27.8;26.98;27.34;1347152
27.75;27.75;23.47;24.5;3248358
23.78;24.23;22.78;24;1824817
23.99;24.15;22.9;23.3;937533
22.86;24.88;22.86;24.25;979180
23.77;24.26;23.5;24.09;985874
24.48;25.77;23.76;25.52;1206652
26.28;26.38;25.1;25.58;1337022
25.6;26.39;25.5;25.92;931008
25.31;25.58;24.75;25.15;735210
25.02;25.55;24.52;25.11;749492
26.49;27.89;26.49;27.69;2638007
28.2;31;28;29.96;3376061
30.02;30.56;29.2;29.98;832022
30.33;30.44;28.1;29.15;1262272
28.5;29.8;27.8;29.5;1392381
30.3;31.58;29.6;31;1808410
31.3;32.81;31.1;32.17;1563046
32.2;33.27;31.34;31.99;1591912
31.99;32.46;29.31;29.89;1977473
29.1;29.29;28.29;28.7;1975024
28.6;30.07;28.11;28.28;2134099
28;28.1;26.62;27.39;1669377
26.8;27;25.12;25.6;1641544
25.05;26.25;24.42;25.77;1484920
26.28;26.75;25.3;26.03;969867
26.74;26.74;24.65;24.65;1934622
24.52;24.99;23.62;23.91;1385467
23.91;25.47;23.81;24.91;1220779
25.4;25.5;24.28;24.54;1094761
24.62;24.62;22.62;22.95;1241240
23.11;23.5;21.7;22.93;1968134
22.73;22.93;22.3;22.9;1070411
23;23.08;21.9;22.59;694417
22.5;22.5;21.3;22.19;345323
21.99;22.1;21.61;22.09;274679
22.19;22.19;21.15;21.55;636093
21.5;22;21.22;21.78;373078
21.97;24;21.8;23.75;932762
24.33;24.97;23.85;24.15;1036305
24.53;25.94;24.3;25.06;1115344
25.5;26.05;25.15;25.7;1698293
25.11;25.6;24.51;24.85;778281
25.3;26.16;24.25;25.4;2005954
25.3;26.5;24.63;26.5;1895433
26.95;27.2;26.35;26.46;1063962
26.41;27.1;26.15;26.68;1253995
27.16;27.16;26.18;26.67;697358
26.75;27.06;26.09;26.84;744009
25.95;25.98;24.52;24.98;1571316
24.7;25.14;24.28;24.3;782391
24.75;24.75;23.13;23.23;1851883
23.04;23.5;21.75;22.69;2478854
23.1;24.5;23.05;23.52;1335334
24.04;25.7;23.71;24.53;2046147
24;24.14;22.65;23.45;1556625
24.08;24.71;23.68;24.08;1619325
23.86;24.5;23.16;24.19;1289964
24.74;26.29;24.55;26;2339175
25.41;25.77;24.81;25.13;1612688
25.6;25.98;24.75;24.83;1450979
24.7;24.7;23.4;23.5;1332390
23.65;23.65;22.97;23.48;1231276
23.02;23.8;22.75;23;2048160
23.34;23.69;22.75;23.04;783710
23.04;23.04;22.2;22.37;825982
22.84;23.58;22.63;23.58;1324209
23.24;23.39;22.6;22.99;1044041
22.98;23.33;22.62;23;744037
23.3;24.08;21.78;22.34;4003093
22.98;24.19;22.62;24;1794638
24;24.8;23.67;24.65;1296457
24.65;24.65;24.04;24.11;1209020
23.71;24.15;22.73;23.29;908929
22.91;23.09;22.52;22.92;705581
22.8;23.19;21.35;21.68;1509394
21.25;21.35;19.82;20.17;1902260
21;21.34;20.02;20.15;2279842
19.9;21.34;19.15;20.94;1628729
24;24.94;23.51;24.3;6752964
24.26;25.93;23.71;24.04;2926304
24;24;22.68;23;1509180
22.94;23;21.96;22.59;2593755
22.9;22.9;21.91;22.48;1184436
22.19;22.3;21.8;22;1706789
22.45;22.45;21.16;21.16;1031128
21.1;22.69;21.1;22.3;1832146
22.35;23.04;22.02;22.8;1480394
23.53;24.6;23.07;23.71;2869782
24.49;25.88;24.3;25.83;3529821
24.56;26.42;24.51;26.35;1788271
26.27;27.5;26.12;26.98;2336251
27.01;27.69;26.12;27.12;1566886
26.62;27.3;26.26;26.6;1283010
26.8;27.5;26.39;27.4;1613631
26.56;26.8;25.5;25.7;1822491
25.55;26.19;24.95;25.83;1703050
25.85;26.98;25.85;26.38;1859774
25.89;26.29;25.25;25.25;1250062
25.78;25.9;24.55;25.25;1424987
24.99;24.99;23.7;24.29;1999243
24.02;24.69;23.59;24.04;1512873
24.85;25.23;24.4;25.1;2099286
25.45;26.04;24.61;25.65;1647080
25.51;25.79;24.5;25.26;1419703
26.2;26.45;25.3;26.19;2553727
25.71;25.75;24.92;25.25;2563874
24.9;25.69;24.8;25.25;1651173
24.7;24.89;24.21;24.46;1690313
24.5;24.99;23.81;23.83;1964502
23.81;24.78;23.61;23.8;2512921
24.75;25.2;24.62;24.98;2961285
25.8;26.2;25.01;25.21;2165464
24.9;25.13;24.51;24.91;1104517
25;25.4;24.55;24.82;897325
25.16;25.35;24.36;24.42;2498605
24.47;25.27;24.09;24.56;1377625
24.22;24.72;24.05;24.34;838474
23.98;26.05;23.98;25.61;2264202
26;27.3;25.9;26.67;3273904
26.9;28.44;26.9;27.88;4606797
28;28.47;27.26;28.2;1608092
28.49;28.99;28.05;28.55;1192671
28.55;29.59;28.12;29.5;1724567
29.55;30.5;29.45;30.15;3814593
29.4;29.65;28.92;29.56;3753516
29.56;29.66;28.12;28.6;1968155
28.98;28.98;27.52;28.1;1995030
28.04;28.33;27.56;27.95;908499
27.96;28.5;27.61;27.96;1385995
28;29.25;27.86;28.78;2028461
29.05;29.7;28.91;29.16;1392196
28.85;28.85;27.63;27.93;1279283
27.76;28.54;27.45;28;1574443
28.4;28.4;26.87;27;1807847
26.8;28.39;26.46;28.16;4668363
28.31;28.51;27.22;27.55;2013568
27.6;27.95;27.31;27.64;369489
27.31;27.5;26.7;27.26;1717963
27.8;28.91;27.66;28.46;2326101
28.4;28.97;28.19;28.78;857756
28.43;29.59;28.4;29.53;1334473
29.55;31.43;29.53;31.25;2281662
30.75;31.54;30.25;31.51;2629474
31.55;33.59;31.26;33.2;3542137
33.86;34.33;33.15;33.85;3222305
33.85;36.68;33.85;36.2;3386069
35.78;35.91;34.52;34.71;2061895
34.5;35.45;34.12;35.4;1460027
35.74;35.74;32.17;33;5823664
33.4;34.37;32.67;32.97;2461454
32.7;33.35;32.12;32.8;1798351
32.64;34.19;32.15;33.91;1391126
34.28;34.95;33.05;33.8;1921198
33.89;33.95;32.39;33.2;1345607
33.5;33.5;32.2;32.53;1178760
32.15;32.53;30.91;31.61;2214063
31.41;31.52;30.68;30.73;1555484
30.35;31.12;29.39;30.25;5242686
30.15;31.76;30.05;31.37;4664255
30.9;31.85;30.7;31.23;1665460
31.65;31.74;31.2;31.5;1162624
31.11;31.71;30.52;30.92;987325
30.8;30.9;29.9;30.16;1535499
30.55;31.6;30.55;31.06;1602513
31.45;31.78;30.95;31.32;1986208
31;31.6;31;31.16;386928
31.53;33.3;31.33;33.24;2384648
33.2;33.8;32.73;32.83;1018442
33.21;33.75;33.12;33.12;1989822
33.01;33.31;32.5;32.54;1130403
32.16;33.3;32.16;32.8;838868
33.15;34.31;33;33.94;1055030
33.66;35.4;33.59;35.1;2224824
35.2;36.3;34.76;34.76;1888161
34.58;34.7;32.95;33.37;1813041
33;34.02;32.86;33.64;1018513
33.99;33.99;32.3;32.6;1099293
32.95;33.25;32.26;32.96;846728
33.2;33.85;33.2;33.4;685842
33.21;33.98;32.6;33.78;785641
33.31;33.92;33.31;33.67;456142
34.05;35.13;34;34.7;1013020
34.68;35;34.12;34.65;921704
34.33;35.6;34.29;35.1;1073881
35.12;35.6;34.3;35.56;1330586
35.28;37.78;35.28;36.58;2335943
36.76;36.77;35.33;35.61;892024
36;36.6;35.85;36.25;903669
35.9;36.02;35.15;35.46;820293
35.54;35.6;34.41;34.71;1048415
34.75;35.75;34.75;35;562289
35.23;35.99;35;35.47;657147
35.64;35.82;35.17;35.37;688791
35.44;36.8;35.39;36.16;854977
35.99;36.08;34.81;35.5;1532167
35.22;35.95;34.95;35.2;804047
35.35;35.8;35.1;35.69;733574
35.86;37.43;35.85;36.48;1750230
36.38;36.4;35.06;35.4;1795558
35.7;36.2;35.42;35.62;1136817
35.87;36.97;35.8;36.95;1363025
36.65;36.8;35.69;35.85;642521
36;36.45;35.42;35.44;877189
35.95;36.3;35.4;35.55;1051754
35.91;36.94;35.91;36.79;1813445
36.92;38.15;36.79;37.45;1426292
38.08;39.09;37.51;38.68;1423738
38.71;39.75;38.4;39.6;2276134
40.5;42.9;40.4;42.55;3467548
42.5;42.5;41.5;41.83;1990025
40.79;41.85;39.75;41.23;3138524
40.85;42.35;40.57;41.9;1587735
42.2;42.45;40.73;40.73;1586939
40.54;40.85;38.94;39.2;1588668
38.85;39.39;37.9;38.74;1703613
39.07;39.97;38;38.5;1571317
38.85;39.88;38.7;39.4;883263
39.99;40.6;39.5;40.59;1223502
41.32;42.5;41.32;41.77;1635047
41.91;42.41;41.5;42.26;855116
42.48;42.68;41.11;41.36;854481
40.94;41;38.86;39.5;1386705
39.56;40.29;38.39;39.32;1290901
39.98;40.27;38.93;39.4;1015804
38.42;39.02;37.6;38.05;2301320
37.55;38.13;36.3;36.94;2145424
36.9;37.75;35.93;36.13;1728884
36.35;36.6;35.1;35.6;1754542
35.88;36.29;35.13;35.59;1101245
36.49;37.25;36.3;37.09;1891287
37.1;38.8;36.91;38.59;1859111
38.78;39.4;38.5;39.03;852581
39.03;39.17;37.94;38.31;570470
38.11;40.57;38.11;39.85;1484835
40.02;41.57;39.62;41.11;1558100
41.5;41.8;40.35;41.02;1486124
41.55;42;41.04;41.7;713614
41.87;41.9;41;41.2;1150102
41.6;42.83;41.46;41.68;1581861
41.35;42.23;40.57;40.75;1961511
40.66;40.9;38.25;38.87;3616286
37.95;39.69;36.8;38.31;3878626
38.03;39.84;38.03;39.16;3211549
38.91;39.14;37.74;37.85;1460891
37.04;38.5;37.03;38;1438797
38;38.43;37.55;38.37;1054853
38.49;39.2;38.45;38.93;572038
39.1;40.8;39.1;40.49;1528340
40.82;42.03;40.6;42;1881591
41.93;42.64;41.35;42.51;1622839
42.15;43.7;41.78;43.35;1735896
43.35;44.81;43.17;44.64;1721991
44.46;44.5;43.21;43.79;1084244
43.27;43.89;42.57;43.21;989826
43.2;43.6;42.65;43.17;1007259
43.45;44.86;43.45;44.38;1110075
43.81;44.78;43.6;44.25;767527
43.7;43.7;41.87;42.78;1578691
42.43;43.2;42.21;42.86;1088079
43.2;43.2;41.1;41.78;3312633
41.55;42.6;41.52;41.85;1014416
41.2;41.45;40.16;40.31;1459540
40.91;41.42;39.56;39.62;1270790
38.91;39.75;38.16;39.5;1674838
39.89;40.19;38.78;39.75;1475571
39.4;41.25;39.4;40.68;1494905
41;41.81;40.7;41.5;874593
41.79;42.59;41.75;42.28;1418254
42.09;42.73;41.8;42;1355960
41.91;42.54;41.89;42.13;387166
42.43;42.43;41.1;41.2;1347253
41.92;43.29;41.49;43.16;1218326
43;43.15;42.52;42.9;684468
42.93;43.28;42.66;43.16;611606
42.76;42.98;42.2;42.63;671943
42.4;42.82;41.36;41.71;594065
42;42.82;41.55;41.9;1029049
42.5;43.28;41.9;42.14;1214916
42.1;42.49;41.2;41.35;985564
41.56;41.81;40.01;40.82;2282991
41.44;42.16;41.2;41.64;1080131
42.51;42.73;41.3;41.43;611272
38.5;38.75;35.62;35.83;10626293
35.99;36.35;35.1;35.39;2922862
35.44;36.1;35.22;36.08;1914397
36.19;36.49;35.4;36;1448371
35.72;36;35.27;35.53;1076413
35.55;35.79;35.02;35.2;595154
35.07;35.18;34.7;34.87;347093
34.16;34.84;34.16;34.7;775167
34.87;35.74;34.57;35.48;877431
35.32;35.57;35.21;35.21;341621
35.66;36.45;35.43;36.28;982293
36.23;37.79;36;37.79;1451053
37.96;38.07;37.4;37.52;1334982
37.7;37.98;37.64;37.96;1156834
38.07;39.61;38.07;38.19;1982893
38.75;39.4;37.4;38.1;1460491
37.57;38.97;37.5;38.67;1279840
38.75;39.52;36.53;36.7;4229439
36.75;37.77;36.41;37.7;1558145
37.3;38.42;37.06;37.45;1572951
38.1;38.45;37.8;38.32;1127370
38.35;39.28;38.35;39.08;1150646
39.29;39.5;38.9;38.95;1013112
38.91;39;37.61;37.94;1231355
38.3;38.32;37.5;37.95;1071319
37.6;38.13;37.55;37.78;439871
37.78;37.87;37.3;37.75;488732
37.94;38.55;37.81;38.01;928719
37.42;37.95;37.03;37.1;966293
36.8;36.88;35.68;36.08;2032015
36.1;36.47;35.5;35.56;1138706
35.79;37.5;35.71;36.04;1719951
36.5;36.95;35.61;35.83;2035487
35.79;36.11;35.15;35.49;1185282
35.28;35.99;35.25;35.4;1079101
35.84;36.2;35.5;35.61;883941
36;37.48;35.85;37;1536884
37;37.44;36.8;37.35;921997
37.45;37.9;37.11;37.75;881067
37.99;38.46;37.7;38.39;1402948
38.45;38.45;37.11;37.39;1082850
37.68;37.68;36.62;37.1;728575
37.3;37.89;37.2;37.59;803972
37.8;38.23;37;37.4;825725
37.33;37.99;37.28;37.67;1018187
37.47;37.47;36.45;36.87;1068533
36.82;37.46;36.41;36.61;817234
36.3;36.73;35.32;35.8;1822871
36;36.79;35.9;36.57;1202673
36.1;37.51;33.07;33.35;7664446
33.69;33.7;33.15;33.36;3499195
33.5;33.6;32.2;32.79;2316179
32.9;33.58;32.82;33.29;1659661
33;33.71;32.91;33.22;1612476
33.24;33.47;32.92;33.06;1422643
32.95;33;32.28;32.33;2556959
32.41;32.65;31.94;32.49;1761500
32.35;32.35;31.85;32.05;1726944
31.6;32.71;31.37;32.4;3156043
31.7;32;30.92;31.16;2256034
30.56;32.09;30.46;31.41;2106351
31.12;31.41;29.96;30.36;1943481
30.16;30.83;29.65;30.43;1979371
30.8;31.83;30.61;31.74;2280220
31.61;31.7;30.75;30.9;1726110
31.11;31.3;30.56;30.94;1289631
30.05;30.3;29.42;29.8;3030313
29.8;30.65;29.8;29.99;1427875
29.91;30.54;29.62;30.18;1248454
30.47;31.24;30.36;31.02;1325340
31.77;31.78;30.21;30.61;1752863
30.5;31.48;30.36;31.35;1472262
31.35;31.42;30.52;30.99;1854031
31.09;31.49;30.76;31.03;1144632
31.19;31.43;30.47;31.09;1139636
31.16;32.76;30.95;32.19;2427392
32.31;32.45;31.83;32.17;1327211
32.06;32.09;30.14;30.71;4211581
30.86;31;30.49;30.64;1388852
30.68;31.12;30.49;30.6;1060079
30.7;30.8;30;30.14;1469917
29.9;29.98;29.05;29.72;1781613
29.7;29.87;28.8;29.06;1281762
29.09;29.22;28.6;28.78;1760528
28.66;29.31;28.4;29.31;1283543
29.56;30.2;29.56;29.8;1716911
29.44;29.5;28.87;28.91;1607182
29.01;29.29;28.45;28.7;1315949
29.14;30.04;29.13;29.86;2347306
29.95;30.66;29.65;30.56;1939153
30.6;30.67;29.88;29.99;1261265
29.82;29.98;29.02;29.02;1179264
28.89;31.4;28.8;30.39;4735417
30.25;30.25;29.29;29.52;1513412
29.42;29.93;29.12;29.6;762872
29.37;29.5;28.86;29.34;1267087
29.27;29.68;28.8;29.34;744355
29.31;29.45;28.3;28.48;1554946
28.57;28.89;28.09;28.09;1127809
27.5;27.8;27.16;27.52;1455430
27.68;29.38;26.98;29.18;3487660
29.35;29.65;27.8;27.91;2012214
28.11;28.85;27.89;28.78;1514976
28.46;29.41;28.33;28.95;2209756
28.16;28.28;27.52;27.81;1331974
28.4;29.47;28.29;29.43;2576293
29.63;30.85;29.59;30.64;3052104
30.45;30.84;29.87;30.75;798784
30.9;31.44;30.4;30.6;1026400
30.88;31.1;30.6;30.73;769572
30.4;31.36;30.4;31.25;1448761
31.68;32.51;31.6;32.38;2907711
32.61;32.61;31.29;31.42;2384053
31.12;31.55;30.74;31.35;2518714
31.17;31.74;31;31.52;222427
31.37;31.82;30.8;31.41;1593826
31.57;31.85;31.28;31.36;1070657
31.32;31.68;31.12;31.38;721898
31.51;31.57;31.2;31.35;1374539
31.7;32.09;31.4;31.99;1126116
32.1;32.19;31.66;31.75;1133203
31.68;31.7;31.12;31.58;1583157
31.3;31.64;30.59;30.78;2064945
30.94;30.94;30.48;30.62;763232
30.61;30.69;30;30.26;768884
30.3;30.75;30.07;30.51;938061
30.56;30.93;30.25;30.28;821797
30.46;31.3;30.35;30.85;2049676
30.8;30.88;30.4;30.84;969475
31.02;31.09;30.54;30.9;526572
30.85;31.15;30.64;30.86;1094485
31.18;31.21;30.61;30.76;913454
31.1;31.46;31.01;31.37;1208770
31.15;31.56;31.05;31.56;730238
31.42;32.38;31.25;32.38;1444182
32.34;33.02;32.15;32.97;2058994
33;33.85;32.77;32.99;3027976
33.04;33.8;32.19;32.38;1767722
32.45;32.45;31.43;31.53;1624149
31.38;31.96;31.38;31.56;436004
31.57;31.78;30.6;30.83;1123094
30.72;30.95;29.73;30.21;1992888
30.02;30.02;29.06;29.6;2237844
29.41;30;29.11;29.4;1557293
29.26;29.75;28.75;28.76;1453667
29;29.34;28.79;28.94;1329525
28.73;29.05;28.4;29.05;1029501
28.93;29.1;28.24;28.24;1300993
28.26;29.4;28.26;28.8;1422773
28.62;28.8;28.05;28.05;1024298
28;28.33;27.9;28;1155875
28.42;29.29;28.42;28.91;1300107
28.48;28.77;27.81;27.87;1391457
28.07;28.39;27.94;27.94;686167
27.89;28.12;26.54;26.68;1516972
26.65;27.18;26.65;26.91;1447840
27.3;27.54;26.72;27.05;1376656
27.1;27.73;27.1;27.5;1235818
27.4;27.79;26.9;27.67;957721
27.32;27.49;26.65;26.65;1481058
26.64;26.91;25.68;25.9;2126245
25.43;25.57;24.56;24.59;3027721
24.75;25.47;24.75;24.82;1930312
24.4;24.77;23.63;23.69;2010527
23.62;24.19;23.05;23.79;2465849
23.79;24.62;23.75;24.56;2179011
24.54;24.55;23.06;23.42;2636262
23.34;23.75;21.5;22.44;3369628
22.21;22.8;22.1;22.58;1720661
22.5;23.45;22.16;23.15;1347915
23.11;24;22.8;23.83;1830599
23.75;24.05;23.33;23.87;1163268
24.18;24.58;23.97;24;2267493
23.9;24.06;23.57;23.77;1031512
23.92;24.32;23.91;24.24;1036747
24.29;24.65;24.12;24.45;1355769
24.5;24.6;23.8;24.03;1170582
24.27;24.85;24.1;24.56;1356329
24.61;24.8;24.28;24.7;947727
24.6;24.6;24.25;24.3;520075
24.09;24.32;23.2;23.27;2349639
23.5;23.68;23.2;23.58;1260627
23.6;23.62;23.19;23.28;1013495
22.99;23.09;22.13;22.42;3061234
22.35;23.19;22.31;22.79;1769584
22.87;23.35;22.67;23.06;1923088
23.04;23.2;22.16;22.43;2486106
20.25;20.9;19.42;19.53;13537157
19.75;20.33;19.7;20.07;3395004
20.27;20.47;20.12;20.25;1846492
20.32;20.79;20.15;20.78;2370402
20.84;21.9;20.6;21.57;5185753
21.61;21.94;21.21;21.84;1575206
21.65;21.98;21.5;21.72;1490871
21.51;21.7;20.85;21.15;1916309
21.19;21.39;20.88;21.33;1689930
21.12;21.38;20.91;20.91;1425390
20.8;20.96;20.25;20.29;2336825
20.24;20.36;20.13;20.29;1027816
20.2;20.28;19.57;19.7;1605755
19.57;19.72;19.35;19.42;1667168
19.99;20.07;19.58;19.63;2344955
19.65;19.99;18.8;18.93;3700478
19.09;19.35;18.68;19.26;2843305
19.26;20.38;19.26;20.14;2945137
20;20.6;19.73;20.01;2239094
20;20.29;19.65;19.73;1209361
19.81;20.11;19.81;20.01;1456475
19.8;19.94;19.35;19.35;1837416
19.35;19.49;18.65;18.93;2386521
18.89;18.89;18.2;18.2;2351337
18.32;18.47;17.72;17.8;3147976
17.74;17.9;17.53;17.64;2539379
17.5;17.86;17.4;17.81;1399267
18;18.45;18;18.17;1979466
18.5;18.67;18.31;18.53;1586180
18.06;18.5;18.06;18.42;1333127
18.67;19.74;18.55;19.55;4024784
19.6;19.95;19.1;19.22;2342801
19;19.1;18.72;19.03;1800673
19.06;19.29;18.71;19.1;1752364
19.43;19.48;19.2;19.38;1145883
19.75;20.16;19.71;19.94;2164287
19.8;20;19.72;19.73;777191
19.63;20.1;19.63;19.95;516353
20.07;20.43;19.88;20.42;1680994
20.65;20.82;20.54;20.58;1932716
20.3;20.38;19.92;20;1422987
20.54;20.79;20.15;20.67;2168492
20.56;21.05;20.47;20.78;1318852
21.39;23.04;21.06;22.95;7556502
22.99;23.49;22.72;23.44;3217354
23.48;24.03;23.18;23.72;2353659
24.03;24.11;23.55;23.92;1852394
24;24.1;23.23;23.27;1885446
23.48;23.48;22.65;22.68;1776441
22.77;23.86;22.73;23.66;2600785
23.85;24.2;23.72;23.87;1799622
24.75;25.1;24.1;24.42;3892610
24.05;24.7;23.8;23.93;1462096
24.25;24.27;23.23;23.31;1458555
23.6;23.69;23.24;23.26;1508453
23.3;24.56;22.95;24.49;5881614
24.39;24.86;24.1;24.83;1616388
25.22;25.53;24.86;24.93;2508276
24.93;24.93;24.3;24.3;1855111
24.19;24.95;24.18;24.66;1760157
24.94;25.28;24.7;25.25;1382940
25.29;25.31;24.68;24.75;1295881
24.75;24.85;24.21;24.45;923984
24.98;25.94;24.77;25.88;3345218
25.76;26.31;25.61;25.78;1709245
25.7;25.9;24.87;25;1701335
25.2;25.45;24.96;25.45;1949917
25.25;25.76;25.24;25.35;969769
25.68;25.68;25.35;25.4;1005273
25.43;26;25.43;25.76;1367649
25.88;25.88;24.58;24.9;2661683
24.72;25.08;24.5;24.5;1757096
24.37;24.59;23.93;24;1815267
24;24.25;23.92;24.11;1115166
24.28;24.38;24.15;24.32;1011181
24.15;24.35;23.93;23.97;941293
23.98;24.01;23.84;23.96;112407
23.8;24.14;23.78;23.83;394907
23.81;23.84;23.35;23.57;698839
23.57;23.6;23.26;23.49;595233
23.68;23.75;23.5;23.58;380606
23.5;23.56;23.39;23.56;187092
23.51;24.15;23.51;24.09;798353
23.95;24.16;23.61;23.85;873012
23.93;23.93;23.47;23.82;730840
23.64;23.81;23.55;23.67;796563
22.85;23.48;22.13;23.38;6907401
23.5;24.92;23.48;24.92;2639023
24.95;24.95;24;24.22;2382012
24.26;24.43;23.7;23.7;1477505
23.9;24.13;23.71;23.71;1084140
23.68;23.93;23.38;23.55;1211627
23.65;24.24;23.62;24.11;892264
24.2;24.2;23.66;24;1106261
24.15;24.87;24.08;24.35;1632010
24.18;24.55;23.93;24.5;1506818
24.49;24.5;24.1;24.37;916562
24.3;24.3;23.8;23.89;1121188
23.95;24.46;23.91;24.45;1233347
24.45;24.75;24.36;24.44;752949
24.63;24.67;24.24;24.46;1078877
24.59;24.59;24.31;24.36;568123
24.65;24.9;24.51;24.85;629988
24.9;24.94;24.67;24.92;911063
25;26.57;24.97;26.3;4580153
25.95;26.54;25.51;25.59;1988320
25.63;26.09;25.63;25.96;1397098
26.19;26.85;26.15;26.64;1573569
26.84;27.24;26.65;26.87;1866935
26.84;27.19;26.37;26.7;1667805
26.55;27;26.55;26.71;765310
26.85;26.85;26.32;26.56;1521625
26.73;27.17;26.73;27.01;1213514
26.96;27.16;26.74;26.87;1472751
26.72;26.8;26.11;26.45;1289665
26.43;26.43;26;26;1171353
26.05;26.05;25.58;25.69;2172983
25.75;26.05;25.7;26;1063856
26;26.11;25.55;25.87;1260876
25.6;26.35;25.51;26.09;1839659
27.18;28.3;26.75;27.85;8193813
28.1;28.57;27.92;28.48;2233219
28.54;28.54;28.17;28.27;1354365
28.17;28.4;28.05;28.14;1078383
28.27;28.27;27.85;28.01;1105673
27.9;28.35;27.62;27.77;1363181
26.81;27.98;26.81;27.69;1179861
27.7;27.7;27.25;27.4;1252097
27.35;27.54;27.25;27.26;1024953
27.25;27.5;26.43;26.8;1714683
26.72;27.35;26.6;27.1;1486198
27.45;27.54;26.87;27.04;1022466
27.07;27.38;26.96;27.17;574425
27.12;27.95;27.12;27.89;1639085
27.99;28.42;27.52;27.55;2059747
27.65;27.83;27.03;27.29;1095716
27.43;27.47;26.85;26.95;1858037
27.11;27.11;26.68;26.71;938978
26.65;27;26.6;26.71;1014093
26.5;26.58;25.87;26.3;3021389
26.3;26.65;26.07;26.5;1603301
26.4;26.4;26.01;26.08;1524905
25.84;26.61;25.83;26.4;2040901
26.8;27.26;26.61;26.9;2777491
27.06;27.37;26.9;26.95;1690120
26.9;26.93;26.56;26.7;807467
26.7;26.89;26.28;26.6;1405343
26.6;26.6;25.96;26.23;2149240
26.28;26.71;26.14;26.55;1565282
26.79;27.21;26.3;26.58;1594246
26.45;26.88;26.34;26.69;913694
26.55;26.7;26.25;26.31;1048002
26.58;26.58;26.3;26.4;1211632
26.18;26.27;25.71;25.8;2157130
25.08;25.1;24.01;24.72;5449346
24.23;24.58;23.85;24.23;2668607
24.25;24.48;23.42;23.66;2205524
24;24.28;23.39;23.93;2158599
24.2;24.94;24.02;24.62;3432281
24.99;25.1;24.65;24.8;1336653
24.8;25.29;24.76;25.1;1599809
25.2;25.2;24.14;24.43;2104775
24.13;24.35;23.6;23.8;1612013
23.8;24.19;23.11;23.37;1585839
23.45;24.43;23.4;24.05;2187498
24.35;24.4;23.95;24.16;661160
24.25;24.69;23.9;24.59;2410217
25.4;25.63;24.11;25.01;4050542
25.07;25.65;25.07;25.59;1950383
25.5;25.87;25.3;25.62;1165608
25.53;25.79;25.4;25.58;1149191
25.45;25.7;25.1;25.25;1166892
25.05;25.2;24.88;24.99;1125971
25.22;25.29;24.8;25.11;988814
24.86;25.61;24.85;25.42;1789432
25.3;25.7;25.25;25.47;487954
25.78;25.78;25.13;25.41;839176
25.41;26.19;25.41;26.15;1969322
26.1;26.24;25.91;26.21;1143784
26.11;26.3;26;26.17;1145065
26.15;26.29;26.02;26.2;514660
26.3;26.33;25.65;25.95;1164482
26.09;26.1;25.54;25.7;723175
25.79;26.45;25.77;26.28;1046782
26.16;26.49;26.16;26.33;663996
26.19;26.53;25.65;25.77;1359410
25.89;26.13;25.77;25.91;1146177
25.85;26.22;25.81;26.22;921413
26.32;26.41;26.1;26.41;779754
26.47;26.76;26.28;26.35;1059593
26.21;26.58;26.18;26.2;568313
26.48;26.61;26.18;26.52;502147
26.45;26.77;26.32;26.65;1197403
26.5;26.8;26.39;26.66;946727
26.73;27.28;26.7;26.98;1000372
26.95;27.19;26.76;27.09;689366
27.01;27.07;26.9;27;615746
27.1;27.17;26.68;26.79;1102986
26.1;26.63;26;26.6;3830905
26.55;26.58;26.28;26.35;2770465
26.3;26.35;25.91;26.11;1579241
26.06;26.43;26.06;26.35;1297993
26.3;26.86;26.27;26.3;2090125
26.31;26.87;26.31;26.82;1801603
26.4;26.73;26.3;26.48;1418797
26.25;26.29;25.82;25.92;1549770
25.9;26.15;25.8;25.99;939607
26.19;26.66;26.16;26.62;1597229
26.56;26.75;26.14;26.28;1420614
26.2;26.64;26.15;26.63;851526
26.6;26.6;26.2;26.24;814949
26.33;26.51;26.01;26.3;1430683
26.48;26.88;26.18;26.72;2133805
26.95;26.96;25.67;26.39;2584321
26.7;27.4;26.6;27.25;2516196
27.5;27.71;27.42;27.43;1401897
27.44;27.9;27.19;27.85;1670808
27.78;27.98;27.72;27.83;861199
28;28.37;27.85;28.36;1981674
28.35;28.41;27.95;28.37;1560865
28.19;28.35;27.85;27.85;1974316
28.16;28.5;27.94;28.4;2202366
28.03;28.51;28.03;28.46;1214308
28.48;28.97;28.42;28.8;2035002
28.67;28.98;28.53;28.78;1235447
28.75;28.85;28.33;28.43;1937746
28.7;28.95;28.2;28.73;2161530
28.82;29.11;28.8;29.08;2212377
29.4;29.5;27.63;27.83;5617998
28.07;28.18;27.64;27.68;2115471
27.74;27.99;27.53;27.59;828710
27.65;28.05;27.61;28.01;928998
28.12;28.12;27.67;27.9;1439794
27.84;28.14;27.41;27.43;1805175
27.48;27.69;27.25;27.25;542469
27.44;27.59;27.22;27.33;754112
27.33;27.48;27.1;27.46;1398667
27.58;27.86;27.49;27.75;1014695
27.63;27.73;27.22;27.42;946423
27.75;28;27.17;27.17;754274
27.25;27.42;27.18;27.18;245339
27.42;27.66;27.03;27.03;466652
27.27;27.27;26.77;27.14;865559
27.39;27.5;26.98;26.98;779609
27;27.2;26.91;27.06;750379
27.06;27.45;27.06;27.37;626884
27.61;27.74;27.31;27.62;1216775
27.57;27.57;26.95;27.11;1078806
27;27;26.7;26.71;680809
26.82;26.97;26.36;26.48;872576
26.37;26.7;26.31;26.51;518757
26.56;26.74;26.37;26.46;596138
26.41;26.9;26.41;26.67;1103755
26.75;26.95;26.62;26.69;672771
26.76;26.93;26.5;26.59;718769
26.69;26.7;26.42;26.6;608781
26.7;27.64;26.66;27.6;1775848
27.95;27.97;27.31;27.76;1326378
28.5;28.94;27.55;28.65;5004581
29;29.42;28.86;29.36;2900010
29.55;29.89;29.28;29.34;2011382
29.45;29.6;28.92;29.32;1553939
29.34;30;29.3;29.93;1595551
29.92;30.24;29.64;30.06;1437921
30;30.45;29.91;30.19;3168636
30.05;30.35;29.92;30.18;1065973
30.1;30.3;29.76;30.07;1113742
30;30.04;29.62;29.8;1789096
29.61;29.85;29.25;29.73;1535121
29.85;30.31;29.84;30.18;1439330
30.65;31.66;30.65;31.66;3142719
31.45;31.6;30.79;30.95;1806994
31.07;31.95;30.98;31.79;2289980
31.78;32.04;31.38;31.41;1445840
31.4;32.75;31.1;32.38;4083276
32.59;33.24;32.31;33.24;2002023
33.1;33.55;32.92;33.35;1811076
33.05;33.15;32.8;32.8;1880951
32.38;32.38;31.9;32;2046784
31.53;31.88;31.25;31.3;2802889
30.84;31.15;30.34;30.9;5617815
30.75;31.27;30.75;31;1662296
30.58;31.2;30.58;30.97;1769529
30.96;31.19;30.42;30.57;1857174
30.66;31.15;30.58;30.89;1412050
30.9;31.49;30.9;31.36;1243747
31.63;31.86;31.22;31.44;1313913
31.02;31.4;30.36;30.45;1779569
31;31.15;30.45;30.45;1261822
30.35;30.75;30.3;30.59;1356361
30.34;30.95;30.32;30.78;806292
31;31.15;30.91;31;1198780
30.91;31.39;30.86;31.03;896915
30.79;31.08;29.84;30.08;1659545
30;30.15;29.25;29.78;1414126
30.16;30.7;30.16;30.65;897752
30.53;31.04;30.25;30.75;925513
30.93;31.19;30.54;30.87;851001
31.18;31.95;31;31.81;1464612
31.58;32.19;31.44;32.07;1113281
32.01;32.15;31.47;31.85;906404
31.73;31.92;31.46;31.84;962656
31.7;31.7;31.06;31.28;2008518
31.33;31.56;31.06;31.31;923004
31.78;32.31;31.66;32.01;930002
32.01;32.28;31.84;32.02;675202
32.1;32.1;31.82;32;682146
31.9;31.95;31.46;31.8;975412
32.03;32.51;31.92;32.25;1515409
32.71;32.71;32.2;32.54;1179650
32.77;32.77;32.25;32.48;917076
32.52;33.14;32.27;33.14;1142683
33.3;33.48;33.07;33.19;1143251
33.21;33.5;32.83;33.25;848386
33.24;33.3;32.89;33.25;763670
33.3;34.2;33.21;33.78;1788338
33.5;33.94;33.35;33.7;805826
33.74;33.74;33.08;33.63;1186700
33.71;34.6;33.67;34.49;1415352
34.57;34.65;34.13;34.48;912122
34.41;34.68;34.37;34.49;899836
34.39;35;34.35;34.95;1049251
34.95;35;34.36;34.39;1093304
34.37;34.65;34.14;34.59;1138526
34.4;34.88;34.24;34.76;825708
34.9;35.34;34.76;35.23;977028
35.15;35.15;34.68;34.81;1029424
34.98;34.98;34.05;34.53;1206580
34.42;34.6;34.15;34.36;842916
34.4;34.93;34.17;34.93;1691410
34.77;34.86;34.25;34.5;1022679
34.23;34.5;33.82;33.88;1241559
33.86;34.54;33.86;34.54;829971
34.49;34.75;33.84;34.34;1039005
34.34;34.48;33.94;34.14;419670
33.95;34.42;33.95;34.4;345058
34.1;34.3;33.9;34.11;581735
34.24;34.44;34.05;34.35;543185
34.3;34.3;33.77;33.91;506476
34.08;34.19;33.71;34.12;262512
34.12;34.69;34.11;34.38;608405
34.7;35.35;34.69;35.35;1342109
36.31;37.56;36.31;37.56;3413638
37.75;38.97;37.61;38.27;2560629
38.2;38.3;37.56;37.96;1668741
37.96;38.14;37.09;37.46;1648776
37.22;37.3;36.9;37.16;1442266
37;38.05;37;37.88;1698555
37.67;37.7;37.02;37.22;1468602
37;37.22;36.95;37.15;568242
37;37;36.4;36.4;1067166
35.51;36.49;35.5;36.38;1684010
36.72;36.8;36.08;36.55;1046170
36.6;36.83;36;36.14;1305659
35.63;36.24;35.63;36.04;1282694
36.22;36.63;35.75;35.85;1091056
36.5;37.05;36.14;36.46;1812345
36.67;37.49;36.62;37.49;1333839
37.97;37.97;37.54;37.87;949832
37.99;37.99;37.46;37.52;602161
37.99;38.15;37.41;37.6;830562
37.49;38.24;37.39;37.9;861019
38.3;38.4;37.22;37.23;1263992
37.1;37.49;36.47;36.71;1631868
36.94;36.94;36.5;36.66;875014
36.75;37.02;36.47;36.73;955879
36.67;36.72;35.82;36.36;1006382
36.41;37.17;36.41;37.12;1005335
36.98;37.21;36.52;36.63;701362
36.6;36.95;36.54;36.95;558635
36.91;37.3;36.63;37.22;633538
37.48;37.48;36.86;37.14;491258
37.4;37.8;37.3;37.79;742784
37.76;38.18;37.68;37.95;845329
38;38.12;37.55;38.1;662936
38.18;39.54;38.11;39.19;2094532
39.5;40.14;38.83;39.87;2822235
42;42.3;40.19;42.27;4664036
41.9;42.38;41.3;42.16;1541506
42.01;42.75;42.01;42.7;1092332
42.69;43.22;41.4;41.45;2472046
41.1;42.29;41.1;42.28;1433063
42.43;42.75;42.09;42.43;1178678
42.67;42.96;42.41;42.65;1257638
42.85;43.23;42.73;42.83;1033032
42.42;42.7;41.64;42.06;1833406
42.25;42.28;40.31;41.1;2636135
41.6;42.84;41.6;42.84;2208550
42.37;43.35;42.27;43.35;1133215
43.47;44.11;43.01;43.85;1298527
43.6;43.76;43;43.2;875702
43.36;43.55;43.16;43.2;652791
43.25;43.33;42.4;42.78;1146352
42.37;42.88;42.2;42.78;1167438
43.11;43.15;42.62;43.09;458281
42.88;43.15;42.26;42.8;869750
42;43.32;42;43.29;952642
43.15;43.24;42.5;43.16;1003729
43.11;43.66;42.93;43.14;615977
43.2;43.4;42.6;42.62;585671
42.99;43.33;42.75;43.3;923054
42.74;43.9;42.62;43.9;1369270
44.11;44.76;44.11;44.51;1198737
44.8;45.16;44.61;44.96;1312445
44.6;44.88;44.38;44.54;786855
44.49;44.52;44.04;44.32;803525
44.6;44.67;44;44.67;755914
44.8;45.07;44.41;44.8;672969
44.88;45;44.1;44.14;648696
44.36;44.46;44.05;44.33;564059
44.27;44.3;42.72;42.82;1497923
42.87;43.24;41.75;42.03;1598682
41.9;42.37;41.9;42.35;682535
42.48;42.48;41.85;42.27;859313
42.71;43.4;42.41;43.4;1437716
43.09;43.84;42.94;43.82;1079016
43.94;44.2;43.28;44.2;902788
43.81;44.2;43.6;43.97;495137
44.2;44.28;43.37;43.56;954333
43.54;44.14;43.32;43.51;723826
43.51;43.55;42.17;42.73;1251390
42.45;42.72;41.72;42.42;1203499
42.42;43.15;42;42.8;925848
44.7;45.89;44.35;45.42;3906474
45.43;46;45.35;45.6;809499
45.54;46.65;45.39;46.64;1365559
46.65;47.89;46.65;47.74;1446412
47.75;47.9;46.95;47.2;1199635
47.22;47.8;47.06;47.23;970847
46.98;47.23;46.17;46.17;3302423
45.89;46.75;45.67;45.67;1493849
45.6;45.8;44.41;44.66;1529077
44.23;45;43.89;43.89;1371567
44.07;44.6;41.82;41.82;1734118
42;42.79;41.32;41.58;2241300
41.41;42.2;41.06;41.2;1280159
41.48;41.48;40.1;40.17;1524442
40.4;42.34;40.36;42.13;1733303
42.08;42.34;41.02;41.57;856189
41.88;42.25;40.83;41.98;586603
42.59;43.58;42.4;43.5;1332071
43.18;43.6;43.17;43.38;275262
43.36;43.55;41.93;42;812248
41.47;42.95;41.25;42.82;1149535
43;43.05;42.06;42.8;771022
43.2;43.55;42.32;42.94;1051735
42.93;42.94;41.92;42.08;721175
41.1;41.58;40.61;40.62;1704857
40.73;41.6;40.51;41.01;1428560
40;40.3;39.6;40.04;2200666
40.93;41.2;40.12;40.28;1159007
40.6;40.92;39.63;39.63;887185
38.34;38.96;37.48;38.18;2054830
38.33;39.1;38;38.79;1615509
39.2;40.85;39.04;40.81;2166173
41.75;42.44;41.1;41.46;2870049
41.59;42.6;41.3;42.11;1108844
41.8;43.75;41.4;43.75;2144424
43.9;44.17;43.2;44.17;1670564
44.3;44.55;43.76;44.19;1541401
44.15;44.79;43.85;44.07;644641
44;44.25;43.2;43.41;880924
43.58;43.9;43.05;43.21;769231
42.99;43.22;42.45;42.64;821746
43.01;43.76;42.71;43.75;882897
44.71;44.99;44.36;44.63;1059924
44.45;45.09;44.31;45.09;693730
44.97;45.09;44.42;45;616734
45.1;45.24;43.97;44.11;662433
44.37;44.95;44.2;44.8;654732
44.49;44.72;43.5;43.8;1054276
43.81;44;43.07;43.35;1230525
43.07;43.15;41.35;41.5;2498417
41.92;42.79;41.79;42.19;1123960
41.8;41.8;39.93;40.69;2778377
40.2;41.35;39.9;39.9;1273480
39.86;40.6;38.82;39.01;1643897
38.41;38.41;36.29;36.91;4147346
37.43;38.91;37.3;38.71;2093643
39.15;39.55;38.51;38.7;1560620
37.73;38.47;36.28;36.66;2692956
36.85;38.16;36.8;38.1;1539945
38.24;38.92;37.72;38.71;1611585
39.31;39.61;38.88;39.5;1529905
41.3;42.54;40.5;42.54;3622054
42.2;42.31;41.3;41.95;1327783
42.35;42.56;41.77;42.06;958656
42;42.09;40.65;40.9;1368997
41.2;41.49;40.95;41.33;932827
41.39;41.5;39.6;39.88;2023872
40.03;40.35;39.53;39.74;2024127
39.46;39.46;38.82;38.91;1283083
39.3;39.44;38.29;38.72;1272548
39.1;39.62;38.8;39.56;1831226
39.44;39.44;38.61;38.91;1331388
39.16;39.38;38.65;38.92;744914
39.2;39.49;38.78;39.15;864325
39.16;40.05;39;39.99;1373912
40;41.52;40;41.33;2374415
41.22;42.18;40.99;42.15;1524156
42.15;42.49;41.58;41.91;1108274
41.71;42.12;41.35;41.59;696025
41.85;42.34;41.38;42.13;1001371
42.04;42.13;41.4;41.45;1070523
41.6;41.65;40.75;41.23;1003240
41.49;41.8;41.31;41.5;944572
41.48;42.38;41.47;42.35;651502
42.55;42.89;42.35;42.65;1054005
42.89;43.66;42.81;43.6;1234722
43.64;43.7;42.23;42.76;1040183
42.6;43.39;42.54;43.17;881182
43.31;44.2;43.31;44.2;1578279
43.93;43.93;42.76;43.2;2082871
43.47;43.71;42.69;43;1848109
43.01;43.3;41.55;41.79;2388851
41.58;41.87;41.09;41.63;2231214
41.55;41.94;40.95;41.43;1087705
41.49;42.44;40.9;42.35;1711846
42.7;42.99;42.25;42.86;1156907
43;43.32;42.63;42.92;1491030
43.12;43.92;42.85;43.74;2223527
43.75;43.9;43.12;43.74;967297
43.95;43.95;42.79;42.83;1163231
43.01;43.59;42.99;43.46;1520773
43.5;43.64;43.02;43.22;1383832
42.75;42.8;41.88;41.99;1366587
42.11;42.39;41.6;41.96;833925
42.29;42.48;41.81;42.19;1160891
42.34;42.42;41.87;42.15;1070761
42;42.34;41.94;42.09;954158
42.31;42.43;41.61;41.83;965822
41.84;42.16;41.5;41.72;1017318
41.78;42.13;41.5;42.13;1048416
42.13;42.81;42;42.81;1392217
43.21;43.26;42.89;43;918603
43.2;43.33;42.92;43.19;951913
43.01;43.79;43.01;43.79;1153342
44;44.2;43.66;44.18;1020405
44.15;44.29;43.52;44.29;833750
44.23;44.84;44.05;44.76;970996
44.85;45.04;44.51;45.01;998696
45.06;45.29;44.23;44.89;919169
44.99;44.99;44;44;919947
44.56;45.45;44.3;44.89;1298581
45.76;46.2;45.31;45.63;1730785
45.5;45.8;45.05;45.25;960017
45.65;45.7;45.07;45.58;705474
45.51;45.51;44.72;44.9;978758
44.01;44.39;43.67;44.02;1609051
44.25;44.41;43.43;43.59;2995752
43.69;43.98;42.94;43.26;1496108
43.01;43.75;42.87;43.71;1093906
43.89;45.09;43.75;44.5;1652623
44.4;44.81;44.2;44.25;659441
44.02;44.25;43.72;43.95;903470
44.12;44.55;44;44.28;948882
44.28;45.4;44.25;45.4;1121656
45.49;46.51;45.46;46.51;1391418
46.06;46.81;45.95;46.81;1100341
46.52;46.75;45.27;45.27;1626187
45.31;45.76;45.31;45.76;751243
45.99;46.7;45.9;46.66;1259331
46.67;46.95;46.37;46.76;778993
47.01;48;46.91;47.97;1235252
47.81;48.35;47.7;48.34;747902
48.5;48.5;46.76;47.33;985738
46.89;47.7;46.56;47.19;929940
47.28;47.85;47.12;47.72;850204
47.85;48.2;47.12;47.77;1050366
47.99;48.4;47.85;47.97;802252
47.71;47.9;46.9;47.05;1379474
47.02;47.5;46.05;46.05;941886
46.12;46.33;45.55;46.06;1006214
46.37;46.7;46.03;46.57;720372
46.95;47.05;46;46.02;702855
46.31;46.93;45.6;45.65;1043983
45.6;46.41;45.6;46.41;788306
46.84;46.84;45.8;46.66;1028018
44.57;45.65;44.51;44.93;5034848
44.55;45.19;44.55;44.8;2575272
44.65;45.06;44.44;44.93;1026844
45.41;45.43;45;45.16;1018811
45.33;45.56;45.1;45.39;1530007
45.52;45.55;45.1;45.5;1615289
45.66;45.87;45.28;45.76;1080752
45.66;45.97;44.82;45.04;2496601
45.11;45.8;45.11;45.32;1442872
45.31;45.37;44.58;45;1036653
45.23;45.95;45.1;45.95;923207
45.89;47.06;45.88;47;2589473
46.63;47;46.48;46.48;577457
46.49;47.39;46.49;47.39;469104
47.18;47.5;47.18;47.32;364193
47.32;47.74;47.2;47.55;400056
47.76;48.4;47.65;48.17;798548
47.97;48.61;47.49;48.46;1145157
48;48.37;47.7;48.12;861573
47.77;48.6;47.73;48.03;796457
47.94;49.78;47.94;49.56;1738417
49.84;49.94;48.75;48.84;1606611
48.84;50.55;48.01;50.15;1956036
50.15;51;50.1;50.9;1555688
49.91;50.95;48.63;50.8;2634247
50.85;51.1;50.25;50.9;792233
51;51.1;50.6;50.85;990247
50.65;50.9;50.2;50.8;808233
50.6;50.85;49.3;49.57;1491391
49.5;49.89;48.53;49.62;1481015
49.84;50.55;49.25;49.38;1072942
49.4;49.88;48.36;49;1704201
48.86;49.17;48.55;49.1;890450
49.1;50;48.86;49.13;802708
48.9;48.99;48.36;48.43;879091
48.56;49.1;48.4;48.82;854281
48.95;49.24;48.47;49.24;729922
48.75;49.16;48.58;48.7;706723
49.01;50.05;49.01;49.56;695018
49.56;49.8;48.9;49.15;637761
49.16;49.29;48.41;48.48;880484
48.39;48.87;48.01;48.05;1106549
48.2;49.08;48.2;48.99;922262
48.86;49.17;48.1;48.47;1083687
49;49.43;48.65;48.9;1700262
48.9;49.5;48.44;48.94;950761
49.55;49.89;49.23;49.58;1125168
50.05;50.95;49.6;50.75;1526843
53;53.6;51.95;53.6;4487952
54.05;54.65;53.15;53.55;1990962
54.2;54.9;53.75;54.7;1059640
55;55;53.65;54.29;1206366
55.02;55.25;54.14;54.71;1742124
55.41;56.09;54.9;55.77;1865805
55.7;56.36;55.5;56.36;1473282
56.59;56.59;55.19;55.19;1115210
55.1;55.58;52.9;53;2290107
51.94;53.81;51.82;52.85;3000184
52.91;53.11;50.5;51.02;3667191
51.6;52.78;51.52;52.21;2074085
51.3;52.82;50.96;52.61;2310613
52.81;53;51.9;52.21;1816680
52.7;52.8;52.1;52.26;968748
52.79;54;52.37;53.88;1270289
53.95;54.4;53.43;53.86;983702
54.2;54.96;53.78;53.94;1391426
54.25;54.4;53.2;53.24;928892
52.15;52.79;51.67;51.7;1546616
53.25;55.29;52.5;54.7;3733009
54.51;55.3;54.3;55.11;2212802
55.98;56.65;55.16;56.5;1301568
56.69;56.69;55.2;56.13;1303965
56.2;56.5;55.14;55.42;1073461
55.85;56.26;55.05;55.31;2029227
55.43;55.49;54.7;55.23;1702458
55.39;56.98;55.38;55.89;1441397
56.24;56.9;55.4;55.68;823127
55.65;55.88;54.85;55.46;934828
55.79;56.1;55.09;56.01;775142
56.55;57.65;56.41;56.99;1461057
57;57.42;56.33;56.59;1143943
56.98;58.8;56.78;58.5;1800337
58.53;58.73;57.7;57.9;968384
57.79;58.68;57.51;58.12;751080
58.4;59.1;57.83;58.11;1239149
58.38;58.58;57.46;57.55;983777
57.59;58.45;57.25;58.31;753753
58.28;58.62;57.81;58.24;734619
58.99;59.42;58.51;59.26;1439681
59.6;59.6;58.52;58.88;758398
59.05;59.87;58.29;58.74;1120595
57.95;58.6;57.57;58.31;1254729
58.25;59;57.91;58.75;1207602
59;59.35;58.12;58.45;795442
58.74;58.87;57.34;57.84;1138459
57.75;58.35;57.32;58.09;1133777
59.77;59.84;57;57.2;1909585
57.35;57.35;56.55;56.67;1191348
55.9;56.3;55.57;55.84;1200456
56.5;56.78;55.85;56.19;1597175
56.49;56.7;55.4;56.4;2363749
56.39;57;56.05;56.79;931347
56.8;57;56.51;56.73;437079
56.26;56.78;55.76;56.43;989807
56.79;56.79;55.62;55.76;1024792
56.3;56.46;55.5;55.59;827001
54.48;55.55;53.99;54.58;2551667
54;56.23;53.52;55.75;3325859
55.46;55.84;54.85;55.68;1356909
55.91;55.95;55.3;55.78;1276807
55.99;55.99;54.71;55.05;722498
55.5;55.85;55.12;55.63;1453288
55.75;55.99;55.21;55.87;927103
55.58;55.99;54.9;55.67;1221604
55.77;56.01;55.31;56.01;1097450
55.84;56.24;55.25;55.63;1090506
55.35;55.9;55.16;55.54;789272
55.7;55.9;55.6;55.69;209444
56.05;56.23;55.65;56;1109726
55.76;55.95;55.38;55.62;1158882
55.65;57.28;55.64;56.64;1852345
56.84;57;56.65;56.82;901201
56.8;56.8;55.66;55.95;1233691
55.83;56.29;54.99;55.16;1315505
54.9;55.46;53.39;53.58;1885622
53.51;53.85;52.75;52.95;1718672
52;53.35;51.82;52.88;1792656
53.5;53.6;52.55;52.8;720660
53.01;53.02;51.91;52.27;1002190
51.96;52.89;51.67;52.42;1347249
52.9;53.25;52.7;53.06;1971115
53.29;53.47;52.71;52.88;1793816
53.15;53.29;52.19;52.52;1207304
52.69;53.17;52.07;52.5;1310491
52.52;52.8;52.15;52.43;1170601
52.01;52.17;51;51.4;1911673
51.35;51.83;50.67;50.89;1191767
50.61;51.1;50.2;50.74;1685229
50.7;51.34;50.3;51.04;1956047
50.99;51.65;50.66;51.41;2200286
51.99;53.95;51.91;53.78;3696075
55.35;55.35;53.89;54.37;2849598
54.29;54.29;53.58;54.04;1079713
54.6;54.62;53.7;53.86;987653
53.71;55.28;53.7;55.26;1467964
55.5;55.68;54.41;54.57;1219573
55;55.33;54.52;55.33;1201724
55.3;55.3;54.89;55.07;1538803
54.9;55.1;53.95;54.26;1031664
53.88;53.92;53.1;53.7;1266068
54.1;56.3;53.32;56.21;4601475
56.61;56.9;55.11;55.27;2316634
55.5;56.88;55.25;56.6;1944439
56.21;56.4;55.64;56.01;906222
55.6;55.65;54.9;54.94;1641874
56;57.39;56;57.11;2509832
57.11;57.39;55.8;55.95;1552378
55.73;56.34;55.38;55.64;1160913
55.67;55.86;54.35;54.49;1197235
54.4;55.09;52.7;53.49;2266790
53.41;53.86;51.5;51.5;1902441
50.98;51.22;49.03;50.33;3865009
50.18;50.8;49.55;50.16;1827306
50.84;50.84;48.69;48.7;2112320
47.99;48.83;47.16;48.35;1848845
48.55;48.88;47.04;47.25;2723016
47.5;47.67;46.06;46.33;1883345
45.7;46.93;45.6;46.52;2240999
47.4;47.43;46.21;46.54;2577483
47.09;48.1;46.66;47.9;5379150
48.1;48.1;45.5;46.07;4834901
45.31;45.37;43.05;43.05;4698122
44;44.7;43.5;44.5;3526445
44.35;44.66;43.61;43.86;2400539
43.25;45.76;43.25;45.63;2877005
44.5;44.9;42.84;42.84;4059502
42.95;44.7;42.14;43.62;3613753
44.7;45.4;44.2;44.28;1849205
44.67;45.38;43.62;45.38;1923077
45.5;46.9;45.4;46.7;2356370
47.01;47.5;46.47;46.52;1705287
46.29;47.3;46.2;47.12;1290754
47.46;47.47;46.44;46.5;542793
46.28;46.64;44.96;45.37;1284375
44.97;46.3;44.91;46.25;1368604
47.12;47.15;46.1;47;1393788
46.95;47.5;46.81;47.5;2419071
47.6;47.75;47.24;47.57;612064
47.54;47.8;47.11;47.75;623148
47.7;47.7;46.59;46.59;1036226
46.99;47.2;45.77;46.27;2203682
46.2;46.61;44.1;44.31;2287678
44.01;44.93;42.92;43.06;2558790
43.67;44.44;43.4;44.15;2058828
44.26;44.4;43.43;43.87;1281556
43.9;43.9;43.02;43.21;1936794
43.11;43.12;40.56;41.51;4763065
41.29;41.75;40.55;40.84;2978591
40.5;41.1;39.02;40.2;4019736
41.95;42.49;41.37;42.13;4295065
41.81;42.23;41.3;41.73;1404794
41.3;42.07;41.3;41.5;1782953
41.46;41.61;41.06;41.11;1299217
40.8;41.12;40.22;40.31;1568206
40.35;42.81;40.35;42.7;3036124
43.37;44.17;42.85;43.08;2623475
43.9;43.98;43.01;43.22;2620461
42.98;44.44;42.83;44.27;1753154
45.7;46.32;45.17;45.54;3021949
45.74;46.79;45.28;46.6;1883080
46.4;46.6;45.25;45.4;2139573
45.4;45.6;44.24;44.75;2833971
45.49;46.45;45.35;45.59;2487038
45.72;45.9;44.81;44.9;1435333
44.79;46.68;44.78;46.64;2242073
46.75;48.68;46.65;48.11;3569111
47.8;48.37;47.34;48.29;2199536
48.09;48.4;46.72;46.95;1525848
47.2;47.67;45.73;46.39;3010681
46.44;47.74;46.3;47.27;2377139
47.49;47.54;45.83;46.07;1920230
46.11;46.94;46.06;46.17;2115084
44.78;46.35;44.78;45.72;2109592
46.2;46.57;45.2;45.3;2066377
45.54;45.72;44.5;44.81;1816006
45.36;46;45.01;45.28;1316239
45.61;45.8;44.74;45.32;1197804
45.89;45.9;45.15;45.24;1203944
44.85;44.88;43.92;43.92;2160418
44.1;44.5;43.57;44;1608596
44;44.5;41.62;42.65;3542144
42.25;42.93;41.85;42.41;1540331
42.17;42.3;41.4;41.61;1457062
41.91;43.07;41.8;42.8;3524417
44.98;45.72;43.5;44.5;4930151
43.41;43.9;42.9;43;1980394
43.26;44.6;41.1;41.47;4729933
41.15;42.1;41;41.54;1462513
41.13;42.24;41.12;41.72;1606402
42.99;43;41.9;42.35;1673761
42.5;42.51;41;41.53;1829136
41.33;41.35;39.52;39.75;3062682
40;40.3;38.01;38.05;3903449
38.5;39.1;36.82;38.5;3479136
37.86;38.29;36.43;37.24;4769035
37.33;37.78;36.85;37.58;1831447
37.72;38.77;37.5;38.69;2152145
39.08;40;38.28;38.42;1827835
38.05;38.7;36.95;37.14;3301277
37.53;38.95;37.31;38.82;2551951
39.6;40.6;39.1;39.62;2477496
39.9;40.65;39.52;39.78;2488735
39.9;39.91;38.63;38.73;1964478
38.65;38.93;37.35;37.47;2216829
37.95;38.74;37.46;38.65;1901229
39.15;39.65;38.49;38.98;1766596
39.37;39.59;39.06;39.19;1070999
39.01;39.89;39.01;39.6;1716779
39.92;40.45;39.67;40.34;1805671
39.6;40.55;39.01;40.32;1976405
39.85;39.96;38.28;38.31;2629492
38.67;39.1;38.15;38.64;1167720
38.28;39.13;38.17;38.86;1797681
38.75;39.57;38.59;38.77;1499435
38.66;39.59;38.66;39.2;2006943
39.75;40.4;39.75;40.24;2445647
40.67;41.3;40.5;40.71;2963993
42;45;42;45;1877430
43.99;44.18;42.43;43.57;2424142
43.09;43.2;42.7;42.96;916107
43;43.3;42.52;43;239069
42.9;43.58;41.89;41.89;1411031
41.82;42.3;40.94;41.33;1370232
41.1;41.2;39.05;39.26;2837742
38.96;39.19;38;38.14;2133590
38.27;39.95;37.63;38.69;4160137
38.21;38.3;35.9;36.34;3964161
36.99;37.3;35.17;35.49;2377107
35.46;35.61;33.68;33.89;4265125
33.89;35.37;33.65;34.98;4460769
34.96;35.75;33.5;33.66;4074234
33.23;34.44;32.28;33.57;3206757
34.13;35.15;34;34.48;3538619
34.82;36.13;34.31;34.92;3875714
34.14;34.5;32.35;32.35;4718506
31.5;34.15;31.12;33.66;6785202
34.65;34.65;32.62;33.5;4095125
34.99;35.4;34.24;35.37;2551936
35.88;36.61;35.68;36.1;2967119
35.5;36.11;35.32;35.99;1761972
36.48;37.6;36.15;37.22;2828125
36.89;37.28;36.16;36.35;1817725
36.37;36.75;35.33;36.2;2525544
36.48;38.98;36.48;38.26;3165301
38.94;39.16;38.16;38.42;1563348
38.16;38.29;36.03;36.03;2643483
35.7;36.79;35.4;36.79;2082050
36.5;36.56;34.5;34.99;2590858
35.48;36.05;35.05;35.44;1569348
35.1;35.25;34.43;34.5;1360650
34.89;35.47;33.85;35.45;2331739
35.29;35.29;33.89;34.3;3047560
36.5;38;36.26;37.12;6705407
37.1;37.5;36.32;36.59;2352826
37.45;37.87;37.16;37.78;1427150
37.77;38.54;37.39;38.23;1932211
37.5;38.55;37.4;38.35;2166756
38.51;39.5;38.3;39.04;2177104
38.52;38.9;37;37.29;2972036
37.84;38.2;37.42;37.98;1661817
38.34;38.45;37.15;38;3227541
38.13;38.27;37.01;38.13;3001835
38.03;38.48;37.57;37.64;2223109
37.6;37.95;36.24;36.44;2274349
35.76;35.94;35.23;35.38;2225401
35.33;35.93;34.69;34.96;1836572
35.46;35.55;34.84;35.24;1734777
35.37;35.37;34.32;34.51;1532730
34;34.46;33.65;33.89;1628237
33.9;34.32;33.6;33.65;1685801
33.83;34.61;33.44;34.02;2289492
34.85;34.95;34.47;34.71;1920689
34.09;34.39;33.6;34.32;1412364
34.25;35.11;33.6;33.89;2175883
32.82;32.91;31.28;31.28;3499997
32.1;32.57;31.49;32.34;1987150
33;33.28;31.63;32.24;2151079
32.14;33.41;32.14;33.01;2419882
34.8;35.69;34.75;35.69;3066858
35.69;35.92;35.24;35.69;1520873
34.98;35.75;34.53;35.52;2157165
36.08;36.21;35.42;35.88;1390274
35.7;36.25;35.1;36.07;1148862
36.04;37.92;36;37.92;2125763
38;38.12;37.26;37.82;1382309
38.04;38.09;36.54;36.91;1811559
37.19;37.5;36.78;37.44;1099573
37.79;37.82;37.14;37.75;1167155
37.6;37.75;36.06;36.26;1924629
36.26;37.18;36.26;36.64;1051443
36.62;36.62;35.44;36.35;1053280
36.52;36.8;35.32;35.44;1305273
35.02;35.29;34.72;34.86;1291980
35.3;35.92;35.02;35.81;1980999
36.23;37.42;36.21;37.32;1867310
37.8;39.68;37.53;38.92;4103270
39.04;39.81;39;39.76;2240086
38.89;38.9;37.8;38.13;1789033
37.8;38;37.24;37.56;1796226
37.7;39.07;37.52;39.07;2197468
38.97;39.25;38.35;39.03;1408563
39.23;40.72;38.89;40.1;1792871
40;40;38.74;38.79;1596175
38.73;39.49;38.5;39.15;1066314
38.95;39.07;38.06;38.99;1222140
39.59;40.15;39.51;39.89;1171212
39.79;39.86;38.84;39.33;983627
39.42;39.47;38.21;38.76;1735213
38.3;39.9;37.62;39.75;1988724
39.15;39.95;38.84;39.64;1218801
39.45;39.52;38.41;38.96;1027224
38.97;39.38;38.81;38.94;577758
39.95;40.2;39.33;39.73;1465353
39.7;40.41;39.44;40.41;1251247
40.23;41.71;39.9;41.7;2017007
42;43.14;41.8;42.61;2082627
42.6;42.72;42.11;42.55;1002608
42.18;42.33;40.87;41.18;1466423
41.22;41.42;40.3;40.45;1643802
39.97;40.48;39.4;40.31;1484594
40.14;40.47;38.77;38.78;1438349
38.81;39.48;38.6;39.32;884709
39.9;40.14;38.87;39.74;1576174
40;42.06;39.93;41.64;2303679
41.99;42.56;41.8;42.5;2020788
42.5;43.8;42.5;43.6;2066942
43.37;43.46;42.45;42.98;1272721
42.98;44.6;42.95;44.5;1528367
44.45;44.45;42.85;44.16;1362771
44.3;45.14;43.8;44.06;2455296
44.09;44.8;43.44;43.47;2048148
42.94;43.03;41.85;41.95;2111671
41.51;41.77;40.5;41.39;2159679
41.8;41.98;40.52;40.75;1510658
40.9;41.28;40.39;41.17;1244146
41.11;41.35;40.18;41.16;1178739
41.2;41.41;40.62;41.15;1002651
41.26;41.9;41.05;41.43;926408
41.5;41.9;40.52;41.01;1320045
40.54;40.92;39.97;40.13;1255517
40.51;40.62;38.6;39;1794887
38.82;39.12;38.04;38.12;1566036
38;38.58;37.3;38.36;1747330
38.32;39.09;38.3;39;1330776
38.8;38.97;38;38.11;1881695
38.33;38.76;36.88;37.17;2067298
37.1;37.74;36.82;37.44;1547151
37.07;37.29;35.94;36.96;1516923
37.2;38.17;36.56;36.58;1426285
36.46;38.09;36.11;37.8;2092249
37.99;38;36.52;36.59;800680
36.95;37.34;36.76;37.19;1022448
36.4;36.96;35.6;36.85;1426575
37.31;38.39;37.09;38.27;1820708
37.3;37.83;36.65;36.75;1477717
36.7;37.14;35.36;35.36;2011732
35.97;36.45;35.72;35.9;1631724
35.6;35.81;34.54;35.03;2100956
35.99;37.81;35.54;37.41;2473900
38.05;39.11;37.9;39.11;2305902
38.64;40.5;38.4;40.4;1591757
39.98;40.56;39.55;39.98;1394609
39.41;39.78;38.54;39.13;1453610
39.75;40.08;39.5;39.99;910513
40.02;40.02;38.35;38.49;1173401
38.09;39.1;37.9;38.96;1165329
39.2;39.38;38.73;38.73;930805
39;41.25;38.81;40.86;2340395
41.75;42.95;41.34;42.04;2940056
42.4;42.4;40.3;41.25;3220154
40.7;41.25;40.07;40.16;1659896
40.01;40.4;39.36;39.91;1028425
40.1;40.59;40.09;40.35;2110010
40.8;42;40.73;41.1;1922723
41.01;41.44;40.52;41.22;1609112
41.24;42;41.02;41.94;793706
42.11;42.65;41.41;41.7;930862
41.81;42.65;41.22;42.25;1538000
42;42;40.7;40.9;840741
41.3;41.99;40.95;41.73;903631
41.99;42.62;41.49;42.58;777788
42.37;42.49;41.6;41.83;866297
41.5;41.5;40.1;40.1;1246046
40.3;41.43;40.18;41.28;1036237
40.9;41.12;40.35;40.73;689817
40.9;41.56;40.28;41.48;810514
41.49;42.05;41.3;41.7;569402
41.33;41.58;40.91;41.35;867265
41;41.27;40.07;40.23;1768444
40.16;41.21;39.87;40.99;1134385
41.36;41.36;40.31;40.45;1179317
40.2;41.48;40.03;41.2;758908
41.04;42.16;40.82;42.16;1260548
41.75;41.9;40.65;40.65;879758
40.79;40.79;38.53;38.58;2191022
38.3;38.4;37.23;37.77;2276387
38.86;39.18;37.6;38.1;1820044
37.99;38.2;35.8;35.99;2550050
36.14;36.85;35.71;35.96;1845134
36;36.37;34.98;35.49;1268592
36.17;36.58;35.47;35.85;1494664
35;35.89;34.61;35.29;2342103
34.95;36;34.05;35.33;2911972
35.7;35.73;32.75;32.75;3517712
32.74;33.1;31.73;31.95;2571695
33.54;35.2;33.44;35.2;4267033
36;36.78;35.26;35.46;2246697
35;35.66;34.24;34.54;1829012
35.2;35.2;33.15;33.15;2308476
33.59;33.86;33.2;33.74;1864040
33.69;34.8;33.25;34.62;2499357
34.79;34.8;33;33;1958805
32.37;34.1;32.25;33.24;1564367
33.57;34;32.34;32.92;1429162
33;34.19;32.4;32.61;1576199
32.78;33.6;31.85;33.25;1987633
31.86;31.99;28.76;29;4579632
29.88;30.5;25.96;26.37;5296141
25.05;27;23.91;25.24;4455533
26.69;27.1;25;25.6;2932483
23.6;25.59;23.4;23.96;3892824
25.8;26.15;24.63;26.05;2617440
27.96;28.5;26.05;26.45;2701836
26.31;26.44;23.69;23.77;2907991
22.6;23.74;21.95;22.49;3293956
24;24.2;22.78;23.41;3365721
24;25.31;23.5;25.19;3145171
25.97;25.97;23.88;24.78;1850190
24.1;24.7;23.35;23.71;1299057
23.7;24.01;22.55;23.8;1490495
22.71;23.15;21.32;23.12;2018532
21.97;22.75;21.43;22.05;1543903
22.5;23.3;21.25;22.42;1761461
23.53;23.91;23.05;23.88;1545454
24.32;25.65;24.16;24.88;1726863
24.03;25.2;23.88;25.07;1448617
25.51;25.6;24.62;25.12;890220
25.19;27;24.7;27;1814111
27;27.6;26.04;27.28;1271468
26.3;26.77;24.74;24.82;1675144
24.82;26.1;24.73;25.82;1555879
26.45;27.45;26.35;26.57;1024325
25.82;26.18;24.62;24.72;1166147
25.29;25.38;24.1;24.32;1318762
25.04;25.6;24.51;25.19;1786565
26.44;26.45;24.42;24.77;1815636
24.53;25.68;24.16;24.31;1036342
24.47;24.81;23.44;24.33;1253326
24.51;24.65;23.49;23.59;1538268
22.91;23.32;22.19;22.62;1428384
22.62;23.78;22.5;23.3;1653077
23.9;25.72;23.6;25.72;1511744
25.31;26.72;24.88;26.07;1491827
25.74;26.2;24.59;25.3;1252422
25.92;26.15;24.99;25.4;1075025
25.28;25.34;24.68;25.28;854731
25.01;25.2;24.23;24.64;865218
24.16;24.49;23.41;24.27;1393611
24.44;24.91;23.7;24.63;887507
24.64;25.1;23.96;24.32;1296049
23.96;24.1;22.76;22.88;1323787
24.21;24.9;23.82;24.7;1100658
24.35;25.69;24;25.47;1299132
25.45;26.4;25.05;26.29;946713
26.32;26.63;25.62;25.8;1266837
24.78;26.22;24.62;26.11;1102794
26.28;26.5;25.32;25.44;764586
25.29;26.33;25.29;26.3;620630
26.56;26.56;25.72;26.02;896064
26.06;26.47;25.75;26.24;609019
25.85;26.25;25.25;25.89;1118123
25.7;26.78;25.4;26.73;1251413
26.7;27.3;26.56;27.08;1044976
27.21;28.28;26.71;27;454525
27.31;27.44;26.2;26.47;455623
26.58;27.3;26.48;27.3;475394
27.5;28;27.03;27.5;239471
27.29;28.31;27.22;28.31;371664
28.43;28.86;28.09;28.86;596561
28.96;29.7;28.42;29.51;1304146
29.25;29.25;27.93;28.09;1071669
27.96;27.99;26.37;26.82;1530493
26.91;27.48;26.68;27.36;1113379
27.22;27.32;26.92;27.04;515970
26.85;27.58;26.6;27.52;758697
27.7;27.8;25.14;25.29;1377318
25.45;25.53;24.23;24.82;1011708
25.06;26.04;24.79;25.45;1140694
25.71;26.2;25.03;25.56;639057
25.47;25.9;24.6;24.84;781949
24.7;25.84;24.52;25.77;1245337
26.2;26.52;25.27;25.59;1035328
25.56;25.57;24.33;24.56;1493537
24.37;25.24;24.08;25.04;1171136
25.04;25.63;24.94;25.56;747356
25.89;27.81;25.89;27.55;1481009
27.24;27.42;26.52;26.62;840820
26.61;27.46;26.58;27.05;1137332
26.85;26.85;25.85;26.27;890905
26.47;26.77;26.14;26.75;556940
26.9;28.1;26.865;27.95;829572
27.37;28.805;27.24;28.69;1074723
28.73;29.94;28.23;29.94;1469137
29.58;29.58;28.61;29.115;1104268
28.75;29.39;28.22;28.375;936828
27.505;28.345;27.22;28.29;1126262
27;27.16;25.53;25.73;2726110
26.005;26.18;24.65;24.855;2139910
24.63;25.115;24.5;24.72;774485
24.405;25.02;24.405;24.69;1115421
24.94;25.02;24.375;24.915;937681
25;25.2;24.35;24.46;1733758
24.1;24.225;23.12;23.14;1429553
23.42;23.49;22.36;22.585;1151780
22.35;22.4;21.655;22.145;1436593
22.705;23.56;22.5;22.995;1919225
23.26;23.8;22.7;23.485;1241069
23.3;23.3;22.495;22.97;1086875
22.345;22.665;21.96;21.97;896522
22.22;22.72;21.97;22.03;1120495
22.55;23.6;22.33;23.515;1423928
23.465;24.01;23.195;23.3;1443397
23.25;23.31;21.7;21.76;1879968
21.92;21.965;21.12;21.78;1647584
21.685;23.74;21.52;23.535;1910368
23.42;24.035;22.735;23.265;1296295
23.225;24;22.555;23.88;1535779
24.455;24.745;24.035;24.265;1190499
24.8;24.905;24.13;24.63;850406
24.52;25.025;24.265;25;803362
25.5;25.73;24.515;25.095;966962
25.16;25.66;25.04;25.19;868764
24.665;25.325;24.32;25.085;1369436
25.515;25.7;24.325;24.8;964200
25.15;25.155;23.58;24.27;1644287
24;24.83;24;24.74;1207703
24.89;25.83;24.585;25.83;1245862
24.75;24.75;23.08;23.85;3220180
23.4;23.84;23.2;23.38;1059286
23.375;24.22;23.375;24.22;1049090
23.91;24.88;23.44;24.82;981790
25.2;27.03;25.05;26.95;2117547
26.5;27.19;25.95;26.25;1516171
26.375;27.025;26;26.415;935994
26.55;26.75;25.775;26.18;752095
25;25.9;24.72;25.31;2628882
25.8;25.8;25.11;25.505;2445286
25.63;26.85;25.36;26.685;1907577
26.19;26.515;25.95;26.3;1796532
26.02;26.395;25.505;26.28;1574735
26.27;26.805;26.2;26.62;1267184
26.65;26.75;24.92;25.1;1510579
25.05;25.7;24.525;25.345;1182737
25.67;27.32;25.385;27.2;1928547
26.9;27.73;26.58;27.365;1796176
27.775;27.9;26.87;27.63;1135520
26.985;27.38;26.505;27.23;1031936
27.135;27.2;26.09;26.95;1024875
27;27.38;26.55;27.1;1455257
27.775;28.635;27.515;28.405;1962524
28.6;29.11;28.42;29.11;951526
28.21;28.21;27.25;27.36;1510868
27.2;27.92;27.18;27.35;1712501
27.465;27.7;26.6;26.79;2034110
27;27.62;26.78;27.11;1197613
27.15;27.23;26.55;27.04;1242551
26.99;27.5;26.6;26.73;1066862
27.07;27.41;26.1;26.34;1339655
26.44;27.085;26.18;26.93;1020503
27.055;27.2;25.845;26.005;2496054
25.955;27.04;25.6;26.94;1437898
27.1;27.84;27.065;27.74;1298745
27.68;28.04;27.435;27.78;1267562
27.305;27.39;26.695;26.83;1018075
27;27.3;26.6;26.99;934740
27.135;27.605;26.65;27.35;381640
27.2;28.145;27.06;28.04;1229309
28.175;28.93;28.155;28.33;1438946
27.81;28.18;27.08;27.34;1392076
27.865;27.98;27.155;27.225;1075672
27.68;27.84;27.265;27.79;802791
27.63;28.14;27.505;27.58;1577231
27.755;27.83;26.54;26.77;1232571
26.87;27.11;26.3;26.4;1230138
26.465;26.99;26.025;26.33;1279565
26.035;26.36;26;26.1;687790
26;26.505;26;26.22;857583
26.6;26.8;26.1;26.22;1147485
26.22;26.89;26.04;26.6;712244
26.51;26.675;25.995;26;886715
26.01;26.05;25.23;25.31;1071059
25.425;25.785;25.31;25.31;657600
25.355;25.89;24.97;25.29;944686
25.3;25.445;24.76;25.28;656323
25.5;25.87;25.07;25.695;1064991
25.765;25.85;24.9;24.955;981112
24.75;25.065;24.45;24.68;715464
24.9;25.39;24.65;25.275;808914
25.295;25.485;24.9;25.425;526029
26.18;26.51;25.83;25.95;1998988
25.99;26.455;25.845;26.295;820219
26.35;26.64;25.96;26.24;1111294
26.595;26.845;26.27;26.715;868168
26.45;26.575;25.72;25.945;972372
26.06;26.2;25.72;25.815;475051
25.7;26.165;25.5;26;664019
26.035;26.3;25.38;25.38;1199460
25.3;25.74;24.79;24.92;1183109
25;26.12;25;25.95;1328724
25.915;26.92;25.82;26.43;1653401
26.5;26.96;26.135;26.8;918480
26.785;26.91;26.33;26.62;807632
26.81;27.44;26.81;27.44;1045068
27.7;28.05;27.4;27.64;1090251
28.045;29.13;27.85;28.535;1929663
28.535;28.865;28.4;28.845;1007533
28.95;29.31;28.7;28.97;1110021
28.855;28.97;27.925;28.55;1185160
28.75;29.205;28.395;29.09;793258
28.95;29.65;28.765;29.36;932999
29.6;29.65;28.36;28.605;876722
28.6;29.035;28.085;28.22;887148
28.19;29.15;28.17;28.84;1137857
28.125;31.5;27.8;31.175;3413231
31.5;32.5;31.32;32.395;2101712
32.025;32.9;31.7;32.35;1629570
32.625;32.925;32.075;32.2;857450
32;33.315;32;32.56;1276887
32.695;33.68;31.87;32.13;1376874
32.105;32.96;32;32.8;900759
32.655;33;32.45;32.92;548392
33.05;33.3;31.86;32.08;758634
32.225;32.405;31.51;32.275;634835
32.165;33;32.035;32.55;901331
32.55;32.69;32.135;32.28;525556
32;32.125;31.43;31.585;615589
31.62;32;31.5;31.67;448298
31.47;31.895;31;31.56;622565
31.8;32.63;31.725;32.47;694968
32.31;33.36;32.25;33.215;1055336
33.4;33.59;33.2;33.3;968272
33.155;33.75;33.085;33.55;484575
33.75;34.2;33.35;33.635;782026
33.76;34.345;33.6;34.15;851129
34.105;35;34.01;34.27;1061110
34.15;34.25;33.5;33.74;424014
33.855;34.28;33.23;33.295;848592
33.235;33.57;32.59;32.945;967084
33.02;33.5;33.02;33.2;781637
33.29;33.7;33.105;33.33;646543
33.655;34.425;33.5;34.315;642139
34.425;34.845;34.165;34.615;766661
34.4;35.015;34.31;35.015;753624
35.235;36;34.99;35.59;1232404
35.885;35.925;34.88;35.105;1206276
35;35.75;34.615;35.6;767672
35.9;35.9;34.89;35.185;927319
35.4;35.4;34.71;35.29;1029196
35.45;35.64;34.93;35.345;705894
35.245;35.56;35.05;35.55;1055338
35.58;36.68;35.58;36.5;1447476
36.52;36.68;36.165;36.255;749423
36.2;36.575;36.07;36.32;700649
36.2;36.4;35.255;35.46;999700
35.565;35.765;35.11;35.13;653713
35.135;36.32;34.9;36.32;1324296
36.21;36.365;35.56;35.825;942672
35.96;36.395;35.34;35.795;841747
35.8;36.155;35.56;35.62;687745
34.99;34.99;33.55;33.92;1788468
33.845;34.735;33.725;34.68;919510
34.765;35.16;34.42;34.86;841770
34.8;35.175;34.575;34.635;881683
35.1;35.435;34.805;35.35;882585
35.545;36.24;35.305;35.735;850308
35.91;36.785;35.87;36.6;1274056
36.6;36.985;35.77;35.92;1179174
35.905;36.55;35.905;36.15;1352040
36.055;36.37;35.655;35.72;881349
36.26;36.49;35.5;35.6;998128
35.93;36.255;35.295;35.475;1033580
35.65;35.835;34.89;34.89;1097139
35.05;35.25;34.45;34.745;881537
34.3;34.515;33.915;33.99;1086206
34.2;34.36;33.67;33.695;1046014
33.7;34.07;33.27;33.4;1333654
33.595;34.115;33.36;33.36;1081975
33.05;33.18;32.1;32.31;2030555
32.05;32.64;32.05;32.39;1030742
32.58;32.875;31.61;31.61;1324548
31.48;31.78;31.12;31.31;1316778
31.095;31.65;30.51;31.32;1369209
31.555;32.69;31.06;32.49;1615775
30.9;31.95;30.8;31.03;2419606
30.72;30.795;29.94;30.325;2279871
30.48;30.88;30.315;30.735;1603520
30.835;31.615;30.65;31.05;1550346
31.23;31.495;30.965;31.2;1116363
31.195;31.445;30.94;31.07;1764287
31.215;31.59;30.915;31.48;1230430
31.795;32.2;31.525;31.92;1345288
31.92;32.665;31.71;32.07;1235289
32.21;32.36;31.425;31.495;1522689
31.45;31.65;30.835;30.995;1386593
31.18;31.5;30.7;30.96;966770
31.3;31.7;31.1;31.43;803298
31.13;31.995;31.01;31.57;919117
31.73;31.75;31.1;31.27;801533
31.1;31.105;30.235;30.35;1246683
30;31.095;30;31.05;1089338
30.95;31.165;30.715;30.8;825445
31.24;31.48;30.85;31.19;886497
31.2;31.39;30.595;30.66;1130730
31.05;31.33;30.61;30.77;1123821
30.4;31.1;30.06;30.95;1733590
30.795;30.905;30.55;30.8;747327
30.68;30.965;30.505;30.81;979237
30.71;31.115;30.335;30.66;1075556
30.565;31.275;30.465;30.985;768754
30.96;31.665;30.96;31.315;920031
31.76;31.965;31.49;31.745;955846
31.945;31.95;31.25;31.545;898903
31.5;31.76;31.225;31.76;1466966
31.6;32.13;31.42;31.65;878715
31.71;31.78;30.85;31.05;1596208
31.15;31.725;31.15;31.71;655908
31.81;31.945;31.46;31.795;624496
31.98;32;31.555;31.7;733080
31.86;32.06;31.6;32.06;190341
32.1;32.37;31.9;32.37;374949
32.4;32.485;32.175;32.21;446884
32.21;32.39;31.87;32;452217
32.175;32.395;31.935;31.97;136247
32.1;33.35;32;33.35;1115411
33.225;33.87;33.05;33.765;1115818
33.67;34.465;33.6;34.435;1748833
34.2;34.435;33.605;34.075;1267773
34.1;34.45;33.7;34.22;1310799
34.37;34.46;34.02;34.15;929600
34.4;34.405;33.575;33.85;1238299
33.73;34.45;33.73;34.26;866634
34.56;35.6;34.23;35.14;2068709
34.91;35.085;33.575;33.885;1910902
33.98;34.18;33.665;33.785;594917
33.8;34.585;33.535;34.56;1323222
34.695;35.5;34.31;34.74;2137187
34.835;35.01;34.135;34.23;1201509
34.005;34.205;33.51;33.85;1057667
33.505;33.665;33.02;33.03;1143550
32.9;33.36;32.81;33.3;988136
32.82;33.145;32.61;32.745;947085
33.29;33.37;31.715;31.715;1639696
32;32.5;31.5;32.265;1435238
32.1;32.795;31.785;32.735;923822
32.795;33.105;32.4;32.805;1039498
33;33.21;32.62;33;871520
33;33.225;32.1;32.145;1050168
32;32.37;31.49;31.57;1503732
31.725;31.8;30.78;31.22;1108452
31.07;31.43;30.87;31.28;1031417
31.37;31.39;30.62;30.825;1941681
30.95;30.98;30.295;30.8;1359542
31.04;31.05;30.205;30.52;1041336
30.615;30.82;30.32;30.55;442720
30.765;31.42;30.555;31.34;1229277
31.6;31.92;31.48;31.685;1430192
30.685;33.95;30.4;33.645;5316177
33.45;34;33.28;33.835;1423870
34.125;34.4;33.65;34.16;1564205
34.22;34.42;33.38;33.51;1426175
33.58;34.18;33.28;34.115;1720077
33.97;34.205;33.14;33.205;1452130
33.43;33.835;33.21;33.835;1098304
34.145;34.485;33.995;34.34;1601999
35.32;35.435;34.85;35.205;2330523
35.25;35.6;35.085;35.385;1065143
35.21;35.39;35;35.235;1133102
35.34;35.94;35.29;35.85;879856
35.92;35.925;35.7;35.85;781791
35.73;35.935;35.64;35.73;922271
35.78;36.56;35.62;36.415;1376675
36.305;36.495;35.725;35.95;1140379
36;36.025;35.62;35.76;963530
36.02;36.17;35.645;35.645;827242
35.82;36.36;35.82;36.165;917475
36.255;36.735;36.15;36.62;1017821
36.485;36.885;36.38;36.5;716917
36.56;36.795;36.18;36.28;1276766
36.1;36.66;35.835;36.58;1010817
36.565;37.26;36.51;36.905;1139410
36.9;37.25;36.26;36.48;1300072
36.5;36.855;36.3;36.455;1549268
36.175;36.575;35.85;36.275;983367
36.42;36.475;35.88;36.2;1002283
36.3;36.55;35.88;35.93;733819
36.015;36.58;35.945;36.47;1022217
36.6;37.165;36.565;37.165;1030273
37.3;37.31;36.955;37.13;925813
37.02;37.2;36.2;36.355;1205872
36.245;36.375;35.68;35.85;1041141
36.42;36.7;36.2;36.435;1555595
36.745;37.09;36.605;36.685;952911
36.695;36.895;36.55;36.73;891765
37.05;39.17;37.03;38.835;4021955
39.05;40.135;38.76;39.9;3048967
39.525;39.865;38.84;38.88;2289037
38.91;39.63;38.745;39.425;1417667
39.2;39.865;39.095;39.415;1506503
39.51;39.61;38.685;38.78;1636809
38.8;39.17;38.05;38.36;1478448
38.405;39.59;38.07;39.285;1340200
39.97;40.3;39.515;39.65;1265780
39.65;39.65;38.155;38.155;1005929
38.005;38.275;36.9;37;2494022
36.98;37.6;36.75;37.44;1561090
37.68;38.64;37.48;38.155;1565979
38.01;38.15;37.655;37.935;507239
38.5;38.5;36.71;36.855;1504292
37.04;37.295;36.315;36.65;1934243
36.1;38.99;36.1;37.705;2894526
36.99;37.575;35.81;35.92;3929875
37.5;39.04;37.11;38.815;2931326
38.215;38.785;38.06;38.49;1199595
38.25;39.57;38.25;39.345;1617926
39.85;40.265;39.36;39.665;1092398
39.51;39.81;38.485;38.64;1361972
38.205;38.93;38.15;38.245;1348832
38.67;38.775;38.35;38.53;1388726
38.05;38.99;37.75;37.86;2177168
38.145;38.255;36.365;36.84;2303601
36.715;37.14;36.07;36.6;2808411
36.78;37.38;36.62;37.285;2120060
36.07;36.435;34.875;34.925;2576384
35.4;36.22;35.3;35.67;1832960
35.8;36.885;35.705;36.73;2166654
37.195;37.525;36.97;37.29;1836711
36.395;36.995;36.395;36.565;952504
36.705;37.47;36.13;37.2;2101541
36.865;37.63;36.85;37.47;1255143
38.335;39.25;38.24;39;2058797
39.07;39.295;38.205;38.43;1858136
37.85;38.03;36.935;37.155;2179770
37.515;37.72;36.14;36.5;1660414
36.85;37.19;36.32;37.14;1365656
37.14;38.45;37.135;38.07;1611360
38.605;38.8;37.83;37.91;1744850
38.29;38.7;38.05;38.35;1229043
38.2;38.795;38.17;38.715;1016627
38.9;38.92;38.055;38.35;1434184
38.345;38.82;38.2;38.4;1113317
38.58;39.135;38.53;38.885;1648664
39.35;39.74;38.78;38.9;1153975
38.97;39.53;38.78;39.525;1320550
39.23;39.74;38.85;39.41;1559534
39.74;39.79;38.965;39.2;1359732
39.28;39.53;38.42;38.48;1284290
38.62;38.67;37.45;38.005;1444770
37.77;37.77;36.66;36.745;1409501
36.895;36.9;36.14;36.295;1434604
35.87;36.41;35.02;35.25;1840036
35.6;35.64;34.755;34.78;1158770
34.985;34.99;34.575;34.625;773741
34.705;35.635;34.67;35.48;1030301
35.195;36.05;34.965;35.955;1243810
36.4;36.4;35.82;36.08;835718
36.3;36.6;36.185;36.28;720718
36.28;37.065;36.105;36.655;753005
36.36;36.915;36.33;36.555;1539284
36.88;37.75;36.7;37.36;1205002
37.275;37.575;36.525;36.715;1076017
36.95;37.165;36.16;36.24;956566
36.195;36.33;35.665;35.79;930467
35.91;35.995;34.325;34.635;2159224
34.935;35.175;34.46;34.48;1248987
34.255;35.11;33.95;35.08;1696766
35.035;35.55;34.72;35.37;1192506
35.75;35.835;35.075;35.37;778843
35.85;35.905;34.84;34.98;1561983
35.35;35.36;33.87;33.87;1743642
35.65;37.17;35.55;36.35;3659416
36.345;36.69;35.825;36.52;1818703
36.995;37.14;36.72;36.955;1070974
36.83;37.345;36.74;37.235;1029490
37.185;37.545;36.78;37.24;1161796
37.48;37.93;37.145;37.25;1096268
37.5;37.885;36.605;36.81;1151763
37.145;37.26;36.89;37.025;727560
36.96;37.13;36.38;36.64;929428
36.465;36.5;35.41;35.52;1106143
35.4;35.42;34.9;35.34;955489
35.5;35.685;34.84;35.375;659778
35.325;35.505;34.72;35.04;489157
35.21;35.92;35.195;35.81;753238
35.66;35.78;35.44;35.62;449619
35.85;35.96;34.89;34.89;936788
35.05;35.23;34.44;34.5;805473
34.44;34.94;34.39;34.45;534367
34.26;34.585;33.91;34.16;802417
33.97;34.155;33.345;33.63;1143743
33.83;34.18;33.69;33.88;526575
33.75;33.95;32.975;33.59;1025009
33.75;33.895;33.46;33.66;371511
33.315;33.495;33.025;33.36;939583
33.5;34.615;33.165;34.565;1473764
34.995;35.22;34.615;34.97;2074296
35.15;36.255;35.06;35.795;1610813
36.005;36.18;35.65;36.005;560474
36.015;36.085;35.22;35.385;762474
35.295;35.7;34.965;35.415;766518
35.045;36.44;35.045;36.44;1054673
36.44;37.125;36.31;36.92;1016363
37.25;37.36;36.435;36.515;857350
37.22;37.26;36.59;36.59;1499229
36.795;36.795;36.02;36.28;1117029
36.285;36.355;35.815;35.98;787468
36.215;36.895;36.15;36.25;1152267
36.305;37.185;36.25;37.06;818196
36.905;37.42;36.785;36.825;742672
36.925;36.94;36.07;36.165;696357
36.395;36.5;35.77;36.135;839991
35.955;36.7;35.9;36.67;660257
36.495;36.955;36.3;36.505;642529
36.575;36.76;36.17;36.48;641553
36.65;36.755;36.005;36.63;773225
36.615;37.065;36.405;36.8;1918158
37.16;38.47;37.1;38.295;2199163
38.4;38.46;37.33;37.345;1201504
37.495;37.87;37.25;37.845;961905
38.005;38.27;37.05;37.44;1533508
37.35;37.5;36.75;37.145;1342192
37.15;37.32;36.845;37.15;913159
37.16;37.3;36.96;37.11;453234
36.855;37.255;36.505;37.175;882343
37.27;38.54;37.17;38.54;1041983
38.4;38.645;38.05;38.22;979821
38.495;38.6;37.91;38.1;796561
38;38.3;37.85;37.965;552133
37.5;37.95;37.095;37.165;1728716
36.92;37.265;36.91;37.265;616324
37.095;37.795;37.01;37.775;971287
37.505;37.965;37.505;37.695;616114
37.665;37.83;37.24;37.335;661396
37.115;37.315;36.52;37.03;1105805
36.8;36.88;36.37;36.395;851206
36.585;37.18;36.53;36.78;1086479
36.715;37;36.49;36.655;637043
37;37.06;36.59;36.705;525179
36.645;37.39;36.555;37.36;848698
37.5;37.525;36.53;36.58;1004402
37.5;37.75;34.18;34.95;6008405
35.225;35.225;34.14;34.585;1955616
34.625;34.705;33.935;34.2;1783621
34.195;35;34.035;34.845;1837948
34.84;34.98;34.315;34.56;1303329
34.625;34.64;34.145;34.3;955620
34.015;34.235;33.83;34.09;1153386
34;34.62;33.8;34.48;760137
34.33;34.45;33.555;33.685;1129846
33.69;34.19;33.59;34.045;748388
34.27;34.77;33.99;34.695;1246504
34.985;35;33.04;33.595;3341717
33.9;34;33.595;33.765;1077106
33.75;34.035;33.56;33.81;1121794
33.74;34.08;33.525;33.96;941620
34.05;34.095;33.49;33.785;944758
33.615;33.875;33.3;33.485;789265
33.55;33.57;32.315;32.395;1624958
32.625;32.735;32.255;32.49;1385620
32.695;32.9;32.455;32.685;935901
32.535;32.845;32.32;32.8;1436191
32.86;33.845;32.8;33.52;1690318
33.595;33.595;33.09;33.375;820216
33.335;34.23;33.335;34;1435553
33.925;34.54;33.83;34.31;1120603
34.575;34.67;34.065;34.57;1041096
34.55;34.655;34.23;34.28;899151
34.25;34.395;34.01;34.215;1091095
34.105;34.41;34.1;34.205;859295
34.27;34.505;34.01;34.1;1115795
34.1;34.49;34.1;34.18;871926
34.655;35.13;34.44;34.8;2047136
34.88;35.14;34.78;34.95;675341
35.13;35.435;35.125;35.395;723046
35.265;35.75;35.115;35.42;841724
35.4;35.66;35.3;35.54;383995
35.5;35.65;35.3;35.42;72389
35.415;35.68;35.105;35.355;273258
35.495;35.6;35.4;35.52;332303
35.63;35.885;35.415;35.53;520435
35.545;35.855;35.53;35.63;364520
35.91;35.91;34.93;34.93;283169
35.05;35.93;35.05;35.895;556828
35.835;35.985;35.52;35.725;664680
35.64;35.95;35.455;35.93;829647
35.6;35.6;34.92;35.125;1439470
35.12;35.48;34.8;35.3;1354880
35.22;35.26;34.505;34.525;1132713
34.26;34.49;34.02;34.275;1883314
34.49;34.93;34.42;34.845;1554512
34.9;35.72;34.56;35.72;2277856
35.855;36.67;35.855;36.48;2399670
36.55;37.045;36.32;37.045;1433044
37.115;37.265;36.875;37.11;1195985
37.5;37.885;36.845;36.895;1684183
36.81;37.065;36.295;36.61;1046614
36.72;37.845;36.7;37.27;1274405
37.205;37.54;37;37.36;781184
37.36;37.55;37.22;37.31;707745
37.43;37.555;37.06;37.41;795983
37.475;37.995;37.305;37.695;891919
37.63;37.865;36.88;36.88;1043725
37.09;37.105;36.735;36.805;959945
36.91;37.42;36.69;37.27;908028
37.4;39.045;37.3;38.73;1888962
39.295;39.37;38.44;38.635;1316144
39.085;39.23;38.54;39.05;1140362
38.995;39.61;38.95;39.61;1167481
39.745;40.165;39.195;39.86;1431856
39.985;40.045;39.545;39.625;1288211
39.455;39.6;38.38;38.96;1662051
38.8;39.7;38.45;39.595;1048643
39.745;39.86;39.25;39.255;906116
39.075;39.405;38.75;38.985;800101
39.07;39.85;39.07;39.85;1328941
41.6;43.385;41.54;42.89;4827307
42.92;43.16;42.125;42.745;1909657
42.605;42.745;41.785;41.785;1135843
41.705;42.275;40.865;42.07;1390824
41.88;42;41.19;41.37;1395216
41.1;41.84;40.95;41.65;1111575
41.645;42.18;41.44;42.135;766955
42;42.6;41.65;42.34;817143
42.62;43.285;41.58;41.61;1177930
41.325;41.75;40.8;41.665;960772
41.68;42.05;41.425;41.81;713073
41.62;42.15;41.075;41.315;606509
41.21;42.25;41.185;42.025;974362
42.04;42.195;41.485;41.8;1084888
41.825;42;40.635;40.635;1241938
40.41;41.15;40.11;40.83;1190403
40.485;40.74;40.105;40.6;1071831
40.5;40.64;39.87;40.155;736740
39.59;39.89;37.91;38.82;2485954
39.015;39.4;37.65;37.81;1820093
37.945;38.75;37.85;38.57;1132463
38.9;39.49;38.72;39.095;1207420
39.5;40.205;39.3;40.205;884093
40.25;40.43;39.72;40;1078454
39.835;40.71;39.805;40.52;1423539
40.52;41.925;40.315;41.925;1322413
42.95;42.99;41.8;42.05;2044503
42.06;42.25;41.715;42.04;822026
42.1;42.17;41.225;41.935;933828
42.255;42.35;41.77;41.955;851124
41.88;41.95;40.985;40.985;936894
41.265;41.48;40.58;41.3;1940769
41.205;41.575;41.15;41.55;764589
41.62;41.92;41.3;41.845;639400
41.75;41.89;41.105;41.185;1044680
41.585;41.835;41.03;41.105;1032861
41.37;41.485;41.04;41.14;673992
40.945;41.33;40.71;41.295;692206
41.01;41.13;40.745;40.875;912174
40.82;41.645;40.82;41.42;859357
41.195;41.44;41.02;41.35;788519
40.79;41.335;40.3;41.2;1239705
41.2;41.3;40.2;40.335;941408
40.36;40.605;40.185;40.345;621476
40.865;41.365;40.65;41.34;1050852
41.505;41.59;41.21;41.435;652904
41.355;41.7;41.27;41.585;730690
41.8;41.895;41.45;41.64;1459554
41.6;41.6;40.8;40.8;1087914
40.83;41.3;40.83;40.915;481588
41.175;41.465;40.905;41.095;523950
41.105;41.39;40.845;41.19;1258922
41.47;41.63;40.32;40.51;2068456
41.7;42.035;40.57;40.585;1723216
40.69;41.245;40.285;41.09;1080649
41.2;41.485;41.12;41.4;1501433
41.43;41.64;41.22;41.405;1331418
41.46;41.66;41.255;41.44;1048342
41.155;41.35;41.01;41.275;865940
41.305;41.4;41;41.035;669044
40.915;41.095;40.595;40.89;546850
40.825;40.825;39.41;39.41;1546432
39.7;40.08;39.575;39.98;1024520
40.28;40.36;39.93;39.93;853240
40.005;40.5;39.98;40.1;782314
39.75;39.75;39.085;39.095;918526
39.125;39.425;38.87;38.87;824345
38.61;39.22;38.41;39.14;966957
39.01;39.5;38.91;38.965;541590
39.385;39.685;39.1;39.275;537789
39.33;39.61;39.3;39.565;239566
39.785;40.06;39.625;39.675;1134499
39.85;39.935;39.545;39.83;979308
39.445;39.445;38.71;38.71;659004
38.96;39.04;38.355;38.775;638425
37.665;37.92;37.54;37.56;794824
37.515;38;37.42;37.685;1108492
37.57;37.625;36.93;37.19;1114159
37.2;37.55;36.965;37.4;1130718
37.465;37.69;37.16;37.25;1302226
37.275;37.67;37.2;37.42;555326
37.8;38.57;37.77;38.57;1174892
38.49;38.49;38.135;38.255;1008675
37.555;37.845;37.08;37.465;1975705
37.6;38.155;37.24;37.84;1517299
37.5;37.66;37.415;37.42;837639
37.56;38.525;37.56;38.485;1081592
38.59;38.73;38.355;38.68;753378
38.485;38.575;37.3;37.34;1057833
38.205;39.295;38.1;38.745;1757506
38.73;39.045;38.48;38.69;957110
38.805;39.17;38.575;38.97;745010
39.09;39.855;39.005;39.855;902263
40.045;40.65;39.725;40.4;1192825
40.29;40.415;39.895;40.1;1119172
40.29;40.51;40.085;40.51;828867
40.55;40.6;39.85;39.995;886129
40.095;40.15;39.685;39.96;578908
40.075;40.97;39.92;40.95;997837
40.97;41.105;40.13;40.13;1034737
40;40.15;38.955;38.995;804110
38.305;38.35;37;38.275;1628117
38.045;38.6;37.85;38.47;867496
37.98;37.98;37.115;37.115;1077795
37.05;37.195;36.51;36.935;1255185
36.7;36.79;36.29;36.29;1075868
36.69;37.67;36.68;37.665;1156570
37.88;37.955;37.37;37.85;598117
37.95;38.525;36.825;38.48;1091938
38.78;39.15;38.555;38.81;693749
38.79;38.8;38.455;38.62;421798
38.625;39.11;38.135;38.865;962070
38.735;39.55;38.495;38.765;1154987
38.765;38.765;35;35.205;3954019
34.995;35.135;33.945;34.375;2217366
34.755;35.015;33.7;33.72;1601043
33.455;33.665;32.585;32.6;1407573
31.945;32.705;31.58;31.74;1641672
32.285;32.335;29.595;29.69;2376597
28.845;30.595;28.225;29.295;3294317
28.69;29.125;26.66;26.82;2844139
27;28.97;25.7;28.94;3629366
29.49;30.28;27.94;27.955;2343203
28.82;29.405;27.6;29.33;1769863
29.02;30.385;28.2;30.385;1773546
30.605;30.77;29.93;30.005;822311
29.905;30.185;29.06;30.005;693904
29.855;29.965;29.34;29.585;947889