91.55;93.15;90.1;91.75;757950
89.75;90.3;85;85.95;1799994
85;85.45;81;81.9;2222860
81.7;82.95;77;80.5;2263606
82.25;84.75;82.2;84;1487008
85.95;85.95;80.65;81;1868924
81.05;81.5;76.6;78.4;3643944
79;83.35;77.75;81.5;2638862
82;83.25;77.6;78.75;1661306
79.85;80.7;78.25;78.25;1558178
79.75;83.05;79.45;82.55;1789390
83.3;83.3;79.3;79.3;1607776
79.3;80.95;78.1;80.75;1365902
80.75;82.7;79.85;81.7;1697934
80.05;82.5;79.25;79.95;2260364
79.95;81.65;79.3;80;1863370
80;80.9;78.3;80.5;1756670
84.4;85;82.5;85;3164638
84.35;85.75;81.6;81.85;1863736
81.6;83;80.35;81.45;1150682
80;82.9;79.3;81.45;1396032
80.5;81.75;79.4;80;1565442
81;82.85;80.25;81.75;1269120
82.9;82.9;80.1;82.3;1576512
81.75;83.1;80.75;82.75;1611612
83.75;83.75;81.55;82;920794
82.5;83.35;77.8;77.8;1959082
78.25;78.85;75.05;75.35;1984752
75.5;75.5;70.8;71;3468828
72.35;75.2;71.6;75.2;1789878
75;75.15;72.25;73.75;1217352
74.75;74.75;69.65;70.75;1926844
70.65;71;66.25;69;3855160
68.5;72.5;66.35;70.2;3365962
71.35;71.35;64.55;64.55;3264364
65.5;68.2;64.9;65.75;2423676
66.5;68.15;64.5;65;2587872
67.25;68;65.75;66.9;2564994
68.7;71.85;68.6;69.75;2790324
71.5;76.3;71.4;76.3;4707810
78.25;79.15;74.1;75;3362946
80.1;81.8;77.25;78.75;4689362
79.5;80;75.05;75.95;1932456
76.4;76.6;74.05;75.3;1370632
76.5;76.5;73.25;74.6;976322
76.5;76.8;72.5;73.15;1160918
73;77.5;73;74.55;1491188
74.85;74.85;71.45;72.85;1181982
74.1;74.2;71.6;72.9;919094
74.35;75.1;72.3;72.65;1307200
73.5;74.2;72.5;72.75;761934
73.5;77.45;73.25;76.45;1379714
74.65;75.95;73.2;75.75;4209284
77.5;79.45;77.2;79.4;2357944
80;81.05;76.6;78.15;1722668
78.05;78.05;75.6;76.75;793424
75.55;79.6;75.45;78.05;1905414
79.5;81.5;78.65;80.25;1897746
80;80.85;77.5;80.25;1301284
80.85;81.1;77.65;79.2;1766030
80.25;81.25;78.4;81.25;1401542
81.25;83.1;81.25;82.75;1753098
81.75;82.5;79.1;79.75;2168582
79.75;79.75;74.7;75;2712356
67.5;69.35;66;66.95;9469934
69.95;69.95;64;64.45;4865784
66.7;67.65;65.95;66;3590134
66.45;66.45;62.25;63.25;4382226
65;68.25;64.55;66.55;2047210
68.3;69.25;65.2;68.9;1909264
70;70.75;66.3;68.25;1591912
67.2;68.65;65.8;68.25;1459281
68.8;70.3;68;70;2000898
70;70.7;67.8;69.75;1796666
68.8;69.7;66.6;69.7;1696105
65.5;69.7;65.1;69.4;1192272
69.4;69.65;67.1;69;1330351
68.15;70.5;66.1;68.7;1676071
68.5;70;67.1;70;811612
70.4;70.4;67.4;69.6;1188649
69.9;71.1;69.1;70.75;2733014
71;72.9;69.95;70.7;1850896
71.6;71.6;68.2;71.6;1323789
71.6;71.6;69.5;71.2;1043689
71.15;71.15;67.2;68.3;1657016
68.9;68.9;66;67.3;1505322
68.35;69.2;67.25;69.1;837433
69.85;70.1;68;69.65;763875
69.65;69.65;65.65;67.4;1306134
67.6;69.95;65.8;67;2465942
66.9;67.3;65.1;67;1753582
67.9;69.8;67.2;68.85;1395619
69.8;71.1;68.9;70;1391051
71.35;71.5;69.65;71.1;2054037
70.2;70.8;69;70.2;1097029
70.7;74.95;69.55;74.95;3080988
74.2;75.5;72.55;73;1438397
72.5;75.5;71.7;73.9;1379289
73.5;74.7;71.05;73.55;1267837
72.05;75.5;72;74.8;2154766
74;75.6;72.55;72.8;1255203
72;73;70;70;1595795
71;73.85;71;73;2164206
73.95;77;72.85;76.45;1814447
76;77.4;74.6;75.85;1813544
76.25;77.35;73.6;74.05;965759
73.05;77.5;73.05;76.85;1259627
77;79.3;76.25;78.6;1242569
78.6;79.55;77.1;77.85;940603
78.8;79;75.5;76.3;835493
77;77.3;73.7;74.45;1370111
74.6;74.75;72.6;73.5;1036796
74.5;74.6;72.85;73.5;1019318
73.6;74.1;72.2;73.45;1069741
74;74.75;72.6;74.2;677532
75.9;75.9;72.1;72.8;952326
72.8;74.4;72.2;73.7;425154
74.05;75.5;73.7;75.15;894555
75;75.7;73.15;73.15;838158
73.2;74.65;71.6;71.6;745994
72;73;69.55;73;1415422
73.9;73.9;71.8;73;802589
73.4;75;71.15;74;758353
74;77;73.1;77;2308037
76.95;77.5;75;75;1590125
75;75.2;71.6;71.6;2064189
72.8;74.35;72.4;74.35;895693
74.9;77;74;76;1041609
76.4;77.4;75.3;77.15;1228555
76.15;76.15;74.25;74.8;970085
76;77.5;75.6;76.9;1777460
76.5;78;76.4;76.4;747288
77.5;77.8;75.35;76.2;717497
76.25;78.5;76.05;78.3;1368084
78.3;78.5;75.7;77;884244
78;78;75;76.8;1104240
76.9;77.9;75;75;996074
76.3;76.8;74.6;75.1;516093
76.1;77.25;75.05;77;806291
76.05;77;75.4;75.5;802903
76.2;76.4;75.05;76.15;1073031
78;78;76.3;76.5;611406
77.15;77.8;76.1;77.4;657891
77.75;78.4;76.6;78;1869117
78;78.5;76.1;77.65;1159802
78;79.5;76.4;79.4;1238931
79.5;82.85;79;81.75;2541601
82;86.1;81.8;85.45;3757077
84.6;85.45;82.7;82.8;1746851
83;83.5;81.75;83;738081
82.15;83.5;82.15;83.5;563382
82.45;84.75;82.45;82.8;794289
80;80.6;77.25;78.25;4528802
78.5;78.75;77.4;77.7;1303366
78.2;79.7;77.95;78.6;730652
79.9;80.2;78.5;79.9;556456
80;80.6;79.25;79.95;302129
79.85;81;79.25;80.75;602661
81.25;81.25;78.3;78.8;909895
78.55;79.15;78.1;78.95;543580
78.9;79.8;78.1;79.7;659153
80;80;77.1;77.1;1396233
77.9;78.75;76.5;78.1;1085545
77.85;77.9;75.05;77;2011238
77;78;75;75.6;1474866
76.45;77.7;75.5;77.65;1435636
77.8;79.4;77.05;77.8;2817857
79;79.2;75.7;77.4;1796447
80.9;83;79.25;82.1;3996675
83;83.45;80.2;83;2183175
83.6;84.1;82.9;83.7;1324221
83.7;83.7;80.3;81.75;1643365
81.55;82.6;80.75;81.6;734135
81.9;83.5;81.3;82.85;1009835
82.85;83.6;82.5;83.4;1062784
83.85;84.25;81.6;83.25;674279
83.2;84;81.6;84;1052377
84;84.65;82.1;83;908625
83;83.6;82.1;83.6;837464
82.8;83.6;81.5;83.6;1153502
82.4;82.85;80.9;82.1;834663
82;83.4;81.2;81.7;1096963
81.2;82.65;81.1;81.35;764234
82.2;82.4;80.3;81;1309888
80.95;82.8;79.25;82.05;1395134
81.8;83;81.2;82.95;939385
82.75;84.5;82.3;84.25;1648881
83.5;85.4;83.4;84.7;1456267
84.7;85.4;83.65;85;1469137
84.4;85.05;81.8;83.7;2040915
81.1;85;81.1;82.5;1247820
82.05;82.2;79.4;80.4;1483448
79.9;81.6;79.6;80.6;1112229
80.05;83.15;80.05;82.75;1393866
82;82.4;81;81.95;750925
81.5;82;80.1;80.9;891700
80.4;81.45;79.8;80.9;1713834
80;80.5;77.7;78.5;1536690
78;80.25;77.1;78.45;1728221
76.5;81.3;76.5;80.5;1630754
81.5;81.6;79.1;81.3;961468
81.3;82.5;80.5;80.55;885781
79.9;82.9;79.6;80.3;1121199
81;82.15;80.6;80.6;892134
80.3;82.35;80.3;82;1316288
80.1;81.95;79.85;80;849902
80.6;81.4;78.3;78.75;1316325
79.9;80.95;79.2;79.8;925721
79.9;80.4;78.85;78.85;873477
78.85;79.8;76.2;76.75;1421817
77.95;79.15;77.5;78;975357
78.95;80.5;78;79.1;1594750
79.3;81.5;79.1;80.5;629343
81.45;82.05;80.8;80.8;1172396
81.7;81.7;77.1;78.55;2295493
79.4;79.4;76.1;76.1;1834761
77;77.6;75.15;76.15;2032015
74.7;74.85;72.65;73.05;5224342
71.25;73.5;71.25;73;2342730
71.5;72.7;70.5;70.5;2378213
68.6;69.8;66.6;69;2885613
68.05;71.9;68.05;70.5;2457818
70;73.5;70;73;1817076
71.65;73.9;71.4;73.5;1799573
72;73.5;71.45;71.45;1653161
70.5;71.35;68.25;68.5;1635797
67.4;69.35;67.35;67.9;2411428
67.05;69.4;66.7;67.9;1659654
67;70.2;67;70;1856841
69.5;72.25;69.5;71.5;1503895
71.55;72.2;69.75;70.1;1410882
69;70.75;68.7;69.2;5353951
68.25;70.9;68.25;70.8;1553677
69.2;70.65;68;69.25;2135756
69.25;70.6;69;69;1088693
69;69.3;65.7;65.7;1445245
65;66.6;61;65.9;3190537
67.4;67.9;64.25;65.4;1906591
65.9;67.45;63.35;65.45;2250982
63.45;64.5;61.5;63.15;4454182
64.2;65.6;62.1;62.5;2577488
63.4;64.35;62.45;63.5;2379323
64.3;64.8;63.15;63.75;1235762
63.75;65.6;63.15;65.5;1728731
65;66.75;64.85;64.85;2038219
65;66.4;63.1;64.8;2339446
63.4;64.8;62.9;63.6;1730904
63.95;64.6;63;63.65;1907516
63;64.45;62.65;63.55;1189922
64.45;65.1;63.85;64.05;1332672
63.9;65.7;63.9;64.6;1001604
65.05;66.25;64.65;66.25;1327206
66.45;67.6;65.6;66.9;749909
67.9;69.8;66.6;67.45;1359945
68.2;70.35;67.05;68.85;1434734
69.9;70.3;68.55;69.35;2113305
69.3;69.95;65.75;66.05;2527126
66.5;67.3;65.05;65.05;1771177
63.55;63.85;61.3;62.5;3987311
63;63.5;62.1;63.1;1377298
63;65.2;62.5;65.2;1432056
65.5;65.5;60.75;62.55;3265500
62.95;62.95;59.25;60.5;3156395
60.5;60.95;59.15;60;2587904
60.9;60.95;59.45;60.1;2185745
60;60.2;59.4;59.5;1905311
59.7;59.9;58.1;58.2;2626922
59.2;60.95;58.75;60.75;2473924
60.75;61.4;60.05;60.5;1890850
60.9;60.9;59.35;60;1779988
60.3;62.2;59.15;61.9;3707644
61.2;64.4;61.2;64;3304144
64.4;64.4;62.9;63.15;1346150
62.05;64.6;62.05;63.85;1402030
64.75;67.3;64.6;66.85;4358707
66.9;68.5;65.7;66.3;3192428
66.25;67.5;65.1;65.1;1635706
65.1;66.3;64.65;65.9;1347498
65.9;66.1;64.25;65.4;1399953
65.4;65.4;64.35;64.6;991203
64.95;65;63.65;64.6;951296
64;65.35;63.55;65;946812
64.5;66.9;64.3;66.75;1614720
67;67.8;66.1;67.65;2114231
67.7;69.4;67;69.05;2415471
67.7;68.9;67.4;68.5;1629544
68.8;68.8;67.2;67.85;1437234
67.3;68.6;67.2;67.6;621093
67.8;68.3;66.05;66.1;1613864
66.5;66.9;65.25;65.3;1441987
65.9;66.6;64.75;65.7;1357350
65.05;65.3;63.4;64.35;1534770
64.8;65.3;62.15;63;4651497
63.8;63.8;61.7;62.8;2117075
62.7;63.45;61.8;63.45;2568664
62.75;63.1;61.05;62.6;2148148
62.6;63.75;62;63.3;1392805
63.6;64.65;63;64.4;1407642
64.5;65;64.15;64.5;1158323
64.5;65;63.65;64.4;1110944
64.65;64.65;60.3;61.55;4436888
61.5;61.8;60.6;61.1;1723574
61;61.5;59.9;60.4;1311464
59.75;60.4;59.7;60.2;1534203
60.5;60.5;58.25;59.35;2324914
59.45;60.3;58.45;59.45;1661971
59.9;59.9;58.1;58.35;1529730
58;58.45;56.15;57.25;1778817
57.7;59.25;57.5;58.55;1932513
57.55;59.65;57.35;58.2;1860162
58;59.15;56.6;58.1;2486854
58.7;59.25;58.3;58.5;1545219
59;60.9;58.75;60.85;2037130
60.1;61.8;59.65;61.5;1544017
61;61.1;58.9;59.9;2267596
59.45;61.2;58.8;61.15;1841060
60.1;62.2;60.1;61.8;2467795
61.1;61.4;60.1;60.3;2059164
60.6;61.2;59.2;59.8;1848649
59;61.45;58;60.9;1915318
60.9;61.5;59.8;60.6;1713703
61.45;61.75;60.4;61.6;1652811
61;62.45;60.6;62.25;1400868
61.55;63.9;61.3;63;1654840
62.9;64;61.85;62.2;1191449
62.9;64.7;62.7;63.5;2629568
62.5;64.3;61.7;64;2704969
64.4;65.75;64.1;65.5;2365507
65.75;65.75;64;64.2;2764656
63.9;64.95;62.8;63.6;1090457
63;64.2;62.85;63.6;1430999
63.8;64.3;63.2;63.5;1466489
63.85;63.85;62.6;63.15;1208514
62.8;64.9;62.6;64.9;1984086
65;65.85;64.2;65.55;2800213
65.3;66.35;64.8;65.05;1778918
65;66.7;65;66.15;2256641
66.1;66.3;64.55;65.1;1469121
64.85;65.1;63.7;64.95;3928364
65;65.9;64.2;64.55;515798
65;65.95;64.55;65.15;1081505
65.15;65.85;64.25;65.3;787227
65;66.8;64.8;66.5;1960063
66.8;67.15;65.9;66.4;1569623
65.65;66.25;64.85;65.1;1219785
65;65.45;64.1;64.6;1732354
64.85;65;64.15;65;1257814
65.85;67;65.5;66.7;2022800
66.7;67.2;66.05;66.05;1400099
66.05;66.65;65.25;66;1130471
66.5;66.65;65.15;65.35;2738530
65.5;66.2;65.15;65.85;1671785
65.75;66.05;65.35;66;510475
66;66;64.75;65.45;1078896
65.25;66.45;65.25;65.7;725475
65.55;66.3;64.85;65.5;1224758
65.5;65.9;64.5;65.4;7638751
65.05;65.7;64.2;64.5;2385464
64.4;64.9;63.55;64.4;1619590
64.85;64.85;63.05;63.7;1566413
64;64.05;62.7;62.95;983447
62.85;63.4;62;62.8;1797085
62.7;63.25;62.1;62.35;1784192
62.2;62.7;61.55;61.7;1296058
62;62.35;61;61.5;1541762
62.4;63.15;61.85;62.7;1826009
62.6;63.1;61.75;62.3;3048828
61.7;62.25;61.2;61.6;1701602
61.6;61.95;60.1;60.1;1588520
60.3;60.8;59.25;60;2241863
60.2;61.4;59.7;60.5;1879233
60.95;61.15;60.1;60.5;1543968
60.55;61.5;60.5;61.05;1297754
60.35;61.2;60.25;60.9;1096591
61.4;61.6;60.25;60.9;2628529
61;61.7;60.9;61.25;1532261
61.5;63.35;60.2;62.65;2471268
62.65;63.05;61.8;62.5;2747521
62.55;63.6;62.1;63.25;1753683
63;63.9;62.65;63;1142532
63.5;63.8;63;63.2;1223184
63.3;63.3;61.9;62.15;1434904
62.05;62.15;60.7;60.85;1810993
61.25;61.45;59.85;61.45;1265369
61;61.9;60;60.35;2019067
59.8;61.7;59.35;61.3;1705217
62.7;62.85;61.3;61.5;2765449
62.4;62.4;60.8;62.15;1287915
62.4;62.4;61.2;62;943946
61.3;62.15;61.1;62.15;1423785
62.25;62.45;61.3;61.8;1885717
61.9;64.3;61.75;64.3;2821869
64;64.25;62.15;62.25;1749760
62.3;64.2;62;63.95;1810235
63.25;63.95;62.9;63.15;960058
63.65;64.2;62.4;62.6;4152480
63.25;63.45;62.25;62.5;2501953
63.15;63.65;62.5;63.2;2768124
63.65;64.45;62.9;64.45;1795132
64.5;64.65;63.35;64.55;1752127
64.35;65;63.85;64.5;1479454
64.5;65.1;63.65;63.8;2083694
63.4;64.2;63.25;63.8;1201491
63.2;64.6;63.2;64.4;1541761
64;64.2;63.5;64;1049818
63.65;64;63.3;63.4;707854
63.05;63.4;61.9;62.05;1803802
62.15;62.8;61.4;61.8;1338152
62.4;62.65;61.35;62.5;1158539
62.8;63.05;61.8;62.35;811849
62.35;62.5;61.6;61.9;488537
61.8;61.9;60.8;61.3;1121968
61.65;61.75;59.55;59.55;1829870
59.55;61.15;59.55;60.75;955392
60.8;61.3;60.2;60.95;1150823
60.3;62.3;60.1;60.95;1267992
61.3;61.8;60.35;61.75;928387
61.3;62.6;61.25;62;1010379
62;62.8;61.7;62.05;537786
62;62.6;60.7;61.15;1424613
60.85;61.5;60.3;60.5;2067445
60.9;61.55;59.2;60;2704361
59.7;60;57.8;58.55;3403658
58.5;58.55;56.85;57.35;1520661
57.9;58.6;56.15;57.25;1905636
56.55;57.15;54.65;55.1;2710873
55.8;56;53.35;54.5;2420604
54.7;56.05;53.25;54.7;2047567
54.25;55.05;52.05;53.5;2525959
53.5;55.35;48.25;49.9;3222822
47.4;51.9;47.1;50.35;2965386
50.35;51.75;49.1;50.5;1593234
50.25;51.6;47.1;48.6;2506955
47.7;51.7;45.75;50.3;2991729
49.5;49.85;48.5;49;2453036
49.6;50.3;48.5;48.92;1538296
48.52;49.72;46.23;46.95;1797006
46;46.47;42.32;46.34;3904369
46.33;48.4;46.33;48.4;2202884
48.05;50.75;47.53;49.2;2819432
49.3;53.7;48.85;51.55;2965002
51.65;52;50.2;51.65;2128404
52.5;53.3;52;52.9;2756630
53;53.25;51.6;52.4;1597927
51;53.45;51;52.7;1821787
53;54.2;51.25;53.95;2922801
54.8;55.6;53.7;55.05;2098488
55.05;55.2;53.05;54;2039223
53.1;53.15;51.85;52.4;1753403
51.7;53.2;51.7;52.05;1799490
51.4;52.75;51.1;52.75;2155596
52.7;53.15;51.35;51.4;2638418
52.3;54.25;51.65;53.7;3522801
53.05;53.9;52.55;52.9;1183633
53.3;55.2;52.75;55;2517808
56.25;58.5;56.15;57.6;4026810
57.1;57.2;55.85;56.5;1731677
56;56.8;55.15;56.7;1640377
56.9;57.2;55.7;57.1;913347
57.2;58.3;56.45;57.95;1958458
58.15;59;57.1;58.7;1883264
58.7;59.25;56.5;57.3;1901748
57.1;58.3;57;58.1;1276113
57.4;58;56.7;56.8;1824299
56;56.7;55.1;55.4;1810750
56.1;56.95;54.55;56.85;1324142
56.8;56.85;55.75;56.75;833656
56.25;57.4;56.05;56.9;855806
56.95;57.85;56.7;57.85;1057666
57.8;57.95;56.9;57.25;1491628
57.6;58;56.6;58;1932509
57.5;59;57.3;58.3;2100389
58;58.3;57.4;57.4;1585964
57.05;57.6;53.6;55.05;1837521
56.2;57.85;55.8;57.55;2336219
57.1;58.15;57;57.7;2026690
58.05;58.95;56.85;57.5;1651778
57.1;57.8;57;57.3;1281652
57.95;58.6;57.4;57.9;2394789
58;58.35;56.8;57.65;1354517
57.95;58.75;57.55;57.8;1767283
58;58.45;57.8;58.2;1237624
58.1;58.5;57.6;57.9;1359995
58.5;59.85;58.3;58.8;3056026
59.4;59.95;57.2;57.2;3455987
57.1;57.65;56.7;57;10181669
56.3;57.8;56.3;57.65;1886020
57.8;58.4;57.2;57.85;1839927
57.2;57.9;56.8;57.9;1204159
57.95;59;57.55;59;1557717
59.1;59.8;58.15;59.5;1885043
59.5;60.75;59.35;60.75;2906944
60.1;61.1;59.6;59.75;1887949
59.9;60.05;59;59.05;1228920
58.75;59.45;58.4;58.7;1645833
58.5;58.85;57.2;57.4;2146399
57.6;57.8;56.6;57;1843145
56.5;57.3;55.8;56;1600608
56.4;57.8;55.65;57;1500584
56.9;57;55.55;55.8;2582015
56;56.75;54.75;56;2537887
55.5;56.35;55.15;55.65;1839672
55.2;56.9;55;56.55;1779430
56.1;56.55;56.05;56.5;208018
56.6;57.95;56.5;57.8;1484042
58;58.4;57.5;58.4;1465959
58;58.5;57.25;57.55;1187878
57.8;57.95;56.5;57.4;2004714
57.4;57.9;56.25;56.95;2714399
56.9;57.2;56;56.3;1697816
56.7;56.75;55.5;55.65;2227269
55.7;56;54.4;55.55;2431206
55.1;55.65;54.05;54.8;1849966
56.7;58.4;56.6;57.75;7060560
57.5;57.7;56.7;57;2221455
57;57.65;56.8;57.65;2755898
57.15;57.7;56.3;56.65;1653378
56.85;57.4;56.3;56.8;1790371
56.25;57.45;56.1;57.1;1900183
57.15;57.25;56.3;56.9;1111620
56.7;58.2;56.5;58.15;2003906
57.5;58.8;56.8;57.15;4297114
57.15;58.1;56.8;57.35;2274226
57.85;57.85;56.6;57;1608668
57.35;58.05;57.1;57.85;1525252
57.9;58.1;56.8;56.8;1835192
56.8;56.95;55.7;56.1;2697533
56.85;57.6;56.2;57;2442027
57.55;57.9;56.65;57.55;1314281
57.1;57.5;55.25;55.55;2390144
55.2;55.9;54.6;55.3;2415683
55;55.5;53.8;54.6;2439166
54.3;54.95;53.1;53.7;2823709
53.5;54.15;53.25;53.7;1381405
53.7;54.25;53.7;54.15;1184540
54.3;54.65;53.85;54.25;1519963
54.25;54.7;53.6;54.25;1395790
54.55;55.15;54.25;54.9;2516802
54.55;55;54.2;54.4;1759665
54.25;54.6;53.55;53.75;1032491
53.25;53.8;51.3;51.35;3975329
51.9;52.1;50.95;51.75;2708958
52.5;52.5;51.5;51.85;2254403
51.25;51.75;50.3;51.7;2263453
51.9;52.3;50.55;51.2;2653852
51.65;52.3;50.75;50.9;2108081
51.2;51.75;50.3;51;2318852
51.2;52.5;50.75;52.2;2708620
52.2;54.55;52.15;54.35;3659727
55.25;55.8;54.65;55.25;2320155
55.25;55.7;54.45;54.65;1797751
53.8;54;50.75;51.75;7291498
51.95;52.65;51.05;51.75;3733046
52;53.75;51.65;52.9;3523929
53;53.9;52.45;53;1904436
53;53.1;51.8;51.95;2092482
52;52.4;50.9;51;2868078
50.9;51.65;49.23;50.8;4794070
50.1;51.5;50.1;51.5;2570401
50.55;52.95;50.55;52.6;2187495
53;53.15;51.05;51.2;3076707
51.1;52.85;50.75;52.7;2799820
52.1;52.6;51.3;51.35;1654274
51.6;51.95;51;51.7;1608347
51.85;53.05;51.75;52.3;1538334
52.8;53.4;51.75;53.2;1770561
53.45;53.85;53.05;53.8;2659409
53.9;54.5;53.65;54;3605761
54;54.7;53.55;54.65;2270686
54.25;54.85;53.4;53.95;2420182
53.2;54.1;52.35;53.25;1694735
53.05;53.3;52.15;52.15;1529726
52.2;52.55;51;51.4;1963897
51.9;52.8;51.75;52.4;1942336
52.05;53.1;52;52.8;1261042
52.1;52.25;51.2;51.25;2554911
51.3;51.75;50.15;51.2;2531521
51.85;51.85;50.5;51.05;1389856
51.2;51.8;50.95;51.75;1889640
51.95;52.6;51.4;51.55;1254199
51.55;52.2;51.15;51.2;1576340
51.2;51.35;50.55;51.1;1422041
51.05;51.2;49.6;50.4;2529088
50.2;51.1;50.15;50.4;3539427
51;51;49.75;50;1974326
49.9;49.97;48.66;49.75;2238203
49.75;49.99;49.18;49.52;1953865
49;49;48.1;48.75;2810785
48.2;48.72;47.55;48.45;6176901
48.51;49.19;47.66;48.3;1446947
47.75;48.25;47.05;47.4;2143365
47.51;47.69;47.06;47.25;1838128
46.99;47.44;45.8;46.82;3835101
47.3;48.92;47.04;48.92;2267679
49.18;49.18;47.76;48.16;1435272
48.39;49.14;48.16;48.16;2281487
47.8;49.89;47.5;49.15;1884530
49.75;49.98;48.6;49.79;2725314
50.05;50.95;49.8;50.4;2607522
50.55;51.4;49.95;50.65;2725521
50.95;51.6;49.99;49.99;2194645
50.45;50.85;49.9;50.15;696819
50;51.4;49.4;50.95;2352948
50.3;51.05;49.75;49.75;1913131
49.98;50.15;49.25;49.68;1449089
50.2;51.75;50.05;51.25;3570263
51.75;53.3;51.6;52.35;3520951
52.75;53.9;52.55;53.15;3436050
53.1;53.4;52.7;53;8807136
52.9;53.65;52.3;53.3;3129913
53.3;54;53.05;53.95;2279805
53.6;54.4;53.55;53.6;1452625
53.4;53.5;51.65;51.65;2501510
51.95;53.5;51.3;52.75;2529712
53.1;54.3;53.05;53.25;2177797
52.8;53.4;52.15;53;2583021
53.1;54;52.85;53.2;1676128
53.6;55.3;53.6;55.15;4740002
54.55;55.15;54.25;54.25;2700116
54.65;55.6;54.5;54.95;3678835
54.3;54.7;52.65;53.6;4417741
53.6;55.25;53.05;55.15;2685558
55.5;56.5;54.9;55.9;4187159
55.6;55.8;55;55.7;2034514
55.35;56.05;54.5;54.8;3381770
54.05;54.4;52.5;52.7;4510842
52.8;53.15;50.5;51.7;3272008
52.55;53.25;52.25;53.05;2932485
50.35;53.3;50.2;53.15;3733920
53.6;54;52.6;53.75;2148572
54.35;55;53.6;54.8;2880952
54.05;55.45;53.85;55.25;2124064
54.55;54.9;53;53.15;2213100
53;54.05;51.55;52;2209728
52.95;53.2;51.3;52.5;2417682
52.5;53.8;52.5;53.75;2287677
53.3;54.75;53.15;53.95;1738493
53.65;54.35;52.35;53.4;1949088
52.3;52.95;49.75;50;2973757
47.7;48.15;45.2;45.5;7376338
47.05;47.6;45.15;46.53;3821339
46.55;47.45;44.62;44.62;2773147
45.7;45.7;41.36;42.52;5061044
41.36;46.33;40.99;45.74;4137653
46.46;48.28;45.74;46.41;2327919
46.4;46.41;42.87;42.87;3442304
42.4;43.07;40.48;40.48;2863591
41.01;42.4;38.95;39.9;3447584
39.05;40.75;36.33;40;6052765
42.9;42.96;40.31;41.7;4266272
41.5;42.2;39.39;41.06;2687148
41.89;44.25;40.52;44.25;3641734
45.48;45.74;43.6;44.36;2632682
45;46.45;42.07;44.4;3004839
44.6;45.2;40.2;40.44;2887774
40.99;41.94;39.7;41.54;2828256
41.9;41.9;38.07;38.07;2547632
38.09;42.36;38;41.45;3976006
41.45;42.7;39.77;39.96;3219042
41;42.17;40.38;41.64;3832363
42.4;42.85;40.65;42.47;4046277
42;42.39;40.12;40.81;1588797
41.06;41.4;39.75;41;1588341
40;41.5;39.9;39.9;1562369
41;42.69;40.9;42.4;1674672
42.4;42.9;40.59;42.36;943243
42.3;44.69;42.01;44.69;1778151
44.06;44.86;43.28;43.94;1709464
44.15;45.5;43.77;44.4;1805426
45.08;46.29;44.83;45.85;2142712
45.89;46.4;45.15;45.15;1548408
44.87;45.8;43.79;43.79;1004004
44.5;46;44.1;46;2636365
46.5;46.95;44.3;44.3;3720460
44.58;45.7;43.79;44.6;3168995
45.1;46.4;44.9;45.87;3475251
45.49;45.8;44.11;44.65;1691961
44.53;45.73;43.61;43.67;3203584
43.2;46.32;42.75;45.54;3351195
45.83;46.15;43.82;45.49;2492356
45.71;46.8;44.5;46.78;1806046
46.55;47.1;46;46.11;1666085
46.5;48.24;46.5;48.2;1974580
48.2;48.95;47.52;48.2;2045108
47.5;47.8;45.81;46.2;2315169
45.7;46.53;44.9;46.05;2682012
46.15;46.5;45.17;45.57;1338171
46.8;47.75;45.56;45.8;3359619
44.55;45.76;43.66;44.35;6435079
44.45;44.45;43.1;43.13;3166431
43;43.29;41;41.45;4747579
41.55;42.68;40.36;40.84;2975547
40.8;40.97;39.03;39.98;3255037
39.3;42.08;39.2;40.88;2661749
41.55;43.05;41.2;43.05;3935627
42.8;43.35;41.67;42.52;1798542
41.32;41.36;39.15;40.6;3179650
41;41.5;39.6;41.18;2383429
42.02;43.8;42.02;43.8;3590442
43.3;43.3;41.78;42;2396119
41.85;42.4;40.51;41.05;2589101
40;40.9;39.61;40.03;2560031
40.4;41.3;38.6;38.69;2644389
39.35;39.88;38.65;39;2936194
38.76;40.62;38.27;40.35;2051187
39.99;42.39;39.55;42.39;2871795
39;42.85;39;41.7;1617509
42.5;44.2;42.2;44.2;2544483
43.15;45.4;42.75;43.81;2292443
44.66;45.84;44.56;45.84;2830614
46.61;46.63;44.21;45.71;1930122
45.2;46.29;44.66;45.64;1641122
45.89;47.1;45.32;46.19;2558647
46.7;46.8;44.29;44.4;1827967
45.2;45.91;44.32;44.75;2084663
44.6;45.39;44.05;45.14;1420085
45.9;46.78;45.59;46.15;1653620
46.14;46.62;44.35;44.71;2606959
45.27;45.5;44.25;45.5;2688859
45.3;47.2;45.25;46.88;2525724
46.2;46.6;45;45.59;1303685
46.53;47.2;46.01;46.93;1751296
46.42;47.55;45.91;47.25;2036187
47.95;47.95;45.52;46;1923930
45.81;46.8;45.15;45.4;2133275
45;46.07;44.61;44.84;1391299
44.28;45.2;44;44.77;1173716
44.7;45.85;44.13;44.9;1406642
44.7;45.27;43.86;45.14;1650910
45.24;46.91;44.32;46.44;2350853
46.63;46.95;45.92;46.23;1681443
46.2;46.89;46.11;46.38;1449523
45.79;46.38;45.5;46.29;1086158
46.4;46.7;44.7;45.44;1568170
46.22;46.79;44.87;46.47;2737408
46;46.09;44.06;44.76;3670660
44.8;44.92;43.66;43.79;2051132
43.86;44.36;42.58;42.77;2151161
43.4;44.75;42.06;44.75;10879737
44.75;45.19;43.9;44.12;1743832
44.3;45;43.8;44.16;1869926
44.8;45.35;43.2;43.32;2111254
43.49;43.93;41.27;41.42;4105189
41.42;42.32;41.15;42.31;2850455
42.51;44;41.03;41.74;2541053
41.84;42.4;40.22;41.5;2093931
42.7;42.7;40.61;41.23;2017923
40.69;41.92;40.62;41.92;2600302
41.92;42.85;41.58;42.76;2249385
42.4;42.98;41.21;41.45;2599035
41.5;41.58;40.11;40.89;2425481
40.4;42.48;40.15;42.31;2795475
42.95;42.95;40.75;40.95;2862888
40.9;42.34;40.47;41.51;3053881
41.91;42.45;40.4;41.1;2699244
41.1;42.31;40.38;40.56;2447841
41.05;41.94;40.92;41.61;1503532
42;42;40.58;40.86;631251
40.25;41.5;40.22;40.62;924794
41.29;41.59;40.46;41.5;1461160
41.53;42.5;41.1;42.43;1248732
42;43.9;41.96;43.9;2391833
44;44;42.25;42.5;2168174
43.11;43.2;42.1;42.53;2030999
42.8;43.35;41.63;41.81;1963192
41.5;42.24;40.73;40.8;2367987
41;41.96;39.8;41.96;3046222
40.8;41.15;39.7;40;4972782
40.3;40.98;39.81;40.05;2123173
40.46;40.94;39.75;39.94;1960570
40.15;40.3;38;38.23;4544754
38;38.5;37.55;37.55;3948258
37.35;37.84;36.52;36.54;4063498
36.8;37.54;36.65;36.92;2136788
37.45;38.06;36.25;36.25;3797594
36.26;36.77;34.76;34.79;5397058
35.2;35.68;34.41;35.02;3263734
35.1;36.36;34.6;35.21;3474619
35;35.13;32.99;32.99;3216941
33.5;33.93;33.17;33.69;3291739
33.5;35.48;32.9;35.39;5561557
35.64;37;35.6;36.59;4235325
35.99;37.55;35.51;37;3216659
37.36;37.5;36.65;37.26;2189937
37.05;37.25;35.51;35.6;2898252
35.5;37;35.3;36.72;2333205
36.45;37.39;36.01;36.51;2507530
36.79;36.8;35.01;35.54;1904992
35.55;35.94;34.83;35.3;1362082
35.9;36.46;35.55;36.23;1328480
36.09;36.18;35.02;35.1;1628191
34.67;35.45;34.27;34.99;1417913
35.4;36.68;34.74;36.1;2467840
36.6;36.94;36.26;36.75;1537031
36.7;37.39;36.25;37.29;1806611
37.4;37.4;35.98;35.98;1540604
36.46;36.94;35.21;35.32;2012540
35;36.18;35;36.1;1611287
36;36.65;35.4;36.03;1502790
35.84;35.94;34.6;34.6;2117159
35.25;35.39;33.78;33.94;9840481
33.45;35;33;34.82;2776744
35.15;35.45;34.15;35.15;2115957
35.47;36.15;35.12;35.35;1560394
35.15;35.2;33.55;34.21;1987757
34.2;34.89;33.31;33.81;2140022
33.9;34.5;33.47;33.47;2170666
33.22;33.22;31.78;31.78;2840468
32.39;32.39;30.55;30.65;2353435
30.7;31.43;30.59;31.05;2471240
31.11;31.3;29.2;29.35;4800992
30.9;31.8;29.92;31.66;4299348
32.28;34.81;32.1;34.81;4090138
33.07;36.9;33;36.59;3541730
36.59;37.96;35.62;36;4423591
36.23;37.59;34.92;37.2;2667878
36.8;38.2;36.5;37.04;2154127
37.39;38.9;37.22;38.36;4036270
37.66;37.9;35.75;35.75;2796011
35.45;37.47;34.4;37.47;2514314
37.05;37.6;36.43;37.1;2365226
36.39;36.87;35.75;36.15;1597687
36.17;36.57;35.74;36.32;1859665
35.2;35.9;34.21;34.71;2835135
34.72;35.01;33.65;35.01;2791597
35.99;37.23;35.1;37.18;2283152
37.2;37.6;36.52;37.21;2105709
37.23;37.75;36.52;37.56;1971245
38;39.74;37.63;39.1;4650174
38.8;39.4;38.02;38.2;4940274
38;39.2;37.22;38.1;5804098
37.7;37.7;36.68;37.15;3140016
36.95;37.81;36.21;37;4251226
36.62;37.85;36.58;37.68;2292259
38.41;39.79;38.2;39;6885167
39.8;39.86;37.8;38.15;3619038
37.8;38.15;37.06;37.87;2377331
37.87;39.11;37.22;38.72;4255394
39.49;39.83;38.2;38.28;4380434
38.05;39.25;37.8;38.04;2538480
38.03;38.38;37.1;37.25;1716048
37.25;39.1;37.25;38.95;1740860
38.95;39.7;38.02;38.37;3040280
38.69;39.53;38.31;38.97;2663581
39.33;39.5;38.19;39.5;3052555
39.5;40.32;39.49;40;2154722
40.35;40.59;39.43;40.59;3006566
40.59;40.75;39.9;39.9;2690687
39.9;40.1;38.5;38.5;1891099
38.5;39.1;38;38.76;1749671
39.52;39.52;37.86;38.49;1988492
38.75;39.44;38.15;38.54;3875105
38.6;39.43;38.05;38.13;2011301
38.16;38.82;37.81;38.61;2061463
38.76;39.45;38.25;38.96;1791474
38.27;38.3;37.26;37.26;2222468
37.5;38.28;36.8;37.95;2310247
37.95;38.1;36.4;37.35;4177785
37.81;38.03;37.31;38.03;2317800
38.55;38.79;36.72;37.38;1583342
37.11;38.28;36.75;36.93;716835
37.01;37.37;36.05;37.27;2157255
37.55;38.19;37.05;38;1870348
37.93;38.33;37.55;37.86;829935
37.36;38.53;37.3;38.07;2346683
38.3;39.02;37.82;39;2086751
38.35;38.37;37.61;37.99;3172388
38;38.58;37.71;38.5;2161171
38.4;38.79;37.06;37.98;1791756
38;39.43;38;38.79;2908267
38.36;39.14;38.1;38.43;2260306
38.3;39.8;38.29;39.39;2689641
39.8;41.27;39.7;40.87;4224820
41.89;42.56;41.5;42.36;4449211
42.36;42.58;41.05;41.37;5733069
41.3;42.17;41;41.99;2081427
42.46;43.5;42.26;43.38;3305273
43.5;44.1;42.8;43.35;2693859
43.3;43.5;42.54;42.74;3119332
41.5;43.9;41.5;43.6;4190010
42.73;43.2;42.12;42.4;2426085
42.45;42.55;41.32;41.73;4308293
41.75;42.32;41;41.67;3258690
41.36;43.15;41.31;42.75;3877176
43.1;43.23;42.13;42.44;2534771
42.23;43.61;41.9;42.68;4787210
42.68;42.94;41.24;41.7;2778198
42.1;43.25;41.98;42.77;2061604
42.82;43.15;42.2;43.01;1970893
42.67;43;41.5;41.8;3410236
42;42.49;41.75;42.44;2614711
42.49;43.19;42.15;42.8;2284111
42.8;43;42.07;42.26;2279535
42.02;42.37;41.58;42.1;2196018
41.51;42.9;41.51;42.39;2819091
42.6;42.89;42;42.51;2138724
42.26;43.25;42.25;42.69;2829170
42.88;43.49;42.25;42.45;1696443
42.47;42.68;41.75;42.22;2198840
42.44;42.8;41.87;42.3;1571333
42.59;42.59;41.37;41.57;1573685
41.6;41.76;41.05;41.52;1545175
41.7;41.7;40.54;41;2232713
40.65;42.51;40.53;42.51;3312107
41.76;41.9;40.63;41.05;2536679
41.32;42.04;41.15;41.39;1601210
41.03;41.73;40.46;40.74;2731355
40.45;41.45;40.42;41.17;1861781
41.4;41.86;40.6;41.24;2328008
40.96;41.22;39.66;39.98;2839050
40;40.75;39.6;39.8;1518006
40.06;41.02;40.04;40.68;1632663
40.13;40.68;39.9;39.95;1658971
40.74;40.84;40.06;40.51;1866404
40.81;41.95;40.67;41.1;2556709
41.49;41.78;40.92;41.4;1199790
41.75;41.75;41.2;41.34;1406189
41.52;41.75;40.72;41.11;1518916
41.3;41.68;40.85;41.62;1465631
41.68;42.21;41.44;41.82;1041550
42.25;42.26;41.48;42;1114596
42.18;42.65;42;42.32;1683845
42.33;42.57;41.66;41.96;1216450
42.24;42.68;41.81;42.42;1544702
42.15;43.49;42.15;43.06;1797425
42.85;42.93;42.33;42.56;1076101
43.05;43.6;42.16;42.37;2094792
42.94;43.16;42.42;42.75;1453398
44;45.38;43.97;45.29;7675981
45.5;46.32;45.4;45.4;4434743
45.97;46.1;45.33;45.61;1375428
45.45;45.7;44;44.73;2605201
44.88;45.44;44.33;44.94;3225222
45.07;45.45;44.55;44.94;2269574
44.99;45.3;44.42;44.9;1710950
44.85;45.1;44.53;44.88;1276276
45.11;45.24;44.08;44.44;1794994
44.48;44.48;43.63;43.9;2173637
43.6;44.1;43.5;43.83;1668156
44.34;44.75;43.91;44.42;2261424
44.85;45.17;44.52;44.79;1471538
45.1;46.04;44.85;45.81;2204897
46.1;46.85;45.9;46.03;2581251
46.36;46.36;45.63;46.34;2687097
46.5;46.8;45.71;46;3074619
45.5;45.72;44.62;44.62;2019663
44.63;45.04;43.8;44.43;2264604
44.51;45.19;44.32;44.63;1651423
43.99;44.44;43.59;44.1;2055744
43.85;44.43;43;44.11;2097870
44.1;44.45;43.43;43.98;2102107
43.75;44.17;42.46;43.2;2976219
43.21;44;42.4;43.9;3411120
43.9;44.49;43.81;44.25;2689670
44.25;45.5;44.05;45.37;2130894
45.5;45.65;44.82;45.13;1501403
45.25;45.5;44.08;44.47;1882950
44.12;44.5;43.42;43.79;2913074
44.15;44.83;43.76;44.72;2195398
45.23;45.56;44.34;44.4;2869509
44.76;45.38;44.6;45.06;1525631
45.49;45.5;44.6;44.84;1486133
45.16;46.01;44.78;45.2;2602507
45;45.66;44.83;45;1634331
45.18;46;44.82;45.33;2190978
44.9;45.66;44.7;45.12;1593610
45.56;45.73;44.5;44.56;1881398
44.68;45.19;43.91;44.1;2298024
43.74;44.66;43.55;44;2180081
43.7;44.23;43.2;43.81;1666312
44.03;44.55;43.61;44.3;1227873
44.34;44.96;44.28;44.83;1665754
45.1;45.25;44.8;45;1707173
44.83;46;44.8;45.37;2591431
45.28;45.42;44.8;45.16;1578843
45.14;46.35;45.13;46.1;1935503
45.76;46.6;45.76;46.23;1560960
45.88;46.35;45.35;45.84;1666066
46.11;46.49;45.36;45.83;1470212
46.29;46.5;45.64;46.2;1761974
45.8;46.48;45.65;46.09;1519853
45.63;45.96;45.55;45.78;1104278
45.55;45.99;45.22;45.53;1727224
45.94;46.1;45.11;45.4;2150723
45.21;46;45.13;45.83;1548048
45.13;45.55;44.66;44.68;2199075
45.25;45.4;44.51;44.85;1321424
44.07;44.85;44.07;44.64;1780696
44.85;44.85;43.6;44.15;2151671
43.82;44.26;43.51;44.2;1870187
44.33;45.24;44.3;45.09;1704934
45.35;45.7;45;45.2;2067591
45.49;45.8;44.81;45;2705309
44.99;45.49;44.82;45.1;1651289
45.15;45.44;44.31;44.95;3538222
45.59;45.7;44.98;45.35;2535858
45.08;45.32;44.24;44.43;3197916
44.18;44.5;43.83;44.41;3682317
44.34;44.49;43.62;43.95;2599293
44;44.15;43.22;43.55;3071772
43.45;43.45;42.6;43.04;2368889
43.06;43.47;42.71;43;2792021
42.9;42.99;42.33;42.75;2439961
42.8;43.25;42.76;43.16;2695546
43.25;43.5;42.35;42.69;2964197
43.25;43.3;42.3;42.6;2665426
42.29;42.94;42.29;42.64;2705241
42.7;43.15;42.31;43.12;3263113
43.12;43.68;42.67;42.75;2999982
43;43.16;42.19;42.5;3191319
42.1;42.65;42.1;42.25;2034125
42.4;42.49;41.65;42.1;1936848
41.98;42.3;41.86;42.25;529457
42.2;42.65;42.15;42.63;1175352
42.8;43;42.54;42.7;1327700
42;43.72;42;43.52;1047137
43.6;43.9;43.32;43.84;806079
43.7;43.92;42.7;43;2434814
43.25;43.55;42.8;43.1;2405546
43.2;43.25;42.52;42.73;2531935
43.01;44.07;43.01;44.07;3732333
42.65;43.23;41.6;41.6;6628046
41.87;41.88;40.76;41.79;2948131
41.83;42.3;40.99;41.19;2372082
41.19;41.3;40.76;41.29;3388807
41.27;41.98;41.07;41.2;3711989
41.4;42.36;41.32;42.3;3004343
42.39;42.41;41.4;41.64;2787522
41.6;42.22;41.32;41.4;2459862
41.58;42.23;41.5;41.94;2230903
42;42.9;42;42.61;3475943
42.89;43;42.16;42.35;2634370
41.74;41.9;40.78;41;4486357
41.5;41.5;40.42;40.85;4370144
40.95;41.05;40.37;40.6;2953468
40.37;40.65;40.09;40.36;2135566
40.55;40.63;40;40.12;3033951
40.36;40.37;39.9;40.15;2589620
40.15;40.8;40.12;40.66;3150165
40.38;41.06;40.24;40.24;2490834
40.26;40.68;40.21;40.41;2369272
40.5;41.05;40.34;40.6;1480963
40.75;40.98;40.23;40.58;2683618
40.37;40.85;40.28;40.81;2078590
40.88;40.88;40.4;40.58;2337746
40.89;41.5;40.72;41.2;3143069
41.02;41.51;40.5;40.6;2953951
40.58;40.84;40.38;40.74;1531063
40.96;41.43;40.66;41.14;1774687
41.44;43.21;41.14;42.9;7682538
43.1;44.71;43;44.11;10405634
44;44;42.9;43.06;3738857
43.18;43.38;42.77;42.81;1973752
42.71;43.1;42.08;42.55;3468543
42.73;43.9;42.59;43.5;4220889
43.89;44.25;43.61;44;3516752
44.25;44.43;43.02;43.55;2713947
43.84;44.09;43.11;43.57;2720913
43.9;43.9;42.82;43.54;2596128
43.48;43.49;42.84;43.41;2399569
44;44.28;42.9;43.08;3910700
43;43.78;43;43.69;3046289
43.67;43.78;43.27;43.44;2043203
43.4;43.55;43;43.1;2728511
42.84;43.1;42.7;42.94;2478871
42.32;42.57;41.01;41.44;4606664
40.75;41.5;40.5;41.38;3224362
41.25;41.82;40.33;40.66;4045908
40.57;41.08;40.05;41;2704857
41.37;41.95;41.01;41.9;2907492
41.63;41.91;40.93;41.27;2386693
41.29;41.49;40.62;40.8;3074533
40.52;40.58;40.02;40.28;2147330
40.45;40.69;39.61;39.95;3095680
39.95;40.3;39.15;39.55;3388413
39.95;40.42;39.71;40.1;3027102
40.5;40.78;40.12;40.2;2587315
40.2;40.7;40;40.6;1911795
40.6;40.67;39.81;40.1;3328678
40.35;40.7;40.12;40.14;3233570
40.34;40.95;40.27;40.81;2643997
40.94;41.12;40.16;40.98;5219560
40.88;41.12;40.51;41.11;3006744
40.7;40.8;40;40.12;5973430
40.25;40.5;39.87;40.28;3130118
38.9;39.24;38.72;39.09;6922992
39.4;39.5;39;39.3;2595758
39;39.1;38.78;38.8;2270914
38.9;39.28;38.68;38.77;2505066
38.9;39.71;38.64;39.15;4609587
39.12;39.39;38.54;39.31;2361474
39.49;39.73;38.75;38.93;3307887
38.59;39.24;38.44;38.9;10342326
38.89;39.32;38.63;39.18;3849808
39.38;39.98;39.35;39.49;2305066
39.53;40.17;39.45;39.85;4842436
39.9;40.95;39.9;40.38;3950326
40.57;40.57;39.71;39.71;7031012
39.71;40.14;39.43;39.86;4426296
39.19;39.19;38.23;38.71;3854032
38.5;39.08;38.3;38.92;1454067
38.83;39.4;38.62;39.1;9185548
38.97;39.46;38.7;39.3;2806154
38.88;39.29;38.52;38.67;2420957
38.6;38.8;38.1;38.2;2095052
38;38.19;37.11;37.42;3082627
37.66;38.18;37.47;38.03;5559365
38.12;38.29;37.6;37.7;1766461
38;38.1;37.55;37.95;1685294
37.81;38.26;37.5;37.7;2139857
37.3;37.3;36.77;37.17;2824118
37.5;37.62;37.11;37.55;1471356
37.82;38.62;37.81;38.34;3458796
38.06;38.21;37.85;38.05;1162413
38.16;38.39;37.8;37.83;1327247
38;38.7;37.94;38.4;1848972
38.7;39.3;38.53;38.73;4418101
39.55;39.69;39.24;39.32;4295406
39.54;39.74;39.14;39.57;4166452
39.74;40.4;39.66;39.99;4555825
39.9;40.09;39.75;40.06;525267
40.06;40.1;39.06;39.51;2208278
39.85;40.47;39.76;39.95;2507545
39.88;40.05;39.22;39.62;2401518
39.83;40.44;39.54;40.27;3193940
40.28;40.64;39.72;40.15;2637916
40.39;40.39;39.02;39.54;4227984
39.16;39.73;39.07;39.27;2775378
39.1;40.8;39.1;39.77;5007834
40.26;40.3;39.87;39.89;2019191
39.75;39.93;39.13;39.49;1888170
39.49;39.96;39.33;39.66;1812471
39.77;40.02;39.43;40;2165371
39.81;40.25;39.81;39.91;3299918
39.61;40.23;39.56;40.23;5057380
40.33;40.5;40.04;40.17;1959171
40;40.4;39.69;39.87;1767397
39.88;40.31;39.61;39.89;5615339
40.28;40.6;40.12;40.6;2851083
40.4;40.9;40.4;40.49;2384782
40.2;40.97;39.9;40.88;2601425
40.64;40.71;40.32;40.44;3677899
40.36;40.5;39.88;39.88;3194991
40.07;40.27;39.33;39.53;3855081
39.22;39.32;38.75;39.02;3122487
38.9;39.31;38.73;38.9;1338531
38.95;38.98;38.1;38.33;3602594
38.31;39.5;38.23;39.21;3498136
38.95;39.3;38.65;39.2;2400576
39.5;39.88;38.81;39.5;3169651
39.24;39.74;39.06;39.29;1411450
39.55;39.55;39.12;39.3;1396432
38.91;39.21;38.65;39.13;1439265
39.28;39.75;39.1;39.17;2972031
39.17;39.53;39.04;39.23;1717554
39;39.38;38.76;38.86;1133855
38.91;39.51;38.64;39.31;1673065
39.75;39.75;39.21;39.3;1518450
38.83;39.04;38.62;38.72;1943052
38.74;38.99;38.5;38.59;938473
38.59;38.65;37.92;38.02;1831086
38.21;39.25;38.03;38.92;3099054
39.04;39.23;38.51;38.85;1861286
38.87;39.72;38.87;39.61;3331511
39.37;39.9;39.17;39.63;1978988
39.28;39.5;38.91;39.29;1700948
39.31;39.41;38.91;39.22;1460013
38.85;39.08;38.46;38.95;1559440
39.24;39.5;39;39.11;1267674
38.55;38.82;37.86;38.08;2548648
38.08;38.23;37.52;37.7;1661872
37.62;38;37.5;38;1377715
37.97;38.22;37.25;37.72;1970592
37.93;38.2;37.25;37.65;2759543
37.57;37.97;37.25;37.64;1904416
37.46;38.13;37.23;37.92;1634401
37.92;38.25;37.72;38.03;1677687
37.84;38.01;37.52;37.88;1240318
37.93;38.25;37.63;37.87;1152124
38;38.03;37.33;37.82;1267855
38.2;38.62;38;38.32;1313416
38.45;38.73;38.12;38.51;1321283
38.65;39.05;38.6;38.8;1932008
38.99;39.28;38.86;39.16;1568019
39.2;39.63;38.82;39.14;1905243
39.22;39.3;38.81;38.9;1307274
38.75;38.9;38.14;38.58;3661925
39.89;40.97;39.75;40.81;9815769
40.98;41.94;40.71;41.75;6475063
41.87;41.94;41.32;41.92;3344293
41.81;41.91;41.39;41.6;2334360
41.6;41.76;41.36;41.57;1833158
41.58;41.6;40.95;41.01;3037864
41;41.2;40.85;40.96;2586376
41.03;41.5;41.02;41.3;1354281
41.6;41.94;41.52;41.94;1785471
41.75;41.85;41.45;41.72;1848487
41.72;41.96;41.44;41.52;2135326
41.68;41.68;41.13;41.22;1781008
41.31;41.94;41.11;41.9;3157070
41.8;41.9;41.22;41.49;1501075
41.47;41.5;41.15;41.35;1809350
40.5;40.6;39.59;39.87;8975988
39.58;39.71;38.82;39.11;6450331
39.11;39.19;38.56;38.97;3331886
39.17;39.17;38.65;38.94;1863679
38.83;38.94;38.55;38.65;2017862
38.71;39.14;38.51;38.51;3452825
38.73;38.75;37.66;37.87;6000636
37.87;38.2;37.69;37.98;4994613
38.05;38.45;38.05;38.26;4166989
38.02;38.09;36.9;37.28;7620436
37.28;37.42;36.4;36.89;4483678
36.96;37.25;36.69;36.87;2979996
36.88;37;36.3;36.42;4610115
36.37;36.74;36.2;36.2;2761083
35.91;36.17;35.59;36.05;4792169
35;35.19;34.45;35.05;9987944
34.81;35;34.47;34.6;4645168
34.5;34.97;34.45;34.72;3831528
34.8;34.9;34.26;34.5;3962612
34.55;35.12;34.55;35;5287715
34.6;34.91;34.5;34.85;2794360
35.08;35.12;34.52;35;3216210
35.17;35.17;34.53;34.67;2613412
34.25;34.25;33.67;33.7;3259958
33.69;34.08;33.44;34.07;2950079
34.06;34.48;33.82;34.46;2996822
34.65;34.88;34.42;34.55;3206304
34.44;34.54;34.26;34.33;2486537
34.19;34.65;34.16;34.52;1463581
34.5;34.72;34.34;34.66;2493525
34.9;35;34.62;34.9;2947646
34.59;34.92;34.28;34.41;3067053
34.79;34.9;34.52;34.72;4266104
34.76;35;34.62;34.93;3187224
35;35.39;34.92;35.11;3362467
35.23;35.52;35.1;35.2;2562440
35.17;35.45;35.05;35.4;1836582
35.55;35.6;35.09;35.3;2344030
35.21;35.48;35.2;35.36;1619146
35.65;36.68;35.5;36.09;7260375
36.28;37.14;36.2;36.91;7074338
36.99;37.08;36.26;36.5;3787996
36.6;36.87;35.81;35.9;4384743
35.8;35.92;35.44;35.5;2435357
35.62;35.87;35.35;35.36;2077172
35.45;35.94;35.31;35.65;3106675
35.7;36.21;35.67;36.1;2138446
36.04;36.1;35.6;35.98;1805606
35.85;36.48;35.63;36.17;3287388
36.15;36.45;35.57;35.74;3287370
35.73;36.16;35.6;36.13;2351971
36.25;36.47;36.2;36.38;2598357
36.35;36.58;35.99;36.28;2299051
36;36.22;35.85;36.16;1390788
36.14;36.46;35.97;36.3;1759624
36.04;36.28;35.8;36.2;1862137
35.93;36.27;35.57;35.74;2671357
35.95;36.18;35.82;36.09;2597248
36.15;36.67;36.1;36.54;2745406
36.6;36.8;36.29;36.65;3428922
36.58;36.7;36.21;36.42;2571613
36.43;36.58;35.99;36.13;2447110
36.19;36.3;35.51;35.51;4282005
35.37;35.68;35.1;35.1;3308651
35.15;35.31;34.9;35.05;2745265
35.19;35.28;34.9;35.1;2815345
35;35.23;35;35.16;1746859
35.1;35.16;35.04;35.16;555955
35.1;35.54;35.1;35.27;1924677
35.35;35.49;35.25;35.3;739283
35.4;35.44;35.03;35.21;2470359
35.22;35.29;34.99;35;1227800
35.05;35.16;34.8;35.04;920225
34.97;35.65;34.97;35.36;1839382
35.38;35.85;35.32;35.62;2512443
35.29;35.49;35.14;35.4;3043474
35.35;35.85;35.19;35.73;3453823
35.68;36.4;35.6;36.25;3801593
36.25;36.9;35.76;36.9;5004350
37.12;37.12;36.45;36.66;4240751
37.6;37.84;37.25;37.43;8970882
37.65;37.65;36.94;37.02;3529224
36.89;37.6;36.86;37.47;2297806
37.54;37.9;37.39;37.9;1905515
37.86;38.06;37.54;37.96;8757322
38;38.32;37.87;38;3835782
37.92;37.92;37.62;37.72;2196543
37.51;37.85;37.51;37.75;1472017
38.31;38.75;38.2;38.57;5719484
38.6;39.23;38.58;39;3278421
39.12;39.21;38.68;38.94;3192636
39;39.1;38.58;38.97;2044123
39.07;39.23;38.74;38.9;1793604
39.17;39.58;39.03;39.55;2440443
39.39;39.7;39.05;39.59;3295447
39.68;39.78;39.01;39.46;4479913
40.3;40.97;40.24;40.24;7796350
40.59;40.85;40.13;40.7;3861809
40.79;40.95;40.45;40.86;2991705
40.93;40.95;40.46;40.58;2263257
40.56;40.57;40.05;40.41;2258115
40.38;40.38;39.9;40.17;2041401
40.17;40.33;39.9;40.33;1988850
40.2;40.3;39.67;39.78;2301144
39.78;40.08;39.56;40.05;2570802
39.81;39.95;39.48;39.77;2529219
39.65;39.81;39.53;39.8;2366668
39.58;40.15;39.41;39.99;3379722
40;40.2;39.75;39.92;2248086
39.96;40.19;39.57;40.19;2262971
39.92;39.94;39.51;39.59;2504397
39.55;39.55;39.13;39.21;2169664
39.43;39.5;39.03;39.3;1807048
39.44;39.97;39.36;39.55;2198789
39.21;40.05;39.08;39.94;2727547
39.95;40.06;39.72;40.06;2429525
39.89;40.1;39.67;39.99;1394948
40;40.06;39.83;40.05;1652451
40.01;40.39;39.9;40.23;1733613
40.16;40.67;40.15;40.34;2264828
40.55;41.2;40.25;40.5;4129688
40;40.49;39.75;40.18;3908244
40.5;41.2;40.4;40.69;3215723
40.59;40.7;40.34;40.51;1908979
40.5;40.54;40.17;40.41;2116885
40.27;40.27;39.75;39.95;3050777
39.82;39.94;39.6;39.6;2099943
39.8;40.07;39.61;39.86;2745311
39.8;40.3;39.72;39.86;1980921
39.9;40.23;39.43;40.12;1985553
39.69;40.2;39.63;40.2;1590216
40.21;40.74;40.01;40.66;2189306
40.44;40.78;40.1;40.69;2148737
40.56;41.15;40.56;41.04;2652719
41.22;41.38;40.86;40.94;1949207
40.84;41.35;40.6;41.27;2189531
40.84;40.9;40.42;40.66;2092625
40.9;41.2;40.71;41.17;3574714
41.15;41.46;41.07;41.32;3682341
41.21;41.54;40.98;41.31;2111413
41.5;41.96;41.33;41.42;2157852
41.3;41.55;41.13;41.19;2271897
41.18;41.32;40.84;40.98;2073180
41.51;41.97;41.42;41.75;3865314
41.77;41.99;41.6;41.6;2806267
40.91;41.33;40.9;41.05;3420226
40.5;40.51;39.95;40.35;6215541
40.68;40.72;40.24;40.26;2610613
40.35;40.53;39.92;40.02;1960660
39.97;40.4;39.97;40.33;1816188
39.88;39.89;39.09;39.11;3595452
38.97;39.17;38.27;38.45;3862459
38.59;38.59;38.12;38.42;2236511
38.03;38.21;37.5;37.67;3164282
37.82;38;37.4;37.62;2046806
37.3;37.89;37.26;37.5;1819768
37.55;37.95;37.51;37.9;1314292
37.95;38.5;37.81;38.35;2297053
38.43;38.59;38;38.46;1527848
38.6;38.97;38.26;38.86;1564872
38.89;39.18;38.62;38.83;1910005
38.75;38.95;38.71;38.91;1666055
38.75;39;38.66;38.8;1683932
38.5;38.9;38.31;38.57;2079575
38.59;38.63;38.16;38.54;2198746
38.45;38.6;37.97;38.23;2304163
38.01;38.78;38.01;38.63;1561342
39;39.48;38.83;39.46;3621917
39.48;40.3;39.48;40.25;2813938
40.21;40.55;40.19;40.36;1950417
40.36;40.92;40.13;40.74;3626555
40.75;41.19;40.75;41.19;2372991
41.1;41.14;40.56;40.78;2246540
40.53;40.64;40.17;40.33;1860179
40.23;40.7;40.23;40.53;1380040
40.76;40.76;40.43;40.7;1489580
40.6;40.79;40.26;40.76;893643
40.63;40.65;40.25;40.3;1944776
40.3;40.95;40.13;40.88;1543872
40.86;40.99;40.36;40.75;1531942
40.85;41.25;40.82;40.97;1850531
41;41.15;40.72;40.89;2329822
41.09;41.2;40.44;40.93;2280209
40.85;40.85;40.05;40.31;3363225
40.31;40.32;39.5;40.04;3503629
40.2;40.36;39.66;39.88;2675193
39.77;39.96;39.28;39.7;2033593
39.51;39.92;39.36;39.76;1835129
39.82;40.04;39.58;39.76;1979797
39.96;40.16;39.79;40.07;1982137
40;40.14;39.77;39.87;3484914
39.73;39.8;39.25;39.49;2683280
39.6;39.91;39.31;39.76;2337860
40;40.12;39.75;40.1;2880916
40.16;40.66;40.03;40.28;2408413
39.93;39.99;39.64;39.88;1985713
39.54;39.87;39.25;39.59;2750429
39.5;39.96;39.4;39.9;1689453
39.96;40.24;39.72;40;3438639
40;40.43;39.9;40.1;2748516
39.95;40.53;39.86;40.4;2196822
40.42;40.42;39.83;39.95;1599541
39.87;40;39.63;39.79;1636845
40;40;39.62;39.76;2428530
39.75;39.87;38.2;39.26;5826385
39.54;39.76;39.25;39.5;2911669
39.75;39.97;39.65;39.7;2389972
39.7;40.12;39.6;40;2417742
39;39.2;38.69;39.05;8205367
39.3;39.32;38.98;39.13;2485192
39.28;39.35;38.92;38.95;2451381
38.99;39.23;38.92;39.06;1497698
39.22;39.67;39.17;39.54;3261172
39.22;39.65;39.19;39.5;2360524
39.7;39.75;38.8;39.12;3440511
39.15;39.41;38.88;38.97;1714749
39.2;39.25;38.75;38.8;1906944
38.66;38.85;38.5;38.68;1779500
38.66;38.88;38.6;38.78;1668993
38.98;39;38.71;38.81;1663149
39;39.08;38.79;38.94;1615343
39;39.01;38.62;38.76;1311371
38.69;39.84;38.65;39.77;3339283
39.89;39.89;39.22;39.28;1956148
39.2;39.6;38.79;39.07;1887868
38.77;38.98;38.53;38.56;2235020
38.72;38.88;38.59;38.64;813207
38.55;38.95;38.5;38.91;1473961
38.91;39.37;38.91;39.22;1994218
38.87;39.22;38.71;38.84;1475157
38.76;38.94;38.56;38.6;1623928
39.21;39.6;38.67;38.68;3322444
39;39.33;38.7;38.73;1999446
38.79;38.83;38.33;38.6;2238462
38.53;38.89;38.26;38.7;1424690
38.89;39.27;38.8;39.14;2007628
39.3;39.37;38.89;39.03;832801
38.95;39.3;38.7;38.71;1514871
38.61;38.78;38.1;38.46;2575033
38.34;38.38;38;38.27;1654887
38.27;38.45;37.89;37.89;1597954
37.75;37.81;37.56;37.68;1846725
37.69;38.03;37.46;37.46;3100864
37.4;37.88;37.38;37.67;3466220
38.61;39.17;37.85;38.15;5061141
37.98;38.2;37.55;37.6;2712295
37.68;38.06;37.68;37.75;1330267
37.71;38.13;37.69;38.06;1758477
38;38.39;37.84;38.15;2741426
38.38;38.47;37.83;37.9;1767411
38.03;38.2;37.75;38;1935311
38.1;38.22;37.7;38;2072860
38;38.18;37.69;37.7;2071212
37.8;38.04;37.65;37.8;2117197
37.68;38.06;37.68;37.8;1932560
37.85;38.35;37.85;37.96;4195593
37.9;38.17;37.63;38.05;1976572
38.01;38.26;37.91;38.25;2948277
37.91;38;37.74;37.77;2963413
37.6;37.62;37.21;37.34;3948214
37.33;37.47;36.91;37.16;3238485
37.19;37.94;37.19;37.58;3094243
37.39;37.61;37.3;37.39;2026883
37.41;38.07;37.41;37.93;3010891
37.97;38.18;37.7;37.78;2675809
38.3;38.49;38.16;38.28;3645230
38.4;38.58;38.19;38.32;2013690
38.17;39.33;37.9;39.22;4602842
39;39.14;38.72;38.78;2833916
38.41;38.68;38.14;38.45;3097145
38.16;38.79;38.16;38.53;2142879
38.61;38.78;38.34;38.4;1154406
38.45;38.74;38.27;38.29;1535192
38.38;38.78;37.91;38.27;2700044
38.1;38.71;38.1;38.4;2615781
38.21;38.57;38.16;38.45;2039231
38.5;38.5;38.14;38.35;1474752
38.31;38.34;37.85;38.1;2879729
38.02;38.26;37.3;37.3;2832604
37.3;37.96;37.3;37.44;2231693
37.2;37.75;37.15;37.27;2232467
37.3;37.74;37.26;37.62;1278671
37.94;37.94;37.57;37.63;1614928
37.73;37.88;37.22;37.26;1845863
37.15;37.18;36.42;36.47;3446598
36.3;36.58;36.05;36.44;2506212
36.8;37.11;36.73;37.1;2471484
36.98;37.12;36.86;36.99;1755727
36.81;36.98;36.6;36.77;2331155
36.89;37.24;36.66;37.15;2525730
36.98;37.3;36.81;37.28;2148350
37.12;37.25;36.81;37.07;1736859
37.1;37.73;37.05;37.43;3304743
37.33;37.55;36.92;37.23;1990905
37.52;37.64;37.15;37.3;1700552
37.74;37.95;37.57;37.95;2085798
37.85;38.05;37.63;37.75;1616554
37.75;37.97;37.55;37.75;1447488
37.7;37.74;37.26;37.59;1838489
37.59;37.82;37.1;37.24;2047408
37.64;37.74;37.25;37.65;2091470
37.8;37.84;37.33;37.55;1350372
37.73;37.73;37.15;37.45;1749433
37.71;37.71;36.79;37.18;3587409
37.2;37.3;36.85;37;1967597
37;37;36.8;36.95;1903245
37.1;37.25;36.83;36.88;3152223
36.83;37.05;36.72;36.9;1555608
36.76;37.09;36.76;36.9;4176121
36.96;37.33;36.91;37.28;2715955
37.4;37.9;37.35;37.84;3226217
37.7;37.81;37.33;37.45;2546257
37.56;37.82;37.35;37.75;2072204
37.71;37.8;37.35;37.54;2140674
37.34;37.65;37.18;37.62;4050099
37.45;38.26;37.34;38.02;4520759
38;38.5;38;38.45;3798992
38.26;38.59;38.12;38.5;4056196
39;39.22;38.5;38.5;6650527
38.44;39.42;38.33;39.22;7149023
39.4;40.35;39.4;40.22;11148196
40.04;40.8;40.03;40.38;4545344
40.05;40.34;39.95;40.28;3212646
40.13;40.16;39.65;40;3422583
39.99;39.99;39.46;39.55;2220813
39.45;39.58;39.31;39.57;1274291
39.49;39.98;39.4;39.79;876354
39.8;40.07;39.6;39.66;1169889
39.8;39.99;39.56;39.9;960811
39.9;39.91;39.3;39.58;1445022
39.7;40;39.5;39.85;1036069
39.82;40.54;39.82;40.27;3999280
40.55;41.18;40.4;40.99;4861758
40.99;41.29;40.72;40.88;3046587
40.9;41.36;40.9;41.22;2390799
41.35;41.51;41.1;41.22;3327105
41.13;41.15;40.74;41.08;2162002
41.29;41.29;40.77;41;2155800
39.85;40.1;39.63;40.05;7177586
40;40;39.36;39.65;3559160
39.46;39.55;39.22;39.45;2587937
39.2;39.43;39.05;39.29;4393332
38.78;38.8;38.27;38.45;7134947
38.61;38.7;38.5;38.57;3039381
38.56;38.67;38;38.17;4301568
37.9;38.1;37.61;38.1;3660809
37.95;38.31;37.75;38.12;4189075
38.39;38.59;38.21;38.54;3059380
38.36;38.85;37.99;38.31;4937349
37.85;38.65;37.66;38.45;6589649
38.5;38.95;38.33;38.67;3131724
38.7;39.12;38.61;38.86;3040725
39.25;39.4;38.75;39.17;3376474
39.12;39.49;38.41;38.5;3424429
38.75;38.77;38;38.36;3520812
38.4;38.74;38.4;38.55;1784495
38.71;38.91;38.1;38.44;3306743
38.21;38.49;37.93;38.37;2306716
38.69;38.8;38.15;38.78;3646314
38.7;38.88;38.45;38.67;2275450
38.56;38.84;38.38;38.8;1922342
38.77;39.16;38.45;39.14;2576296
39.32;39.75;39;39.1;4075233
39.44;39.52;39.05;39.42;2540324
39.25;39.74;39.25;39.69;3256559
39.61;39.64;39.15;39.38;1248810
39.49;39.58;39.26;39.38;3412842
39.36;39.68;39.2;39.63;1971551
39.8;41.09;39.66;40.87;8722302
40.99;41.5;40.81;41.26;3546888
41.25;42.52;41.17;42.4;7131586
42.2;42.2;41.35;41.66;4387922
41.51;41.7;40.89;41.5;3545841
41.55;42;40.86;40.98;3351297
40.87;41.19;40.57;40.97;2700198
41.3;41.38;40.67;40.86;1560986
40.6;40.66;40.25;40.66;3044428
40.64;41.06;40.15;40.25;3232674
41.45;42.5;40.8;42.3;9719603
42.5;43.52;42.31;42.78;7290268
43.14;43.48;42.81;43.16;3117270
42.99;43.5;42.52;42.79;2622777
42.78;43.19;42.6;42.99;2350117
43.29;43.38;42.7;43.05;2648279
43.1;43.57;43.06;43.51;4540913
43.53;43.84;43.05;43.16;2361957
43.23;43.39;42.8;43.05;2009171
42.6;43.19;42.31;43.02;3605816
43.03;43.57;42.85;43.03;2800399
43;43.74;42.95;43.63;3287995
43.64;43.65;43.35;43.46;2137002
43.44;43.49;42.52;42.79;3220215
42.89;43.22;42.79;42.91;2101352
43.39;43.73;43.3;43.54;2947712
43.35;44.2;43.22;43.9;3850191
43.9;43.96;43.44;43.9;2684440
43.9;43.9;43.36;43.45;3068692
43.51;43.79;42.96;43.19;2926851
43.16;43.4;42.82;43.19;2110506
43.23;44.16;43.19;43.6;4421628
43.6;43.66;43.3;43.6;1691409
43.85;43.9;43.11;43.26;2215512
43.29;43.29;42.65;43;2289242
44.95;45.15;44.35;44.57;10468575
44.68;44.84;44.1;44.5;2883275
44.98;45.13;44.5;44.95;3221067
44.95;45.41;44.7;45.27;2963068
45.4;45.7;45.1;45.7;2596989
45.5;45.75;45.22;45.7;2367310
45.8;46.58;45.8;46.41;4797887
46.11;46.34;45.92;46.19;2637206
46.19;46.24;45.29;45.83;3726998
45.83;46.31;45.3;45.98;2522397
45.96;46.27;45.75;46.05;6608554
46.2;46.5;45.84;45.91;3704805
46;46.08;45.05;45.45;4663611
44.6;45.24;44.32;45.16;4752844
45.29;45.49;44.88;45.21;1797102
45.29;45.43;44.91;45.43;1714027
45.27;45.88;45.1;45.75;3489248
45.64;45.88;45.35;45.75;5952952
45.6;45.7;44.78;44.82;6494034
44.51;44.65;44.17;44.32;7316334
44.42;45.33;44.37;45.32;5009010
45.02;45.19;44.05;44.05;3522399
44.2;44.52;43.32;43.93;4781583
43.9;44.59;43.81;44.22;4024274
43.97;43.97;42.82;42.98;3626900
43.18;44.15;43.18;43.73;4747455
43.5;43.76;43.1;43.67;3953220
43.67;44.35;43.12;44.35;2496947
44.52;45.37;44.37;45.34;4645929
45.17;45.35;45.01;45.3;862902
45.34;45.62;44.95;45.15;5235171
44.8;45.49;44.79;45.25;5191921
45.01;45.52;44.87;45.5;3009273
45.6;46.2;45.48;45.81;2909891
45.63;45.8;45.18;45.38;1463408
44.75;45.3;44.45;44.71;4025147
44.86;45.34;44.35;44.96;3160410
44.04;44.73;43.8;44.19;5358467
44.6;45.2;44.25;45.18;4728052
45;45.28;44.72;44.95;3349856
44.07;44.56;43.81;43.88;5379809
43.62;43.87;43.41;43.73;3842801
43.86;44.3;43.8;44.3;3942138
44.5;44.88;43.69;43.81;5548791
43.86;44.22;43.42;43.73;3253086
43.51;43.94;43.36;43.78;2151186
43.8;44.46;43.66;44.26;2446481
44.69;44.9;44.06;44.56;3184581
44.7;44.81;44.1;44.39;1579138
44.5;44.5;43.97;44.36;1715225
44.5;44.6;43.9;44.04;2179346
44;44.2;43.8;44.03;1951420
44.44;44.8;44.07;44.77;2485625
45.24;45.9;45.12;45.84;3185180
45.89;46;45.34;45.67;1987228
45.85;45.95;45.43;45.82;1370009
45.74;45.95;45.18;45.69;2626715
45.82;47.33;45.6;46.94;6213595
46.94;47.5;46.66;46.77;3145567
46.51;47;46.5;46.61;2659310
46.5;47.01;46.36;46.67;2381382
46.82;47.5;46.68;46.75;3296812
47;48.27;46.7;47.51;8349852
47;47.72;46.95;47.27;2439453
47.19;47.4;46.25;46.54;3757155
46.45;46.77;45.74;46.08;3727047
45.85;46.96;45.55;46.78;3368941
47;47.48;46.9;47.25;3311004
47.01;47.48;46.75;47.22;3355481
47.44;47.98;47.3;47.82;2490471
47.99;48.39;47.72;47.91;2311794
48;48.3;47.75;48.05;1745027
48.42;48.8;48.26;48.76;2650221
48.74;49;48.5;48.96;2179975
48.74;48.92;48.44;48.81;1459765
48.96;48.96;47.74;47.93;2512684
48.03;48.51;47.75;48.51;2094019
48.47;48.6;48.15;48.25;2156678
48.5;48.5;48.04;48.25;1952226
47.83;47.83;47.29;47.44;2448884
47.7;47.77;47.26;47.51;1227820
47.69;47.89;47.24;47.71;1403644
47.23;47.82;47.1;47.82;2661953
48.01;48.4;47.85;48.16;1800547
48.52;48.89;48.28;48.89;1545251
48.81;49.1;48.34;49.02;1777434
49;49.17;48.6;49.04;1902228
48.87;49.04;48.55;48.7;2198956
48.7;48.71;48.15;48.25;2461414
48.1;48.23;47.8;48.07;1231927
48.4;48.45;47.74;48.31;1450916
48.28;48.4;47.65;47.67;1454677
47.67;48;47.44;47.86;1899477
47.97;48;47.53;47.72;1628003
47.53;47.96;47.05;47.89;1254185
47.89;47.96;47.59;47.9;2056989
48;48.28;47.75;48.15;1999534
48.22;48.38;47.95;48.16;2520712
48.16;48.85;48.09;48.7;2580814
48.88;48.95;48.44;48.75;1365431
48.55;48.55;47.75;47.95;2058708
48;48.05;47.2;47.55;1858481
47.99;48.19;46.94;47.4;3897627
47.5;47.81;47.39;47.57;1803280
47.55;47.55;46.96;47.44;1403919
47.58;47.93;46.93;47.81;2692052
47.92;48;47.65;47.93;2182806
47.91;48.1;47.36;47.76;2475488
47.94;49.51;47.77;49.35;8166738
49.25;49.42;48.71;49.03;2587203
49.03;49.33;48.46;49.1;2697743
48.92;49.43;48.86;49.39;3263976
49.39;49.98;49.01;49.75;3840382
49.35;49.46;48.91;49.35;2770676
49.23;49.75;49.12;49.46;2212373
49.64;50.4;49.53;50.1;2868208
50.1;50.2;49.51;50.15;2155757
49.87;49.96;49.51;49.8;2014457
49.73;50.2;49.73;49.83;1874960
49.99;50.2;49.75;50.1;1635346
50.3;50.3;49.61;50.05;1568721
50.15;50.7;50;50.6;2104559
50.9;51.1;50.6;51;2757134
50.95;51.4;50.7;51.1;2294229
51;51.15;50.8;51.15;1206682
51.15;51.35;50.55;50.8;4048555
50.8;51.05;49.91;50.95;2273669
50.75;50.85;49.8;50.45;3686948
50.4;50.65;50.15;50.2;1725220
50.25;50.35;49.68;50.05;1738030
49.88;50;49.45;49.61;1711122
49.72;50.2;49.53;49.94;2030860
49.74;50.35;49.54;50.05;1550562
50.1;50.55;49.93;50.3;2573096
50.45;50.6;50.05;50.4;1232346
50.2;50.45;50.1;50.3;1180767
50.35;50.95;50.25;50.5;2245774
50.75;50.8;50.35;50.45;2041650
50.2;50.2;48.52;48.65;5804422
48.46;48.57;47.55;47.79;5541243
47.9;48.12;47.22;47.74;6334131
47.63;48.24;47.55;48.05;2126499
48;48.57;47.84;48;2847919
48.02;48.85;47.96;48.56;2984286
48.87;49.07;48.42;49.04;2327755
49.1;49.82;49.1;49.75;3851827
49.54;49.99;49.54;49.89;2328072
49.9;49.96;49.59;49.8;2391898
49.69;49.69;49.32;49.49;2253053
49.43;50.35;49.43;50.1;1650884
50.15;50.2;49.47;49.65;2399090
49.95;49.95;49.34;49.65;1703887
49.38;49.51;48.84;48.85;3125317
48.74;49.2;48.52;48.79;2423610
48.79;49.05;48.55;48.99;1289450
48.93;49;48.3;48.39;2362220
48.74;48.79;48.11;48.28;1790807
48.23;48.48;47.75;48.06;1563792
47.85;47.93;47.55;47.82;2187609
47.77;48.09;47.22;47.22;2122187
47.14;47.82;46.99;47.57;2908395
47.71;48.06;47.4;48.02;2694039
48.13;48.26;47.21;47.21;2820106
47.42;47.49;46.15;46.2;4143031
46.15;46.85;45.73;46.75;3548253
46.83;47.38;46.48;47.2;4052218
47.33;47.33;46.04;46.49;4384081
46.26;46.42;45.81;45.9;5235767
45.93;46.3;45.5;45.87;3127149
46.05;46.54;46.05;46.31;3363581
46.49;47.34;46.43;47.22;7029712
47.33;47.95;47.22;47.9;3769833
47.98;48.33;47.72;48.21;3115847
48.25;48.37;47.59;47.75;4144092
47.61;47.79;47.46;47.64;2683697
47.59;47.59;47.13;47.19;2330635
47.42;47.48;46.55;46.67;3137598
46.51;46.62;45.91;46;4533436
46;46.09;45.41;45.47;2094157
45.78;46.11;45.55;46.05;2268491
46.25;46.29;45.6;45.9;1576579
45.99;46.14;45.65;45.94;1395520
46.44;46.72;46.15;46.35;2742868
46.31;46.55;46.11;46.5;2475278
46.15;46.79;46.15;46.58;3115020
46.6;47.11;46.53;46.68;3573640
46.71;46.95;46.3;46.43;3235051
46.7;46.7;46.32;46.5;3329492
46.2;46.44;46.13;46.3;2754822
46.31;46.89;45.87;46.77;3842687
44.52;44.99;43.93;44.2;16296183
44.07;44.55;43.91;44.02;5400125
43.8;44.4;43.8;44.26;4454139
44.26;44.42;43.99;44.33;4194053
44.39;44.58;44;44.21;3907199
44;44.28;43.82;44.17;4489068
44.21;44.28;43.45;43.64;4057416
43.88;43.88;42.98;43.25;5525859
43.4;43.99;43.32;43.93;4658270
44;44;42.82;42.95;6521171
42.91;44.45;42.85;44.03;7295648
44;44.69;43.75;44.5;4893274
44.51;44.8;44.18;44.53;3751226
44.4;44.7;44.11;44.2;4742106
44.71;44.71;44.18;44.32;3663271
44.56;46.27;44.29;45.86;11747951
45.99;46.59;45.83;46.31;5077234
46.48;47;46.28;46.35;5025141
46.13;46.52;45.84;46.47;6003822
46.47;46.48;45.6;45.89;4437931
46.11;46.37;45.85;46.17;2538995
45.77;46.42;45.65;46.22;3828042
46.36;48.16;46.36;48;11497546
48.3;49;47.4;48.79;8679216
48.61;49.04;48.24;48.5;5194043
48.35;48.4;47.85;48.06;3261380
48.31;49.92;48.23;49.64;7208563
49.5;49.82;49.1;49.77;7933767
49.83;50.09;49.55;50;6976960
50.05;50.84;50;50.61;6846410
50.2;50.25;49.13;50.06;8022870
49.98;49.98;49.16;49.56;8929028
49;49.28;48.27;48.48;9114385
47.68;50.71;47.5;50.48;17972879
50;51.75;49.67;51.53;12925826
51.3;52.5;50.69;52;8826704
50.95;52.04;50.78;52;11143193
52.6;53.9;52.16;53.9;13239731
56;56.65;52.22;52.8;15844775
53.5;53.53;51.57;52.18;8740105
52.18;53.8;52.18;53.59;7251497
53.7;54.69;53.24;53.35;6586524
53.49;53.49;52.37;52.6;5185588
52.32;54.68;51.68;53.29;12125582
54.49;55.14;53.82;54.94;7169957
54.46;56.17;54.46;55.84;8838470
55.41;56;55.41;55.77;2967683
55.75;55.88;54.84;55.6;3785833
55.6;55.6;54.08;54.35;4516091
54.65;55.3;54.45;55.19;4014578
55.6;55.94;54.95;55.41;4477947
55;55.1;53.8;54.22;5661647
54.44;54.5;53.86;54.18;2823592
54;54.29;53.35;54.09;3628793
54.25;54.9;53.96;54.72;3479277
54.72;55.29;54.52;54.75;2220478
54.6;55.55;54.5;55.39;3016422
55.5;55.8;55.24;55.76;2383996
55.79;58.14;55.03;57.67;9127687
57.65;57.92;56.81;57.17;3348748
57;57.36;56.63;56.87;3261878
57.09;57.15;55.86;56.12;2358679
56.4;56.7;55.33;56.47;4385658
56.47;56.6;56.08;56.33;1651728
56.26;57.2;56.01;57.2;3200221
57.2;58.3;56.92;57.98;3478169
57.42;58.15;57.16;57.39;3507683
56.73;57.19;56.2;57.08;4389927
57.25;57.78;56.83;57.4;3869206
57.51;58;57.25;57.56;2796691
57.5;57.96;57.3;57.77;2947226
57.77;58.46;57.66;58.1;2645017
58.44;58.44;57.38;57.5;2194153
57.2;57.44;56.55;56.76;3449605
56.41;56.99;56.29;56.63;2214687
56.8;56.8;55.8;56.02;3205051
56.61;56.65;55.73;56.13;3076528
55.43;55.59;54.58;54.94;3121538
54.75;54.83;54.12;54.45;1792224
54.3;54.63;53.92;54.51;2666716
54.89;55.49;54.34;54.49;2357927
54.35;56.4;54.32;55.82;5916510
55.13;55.57;54.49;55.25;4752757
55.2;55.4;54.81;55.07;1738834
55.08;55.1;54.2;54.76;2793544
54.47;54.96;54.2;54.35;1878258
54.36;54.85;54.15;54.34;1627902
54;55.03;54;54.43;2590218
54.61;54.72;54;54;2168167
54.06;54.5;53.4;53.97;2518978
54.15;54.2;53.42;53.9;3231355
53.5;54.2;53;53.35;3736206
53.11;55.54;53.03;54.58;6278740
54.78;55.23;54.58;54.74;455706
54.81;55;54.35;54.5;2006048
54.35;54.73;53.81;54.33;1948572
54.63;54.95;53.75;54.16;3725614
54.12;54.69;54.01;54.37;3703865
54.4;55.6;54.18;54.62;4765513
54.62;54.8;53.93;54.09;3189537
53.86;53.95;52.23;52.5;5942969
52.8;53.06;51.95;52.23;4760672
52.23;52.55;51.61;51.92;3618089
52.41;52.68;52.06;52.51;2481674
52.5;52.68;51.53;51.68;3354686
51.45;52.49;51.13;52.24;3541316
52.85;53.1;52.25;52.98;4638914
53.18;53.8;52.77;53.55;5850684
53.55;53.94;52.7;52.93;2741146
52.93;52.99;51.66;52.18;3875405
52.4;52.47;51.61;51.98;3370626
51.6;51.99;50.9;51.37;4242374
51.4;51.97;51.1;51.69;2662419
51.6;51.84;51.11;51.63;1843107
51.27;51.81;50.95;51.42;2107148
51.12;51.91;50.9;51.79;4260249
52.12;52.38;51.37;51.63;3213490
51.88;52.45;51.1;52.14;4364823
51.86;51.99;51.22;51.5;4292838
51.76;53.32;51.5;53.09;6546131
53.45;53.68;52.59;52.75;3243122
53.6;54.6;53.21;54.23;6692236
54.26;54.49;53.79;54.23;2580054
54.23;54.49;53.45;54.1;2421350
54.5;54.5;53.12;53.41;3384415
53.8;54.2;53.13;53.89;5063969
54.34;54.78;53.7;54.34;2935705
54.47;54.73;54;54.4;2196339
54.23;54.48;53.72;53.81;1987097
53.85;54.07;53.22;53.7;2283138
53.6;54.15;53.1;53.41;3587336
53.95;54.25;53.51;54.03;3021307
53.89;54.13;53.11;53.36;2721147
53.3;53.6;52.86;53.26;1962650
53.21;53.79;52.46;52.55;3157821
53.3;53.55;52.05;52.57;4608987
52.97;53.22;51.3;51.32;4686974
51.01;52.42;51.01;51.64;5485532
51.52;52.4;51.28;51.39;3516797
51.89;52.49;51.66;52.35;4353327
51.37;52.3;50.85;51.82;4321407
52.84;52.84;51.82;52.14;3640835
52.39;52.39;51.02;51.18;3422213
51;51.34;50.34;51.03;3690830
51.49;51.94;51.15;51.35;4297045
51.65;52.7;51.49;52.6;4424937
52.65;52.96;50.4;50.65;6244536
49.42;50.89;49.21;50.19;5617733
50.7;51.26;50.53;51.21;3873467
50.6;51.43;50;50.11;3587309
49.35;49.77;48.85;49.29;4710517
48.3;48.55;47.14;47.5;8170351
47.5;49;46.56;47.78;8060074
48.28;48.58;47.5;48;3764876
48.58;49.35;48.01;48.79;4042191
49.35;49.7;48.79;49.4;4521206
50.25;50.25;49.3;49.4;3562831
48.92;50.8;48.91;50.47;3919132
50.99;51.49;50.85;51.37;2103532
51.2;51.91;50.1;50.43;3235582
50.2;52.17;49.7;52.14;6031577
53.75;54.56;52;52.15;9922537
52.7;52.97;51.14;51.37;5194363
51.69;51.69;50.24;50.34;4875135
50;50;49.4;49.49;5693483
49.29;49.49;48.36;48.42;5930146
48.9;49.16;48.3;48.81;4222764
48.81;49.4;47.7;47.84;4340868
47.92;48.34;46.85;46.99;5298565
47.59;48.1;47.5;48.06;4630469
48.33;48.65;48;48.52;3318481
48.18;49.14;47.83;49.1;3652362
48.67;48.84;48.07;48.47;2995235
48.5;48.5;47.45;47.55;3338457
47.51;48.28;47.44;48.21;3753530
49;49.66;48.55;49.43;5948185
49.02;49.97;48.98;49.14;3545579
48.69;49.42;48.6;49.04;4982496
49.06;49.67;48.72;48.83;3565909
48.72;48.85;48.11;48.66;3740777
48.65;49.94;48.65;49.59;4704931
49.88;50;49.36;49.53;2625211
49.45;49.61;48.7;49.13;2763043
48.55;49.55;48.4;49.34;2623736
49.55;50.32;49.34;50.01;3941479
50.01;50.75;49.97;50.65;2436200
50.28;50.56;49.75;50.18;3341676
50.18;50.78;49.76;50.69;2758775
50.9;50.9;50.17;50.25;1477201
49.61;49.7;48.8;49.42;4675760
49.2;49.39;48.11;48.21;4454810
48.23;48.88;47.95;48.04;4266821
47.87;47.87;47.05;47.7;5343811
47.7;48.19;47.29;47.46;3226585
47.19;48;46.4;47.71;5724256
48.2;49.78;48.2;49.1;8179563
48.99;49.55;48.37;48.9;3640051
48.72;49.06;48.16;48.41;2796317
47.5;48.01;47.38;47.82;2989979
47.78;48;47.21;47.51;2665947
47.55;47.68;47.05;47.2;2860446
47.39;48.58;47.25;48.01;3584784
48;48.3;47.61;48.09;2578068
48.48;49.7;48.1;49.18;4388979
49.1;50;48.9;49.27;4036120
49.18;50;49.1;49.69;2640209
49.97;49.97;48.69;49.2;2229366
48.99;49.9;48.7;49.59;3651491
49.29;49.31;48.73;48.98;2442268
49.33;49.33;48.6;48.72;2001257
48.62;48.62;47.62;48.22;2692748
47.71;48.4;47.35;47.82;3886439
47.66;48.09;47.31;47.54;3382773
47.45;48;47.17;47.86;2866985
47.6;49.19;47.47;49.08;3487702
49.2;49.9;48.95;49.55;3443302
49.55;50;49.28;49.6;3306835
49.55;50.61;49.31;50.32;4713551
50.13;51.39;50.13;50.99;6173477
51.49;52.15;50.5;51.85;5498599
51.25;51.56;50.25;50.56;5427469
50.68;52.74;50.26;52.29;4847095
52.06;53.76;52.06;53.3;5545802
53.6;53.75;51.93;52.15;4166339
51.53;52.24;51.01;51.74;3895639
52.1;53.1;51.1;52.62;3756026
52.72;53;52.1;52.77;2013135
52.84;53.25;52.5;52.91;3445821
52.59;53.5;52.52;53.37;2629171
53.45;53.69;52.65;53.02;2758874
53.47;53.88;53.11;53.74;2230860
53.56;54.2;53.32;53.48;3273563
53.76;54.1;53.1;53.16;2921125
52.73;53.46;52.5;53.24;2100149
53.1;53.26;52.39;52.57;2691094
51.93;53.5;51.9;52.77;2892202
52.17;52.39;51.6;51.7;3599976
52;52.2;51.39;51.81;2116330
51.2;52.14;50.91;51.53;2570881
51.22;51.92;51;51.37;2785108
51.58;52.11;50.9;51.64;2756801
51.71;52.69;51.5;52.41;3945745
53.2;53.55;52.66;53.55;9748466
53.57;53.61;53.25;53.53;483626
53.68;53.79;53.06;53.2;2135941
52.69;53.42;52.69;53.28;1406666
52.85;53.29;52.71;53.29;296691
53.1;53.75;52.35;52.52;1781535
52.17;52.28;51.7;51.94;2330926
51.84;52.2;50.76;50.93;3152342
50.6;50.85;49.87;50.07;3794757
50.1;50.89;49.9;50.37;2681410
50;50.03;48.72;49.58;5266026
50.29;50.3;49.21;49.99;4027836
49.99;50.65;49.66;50.49;2962275
50.26;50.55;49.63;50.08;2133080
50;50.5;48.55;48.68;4346315
48.22;49.49;47.73;49.14;4326870
49.59;50.16;48.96;49.43;3630186
49.57;50.1;48.44;48.71;4924913
47.9;48.2;45.57;46.03;6118905
44.95;47.09;43.52;46.71;7044193
47.52;47.7;45.31;46.07;8328356
47.38;49.26;46.92;48.97;7369617
49.59;50;48.02;48.31;5064120
47.35;48.17;47.11;48.06;2824268
48.26;48.69;47.51;47.94;2411561
47.59;47.74;47;47.22;3064909
47.08;47.68;46.1;47.01;4480806
47.73;48.23;47.17;47.54;3351056
47.62;48;47.25;47.42;2094970
47.2;47.3;45.55;45.55;4594791
45.09;46.16;45.09;45.87;3985886
45.57;45.84;44.7;45.27;4844589
45.45;46.06;45.08;45.23;2815731
44.75;45.26;44.48;44.75;2459072
44.86;46;44.49;45.88;3508275
45.4;46.64;45.15;46.3;3389927
46.8;46.88;46.2;46.27;3257617
46.29;46.88;45.42;45.91;2672501
46.09;46.75;46;46.48;1466048
46.2;47.41;45.95;46.92;2364538
46.5;46.52;45.7;46.31;2900857
46.76;47.8;46.36;47.27;3913075
46.72;47.35;46.71;46.89;2002937
47.12;47.97;47.12;47.76;2120862
47.73;48.6;47.31;48.27;3456343
48.27;48.48;47.59;48.18;2195427
48.06;48.5;47.7;47.71;2596743
47.35;47.59;46.62;46.68;4267059
45.96;46.58;45.89;46.39;2448725
46.33;46.86;46.07;46.42;3000057
46.73;47.1;46.19;46.44;3435889
48.18;48.8;47.01;48.34;8804312
48.01;48.3;47.27;47.81;4057946
47.57;48.3;47.31;47.49;3351811
47.61;48.69;47.35;47.81;3692334
48.99;48.99;47.65;47.79;3266926
47.1;47.69;46.71;47.4;3315115
47.4;47.88;46.57;47.06;3128958
45.8;46.64;45.66;45.9;4482401
46.81;47.61;46.29;47.6;4179198
48.02;48.26;47.22;47.84;3995118
47.58;48.2;47.36;47.46;5703961
48.45;49.04;48;49.04;3732949
48.45;49.2;48.44;48.66;2252088
48.66;49.13;48.3;48.67;2270287
48.81;48.89;48.42;48.48;1584673
48.04;48.87;47.73;48.87;2795788
48.86;50.19;48.75;50.02;3347295
50.42;50.49;49.5;50.11;2206638
50.15;50.59;49.63;50.2;2241554
50.2;50.2;49.11;49.65;2484882
49.86;50.3;49.59;49.8;1997327
49.53;49.63;49.17;49.47;1791892
49.05;49.47;46.8;47.68;11778656
47.68;47.8;46.01;46.22;7280230
46.57;46.82;45.66;45.87;3864887
46.05;46.93;46.05;46.5;3064196
46.81;47.2;46.37;46.54;3299930
46.5;46.88;45.69;45.72;4366527
45.79;46.45;45.78;46.21;3092886
45.63;45.97;45.44;45.83;3330343
45.71;45.8;44.72;44.94;3586924
44.92;45.29;44.5;44.86;2860165
45.12;45.17;44.19;44.59;3248514
44.44;44.82;44.15;44.72;2896743
44.88;45.23;44.52;45.07;2335495
45.02;45.64;44.88;45.33;2304449
45.21;45.33;44.73;44.91;2521879
44.78;45.46;44.58;45.23;3099431
45.76;46.21;44.82;45.67;2903635
45.55;45.7;45.17;45.32;1349573
45.38;45.6;44.87;45.21;2687641
45.55;45.98;45.47;45.75;3411464
45.49;45.66;45.17;45.54;2151037
45.21;45.35;44.4;44.93;3248760
45;45.38;44.83;45.1;1737553
45.6;46.3;45.33;46.25;4882278
46.75;46.87;46.24;46.72;4401013
46.58;46.97;46.32;46.44;2291953
46.9;46.9;46.1;46.38;2723826
46.51;46.61;45.53;46.2;2262908
45.9;46.43;45.68;45.94;2194463
46;46.02;45.02;45.25;2666128
44.94;45.18;44.47;44.84;2409453
44.68;45.14;44.43;44.43;2171848
44.44;44.55;44.19;44.35;951654
44.55;44.6;43.87;44.07;2160214
44.27;45.1;44.14;44.77;2222730
44.99;44.99;44.1;44.39;2151269
44.7;45.35;44.52;45.07;3275821
44.85;45.1;43.96;44;2778114
44.47;45.38;44.11;45.38;4585334
45.55;46.11;45.3;45.69;3921097
45.85;46.29;44.89;44.94;3522853
45;45.24;44;44.01;2622335
43.81;44.25;43.56;43.94;2245887
43.78;44.28;43.55;43.95;2250215
44.18;44.43;43.29;43.38;2409613
43.5;43.64;42.71;43.23;3848093
43.32;43.54;42.59;43.36;1811088
43.25;43.47;42.32;42.7;2628234
43.05;43.7;42.9;43.22;2799744
43.3;43.58;42.93;43.23;2837569
43.11;43.23;42.59;42.81;2160708
43;43.08;41.69;41.87;6748849
41.87;42.28;41.7;42;1936966
41.89;41.91;40.55;40.8;5178015
40.8;41.66;40.8;41.55;3665107
40.02;40.2;37.61;37.88;14391890
36.75;36.75;34.25;34.91;17562526
35.59;36.11;35.17;35.96;7969205
36;36.01;34.77;34.77;5281315
34.73;35.2;33.5;33.81;7974255
33.5;34.35;33.01;34.14;5912765
34.24;34.35;33.19;33.19;3421682
33.64;33.68;32.62;33.16;3953440
32.5;33.8;31.52;33.64;6838028
34.13;34.73;33.83;34.45;4621147
31.7;32.55;30.2;31.5;16349718
31.8;32.25;30.52;30.75;6044886
31.2;31.74;30.81;31.19;3768126
30.64;32.09;30.58;31.69;6233407
31.96;32.4;30.27;32.04;6684096
32.52;33.87;32.12;33.8;7553212
33.5;33.88;32.52;33.73;5882040
34.05;34.2;33.07;33.9;3529719
33.74;34.8;33.2;34.8;4210596
35.3;35.44;34.75;35.15;3966009
35.45;35.57;34.1;34.33;3131364
33.9;35.07;33.49;35;3199072
35.65;35.65;34.04;34.12;3461323
33.84;33.99;32.93;33.63;4340552
33.93;34.13;33.48;33.93;2472118
33.73;33.85;32.81;32.93;3815166
31.94;32.97;31.88;32.37;3571159
32.4;32.77;32.3;32.62;2304087
32.8;34.67;32.76;34.67;3850060
34.9;35.45;34.54;35.45;4553537
35.21;35.6;34.86;34.9;2442490
34.67;36.8;34.65;36.74;4613160
36.7;37.36;36.57;37.3;2013011
37.07;38.6;37.06;38.15;5463899
37.95;38.14;35.63;35.63;5590665
35.98;36.22;35.31;35.72;2401642
36.08;36.89;35.87;36.83;2949626
36.57;36.97;35.76;36.42;1857585
36.52;36.79;35.78;35.94;2950490
35.98;36.15;34.56;34.83;3185033
34.5;34.5;33.66;33.75;3832764
34.02;34.78;33.78;34.78;2461497
34.61;34.61;33.95;34;1478273
33.94;34.82;33.53;34.75;2259792
34.85;34.85;34.15;34.47;2027736
34.33;34.49;33.11;33.7;4901850
35.42;36.5;34.75;36.13;6562045
35.9;35.9;34.58;35.4;3659015
35.25;37.21;35.12;37.1;3842797
36.63;36.75;36.01;36.38;2368461
36.3;36.58;34.9;34.94;3447342
34.5;34.92;33.98;34.01;3429320
35.05;35.8;34.99;35.3;3147096
35.29;35.77;35.02;35.2;1928626
35.17;35.49;34.5;35.17;2482747
35.1;35.1;33.99;34.46;2925853
35.11;35.11;34;34.31;2606023
33.37;34.1;32.71;33.75;5310213
33.04;33.9;32.51;32.62;5277506
32.85;33.16;32.18;32.45;4937496
32.51;33.85;32.2;33.1;4402558
34.5;34.68;33.46;34.1;10407184
34;34.05;32.19;32.19;4572800
32.33;33.05;31.6;32.71;4992663
33.2;33.48;32.56;33.35;3877521
33.24;34.27;33.04;34.25;4270045
33.75;34.04;33.29;33.66;2593580
33.81;33.81;32.45;32.45;4441686
32.02;33.62;31.68;33.1;6529494
33.15;33.8;32.84;33.66;3937767
33.5;33.9;33.05;33.25;3820367
33.12;33.95;32.94;33.62;4661686
32.22;33;29.91;29.91;7884361
30.83;31.4;29.6;30.85;7381110
29.57;30.85;28.69;29;8040488
29.5;29.77;26.79;27.31;5719448
25.03;26.54;24.16;25.32;14917957
27.1;27.85;25.12;26.68;8734424
27.5;28.4;26.42;28.08;9208424
27.96;28.08;26.21;26.46;7904509
25.15;26.45;24.42;24.68;9329862
26.2;27.19;25.26;26.8;9426624
27.6;28.81;27.16;28.76;6061046
29;29.08;28;28.49;4046855
27.7;28.06;26.91;27.13;4446005
27.82;27.82;26.01;27.75;3441346
26.58;29.3;26.58;28.8;8716731
27.62;30;26.98;30;7625900
30.65;31.25;28.5;31.2;9707798
32.5;33.43;32.02;33;8294069
33.4;33.83;32.04;32.81;5800395
32.74;33;31.9;32.92;5885239
33;33.55;32.7;33.55;3626131
33.2;33.65;32.49;33.52;5543757
33.54;33.54;32.87;33.08;3679146
32.33;33.25;31.36;31.85;4321058
31.92;33.34;31.91;32.83;3838856
33.5;33.99;32.86;33.05;2234703
32.74;32.85;31.35;31.7;3279983
32.4;32.96;31.17;31.65;3761779
31.41;31.87;29.84;31.54;3850776
32.5;32.8;31.47;31.77;3345999
31.66;31.77;29.53;29.82;4673532
31.1;31.5;29.26;30.87;6069472
31.23;31.73;30.28;30.59;3978128
29.43;30.3;28.93;29.55;5017741
29.46;29.59;28.2;28.5;4819825
29.2;31.25;28.85;31.07;4679516
30.42;31.65;29.66;31.23;4985783
30.62;30.97;29.18;29.3;4143567
29.57;29.91;29.21;29.77;2105626
29.95;30.08;29.23;29.71;3478941
29.84;30.08;28.21;28.32;4213141
28;28.94;28;28.72;4166434
28.84;29.93;28.12;29.67;3969242
29.36;30.22;28.71;29.05;3420990
28.98;29.21;26.79;27.12;6171539
29.8;29.8;28.11;28.96;4605385
28.81;30.4;28.51;30.13;4859116
30;30.26;29.05;29.12;3646305
28.97;29.59;28.55;28.85;2349513
28;28.8;27.4;28.51;3745083
29.09;29.5;28.27;28.27;3058588
28.39;29.62;28.34;28.67;3688578
29.24;29.75;28.87;29.29;4103680
26.8;27.61;26.31;27.13;10449872
26.6;27.7;26.6;27.34;4282609
27.29;27.74;27.1;27.18;3146112
27.09;27.85;27.08;27.08;2506176
26.85;27.8;26.69;26.7;1290651
26.77;27.02;26.62;26.62;1725856
27.05;27.52;26.78;27.33;2057538
27.77;28.36;27.52;27.52;1133486
28.8;29.49;28.25;29.49;2889620
29.5;29.5;28.73;28.9;2246267
29.02;29.49;28.78;28.91;1990670
28.76;29.34;28.73;28.96;2280362
28.72;28.72;27.24;27.88;3314871
27.99;28.48;27.53;27.75;1743845
27.53;28.02;27.26;27.5;2388307
27.52;27.64;26.9;26.99;2558253
27.2;27.35;26.04;26.35;3463149
26.47;26.48;25.4;25.96;4350349
25.51;27.12;25.46;26.25;4147001
26.8;26.95;25.98;26.21;2275292
25.92;26.59;25.86;26.09;3443491
25.63;26.23;25.35;26.07;3729474
26.38;26.67;26.16;26.34;4121676
26.45;26.82;25.9;26.37;3499611
26.17;26.91;26.01;26.58;2767832
26.51;26.66;26.06;26.29;2174292
26.68;27.38;26.54;27.09;3657329
27;27.15;26.68;26.68;2853968
26.68;27.23;26.58;26.79;3947316
26.475;26.585;26.12;26.47;2541147
26.625;26.99;26.215;26.785;2750661
27.02;27.955;26.92;27.625;4499319
27.07;27.89;27.02;27.7;3269475
27.895;28;27.45;27.85;3432520
27.93;28.55;27.635;28.44;4201618
28.315;28.35;27.61;27.61;3529860
27.37;27.87;27.1;27.465;2678355
27.455;27.5;26.77;27.34;3280968
27.64;27.95;27.43;27.76;2792037
27.545;27.7;27.26;27.275;1684384
27.14;27.32;26.56;27.02;3185881
27.17;27.29;26.5;26.765;3047582
26.9;27.81;26.8;27.46;3458876
27.105;27.44;26.65;26.79;4601658
27.055;27.155;26.475;26.54;2582952
26.435;26.68;26.035;26.32;2602515
26.515;26.97;26.14;26.45;3005238
26.7;26.92;26.205;26.32;3587044
26;26.785;25.89;26.775;4969291
26.28;26.6;25.67;25.67;4310678
25.65;26.115;25.05;25.25;3818336
25.43;25.5;24.165;24.57;6617528
24.365;24.795;23.725;23.725;4022488
23.545;24;22.82;22.89;5256683
23;23.51;22.06;23.395;5210153
23.35;24.91;23.2;24.84;5082461
24.76;25.2;24.175;24.67;4678372
24.87;26.485;24.55;26.065;7497070
26.99;26.99;26;26.05;4071856
26.74;26.77;25.96;26.28;3481021
26.005;26.7;25.92;26.595;3347883
26.68;26.78;26.04;26.45;2424812
26.67;26.8;25.66;25.99;4139480
25.9;26.35;25.58;26.195;5598943
26.67;27.19;26.51;27.1;3844774
27.415;27.95;27.18;27.845;4444957
27.71;28.67;27.71;28.44;3610664
28.575;28.8;28.17;28.77;2883218
28.915;29.31;28.62;29.075;3157764
28.675;28.715;28.13;28.2;2526579
28.465;29.44;28.28;29.4;3295167
29.24;30.6;29.1;30.6;4443777
30.75;31.24;29.7;30.8;6172434
30.8;30.8;29.82;30.31;3014777
30.35;30.79;29.255;29.6;3816781
29.58;29.97;28.9;29.01;3621531
28.645;29.3;28.58;29.1;2665438
29.88;30.63;29.25;30.045;3891361
30.365;30.4;28.86;29.17;3432694
28.9;29.64;28.805;29.345;1725111
29.355;29.92;29.085;29.815;2358879
29.45;29.8;28.6;29.195;5539232
29.45;29.49;28.38;28.43;3349955
28.665;29.15;28.12;28.48;2941846
28.36;28.805;27.845;28.805;2543006
28.715;29.18;28.425;28.85;2323961
29.05;29.62;28.84;29.5;2353023
29.2;29.68;28.975;29.68;1778131
29.825;30.18;29.45;29.81;3119780
30.14;31.06;29.845;30.9;3023067
31.11;31.215;30.51;30.89;3084587
30.415;30.76;29.71;30.76;2588523
30.8;30.8;29.6;29.85;2943146
29.665;30.33;29.65;29.945;3176303
30.61;30.74;29.38;29.54;3651166
29.645;30.54;29.615;30.08;2229469
30.285;30.285;28.925;29.265;3267827
29.275;30.025;29.275;29.925;2058166
29.93;30.37;29.05;29.225;2637990
29.37;29.74;28.85;29.3;2603372
29.45;29.56;28.865;28.91;1815702
28.725;29.47;28.51;29.38;1705692
29.26;29.66;28.925;29.48;1865290
29.41;30.325;29.3;30.075;2704713
29.785;30.365;29.665;29.745;1646480
30.06;30.785;29.89;30.525;1950188
30.465;30.78;29.91;30.6;890815
30.565;31.2;29.85;31.12;1779210
31.05;32.35;31.025;32.335;3642428
31.98;32.815;31.92;32.44;2881856
32.85;32.88;31.56;31.585;2700144
32.25;32.8;32;32.63;2036612
32.5;33;32.2;32.855;2781803
32.895;32.99;32.25;32.385;1711648
32.49;32.85;32.22;32.23;1725170
32.33;33.05;32.26;32.38;1813742
32.615;32.615;31.805;32.01;1725551
32.02;32.31;30.81;30.995;3180007
31.43;31.445;30.815;30.92;1895824
30.92;30.96;29.43;29.785;5247181
30.195;30.205;29.365;29.5;2913566
29.45;29.45;28.66;28.73;3976417
28.84;29.435;28.745;28.885;1992082
29;29.65;28.95;29;2850105
29.275;29.305;28.605;28.985;1937122
28.9;29.515;28.71;29.44;4250131
30.12;30.405;29.695;29.82;3225709
30.34;31.18;30.21;30.895;4722007
30.88;31.955;30.52;31.85;4236903
31.69;31.69;30.93;31.33;2221830
31.49;31.86;31.1;31.24;1461523
31.1;31.72;30.775;31.375;2043949
31.42;31.58;30.14;30.42;4439222
30.85;32.485;30.81;32.155;6689631
32;32.62;31.61;31.775;3798770
31.745;32;31.47;31.94;2288019
31.715;31.88;31.445;31.72;2290746
31.765;31.96;31.08;31.15;2405655
31;31.35;30.845;30.845;2399707
30.955;31.3;30.91;31.2;1793470
31.26;31.695;30.915;31;2273522
30.85;31.455;30.565;31.455;1574308
31.42;31.5;30.87;31.2;1984593
31.51;32.31;31.315;32.31;2802950
32.215;32.92;32.1;32.615;3077660
32.7;32.8;31.2;31.4;4892905
31.655;32.385;31.565;32.32;2609672
32.535;33.385;32.325;32.86;2513053
33.035;33.2;32.81;33.15;2191398
33.15;33.495;32.405;33.495;2413917
33.43;33.67;32.73;32.915;2533099
33.22;33.33;32.625;32.91;1926531
33.035;33.22;32.695;32.79;1166516
32.63;33.36;32.63;33;1705582
33.295;33.46;32.815;33.2;2128847
33.22;33.35;32.71;32.935;2114854
32.82;33.01;32.61;32.695;2056449
32.55;32.665;31.77;32.48;2308005
32.305;32.69;31.94;32.08;1938605
32.26;32.485;31.545;31.73;2452334
31.695;32.72;31.6;32.54;2419547
32.35;32.53;32.085;32.325;1274816
32.425;32.59;31.785;31.895;1345106
31.78;32.31;31.605;32.065;1505492
31.96;32.485;31.88;31.96;1424602
31.91;32;31.23;31.28;2178331
31.215;31.3;29.925;30.62;3230036
30.77;31;30.645;30.755;1290205
30.755;31.025;30.42;30.525;1685458
30.745;31.21;30.705;31.21;1788106
31.1;32.325;30.89;32.12;3192314
32.185;32.425;31.96;32.025;1465414
32.01;32.56;31.925;32.42;1523303
32.26;32.73;32.22;32.56;1795370
32.465;32.67;31.23;31.655;2625431
32.35;33.47;31.5;33.1;4120191
32.555;33.48;32.555;32.845;1821164
33.07;33.365;32.27;32.54;2577026
32.635;32.85;31.9;32.41;2498890
32.555;32.555;31.3;31.4;3409526
31.38;31.585;30.77;31.03;3313795
31.115;31.79;31.03;31.49;2205558
31.49;32.185;31.475;31.965;2001567
31.66;31.79;31.325;31.555;2225083
31.605;31.655;30.9;31.145;2436774
31.28;31.62;30.895;31.105;2618225
31;31.635;31;31.635;2418313
31.6;31.61;30.775;30.89;3924881
30.88;31.39;30.52;31.26;4544395
31.355;31.385;30.71;30.775;3427762
30.8;31.21;30.49;30.65;5802144
30.615;30.86;30.335;30.515;2805595
30.67;30.825;29.97;30.065;3718044
30.18;30.925;30.06;30.875;3681096
30.92;31.2;30.45;30.8;4540447
30.84;31.15;30.6;30.85;3116427
30.935;32.035;30.51;31.8;4230905
31.75;31.905;31.225;31.23;3017474
31.55;31.825;30.83;31;3178751
30.69;30.915;30.27;30.295;3544975
30.29;30.495;29.74;29.88;3171567
29.97;30.16;29.695;30.16;2444827
30.14;30.94;30;30.94;2954983
30.86;31.92;30.6;30.9;5480014
31.185;31.285;30.54;31;2865760
30.9;31.07;30.715;30.85;1560871
30.91;31.22;30.78;31.04;1864020
30.95;31.02;30.5;30.65;2265879
30.925;31.15;30.8;31.15;2514730
31.15;31.3;30.82;31.19;2781435
31.3;31.62;30.075;30.15;5861284
30.335;30.62;30.09;30.315;2923451
30.47;30.98;30.32;30.78;2787759
30.97;31.51;30.855;31.285;3210438
31.02;31.18;30.335;30.74;3000862
30.625;30.89;30.13;30.155;3118935
30.28;30.45;29.65;29.745;2629959
29.945;30.025;29.55;29.81;3090309
29.97;30.085;29.695;29.745;3500966
29.765;30.035;29.435;29.68;4114444
29.52;30.2;29.27;29.27;4518845
29.27;29.655;28.99;29.46;2525156
29.3;30.115;29.26;29.8;4181964
29.7;30.28;29.695;30.105;3300282
29.875;31.245;29.72;31.12;3965931
30.95;31.225;30.775;30.98;2606568
31.1;31.785;31.015;31.715;2654676
31.675;31.72;31.305;31.445;1913744
31.745;31.95;31.235;31.385;1850345
31.255;31.88;31.25;31.53;1764078
31.445;31.88;31.335;31.8;1452590
31.84;32.2;31.73;32.15;2306174
32.145;32.635;32.01;32.145;2191555
32.18;32.22;31.6;31.78;2236613
31.78;31.995;31.285;31.355;2040478
31.5;31.545;30.685;30.91;3847423
31.295;31.715;31.185;31.55;2148025
32.1;32.75;32.03;32.525;5398978
32.525;32.71;32.2;32.58;1948489
32.27;32.47;31.83;31.895;2121737
31.29;32.7;31.29;32.4;2323378
32.4;32.745;32.155;32.315;2644527
32.57;32.6;32.115;32.445;2224414
32.475;33.225;32.465;33.105;4326236
33.38;33.545;33.17;33.45;2564798
33.3;33.885;33.01;33.79;3408262
33.84;33.84;33.305;33.6;2934275
33.355;33.7;32.88;33.125;3143740
32.96;33.025;32.55;32.83;2459159
32.72;33.17;32.66;33.06;1596893
33;33.26;32.65;32.905;2757209
33.175;33.405;32.735;32.96;1630078
33.1;33.405;32.875;33.205;1973075
33.27;33.34;32.61;32.835;2734505
32.65;33;32.525;32.71;2828950
32.74;33.23;32.485;32.585;4858272
32.73;33.1;32.56;32.955;2422782
33.08;33.72;32.995;33.395;2062844
33.595;33.655;33.28;33.61;1809993
33.455;33.8;33.295;33.615;271641
33.83;33.86;33.47;33.67;606459
33.8;33.9;33.445;33.5;1361215
33.45;33.88;33.375;33.71;853141
33.84;33.875;33.56;33.56;355170
33.68;34;33.445;34;1659399
34.85;34.95;34.425;34.805;4031419
34.8;34.995;34.5;34.55;1858500
34.555;34.68;34.015;34.16;2221203
34.295;34.52;34.25;34.495;1829339
34.62;34.69;33.53;33.98;2749736
34.08;34.265;33.5;33.815;2278791
34;34.875;33.995;34.875;3735571
34.985;34.99;34.11;34.595;2306938
35.22;36.06;34.99;35.83;7407095
35.995;37.02;35.91;36.9;4641794
36.635;37.38;36.25;37.27;3276403
36.99;37.11;35.95;36.05;4124427
36.05;36.305;35.53;35.53;2501376
35.29;36.035;35.28;35.675;2628855
35.335;35.665;35.2;35.225;1966350
34.855;36.115;34.8;36.115;2981075
35.76;36.07;35.45;35.98;3059523
36.155;36.25;35.26;35.26;2702977
35.485;35.83;35.06;35.34;2229207
35.255;35.875;35.245;35.695;1762410
35.575;35.94;35.4;35.935;1463006
35.975;35.995;35.605;35.75;1276168
35.695;35.7;34.785;34.9;2743968
34.68;34.84;33.73;33.73;4735893
33.81;34.37;33.725;34.33;2623342
34.79;35.12;34.55;34.71;2579358
34.735;34.985;34.19;34.385;2472218
34.37;34.94;34.25;34.74;2398766
34.995;35.165;34.425;34.64;1603477
34.83;34.98;34.255;34.385;1258611
34.67;34.81;34.19;34.67;1807171
35.1;35.59;34.825;35.375;3289111
35.1;35.75;35.1;35.635;1970374
34.605;35.47;34.41;34.92;4735415
34.75;34.775;33.93;34.085;2582074
34.255;34.485;33.56;33.765;2645980
33.935;34.055;33.64;33.825;2182601
33.66;34.14;33.315;33.48;2742071
33.8;33.945;33.1;33.885;2907227
34.185;35.12;34.155;35.12;3345790
35.17;35.8;34.965;35.78;3328446
35.63;35.95;35.46;35.925;2308048
35.88;36.315;35.63;35.635;2860568
35.7;36.05;35.6;36;2379449
36.215;36.515;35.97;36.07;2274220
36.095;36.395;35.795;36.21;2210998
35.995;36.475;35.685;36.44;2142896
36.475;37.01;36.44;36.975;2962931
36.45;36.64;35.795;35.855;4872323
35.855;35.995;35.4;35.46;2544516
35.745;36.24;35.505;36.07;2306423
36.105;36.255;35.93;35.93;1828230
35.665;35.93;35.6;35.675;2551227
35.835;36.05;35.75;35.86;3746426
35.85;36.08;35.3;35.895;1750162
35.72;36.115;35.62;35.875;1542610
35.755;35.9;35.055;35.62;2462835
35.715;36.065;35.7;35.975;1768283
35.8;36.19;35.55;35.645;1689733
35.735;35.875;35.34;35.73;1273400
35.8;36.17;35.675;35.82;1732835
35.695;35.97;35.415;35.685;2407164
35.92;36.725;35.87;36.725;3119536
36.65;36.83;36.345;36.5;2030437
36.57;37.15;36.485;36.91;2697670
36.635;36.935;36.15;36.805;2303391
36.67;37.41;36.52;37.4;2432524
37.68;37.73;37.305;37.56;2749578
37.51;37.745;37.385;37.645;1786521
37.775;38.12;37.57;37.985;2281925
38;38.075;37.71;37.87;2028481
38.7;39.22;38.26;38.39;8118474
38.275;38.39;37.81;37.96;2757971
37.89;38.435;37.625;38.435;2529736
38.44;38.56;37.975;38.465;3008733
38.365;38.405;37.73;37.98;3147899
37.875;38.34;37.76;37.93;2859389
38.185;38.48;38.125;38.46;1802539
38.3;38.3;37.125;37.125;2800325
36.905;37.18;35.68;36.06;5536410
35.97;36.75;35.925;36.645;2305876
36.49;36.955;36.245;36.84;2915710
36.665;36.92;36.27;36.875;1331999
37.035;37.245;36.51;36.705;4674253
36.675;36.675;35.905;36.285;5161498
35.655;36.16;35.48;35.655;5154605
34.11;34.285;32.505;33.045;11097057
35;35.73;33.755;35.73;8188970
35.17;35.48;34.85;35.35;4000113
35.035;35.84;34.875;35.675;3390663
35.95;36.125;35.78;36;2209406
35.925;35.93;34.545;34.705;4549931
34.3;34.835;34.235;34.525;2316113
34.835;34.98;34.48;34.82;1885198
34.1;34.515;33.925;34.03;3574146
34.095;34.63;33.15;33.615;5026406
33.685;33.685;32.61;33.255;4611731
33.495;33.835;33.02;33.25;2408231
32.34;32.74;32.055;32.24;4843446
32.875;33.45;32.615;33;5830798
33.2;33.705;32.725;33.705;3214647
33.87;34.08;33.735;33.81;2625198
33.815;34.075;33.55;33.71;1107590
33.315;34.215;32.98;34.08;3306334
33.7;34.075;33.44;34.03;2114634
34.69;34.81;34.395;34.665;2929122
34.67;34.91;33.725;33.96;3852919
33.27;33.79;33.12;33.49;2618506
33.655;33.655;32.765;33.38;2949312
33.665;33.69;33.07;33.535;3083339
33.17;33.865;32.88;33.59;3195383
33.69;33.855;33.335;33.62;3119957
33.7;34.115;33.5;34.115;2807150
33.785;34.345;33.785;34.2;2470372
34.36;34.65;34.145;34.595;3058510
34.55;35.4;34.475;35.11;3687209
35.18;35.475;35.015;35.02;4377040
35.615;35.75;35.12;35.32;2069094
35.01;35.475;34.95;35.14;2279860
35.08;35.08;34.475;34.53;2548671
34.78;34.8;34.02;34.025;2944908
34.135;34.15;33.61;33.705;2057960
33.71;34.06;33.47;34.06;1794458
33.505;33.6;32.925;32.925;3863192
32.99;33.05;32.55;32.74;3035496
32.15;32.385;31.835;32.03;4593242
32.22;32.6;31.81;32.135;2377374
32.445;33.225;32.355;33.07;3731351
33.24;34.135;33.15;33.865;3725826
33.565;34.275;33.37;34.195;2918031
34.335;34.78;34.145;34.53;2800687
34.89;34.99;34.54;34.595;2829268
34.725;34.9;34.435;34.635;1548541
34.47;35.265;34.465;35.115;2265089
35.14;35.55;34.91;35.305;2010994
35.07;35.77;35.07;35.335;2531697
35.69;35.69;34.59;34.795;5047145
34.535;35.235;34.5;34.76;2219367
35.09;35.175;34.205;34.52;2361207
34.745;35.305;34.745;34.815;2193033
34.61;35.66;34.545;35.565;3387164
35.39;35.95;35.21;35.64;2815529
35.945;35.945;35.3;35.61;1926459
35.78;35.99;35.535;35.735;2300962
35.88;35.95;35.185;35.33;1735146
35.305;35.535;34.96;34.99;2435420
34.665;35.53;34.49;35.325;2760734
35.5;36.28;35.3;36.205;2505100
36.195;36.295;35.725;35.97;1891437
35.745;36.27;35.57;35.975;1526845
35.855;36.02;35.58;35.78;1206566
35.97;36.225;35.6;35.855;2056410
36.125;36.52;35.98;36.52;1998539
36.41;36.44;35.985;36.21;1388922
35.89;36.065;35.57;35.63;2376113
35.535;35.88;35.33;35.64;1744167
35.7;35.83;35.27;35.53;1840405
35.665;35.775;35.235;35.615;1538808
35.775;36.52;35.715;36.46;2127267
36.25;36.53;36.125;36.44;1720815
36.6;37.115;36.175;36.18;2878143
36.165;36.44;35.715;35.75;2806732
35.75;36.38;35.575;36.15;1731114
35.865;35.95;34.865;35.115;2746696
34.985;35.14;34.18;34.59;3410003
34.855;34.92;34.43;34.585;1699511
34.755;35.715;34.65;35.715;2930297
35.695;36.215;35.48;36.11;1856998
35.4;36.815;35.35;35.83;4238119
36.095;37.805;35.815;37.805;4858180
37.725;37.99;37.435;37.9;3034695
38;38.24;37.78;37.845;3199150
38.04;38.04;37.42;37.5;1606720
37.315;37.59;37.145;37.455;1745219
37.33;37.655;37.045;37.52;2009393
37.405;37.8;37.215;37.675;1822679
37.6;37.87;37.435;37.455;1956112
37.86;37.86;37.49;37.515;1635801
37.555;37.635;36.985;37.61;2655197
37.515;37.93;37.475;37.715;2083411
37.9;38.45;37.81;38.245;3671919
40;40.68;39.885;40.02;13058797
40.06;40.39;39.58;40.39;3592531
40.16;40.96;40.125;40.535;2825001
40.645;40.71;39.63;39.675;3835242
40.01;40.19;39.51;40.145;2695610
39.935;41.28;39.935;41.28;3894464
41.2;41.2;40.165;40.165;3233824
40.215;40.39;39.67;40;3138506
40.055;40.185;39.36;39.455;3220301
39.26;40.15;39.14;39.415;2827968
39.335;39.715;39;39.135;2212404
39.05;39.185;38.46;38.605;2239898
38.655;39.35;38.54;39.3;2569437
39.69;39.69;39.21;39.45;2504786
39.48;39.48;38.43;38.93;3438307
38.65;38.895;38.325;38.59;2351928
38.695;39.115;38.49;38.935;1570520
39.21;39.21;38.72;39.205;2286177
39.59;40.4;39.42;39.81;2518281
40;40.395;39.875;40.13;2293970
39.375;39.46;38.085;38.505;7519224
38.215;38.38;37.535;38.105;3472805
38;38.585;37.985;38.365;3412158
38.23;38.61;37.915;38.56;2172132
38.375;38.73;38.25;38.55;1763405
38.38;38.88;38.33;38.73;1641075
38.93;39.15;38.84;38.96;1180993
38.955;38.975;38.615;38.845;1340793
38.685;38.945;38.52;38.595;1700179
38.73;39.26;38.73;38.87;1493794
38.785;39.055;38.62;38.78;1465374
39.005;39.235;38.67;38.805;1220735
38.755;39.105;38.645;38.725;1301657
38.79;38.85;38.065;38.08;2116215
38.21;38.675;38.18;38.3;2195553
38.31;38.415;37.96;38.02;1814890
37.96;38.035;37.74;37.92;1386292
37.85;38.175;37.77;38;1640741
37.995;38.06;37.515;37.695;2145522
37.745;38.13;37.6;37.77;1727760
37.35;37.72;37.11;37.6;2113160
37.385;38.03;37.28;37.95;2396854
37.95;38.395;37.815;37.87;2841018
37.85;38.19;37.65;37.965;1908327
38.345;39.02;38.13;38.96;3103042
39.005;39.055;37.9;38.22;3555305
38.6;38.68;37.665;37.685;2444876
37.5;37.65;36.28;36.28;4745680
36.45;36.67;36.195;36.455;2631126
36.315;36.47;36.025;36.23;1481269
36;36.68;35.86;36.42;2145825
36.51;36.925;35.62;35.62;3794385
35.57;35.79;34.855;34.855;3894913
32.935;32.97;31.325;32.9;16855126
33.2;33.83;32.58;33.83;6555784
33;33.765;32.98;33.105;4433453
33.095;33.095;32.23;32.27;6036248
32.415;32.945;32.17;32.7;3195724
32.35;32.78;32.2;32.3;3612391
32.445;32.45;31.955;31.955;4522498
32;32.18;31.76;31.76;2763528
31.865;32.375;31.76;32.34;2988064
32.585;32.675;32.295;32.67;2178210
32.48;32.64;32.335;32.5;2302565
32.7;33.32;32.62;33.25;3853775
33.42;33.635;33.04;33.04;3880781
33.29;33.33;32.015;32.015;3233073
32.035;32.46;32.035;32.14;2555869
32.195;32.38;31.765;31.765;2458275
31.715;31.99;31.7;31.87;1522619
32.065;32.25;31.75;31.81;178804
32;32.12;31.4;31.8;1095668
32.1;32.32;31.76;31.76;854757
31.85;32.195;31.85;32.065;1217676
32.015;32.06;31.45;31.49;1374081
31.585;31.645;30.85;30.85;958068
31.21;32.05;31;32.05;2279259
32.51;33.045;32.475;32.48;3527459
32.5;32.5;31.87;32.15;2685794
32.23;32.675;32.18;32.525;2303119
32.605;32.8;32.34;32.42;2174325
32.305;32.67;32.015;32.06;1908118
32.105;32.4;31.82;32.4;2893204
32.275;32.85;32.27;32.85;2475544
32.775;33.4;32.535;33.4;3649114
34.3;34.4;33.175;33.225;4334324
33.3;33.49;33.03;33.105;1678940
33.175;33.27;32.39;32.75;3393232
32.965;32.985;32.315;32.445;2566398
32.325;32.6;32.11;32.185;2683723
32.435;33.54;32.26;33.305;4016840
33.425;34.245;33.055;34.155;3637052
34.375;34.45;33.695;33.8;2434912
34.04;34.26;33.805;34.08;2104600
33.875;34.065;33.565;33.905;1855374
34.2;34.5;33.905;33.975;2827995
34.8;36.135;34.545;35.785;7281045
36;36.61;34.925;36.08;5186640
36.005;36.08;35.405;35.42;3062762
35.495;35.595;34.455;35.595;3092499
35.72;35.765;35.185;35.6;1996881
35.545;35.845;35.38;35.515;1621779
35.365;35.49;34.93;35.24;2299532
35.125;35.64;35.11;35.355;2196860
35.265;35.405;34.805;35.35;1884065
35.21;35.49;34.75;35.375;1543224
35.885;36.035;35.64;35.765;2468548
35.49;36.07;35.485;35.745;1376133
35.785;35.965;35.64;35.815;1955541
35.68;35.89;35.4;35.54;1929661
35.715;36.22;35.615;36.005;3144906
35.995;36.17;35.735;35.79;1285539
35.62;35.94;35.41;35.73;1974362
35.765;35.975;34.9;34.9;2835995
34.565;34.945;34.43;34.65;3227376
34.845;35.58;34.55;35.54;2185398
35.37;35.905;35.12;35.58;3119021
35.99;35.99;34.97;34.97;3243022
34.7;35.15;33.605;33.605;10253604
33.745;34.5;33.22;33.735;7118912
33.18;33.48;32.1;32.26;9601611
32.2;32.805;31.825;32.26;3342542
32.42;32.7;32.25;32.38;2223530
32.44;33.035;32.22;32.235;4805501
32.075;32.73;31.97;32.32;3175828
32.18;32.565;31.99;31.99;2480263
31.93;32.115;31.28;31.36;4198896
30.895;31.225;29.9;30.62;7207769
30.79;30.79;29.825;29.895;4963045
30.17;30.94;30.005;30.83;5327967
30.875;31.065;30.565;30.7;5267446
31.15;31.66;30.945;31.66;3672136
31.77;32.03;31.405;31.56;3418393
31.4;31.8;31.16;31.56;2064827
31.53;31.95;31.37;31.885;2190540
32.035;32.04;31.58;31.615;1332523
31.615;31.79;31.5;31.675;1043428
31.68;31.7;31.25;31.57;1487384
31.88;31.915;31.495;31.78;2059648
31.775;31.9;31.24;31.24;2648332
31.515;32.415;31.3;32.385;5348432
32.385;32.5;32.14;32.295;1934478
32.235;32.26;31.81;31.905;1991548
32.085;32.415;31.945;32.175;2038608
32.24;32.475;31.77;31.8;1926810
32.025;32.39;31.69;31.81;1970193
31.7;31.955;31.52;31.72;1608662
31.5;31.735;30.85;31;2815446
31.16;31.47;31.01;31.435;2140184
31.155;31.36;30.735;31.035;2166587
30.62;30.925;30.315;30.6;3806154
30.575;30.755;29.86;29.945;3023182
30.05;30.355;29.905;30.01;3001726
30.3;30.98;30.205;30.935;3481838
31.08;31.275;30.84;31.09;2181216
31.04;31.175;30.88;31.1;2054052
31.105;31.68;31.02;31.6;2203980
31.795;31.96;31.57;31.9;2141987
31.845;32.1;31.565;32.01;1505324
32.275;32.275;31.91;31.99;1379232
31.91;32.06;31.7;31.85;2390873
31.805;32.08;31.42;31.61;2998552
30.91;31.41;30.63;31;6205401
31.075;31.77;30.995;31.485;3681311
31.34;31.34;30.62;30.665;3542293
30.8;31.065;30.725;30.85;2951340
31;31.24;30.805;30.91;2959107
30.645;30.695;30.375;30.505;3737149
30.67;30.98;30.52;30.605;3456467
30.445;30.475;30.06;30.265;4069240
30.295;31.315;30.2;30.395;5346466
30.555;30.66;30.275;30.465;2011414
30.6;30.835;30.33;30.65;2512859
30.62;30.97;30.39;30.475;2326507
30.26;30.61;30.135;30.26;3112490
30.37;30.52;30.155;30.27;2310803
30.14;30.69;30.07;30.595;2380965
30.61;30.695;30.125;30.26;2331614
30.48;30.58;30.275;30.335;1905987
30.36;30.54;30.23;30.285;786738
30.4;30.985;30.4;30.78;6049731
30.785;30.86;30.34;30.43;2132580
30.22;30.455;30.1;30.235;2174211
30.265;30.325;29.97;30.185;2362605
30.105;30.215;30.035;30.09;1630937
30.07;30.16;29.95;30.08;2259328
29.925;30.02;29.31;29.5;5132938
29.39;29.68;29.215;29.58;3469257
29.44;30.07;29.13;29.175;4322386
29.295;29.49;29.025;29.065;2061772
29.3;29.635;29.16;29.58;3816851
29.425;29.555;28.69;28.745;4761645
28.205;28.25;27.44;27.745;8798637
26.6;27.325;25.95;27.285;12563376
26.74;27.13;26.72;26.855;3444851
26.95;27.335;26.855;27.305;3250342
27.305;27.435;26.775;27.155;3689664
27.045;27.135;26.505;26.59;2872154
26.835;27.11;26.565;26.745;4369151
26.7;26.87;26.29;26.45;4872589
26.97;27.57;26.64;27.44;9383077
27.61;28.225;27.565;28.11;6328751
28.11;28.32;27.675;28.32;5728237
28.32;28.495;27.93;28.16;4497204
28.09;28.39;27.605;27.685;5548563
23.85;24.315;23.635;24.15;8641604
24.2;24.2;23.03;23.24;8068795
23.595;23.86;23.41;23.72;6786626
23.795;23.875;23.205;23.255;4260223
23.1;23.27;22.43;22.595;5662335
22.12;22.345;21.545;21.99;7174565
21.5;22.45;21.33;22.325;7172981
22.195;22.235;21.705;21.815;4196411
21.74;21.8;21.54;21.76;3704297
21.595;21.715;21.505;21.535;2969838
21.755;21.785;21.525;21.59;2895852
21.68;21.89;21.44;21.69;2711704
21.83;22.325;21.61;22.175;4009201
22.31;22.33;21.995;22.12;3170724
22.02;22.195;21.99;22.165;3456054
22.27;22.41;21.795;21.825;3387591
21.915;21.955;20.995;21.335;4710876
21.22;21.34;21.005;21.225;2836844
21.055;21.135;20.275;20.6;6416517
20.89;20.975;20;20.08;3641439
20;20.105;19.51;19.545;5551988
19.54;19.61;19.07;19.235;7240729
19.565;19.75;18.505;18.565;7234731
18.315;19.145;18.25;18.715;9466206
18.54;19.035;18.09;18.09;6142020
18.08;18.645;17.36;18.545;10964296
18.9;18.925;17.405;17.405;9040917
17.885;18;16.675;17.935;7466210
18.1;19.095;18.05;19.07;7942300
19.355;19.75;19.175;19.665;5212693
19.585;19.705;19.22;19.655;3935039
19.55;20.175;19.35;19.98;3024138