29.375;29.85;28.875;28.875;1595704
28.89;28.99;27.56;27.625;2939400
27.5;28.24;27.5;27.5;2478216
27.94;29.74;27.625;29.5;4362280
29.625;30.86;29.5;29.625;4183272
30.35;30.35;29.225;29.275;2007656
29.86;29.86;28.79;28.99;1928592
29.125;30.26;29.04;29.75;2925736
29.99;30.25;29.625;29.625;2797936
30.16;30.175;29.2;29.55;2282160
30;30;29.5;29.81;2400608
29.91;29.99;28.75;28.75;1993672
28.75;28.875;28.275;28.71;2946760
28.75;28.8;27.9;28.31;2544568
28.25;28.375;27.56;27.75;1997392
27.75;27.94;27.425;27.46;3496016
27.49;28.09;27.375;27.55;3757216
27.56;28.86;27.56;28.36;3383392
28.75;28.91;28.04;28.19;2189080
28.36;28.79;27.84;27.95;2065224
28;28;27.4;27.5;2053904
27.975;28.06;27.125;27.125;3007608
27.14;27.31;26.325;26.74;3104216
27.24;27.99;27;27.56;2196936
27.69;27.69;26.875;27.325;1918904
27.5;27.55;26.9;27;1378504
27.425;27.825;27.15;27.5;1454576
27.75;27.75;26.675;27.025;1761344
27;27.175;26.64;26.925;1137960
26.89;26.925;26;26;1897736
26.51;26.85;26.025;26.31;1479872
26.25;26.91;25.875;26.9;1651264
26.76;27.61;26.76;26.875;2173480
27.25;27.625;26.75;26.75;1469056
26.75;27.36;26.31;26.76;1292520
26.25;26.69;26.15;26.5;980192
26.35;27.41;26.25;26.575;2933216
26.875;27.11;26.46;26.86;784992
27.31;27.31;26.5;26.99;1242680
26.875;27.375;26.625;26.625;7988088
26.875;26.875;26.25;26.69;1423752
26.76;26.875;25.84;26.1;2773904
25.94;26.05;25.06;25.19;4499056
25.44;26.11;25.25;26.06;1700152
25.7;26;25.19;25.425;2430240
25.99;25.99;25.45;25.71;953768
25.625;25.725;24.525;24.61;2877200
24.49;24.625;23.54;23.725;5184176
24.06;24.1;23.14;23.4;2045584
23.5;23.675;22.54;22.64;3935256
22.875;23.56;22.69;23.31;1858808
23.64;24.84;23.64;24.74;3095392
24.875;25.35;24.39;25.075;2781672
25.875;27.25;25.65;27.2;6229184
27.625;28.35;26.64;26.75;3607784
27.375;27.725;26.76;26.99;1855032
27.44;27.91;26.66;26.91;3668416
27.475;28.74;27.375;28.74;5098840
28.56;28.61;27.66;27.875;2167808
27.89;28.35;27.45;27.71;2132120
28.125;28.24;27.875;28.125;1955752
28.3;28.81;28.21;28.275;1870616
28.575;28.575;28.075;28.125;1081400
28.44;28.61;27.975;28.14;2011352
28.55;29;28.16;28.875;3864664
28.96;29.75;28.225;29.56;2035176
29.75;30.8;29.625;30.625;3520152
30.26;30.79;29.4;30.625;4970280
30.725;30.725;29.575;29.79;1609712
29.625;30.55;29.39;30.125;1420056
29.75;30.1;29.19;29.66;2027832
29.86;30.625;29.375;30.56;1543032
30.625;30.86;30.01;30.69;1474080
30.375;31.85;30.325;31.85;4564944
31.85;31.875;31.225;31.76;2636896
29.5;31.375;29.5;31.125;2261672
31;31.49;30.125;30.89;1399384
31.125;31.125;30.375;30.59;1548216
30.5;31.21;30.19;30.19;1389416
30.125;31.45;30.04;31.25;1206840
30.775;31.475;30.325;30.625;3836744
30.81;30.875;30.21;30.44;1371328
30.875;30.875;30;30.06;1826768
30.5;30.56;30.06;30.34;1184824
30.625;32.125;30.125;31.375;2305896
31.625;32;31.275;31.75;1715656
31.14;32.29;31.125;31.94;1891168
31.25;32.05;31.25;32.05;718928
31.5;33.125;31.45;33.01;2940328
32.99;34.125;32.4;34.125;5868744
32.94;34.49;32.94;34.45;3303232
34.25;34.875;32.76;33.475;1922744
32.94;33.94;32.81;33.2;1134768
33.375;34;32.14;32.26;3291312
32.01;32.675;31.875;32.575;1584632
32.875;33.375;32.625;33.2;1215736
32.85;33.875;32.525;33.59;2100152
33.25;34.375;33.25;33.94;1632600
33.75;34.875;33.44;34.44;6479120
34.44;34.84;34;34.44;4091936
34.44;34.94;33.175;33.19;2816608
33;34.04;32.725;33.625;1752880
33.75;33.975;33.075;33.41;807176
33.25;33.25;32.19;32.375;1552776
32.7;33.11;31.39;31.39;3539128
31.85;32.36;31.5;31.65;925208
31.65;32.125;30.9;31.25;2592112
31.75;32.875;31.25;32.475;1770592
33.025;34.1;32.625;33.875;2368992
34.125;34.625;33.1;33.25;2131976
33.9;34.65;31.75;32.3;4173400
32.75;33.5;32.5;32.675;2724832
33.25;34.125;32.85;33.625;2968020
33.75;33.975;33.125;33.25;1455888
33.7;34.5;33.15;34.475;1813308
34.5;34.5;33.275;33.375;1355068
33.125;34.35;33.1;34.175;932484
34.25;34.7;33.75;34.625;1484340
33.875;35;33.875;34.9;1883472
34.875;35;33.15;33.425;1738492
33.175;33.525;32.775;33.45;1378212
32.925;34.5;32.75;34.2;1596432
34.45;34.575;33.325;34.1;1944824
34;34.975;33.8;34.85;1534948
34.95;35.4;34.325;34.75;2236880
35.025;35.175;34.475;34.75;1638204
34.95;35.5;34.275;35.5;1037196
35.25;37.25;35.125;37.125;3351100
36.825;37.875;36.225;36.425;3450772
36.125;36.25;35.15;36;1408228
35.975;36.575;35.275;35.625;2166044
35.1;36.875;35.075;35.625;1353032
35.525;36.675;35.525;36.3;1127680
36.4;37.25;36.4;37.1;1978160
37.225;37.575;36.05;36.5;1627744
36.3;37.325;36.275;36.75;1534656
36.725;36.75;35.775;36.575;888844
35.975;36.35;35.7;36.125;1169440
36.225;36.225;35.25;35.925;1235644
36.025;36.075;35;35.45;970876
35.525;36.375;35.45;36.1;1013428
37;37;35.25;35.95;1191192
36.2;36.375;35.3;35.75;1030460
35.975;37.925;35.975;37;4312244
37;39.625;37;39.25;3755084
39.125;41.125;38.525;40.525;5600696
40.5;40.525;38.525;39.25;3966456
39.625;40.225;39.5;39.75;2688072
39.5;39.725;38.25;38.625;1972752
38.75;38.85;37.775;38;1083956
37.6;38.875;37.5;38;2223240
37.775;38.575;37.675;38.25;1206064
38.25;38.675;37.625;38.125;1002864
37.875;39.125;37.775;39;2085704
39;39.425;38.625;39.375;941500
39.475;39.875;38.775;39.75;996524
40;40.325;39.625;40.25;2463944
40.375;40.925;40.25;40.7;2536408
40.75;40.75;39.15;39.5;1296856
39.75;39.825;38.425;38.875;1341572
39.125;39.925;39;39.625;1782776
39.7;39.975;39;39.75;1734240
39.425;39.6;38.15;39.25;2410520
38.775;39.25;38.025;38.35;2331000
38.35;38.875;38.125;38.65;1178128
38.25;39.425;38.25;38.975;845192
38.75;39.575;38.575;39.25;4562576
38.775;39.375;38.25;38.625;1727180
38.725;39.25;37.975;38.45;1504176
38.975;39.25;38.6;38.825;1896412
38.45;38.725;37.65;37.9;2248560
38.25;38.325;37.275;37.775;1603740
38.125;38.125;36.975;37.325;2174540
37.475;39.05;37.375;38.9;2555444
38.5;39.6;38.375;39.5;1768664
38.8;40.55;38.8;39.675;2387636
39.8;40.625;39.8;40.225;1941372
40.05;40.5;39.8;40.475;1575112
39.85;40.25;39.35;39.875;2915144
39.625;40.35;39.125;39.725;10137720
38.925;39.875;38.925;39.1;3020280
38.825;39.5;38.825;39.375;2107324
39.5;39.7;38.25;38.675;1396728
38.3;38.95;37.85;38.35;1657900
37.75;40.45;37.625;40.25;3526564
39.975;40.75;39.2;39.6;1240720
39.925;40;39.25;39.575;1007708
39.475;40.225;38.875;40;1450156
40.25;40.5;39.4;40.5;1367120
38.75;40.6;38.75;38.9;2495352
37.875;39.75;37.775;38.125;1908204
38;38.5;37.15;37.15;1718368
37.125;37.475;36;36;2752672
35.875;38.45;35.875;38.25;4078068
38.125;39.6;38.125;38.875;3897444
38.55;40;38.45;38.8;1984544
39.025;39.425;38.2;38.25;2583072
37.75;38.575;37.525;37.525;2017796
37.25;38.7;37.25;38.275;2506100
37.65;39.25;37.475;39.2;1772208
39.025;39.5;37.875;38;2260756
37.825;38.85;37.7;38.825;2317264
38.175;39.225;38.125;38.725;1412472
38.5;39.825;38.275;39.4;1846112
39.2;39.75;38.925;39.375;1359940
38.775;39.25;38.625;39;915180
38.65;41.175;38.65;41.175;3902228
40.625;42.35;40.525;41.225;2101472
40.55;43.1;40.55;43.1;2337316
42.775;42.85;40.9;40.9;2549800
40.25;42.75;40.25;42.75;1921772
42.75;42.95;40.925;41.2;3088216
41.2;41.5;39.875;40.625;1072456
40.75;41.925;40.15;41.425;2069796
41.25;42.025;40.55;41.5;1327164
41.5;42.475;41.2;42.075;1646880
42;42.95;41.75;42.5;1773960
42.5;42.5;41.6;41.775;782364
41.2;42.5;41.075;41.425;1170272
41.15;43.25;41.075;43;2323660
42.2;43;41.775;42.45;1449536
42.75;42.75;41.2;41.525;1786572
41.025;42.375;41.025;41.5;1465420
42.075;42.2;41.25;42.2;1000528
41.375;42.125;41.2;41.25;816440
41;42.175;40.025;40.35;3223704
40.525;40.675;39.05;40.25;2698364
39.5;39.5;36.025;36.025;9321496
36.075;39.75;34.575;38.275;10200184
38.95;39.375;37.875;38.45;3456112
39.25;39.3;38;38;1592788
38.125;39.425;37.975;39.325;7986504
39.2;39.9;38.75;38.75;1610764
38.425;39.5;37.15;38.175;2306980
37.625;39;37.575;38.525;2057256
38.525;38.875;37.3;37.3;1562544
37.3;39.225;37.05;38.875;1832008
39;39.525;37.65;38.25;1345900
38.15;38.725;37.15;37.875;1372880
38.225;38.475;35.9;35.9;1596084
37;38;36.6;37.25;1867696
37.025;38.625;36.875;37.925;1291088
38.2;38.75;37.525;38;1276252
37.525;38.425;36.7;38.425;1603804
38.125;38.5;36.625;37.25;2152660
37.25;40;37.25;39.45;2540144
39.5;41.05;39.275;40.775;2570156
40.55;41.825;40;40.425;2583836
39.55;40.225;38.8;39.25;1660080
39.75;39.75;38.55;39.525;1044760
39.6;40.75;39.45;40.7;1240892
40.125;40.725;39.825;40.25;1219748
40.225;40.5;39.65;40.15;806284
40.225;40.825;39.675;40.075;1146828
39.475;39.825;39.325;39.625;1170660
39.25;39.5;36.775;37.45;4898328
37.25;37.25;34.975;36.2;6197812
36.25;37.475;36;37.475;1814384
37.475;37.475;35.125;36.475;2208324
35.825;36.975;35.3;36.625;1897084
36.15;37.7;36.15;36.7;3373496
36.3;37.6;35.7;35.7;2306780
35.5;36.05;34.875;35.65;2015192
35.125;36.6;35.05;36.25;2144424
37;37.025;35.525;35.6;2632208
35.65;35.85;35.15;35.5;1985732
35.45;35.875;34.05;34.2;3443688
35.45;35.45;33.75;34.25;1841756
34.5;36.1;34.3;36.025;4648036
36.175;37.125;36.125;36.825;3337472
36.775;37.7;36.325;37.375;2816624
37.125;38.375;37.125;38.125;1765592
38.125;38.4;37.3;38.25;2891204
38.2;38.675;36.65;36.875;2395644
36.5;36.65;35.325;35.5;3831716
35.025;35.95;35.025;35.25;2510164
35.775;36.125;35;35;1884372
34.975;35.375;34.925;35.1;1531396
35;36.25;34.975;36.25;2913916
36.225;37.1;35.775;36.875;2008132
36.6;37.1;36.375;36.75;1028876
36.525;36.7;36.1;36.575;1033648
35.875;37.35;35.875;37;1301684
36.475;37.35;36.475;36.975;982328
36.625;37.35;36.575;37.25;698556
36.875;37.575;36.75;37.125;1491752
37.575;37.825;36.1;36.7;2247372
36.175;37.25;36.175;36.85;515596
36.85;37.7;36.8;37.45;1262508
37.45;38.1;37.025;37.775;1868060
38;38.2;36.7;37.1;2254208
37.3;37.8;37.075;37.15;1725388
37.6;38.175;37.25;38;7429052
38.025;38.125;37.125;37.5;2573008
37.5;37.725;37.25;37.575;2211748
37.5;37.525;36.8;37.375;2321904
36.7;37.375;36.7;36.975;1377792
36.6;36.875;36.15;36.7;1178112
36.325;36.75;35.85;36.05;2893188
36.175;36.55;35.625;35.8;2429836
35.75;36.25;35.625;35.725;1597012
35.625;36.4;35.6;35.975;2962756
35.575;35.875;35.1;35.575;1142108
35.475;35.475;33.875;33.875;3381460
34.325;34.325;33.025;33.8;3050780
34.45;34.95;33.8;34.5;2044544
34.875;35.05;33.875;33.875;2188716
34.475;34.85;34.25;34.775;1517892
34.65;35.125;34.45;34.75;2998800
34.725;34.725;33.8;34.25;2112072
33.9;34.225;33.425;34.05;2343688
34.75;34.8;33.85;34.225;1452796
34.325;34.75;33.775;34.675;1372928
34.75;35;33.9;34.9;1684796
35;36.225;34.55;35.9;3158532
35.25;35.7;34.775;35.1;3742384
35.625;35.95;35.05;35.95;2906876
35.95;36.225;35.25;35.675;1833980
35.025;35.45;33.7;34;2582944
33.75;34.475;32.925;33.675;3121952
33.75;34.475;33.65;34.125;2623400
34.625;34.625;33.05;33.35;2386308
33.75;34.1;33.2;33.875;1211636
34.125;35.125;34;34.425;1910384
34.75;35.025;33.575;34.25;1864728
35.075;35.575;34.85;35.4;2092824
35.25;36;34.625;36;1868864
36.175;36.6;35.5;36.45;2547084
35.9;36.025;34.875;35.5;3363924
35.55;36.05;35;35.25;1358636
34.775;35.5;34.775;35.5;863368
35.75;36.05;35;35.025;1839956
35.05;35.5;34.5;35.2;1654476
35;35.475;34.85;34.95;2445160
35.35;36.65;35.225;36.425;2262024
36.375;37.125;36.15;36.625;1275768
37.125;37.125;35.675;35.75;2786156
35.75;36.125;35.25;35.25;2325988
35.65;36.225;35.275;36.2;1982420
36.5;36.75;36.275;36.725;1046888
36.75;37.1;36.25;36.925;1360180
36.675;36.875;36.225;36.5;1628824
36.1;37.325;36.1;37.175;2263980
37.15;37.325;36.625;36.925;1557044
36.275;37.325;36.275;37.025;1727804
37;37.175;36.4;37.175;1088060
36.55;36.95;36.45;36.625;1227472
37;37.175;36.275;36.625;1984068
36.95;37.225;36.5;36.95;2458820
36.5;36.825;36.025;36.5;1527264
36.95;36.95;36.25;36.325;1254908
35.875;36.5;35.825;36.15;1857760
36;36.725;36;36.625;498520
36.5;37.2;36.375;36.8;1085668
36.75;37.3;36.625;36.9;1216748
36.775;37.1;35.825;36.15;2538984
36.625;37.875;36.375;37.5;5622484
37.9;38.7;37.4;38.5;4351200
38;39.05;37.875;38.3;2013020
38.375;38.925;38.075;38.5;1529000
38.5;38.875;38.175;38.75;1681884
37.6;38.2;37.525;37.75;4454640
38.25;38.25;37.575;38;3436748
38;38.375;37.625;37.7;1621572
37.875;38.1;37.3;37.975;1819212
38.25;38.3;37.95;38.125;1573240
38.125;38.15;37.175;38;2044244
37.55;37.925;37.5;37.625;2905640
37.65;38.15;37.625;38.1;2398184
38.125;38.85;38;38.3;3107560
38.3;39.625;38.125;39.625;3392780
39.5;39.9;39.325;39.425;2754588
39.525;39.975;39.3;39.975;3032304
39.75;40.525;39.625;40.1;3127860
39.9;39.95;38.05;38.525;4927572
38.625;39.375;38.15;39.375;2378404
39.5;40.4;39.125;40;3694968
40.175;40.525;39.725;40.525;1907740
40.6;40.7;40.05;40.375;1656256
40.375;40.4;39.45;39.45;1767520
39.75;39.75;38.8;39.625;1295940
39.5;39.95;39.25;39.725;1186360
39.5;39.675;38.7;38.975;2233576
38.975;39.125;38.675;39;1710028
39.15;39.25;38.45;38.725;1378956
38.45;39.025;38.425;38.65;2030116
39.025;39.175;38.325;38.55;1420428
39.225;39.225;38.3;38.725;1835232
38.75;39.05;38.675;38.7;1632852
38.525;38.575;38.05;38.3;1442660
38.375;38.45;37.525;37.525;2162172
38.25;38.25;37.425;37.75;2024116
37.3;38.25;37.275;38.15;1318292
37.625;38.5;37.625;38;1230264
37.725;38.05;36.6;36.625;2408068
36.975;36.975;36.5;36.5;2347836
37.375;37.5;36.55;36.7;4580372
36.625;37.5;36.625;37.425;1948864
37.425;37.75;37.25;37.375;1133024
37.375;37.725;37;37.25;1798192
37.25;37.725;37.075;37.525;1641860
37.5;37.6;36.775;37.1;2141444
36.725;36.875;36.45;36.55;2429104
36.55;36.625;36.325;36.625;1835968
36.375;36.6;35.525;36.05;2283056
36.35;36.625;35.75;36.5;2096168
36.5;36.5;36;36;1701748
36.375;36.5;35.525;35.675;1581816
36.125;36.15;35.625;36;1480076
36;36.55;35.875;36.35;1243592
36.25;36.875;36.025;36.425;1141688
36.5;36.875;35.95;36.025;1538532
36.175;36.35;35.725;35.725;1259268
35.725;36.55;35.7;36.225;857324
36.15;37.075;36.15;37.025;1511260
37.05;37.5;36.4;36.625;1876816
36.875;36.925;36.075;36.725;2026344
36.85;38.175;36.7;38.075;3087204
38.15;38.575;37.8;38.05;1473812
37.9;38.575;37.725;37.95;2012184
37.675;38;37.425;37.5;7101560
37.425;37.875;37.05;37.175;2162940
37.25;37.675;37.05;37.425;1452636
37.425;37.75;37.125;37.625;1930768
37.75;38.625;37.75;38.625;3007332
38.375;38.575;37.75;38.125;1715716
38.2;38.2;37.425;38.1;2697396
38.5;38.5;36.6;37.075;3969120
36.75;37.075;35.625;36.75;2846340
36.275;37.225;33.75;33.75;4233968
33.15;36.25;32.75;36.25;4002976
35.625;36.9;35.5;36.2;2464784
36;36.825;34.8;34.8;2604524
34.8;35.5;34.025;35.45;3029796
35.45;36.35;34.675;36.025;3259712
35.95;36.875;35.75;35.85;3346192
35.325;36;34.6;34.8;3515068
34.6;35.375;33;35.25;6139548
35.5;35.675;34.125;34.925;3958388
35;35.275;34.425;34.75;2774112
34.7;35.275;34.5;35.275;4569320
35;35.5;34.975;35.5;2947108
35.975;36.125;34.725;35.75;4234924
35.725;35.9;35.075;35.375;1672636
35.05;35.5;34.375;35.25;2202868
35.5;35.65;34.65;35.65;2471432
35.75;36.25;35.225;36.25;2510192
36;36.25;35.5;35.6;1718260
35.025;36.125;34.875;36;1352576
35.525;36.575;35.375;35.425;2199536
35.25;35.875;34.9;35.75;2480492
33.275;33.475;32.5;32.625;16910056
33.125;33.4;32.525;33.4;4569852
33.075;33.375;32.65;32.95;2803724
33.325;33.75;32.75;33.5;3654696
33.5;33.8;32.825;33.15;3558468
32.875;33.85;32.85;33.25;3522656
33;33.8;33;33.525;3394020
33.525;33.875;33.25;33.8;2824836
34;34.375;33.95;33.975;3271380
33.75;34.25;33.525;33.525;3142656
33.375;33.975;32.525;32.525;5060680
32.75;33.35;32.525;32.975;2608444
33.35;33.35;32.075;32.3;2218700
32.05;32.525;31.275;31.5;3645712
31.35;32.175;31.225;32.125;2442772
32.25;32.25;31.525;32.125;1364196
31.975;32.75;31.45;31.525;3168000
31.625;32.35;31.625;32.225;1931656
32.325;33.2;32.325;33.2;3410108
33.475;33.5;32.575;32.95;2101756
32.975;33.35;32.8;32.8;2187456
32.825;32.925;32.275;32.625;1803056
32.875;32.9;31.9;32;1835204
32.4;33.375;32.375;33.375;2243440
33.325;33.75;32.7;33.25;2497436
33.5;33.875;32.65;32.825;2764324
33.125;33.125;32.575;32.925;1904744
33.2;33.5;32.875;32.875;2768328
32.975;33;32.225;32.4;2615576
31.925;32.95;31.925;32.675;2856628
33;33;32.05;32.25;3401276
32.6;32.85;32.275;32.275;1543488
32.6;33.075;32.275;32.275;1639580
32.35;32.6;31.55;31.85;3690628
31.75;32.1;31.475;31.825;11720384
32.1;32.675;31.75;32.275;2466168
32.625;32.775;32.15;32.275;1602056
32.025;33.3;31.875;32.95;3259868
33.125;33.275;32.475;32.625;2164704
32.875;33.2;32.275;32.275;2718464
32.775;32.975;32.025;32.25;2361424
32.45;32.8;31.75;31.75;2329056
31.875;32.175;31.375;31.375;1514468
31.375;32.125;31.325;31.725;1858656
32.05;32.1;31.425;31.875;1592060
32;32.4;31.6;32.025;2027784
32;32.425;31.525;31.9;1335888
31.9;32.725;31.55;32.375;1828900
32.25;33.175;32.225;32.5;2005104
32.55;33.325;32.45;33.075;2096552
32.9;33.425;32.75;33.125;2175436
33.125;33.775;32.875;33.5;2444748
33.05;33.375;32.975;33.375;210012
33.7;34.15;33.275;33.725;1221020
33.975;34.45;33.95;34.25;2089424
34.2;34.85;33.775;33.95;1578800
34.425;34.425;33.675;33.75;1679860
34.175;34.175;33.525;33.75;2337364
33.85;34;33.5;33.5;1582916
33.7;33.875;33.025;33.025;2553676
33.25;33.4;32.775;32.775;2323096
32.75;33.175;32.75;33;1788464
32.925;33.45;32.9;33;1986296
32.875;33;32.3;32.925;2642404
32.65;33.25;32.475;33.25;2260796
33.225;33.375;32.85;32.925;1872152
33.1;33.2;32.45;32.575;3649720
32.525;33;32.5;32.8;2838328
32.575;33.075;32.55;33.05;1589476
32.725;33.25;32.475;33.25;2245120
33.025;33.3;32.625;33;3622456
32.95;33.125;32.725;32.925;2672336
33.075;33.075;32.575;32.95;2264068
33;33.25;32.575;32.7;2456908
32.675;32.925;32.625;32.75;4371096
32.525;33.075;32.525;32.825;2581532
33.3;33.7;32.9;33.5;4182448
33.25;33.7;33.125;33.375;2699824
33.275;33.5;32.675;32.925;2276060
32.7;33.225;32.7;32.75;2505944
32.75;32.925;31.825;31.85;3070100
31.775;32.175;31.325;32.175;3860156
32.2;32.5;31.875;32.325;1533596
32.5;32.7;32.325;32.575;1002300
32.675;32.8;32.15;32.425;1848020
32.35;32.875;32.225;32.875;1752808
32.8;33.275;32.55;32.75;2948596
33;33.5;32.875;33.4;3147308
33.25;33.25;32.775;32.875;1531464
32.5;33.25;32.4;32.625;4004464
32.675;33.075;32.375;32.9;3315388
33.125;33.15;32.75;32.8;1794080
32.8;33;32.775;32.925;2020188
33.05;33.2;32.775;33.125;2166480
33.25;33.525;32.9;33.125;2749348
33.25;33.275;32.775;33.275;2113780
33.075;33.275;32.875;33.25;2487844
33.2;33.575;33;33.475;2805300
33.475;33.725;33.3;33.6;3591792
33.525;33.675;33.4;33.5;2956840
33.325;33.6;33;33.125;2643584
33.225;33.3;32.875;33;5612364
33.175;33.6;33.075;33.125;2680608
33;33.625;33;33.2;1904024
33.325;33.575;33.05;33.375;2258652
33.475;34.425;33.35;33.675;6944792
33.825;34.45;33.8;34.125;3648732
34.05;34.475;33.825;33.825;3087680
34.025;34.375;34;34.3;2011164
34.275;34.325;33.95;34.225;2184284
34.125;34.325;33.925;33.95;2029516
33.85;34;33.7;33.825;1774836
33.875;33.975;33.45;33.625;3253412
33.65;34;33.65;33.975;2141592
33.975;34;33.625;33.725;1968496
33.75;33.75;33.6;33.7;1938048
33.85;34;33.65;33.775;2961484
33.8;33.975;33.7;33.7;1494480
33.55;34.075;33.475;34.05;2193104
33.95;34.2;33.7;33.7;1684076
33.7;33.925;33.575;33.65;1401104
33.6;33.925;33.5;33.575;1534864
33.675;33.9;33.6;33.675;1365696
33.725;34.625;33.525;34.625;3440692
34.725;35.9;34.55;35.5;6388364
35.65;35.8;35.075;35.075;2521704
35.125;35.725;35.075;35.725;2010964
35.3;36.125;35.05;35.925;5000524
36;36.175;35.725;36;2442160
35.9;36.95;35.9;36.425;4482612
36.25;36.5;35.9;36.475;2596212
36.475;36.6;35.525;35.75;3138968
35.775;36.125;35.325;35.6;8061192
35.275;36.675;35.275;36.075;3685164
35.925;36.5;35.7;36.5;3106528
36.3;36.475;35.95;36.275;5226756
36.325;36.325;35.675;35.725;2440460
35.95;36.75;35.7;36.75;3760456
36.75;36.9;36.375;36.75;2599848
36.5;37.325;36.325;36.675;3532368
36.7;36.975;36.35;36.7;1226680
36.675;36.725;36.05;36.25;3488820
36.3;36.625;36.1;36.175;1888068
36.275;36.475;35.925;36.25;1134968
36.275;36.375;35.9;36.175;1226752
35.925;36.4;35.8;36.4;1436080
36.675;36.675;36.2;36.65;2191984
36.725;37.25;36.4;37.125;2508300
37.125;37.475;36.85;37.15;3373604
37.1;37.425;36.85;37.2;2788884
37.45;37.45;36.925;37.025;1705708
37.075;37.175;36.575;36.925;5382620
36.85;37.2;36.675;36.9;1721880
36.9;37.225;36.75;36.75;1957780
36.675;37.25;36.675;37.05;1579640
37.025;37.6;37.025;37.275;2415564
37.275;37.55;36.7;36.85;3407440
36.75;36.975;36.625;36.85;12102660
36.775;37.25;36.525;37;2615200
37;37.25;36.975;36.975;3572984
36.9;37.425;36.825;36.825;1749316
36.4;36.4;35.5;35.6;2626348
35.75;36;35.625;35.8;2217740
35.8;36.175;35.625;35.875;2929772
35.525;35.875;35.3;35.65;2639500
35.675;35.725;35.025;35.5;2562840
35.55;35.9;35.275;35.8;2343796
35.375;35.85;35.2;35.225;3677876
35.35;35.7;33.775;35.075;2825656
34.725;35.15;34.275;34.5;4455540
34.6;35.25;34.4;35.025;2487668
35.425;35.475;34.775;35.25;2107568
35;35.25;34.575;35.15;2203892
34.875;35.15;34.375;34.6;3901340
34.3;35.15;34.25;34.675;4351296
34.55;34.75;34.075;34.45;3202380
34.7;34.925;34.25;34.4;3975464
33.775;34;33.175;33.7;5037368
33.75;34.05;33.3;33.7;7109484
34.45;34.875;34.075;34.8;3953268
34.5;35.325;34.3;34.925;2060348
34.925;35.225;34.55;34.6;1984240
34.525;34.925;34.25;34.25;2017616
34.6;34.65;34.175;34.375;1390728
34.625;34.875;34.375;34.85;1917776
35.025;35.175;34.575;34.95;2362136
34.7;35.25;34.575;34.875;1651280
34.525;34.625;33.8;33.8;2102328
33.375;33.7;32.625;32.775;4367320
33.35;33.7;32.6;32.625;2672564
32.525;33.175;31.75;31.925;2906048
32.475;32.575;30.875;31.05;3837620
30.6;31.75;30.575;31.55;2951440
31.55;32.225;31.05;31.6;2642560
31.3;31.5;30.1;30.25;3473072
30.025;30.425;29.3;29.35;2986876
29.625;29.875;28.075;28.375;4731360
27.625;28.5;27.35;27.975;8089028
28.75;29.1;28.25;28.75;4446056
28.7;28.825;27.975;28.75;3356000
29.1;30.15;28.825;30.125;5282124
30.475;30.525;29.875;29.975;3548448
30.45;30.975;29.425;29.85;5114652
30.1;30.2;29.05;29.35;3144012
29.75;30.075;29.125;29.775;2608060
30.125;30.125;28.625;28.625;2987084
28.375;30.775;28.175;30.6;4689532
30.5;31.2;30.1;30.5;3428944
30.925;31.475;30.65;31.375;2728504
31.525;31.95;31.325;31.725;2614064
31.8;31.85;31.25;31.6;1442352
31.825;32.05;31.175;31.875;1579024
31.425;32.175;31.325;31.8;2402812
32.375;33;32.125;32.675;2366536
32.775;33;32.15;32.4;1791172
32.125;33.025;32.075;33.025;1658924
32.875;32.95;32.3;32.6;2083660
32.725;33.2;32.55;32.9;2357688
33.25;33.35;32.65;32.675;2379260
32.825;32.875;32.425;32.75;1986588
32.575;33;32.4;32.525;1005856
32.575;33.2;32.575;33;2256300
32.675;32.675;31.875;31.95;3314748
31.95;32.1;31.475;31.725;2347268
31.825;32.125;31.6;31.8;1786560
31.825;32.075;31.8;31.825;1023648
31.675;31.725;30.95;31.275;2866764
30.8;31.625;30.8;31.575;2700404
31.525;31.65;30.875;31.525;1908648
31.425;32;31.075;31.925;2100256
31.65;31.85;31.475;31.75;1333304
31.925;32.25;31.825;31.95;1786264
32.2;32.65;31.8;32.525;1770924
32.275;32.275;31.775;31.775;1492996
31.45;31.7;31.225;31.225;2025732
31.4;31.575;31.1;31.275;1471012
31.95;32;31.1;31.25;2029228
31;31.375;30.7;31.05;2454352
31.1;31.725;30.55;31.05;3724840
31;31.35;30.55;31.025;2436676
30.875;31.075;30.35;30.625;2252592
30.55;30.75;29.525;29.825;3863232
29.6;30.4;29.525;30.15;2889192
30.175;31.225;30.175;31.225;4504284
30.725;31.325;30.725;30.875;2270880
30.2;30.65;29.875;30.5;3198236
30.65;30.825;30.175;30.725;2415012
31;31.45;30.15;30.85;4105852
30.625;31.1;30.375;30.525;2226684
30.25;31.125;30.075;30.4;2936856
30.025;30.625;29.775;30.35;1962136
30.475;30.5;29.825;29.825;2331516
30.2;30.2;29.425;29.6;2446520
29.075;29.825;29.075;29.825;2722796
29.975;30.2;29.5;29.9;2963844
29.85;30.35;29.7;30.275;1942120
30.4;31.075;30.325;30.925;2833424
30.85;31.825;30.55;31.075;3593120
31.55;31.675;30.325;30.9;3031252
32.475;32.475;31.525;31.75;5615812
31.775;32.2;31.725;31.95;2435680
32.2;32.725;31.825;32.15;3338400
32.475;32.575;31.575;31.625;2744152
31.95;32.45;31.7;32.425;3846712
31.85;32.45;31.85;32.15;1545492
32.5;32.65;31.9;32;2546468
31.875;32.375;31.425;31.525;2898164
32;32.6;31.75;32.35;3230576
32.6;32.9;32.35;32.75;3737668
32.6;33.075;32.075;33.025;1782072
33.2;33.55;33.025;33.175;1934808
32.975;33.35;32.675;33.2;1666492
33.55;33.55;32.75;33.025;2187380
32.975;33.35;32.325;32.45;3065160
32.15;32.75;32.125;32.325;2173608
32.075;32.975;31.9;32.85;1844544
32.85;33.2;32.75;32.9;2480368
32.6;32.775;32.275;32.5;3048408
32.325;32.9;32.125;32.7;1690048
32.925;33.05;32.675;32.75;1992892
33.25;33.5;33.075;33.25;3314420
33.125;33.4;32.8;33.15;1884200
33.25;33.475;32.725;33.125;1491328
33.45;33.725;33.15;33.7;2630916
33.65;33.675;33.15;33.325;1779580
33.425;33.5;32.725;32.975;2120360
32.775;32.925;32.6;32.75;2039932
32.925;33.675;32.575;33.475;19441232
33.45;33.85;33.225;33.375;3096868
33.375;33.675;32.575;32.925;2160328
32.575;33.425;32.575;32.85;1456288
32.725;33.125;32.25;32.425;2285392
32.2;32.675;32.125;32.4;2182108
32.375;32.725;31.825;31.975;3215536
32.1;32.575;31.625;32.2;2823892
32.5;32.5;31.75;31.925;2172008
32.125;32.625;31.925;32.525;4183284
32.4;32.7;32.2;32.5;2347000
32.325;32.475;32;32.075;2303548
32.15;32.15;31.625;31.675;1898216
31.5;32.075;31.5;31.9;1898712
32.125;32.225;31.525;31.9;2363992
31.575;31.975;31.475;31.475;2413280
31.75;31.95;31.025;31.575;2274400
31.25;32.125;31.25;31.775;2489668
31.85;32.125;31.575;31.875;1983764
32;32.1;31.55;31.875;474244
31.75;32.125;31.525;31.55;891344
31.55;32;31.25;31.675;1209660
31.925;32.075;31.5;32.05;1124108
32;32.6;31.8;32.6;2098272
32.525;33;32.3;32.575;2601516
32.975;33.075;32.5;32.775;1960784
32.775;32.775;32.425;32.65;2177992
32.4;32.875;32.3;32.5;1664056
32.5;32.65;32.15;32.475;2302172
32.225;32.5;31.575;31.975;2940120
32.125;32.3;31.675;31.875;1941016
31.825;31.875;31.525;31.8;1854828
31.875;31.95;31.35;31.4;2047116
31.25;31.75;31.225;31.45;2402032
31.375;31.6;31.15;31.25;2305304
31.15;31.525;31.1;31.125;1945540
31.25;31.375;30.35;30.35;3730864
30.5;30.6;29.975;30.15;2985924
30;30.35;29.55;29.65;2906748
29.65;30.1;29.5;29.575;2495072
29.3;29.575;29;29;3207580
29.1;29.35;28.8;28.825;2539072
28.875;28.975;28.35;28.6;3885192
28.725;29.1;28.45;28.95;2675208
28.7;29.575;28.5;29.3;2923424
29.625;29.625;29.05;29.25;2390900
29.125;29.225;28.5;28.65;3727840
28.7;28.875;28.4;28.85;1964004
28.65;28.875;28.175;28.45;3334452
28.6;28.625;28.125;28.3;2613368
28.35;28.5;27.7;27.75;1866332
28.1;28.425;27.825;28.15;1668600
28.1;28.15;27.675;27.875;2195532
27.65;28.1;27.375;27.75;2400484
28.3;28.7;27.875;28.5;4928724
28.45;28.725;28.175;28.375;2283260
28.5;28.65;28.325;28.65;2545260
28.5;28.7;28.125;28.125;2095668
28.25;28.575;27.95;27.95;2189504
27.775;27.875;27.1;27.6;3502248
27.375;28;27.375;27.675;1937900
27.625;27.625;26.8;26.95;2805012
27.125;27.275;26.55;26.875;20820796
26.775;27.75;26.75;27.5;3524932
27.975;27.975;27.25;27.45;3077052
27.675;28.475;27.5;28.225;3334124
27.9;28.35;27.625;27.8;2548552
27.625;28.2;27.625;27.8;2064288
27.85;28.025;27.5;27.5;1750940
27.45;27.5;26.7;26.7;2989532
26.975;26.975;26.5;26.625;1761524
26.625;27.1;26.475;26.95;2794224
27.1;27.1;26.05;26.05;3195532
26.625;27.35;26.075;27.35;3135076
27.725;28;26.825;27.875;4049076
26.875;29.25;26.875;28.95;3575916
29.1;29.825;28.95;29.175;3819376
29.125;29.675;28.925;29.175;2694848
29.125;29.625;28.75;29.15;1930472
29.5;29.85;29.325;29.45;3206812
29.25;29.475;28.35;28.5;3497104
28.375;29.325;27.925;29.075;2647056
28.95;29.725;28.675;29.45;2652108
29.175;29.375;28.875;29.1;1800352
29.175;29.4;29;29.25;1690968
28.975;29.275;28.575;28.925;3736596
29.025;29.7;28.775;29.5;7365732
29.875;30.725;29.85;30.675;4010684
30.7;30.85;30.05;30.35;3021676
30.5;31.125;30.025;31.1;3301192
31.425;32.25;31.3;31.85;4264148
31.75;31.9;31.05;31.05;4169576
30.85;32.025;30.625;31.7;5159080
31.275;31.925;31;31.1;4076528
31.7;32.375;31.65;32.075;5462708
31.9;32.25;31.675;32.15;2252232
32.4;32.5;31.675;31.75;6665620
32.25;32.325;30.925;31.35;4308840
31.075;31.55;30.95;31.4;2335636
31.375;31.6;31;31.375;1965432
31.95;32.1;31.1;31.475;3656964
31.175;31.75;30.9;30.9;2154312
30.85;31.475;30.825;30.825;2950452
30.975;31.65;30.85;31.475;1690472
31.8;31.975;31.6;31.7;6692408
32.125;32.125;31.325;31.7;2129320
31.75;31.85;30.625;31;3765632
31.2;31.5;30.75;31.025;10610552
30.7;30.775;30.25;30.675;3365724
30.85;30.85;29.875;29.875;3174496
29.975;30.225;29.5;29.85;3220328
29.75;30.1;29.5;30.1;2558760
30.2;30.425;29.85;30.2;1892564
30.225;30.325;29.55;29.55;3660864
29.775;30.025;29.425;29.55;3882692
29.55;29.75;29.225;29.75;1837332
29.75;29.875;29.05;29.275;7464084
29.175;29.4;28.7;28.875;2926968
29;29.675;28.525;29.575;2560408
29.675;30;29.25;30;4749048
29.975;29.975;29.525;29.725;3196184
29.925;29.975;29.3;29.625;1987796
29.5;29.825;29.425;29.6;765336
29.375;29.475;28.925;29.275;2524600
29.275;29.5;28.875;29.125;4075368
29;29.5;29;29.375;1410484
29.25;29.675;29.1;29.225;2179952
29.4;30.025;29.15;30.025;2227592
29.85;30.125;29.6;29.975;2839128
30.125;30.125;29.325;29.7;3495056
29.75;29.875;29.4;29.625;2049492
29.55;29.9;29.5;29.75;2506584
29.625;29.75;29.45;29.55;2579792
29.575;29.75;29.5;29.675;1570996
29.65;29.975;29.525;29.85;1975740
30;30.125;29.75;29.875;2666480
29.7;30;29.6;29.75;2305208
29.725;30.05;29.55;29.875;3294252
30;30.15;29.85;30.075;3021772
30.1;31;30.025;30.8;4108968
30.85;31.475;30.7;31.05;5273792
30.675;31.45;30.675;31.375;4751064
31.15;31.25;30;30.15;4107956
30.3;30.525;30.15;30.4;3988480
30.575;30.775;30.125;30.35;2902828
30.175;30.75;30.175;30.35;2250180
30.575;30.575;29.9;30.175;3464296
30.075;30.45;29.975;30.125;3033080
30.05;30.25;29.675;29.875;3227888
30.05;30.375;29.9;30.05;2145928
30.225;30.425;29.725;29.9;2003104
29.9;30.075;29.75;29.85;1888168
30.025;30.675;30.025;30.425;2254504
30.375;30.55;29.7;30.05;3194036
30.15;30.175;29.9;30.05;2065872
29.925;30.125;29.675;29.675;2232344
29.625;29.75;29.475;29.675;1792536
29.75;30.15;29.625;30.025;2071996
30.075;30.1;29.525;29.725;3079272
29.725;29.85;29.3;29.425;2294752
29.25;29.55;28.9;29.375;3578708
29.325;29.8;29.325;29.5;2416108
29.75;29.8;29.175;29.25;2040004
29.275;29.575;29.025;29.325;2067756
30.1;30.525;29.9;30.175;5368668
30.175;30.425;29.9;30.05;4432412
29.9;30.075;29.75;29.8;1822064
30.225;30.375;29.85;29.9;2111864
29.775;30.25;29.75;29.9;2646600
29.875;30.35;29.875;30.3;1817412
30.4;30.525;30.075;30.25;2992852
30.225;30.525;29.875;29.975;2138368
29.975;30.225;29.725;29.725;1775840
29.975;29.975;29.8;29.875;1506236
29.8;29.85;29.575;29.625;1774668
29.875;29.9;29.65;29.825;1769032
29.825;30.65;29.75;30.5;3623140
30.675;30.675;30.5;30.625;1123080
30.675;31.025;30.55;30.725;1853308
30.9;30.9;30.65;30.825;1453392
30.9;31.15;30.7;31.15;2032944
31.15;31.375;31.1;31.2;1247736
31.425;31.45;30.85;31.1;1359236
31.175;31.3;30.7;31.225;2434692
31.225;31.475;31.075;31.325;1686248
31.325;31.575;31.05;31.2;2571976
31.1;31.425;31.05;31.375;1222532
31.225;31.4;31.05;31.225;1089772
31.25;31.475;30.95;31;1928644
31.175;31.225;30.95;31.1;1261616
31.1;31.45;31.075;31.3;1739392
31.5;31.725;31.225;31.225;2189800
31.475;31.875;31.35;31.875;1555284
31.775;32.025;31.675;32;2253668
32;32.25;31.925;32.025;2580664
32;32.15;31.7;32.05;2059056
32;32.225;31.8;32.125;2424176
32.15;32.275;31.975;32.175;1563812
32.275;32.3;31.925;32.3;2140644
32.2;32.325;31.95;31.95;2801172
32.2;33.75;32.075;33.425;10032492
33.725;34.25;32.725;33.075;7388308
33.425;33.675;33.175;33.375;2627076
33.525;33.6;33.15;33.55;2098208
33.625;33.8;33.35;33.35;1864812
33.725;33.725;33.3;33.6;1552708
33.75;33.75;33.275;33.275;2945728
33.275;33.275;32.625;32.775;2880004
32.8;32.925;32.4;32.475;3078036
32.65;33.425;32.5;33.25;3110092
32.875;33.125;32.75;32.9;3081336
32.75;33.15;32.625;32.725;2076836
32.7;33.025;32.45;32.625;2530764
32.625;33.125;32.525;32.75;3862788
32.7;32.875;32.375;32.7;3061256
32.875;32.925;32.175;32.375;3884320
32.375;32.575;32.075;32.55;2920348
32.5;32.85;32.325;32.45;2064520
32.45;32.625;32.325;32.525;1838164
32.175;32.775;32.175;32.425;2503324
32.625;33.125;32.525;33.125;2483336
33.225;33.325;32.7;32.75;1505408
33.075;33.275;32.925;33.275;1396104
33.125;33.3;32.7;32.75;1696052
33;33.45;32.95;33.25;2240488
33.625;33.85;32.975;33.225;2975332
33.375;33.9;33.275;33.55;2606624
33.525;33.625;33.05;33.575;2372416
33.75;33.75;33.25;33.475;1638816
33.35;33.55;33;33;2027668
33.1;33.1;32.55;32.675;1962192
32.675;32.875;32.575;32.65;1739748
33.025;33.05;32.625;32.8;1321872
32.775;32.925;32.425;32.55;2521604
32.725;32.8;32.1;32.275;2896964
32.275;32.875;32.275;32.325;2182912
32.2;32.5;32.15;32.45;1855032
32.5;32.625;32.2;32.35;2736972
32.375;32.7;32.275;32.4;2296888
32.4;32.6;32.3;32.45;1929060
32.425;32.65;32.25;32.6;1521652
32.725;32.75;32.425;32.675;1827712
32.375;32.5;32.15;32.225;1777116
32.15;32.275;32.025;32.275;967272
32.175;32.3;32.025;32.2;1300020
32.425;32.45;32.075;32.175;1979856
32.275;32.45;32.025;32.3;1802284
32.025;32.275;31.925;31.925;2378084
32.1;32.225;31.925;31.95;1579220
31.775;32;31.675;31.825;1992412
32.075;32.075;31.5;31.75;2331928
31.725;32.075;31.7;32.025;1815060
32.125;32.4;32.025;32.25;2144204
32.25;32.625;32.25;32.375;2459664
32.4;32.625;32.125;32.4;3318920
32.6;32.6;32.325;32.525;2141176
32.675;32.8;32.4;32.5;6978664
32.725;32.825;32.4;32.725;2166940
32.65;32.725;32.425;32.575;2167416
32.575;32.675;32.225;32.425;2688068
32.5;32.575;32.15;32.425;2037152
32.35;32.35;31.675;31.775;4129528
31.875;31.95;31.675;31.925;1574628
32.1;32.125;31.75;31.8;2555872
31.775;31.825;31.65;31.775;1656144
31.875;31.9;31.475;31.725;2627764
31.8;31.95;31.575;31.775;1831780
32.075;32.075;31.725;31.875;1833492
31.75;32.225;31.725;32.125;2399464
32;32.175;31.925;32.05;2184112
31.875;32.175;31.875;32.175;2080060
32.125;32.175;31.85;32.125;2431272
31.95;32.175;31.875;32.025;1392784
32.1;32.175;31.95;32.125;1043100
32.075;32.225;32.025;32.075;1010872
32.1;32.175;31.95;32.15;1370204
32.225;32.25;32.05;32.125;1564152
31.9;32.375;31.9;32.35;1026508
32.425;32.55;32.175;32.475;1299436
32.425;32.675;32.375;32.675;2326072
32.75;32.875;32.525;32.675;2099560
32.8;33.075;32.75;32.85;2415396
33.1;33.35;32.95;33.05;2912964
33.175;33.175;32.5;32.75;2453692
32.7;32.95;32.525;32.525;1579408
32.675;33.075;32.6;32.9;1821360
32.775;33.125;32.75;33.125;2266572
33.1;33.175;32.875;33;2354380
32.825;33.15;32.825;33.15;2677432
33.05;33.2;32.95;33.15;1300776
33.025;33.175;32.925;33.125;1581176
33.025;33.25;32.9;33.25;1720780
33.625;34.25;33.625;34.1;5708172
34;34.625;33.9;34.25;3106244
34.475;34.5;33.825;33.825;1994180
33.825;34.1;33.55;33.675;2771760
33.5;34.05;33.475;34;2423796
33.775;34.525;33.625;34.3;2070912
34.275;34.55;34;34;2592384
34.4;34.525;33.8;34.2;1582948
34.35;34.35;33.675;33.775;1596900
33.75;34.075;33.65;34;1669264
34.025;34.45;34.025;34.325;1638276
34.25;34.55;34.225;34.475;1492724
34.175;35;34.175;35;2571556
34.875;35;34.275;34.65;2262864
34.5;34.65;33.4;33.75;5969772
33.825;34.15;33.675;33.8;2719180
33.725;34.025;33.625;33.85;2147148
33.95;34.2;33.775;34.175;1452580
34.2;34.575;34.2;34.5;2086940
34.55;34.725;34.1;34.275;3114992
34.225;34.525;34.2;34.45;2460928
34.45;34.675;34.175;34.675;2654680
34.7;34.7;34.25;34.25;1651964
34.25;34.4;34.125;34.175;2528692
34.175;34.6;34.125;34.5;5679436
34.475;34.6;34.25;34.425;2124932
34.625;35.375;34.5;35.075;4728188
35.225;35.325;34.9;35.3;2972940
35.425;35.55;35.2;35.375;2115740
35.225;35.325;34.775;34.925;2441904
34.85;34.95;34.625;34.8;2370908
34.65;35;34.525;34.65;1626876
34.75;34.775;34.425;34.625;1528984
34.575;34.575;34.275;34.325;1642632
34.125;34.725;34.125;34.5;2031908
34.275;34.325;33.8;33.875;3083888
33.5;33.825;33.45;33.725;2514512
33.575;33.8;33.3;33.35;2718016
33.25;33.4;33.05;33.25;2859456
33.2;33.475;33.075;33.375;2168840
33.3;33.375;33.05;33.05;2158280
33.15;33.75;33.05;33.55;3385368
33.3;33.45;32.75;32.95;2073232
32.775;33.275;32.675;33.1;2261396
33;33.2;32.55;32.85;2057800
33.275;33.7;33.275;33.65;3636568
33.725;33.825;33.4;33.5;2144816
33.65;33.8;33.25;33.75;1732580
33.65;33.825;33.375;33.675;2131324
33.75;33.75;33.3;33.35;2851576
33.6;33.625;33.15;33.6;2107932
33.7;34.35;33.575;33.975;2630596
34.225;34.425;34.025;34.3;2326320
34.275;34.7;34.125;34.425;2736488
34.475;34.775;34.325;34.575;2539172
34.775;34.775;33.75;33.975;3291064
34;34.3;33.85;34.025;2917092
35;35.25;34.7;34.85;7817060
34.8;35.1;34.8;35;1980992
35.025;35.175;34.875;34.925;3162284
35.2;35.2;34.65;35;1563412
35;35.2;34.95;35.2;1778084
34.875;35.125;34.8;35.125;6309580
35.025;35.875;34.925;35.875;3708064
35.95;36.1;35.675;35.925;2234380
35.925;36.025;35.725;35.875;2419480
35.9;35.95;35.6;35.65;2285180
35.625;35.625;35.175;35.275;2499784
35.3;35.35;34.9;35.075;2477220
35.175;35.225;34.65;34.95;2492712
34.75;35.3;34.75;35.25;1089236
35.35;35.5;35.05;35.3;3275220
35.275;35.625;35.2;35.625;5903664
35.375;35.75;35.375;35.575;2599884
35.6;35.85;35.3;35.3;7681288
34.825;35.05;34.625;34.7;3504844
34.325;34.475;33.95;34.475;4961748
34.55;34.6;34.125;34.25;8484920
34.575;35.1;34.2;35.05;3659696
35;35.075;34.65;34.925;4511960
34.6;34.875;34.375;34.775;2194316
34.925;35;34.55;34.775;1870308
34.975;35;34.55;34.75;2661284
34.7;34.9;34.475;34.625;1081484
34.75;34.8;34.3;34.575;993436
34.875;35.2;34.625;34.9;1714764
35.05;35.05;34.675;34.85;1569652
35.175;35.325;35;35.175;1663204
35.175;35.55;35.175;35.425;1689160
35.375;35.775;35.275;35.3;2511720
35.2;35.475;35.2;35.475;393620
35.575;35.575;35.075;35.15;4500236
35.25;35.575;35.25;35.375;1574536
35.425;35.6;35.25;35.5;1652856
35.75;36;35.5;35.95;2077508
35.875;36.175;35.875;36.075;1345848
36.125;36.125;35.9;36.05;1858936
36.15;36.175;35.8;35.825;2231248
35.775;36.125;35.775;35.9;944688
36;36;35.75;35.925;677304
35.8;35.975;35.475;35.575;1532904
35.75;35.75;35.425;35.65;1487116
35.575;36.1;35.525;35.875;1666740
35.7;36.25;35.65;36.05;1953070
35.775;36.45;35.775;36.275;3654914
36.425;36.475;36.075;36.2;1391590
36.25;36.45;36.075;36.275;3676190
36.375;36.525;36.2;36.325;4697238
36.575;36.675;36.15;36.4;2497890
36.325;36.5;36.175;36.35;1900216
36.4;36.575;36.25;36.375;1497612
36.35;36.5;36.225;36.225;2832216
36.25;36.35;35.85;35.85;2502318
35.95;36.325;35.625;35.8;1681088
35.725;35.9;35.35;35.55;1521752
35.425;35.55;35.35;35.525;1059630
35.45;35.55;35.2;35.425;1388184
35.4;35.675;35.275;35.275;1631868
35.225;35.3;34.9;35.225;2260686
34.9;35;34.125;34.75;4606498
34.475;34.65;34.35;34.45;1834444
34.75;34.75;34.35;34.5;1428664
34.325;34.6;34.2;34.45;1042894
34.45;34.575;34.125;34.2;1941612
34.175;34.525;34.175;34.4;2065188
34.35;34.875;34.325;34.325;3062004
34.35;34.575;34.05;34.4;1678342
34.575;34.9;34.4;34.75;3108812
34.625;34.825;34.05;34.05;3491620
34.15;34.4;33.9;34.25;2900732
34.325;34.5;33.8;33.825;1435102
34.1;34.15;33.825;34.15;1277374
34.35;34.35;33.525;33.8;2789798
33.775;34.4;33.775;34.35;1770780
34.175;34.475;33.925;34.25;1558146
33.9;34.175;33.7;34.025;1469088
34.325;34.325;33.925;34.25;1343944
34.05;34.175;33.7;33.925;1495460
34.05;34.2;33.875;34;925746
33.65;33.75;33.075;33.1;2424148
33.075;33.175;32.625;32.85;2200106
32.85;33.025;32.625;32.9;1406110
32.925;33;32.15;32.55;2207656
32.5;32.775;32.125;32.45;2338624
32.175;32.425;31.975;32.2;2406264
32.1;32.4;31.825;32.375;1938350
32.5;33.175;32.375;32.975;3790112
32.8;32.825;32.525;32.675;3185316
32.9;32.975;32.45;32.75;1589478
32.7;32.75;32.375;32.575;1832900
32.875;33.225;32.65;33.075;1875306
33.125;33.3;32.825;33.05;1553506
33.075;33.375;33;33.125;1318946
33;33.35;33;33.25;2515498
33.225;33.475;33.075;33.475;1386378
33.5;33.55;33.15;33.25;752534
33.1;33.3;32.75;32.9;3134678
33.05;33.175;32.7;32.825;2520784
32.675;33;32.55;32.925;1421704
32.875;33.325;32.85;33.15;1720544
33.3;33.475;33.175;33.425;1018746
33.4;33.575;33.25;33.4;1100300
33.25;33.375;32.85;33.1;2216304
32.875;33.025;32.65;32.75;1605898
32.675;32.775;32.55;32.725;1543792
32.8;32.95;32.725;32.925;1544468
32.9;32.95;32.7;32.725;1433550
32.65;32.8;32.025;32.275;3535876
32.325;32.35;31.8;31.875;2865200
32;32.375;31.775;32.25;2704242
31.875;32.1;31.55;31.8;3515140
31.925;32.525;31.4;32.375;7455720
32.5;32.6;31.875;31.875;3660216
31.825;31.875;31.4;31.525;4160360
31.525;31.95;31.525;31.95;3211012
31.85;31.875;31.55;31.65;1571936
31.55;31.925;31.45;31.65;1837828
31.675;32.075;31.675;31.95;2777994
32.1;32.25;31.65;31.65;4290190
31.775;32.025;31.575;32.025;2127474
32.25;32.375;32.05;32.175;1808500
32.3;32.575;32.2;32.35;2226168
32.475;32.55;32;32.125;2819606
32.225;32.425;31.75;31.95;1911532
31.9;32.075;31.5;31.825;2481404
31.975;31.975;31.5;31.625;2076668
31.825;31.825;31.3;31.425;2171040
31.65;31.65;31.1;31.3;2946456
32;32.675;31.825;32.5;9173542
32.625;33.2;32.4;32.775;5197494
32.925;32.925;32.55;32.7;2067346
32.8;33.475;32.75;33.225;3509496
32.9;33.125;32.725;32.95;2172432
33.175;33.2;32.7;33.025;1844518
33;33.2;32.8;32.85;2031584
32.5;32.5;32.15;32.3;1891302
32.275;32.475;32.225;32.475;1057564
32.65;32.8;32.125;32.6;2125380
32.675;33.175;32.525;33.05;2140106
33.025;33.2;32.55;32.8;2721230
32.775;33.3;32.75;33.175;1576536
33.225;33.475;32.95;33.475;2051166
33.6;33.85;33.55;33.775;2319024
33.525;33.75;33.175;33.55;2192084
33.8;33.9;33.575;33.575;2005702
33.6;33.675;33.425;33.625;1063292
33.675;33.75;33.35;33.65;1287414
33.725;33.875;33.5;33.6;1535420
33.575;34;33.45;34;1443864
34.025;34.15;33.75;33.925;1251764
34.1;34.15;33.925;34.05;1239640
34.225;34.3;33.725;33.85;2009546
34;34.425;33.85;34.375;2185846
34.275;34.45;34.075;34.25;1432438
34.4;34.5;33.925;33.925;1551326
33.75;33.875;33.425;33.55;1445370
33.575;33.8;33.5;33.55;965846
33.725;33.75;33.35;33.475;1363480
33.625;33.975;33.5;33.875;1181034
33.7;33.875;33.575;33.875;867466
33.8;34.2;33.8;34.1;1892718
34.25;34.25;33.475;33.525;1937740
33.625;33.95;33.4;33.9;1723760
34;34.375;33.95;34.25;1409714
34.4;34.425;33.7;33.825;1755350
33.65;33.75;33.425;33.55;1032806
33.675;33.675;33.225;33.275;1596826
33.1;33.5;33;33.4;1789456
33.475;33.575;33.15;33.3;2086800
33.45;33.625;33.3;33.575;1843454
33.7;34.25;33.675;34;2721888
34.25;34.35;33.9;33.975;2196318
33.9;34.125;33.55;33.65;1493498
33.8;33.825;33.225;33.275;2263004
33.275;33.45;32.55;32.625;3684928
32.525;33.175;32.525;32.9;2296136
32.75;33.1;32.725;32.925;1477692
33.225;33.675;33.1;33.5;2184474
33.375;33.65;33.375;33.65;931580
33.55;33.85;33.5;33.775;428478
33.725;33.9;33.65;33.675;1171304
33.75;33.9;33.65;33.8;534198
33.925;33.95;33.75;33.875;1040948
33.975;33.975;33.8;33.925;468626
33.9;33.975;33.775;33.975;503402
33.975;34.55;33.875;34.5;1815810
34.3;34.9;34.3;34.7;2172028
34.45;34.75;34.375;34.45;1731360
34.425;34.775;34.4;34.625;1414684
34.55;34.925;34.5;34.925;1722118
34.925;35.025;34.675;35.025;1703778
35.125;35.425;34.925;35.1;2673058
35.1;35.575;34.85;35.075;3112100
35.25;35.25;34.7;34.925;2203010
34.675;35;34.6;34.875;1383904
34.95;35.3;34.75;35.25;1406884
35.075;35.15;34.25;34.75;3781176
34.875;34.875;34.375;34.45;2210620
34.35;34.575;34.1;34.325;2563950
34.275;34.5;34.05;34.3;1224064
34.275;34.5;34.025;34.4;1632908
34.35;34.975;34.275;34.925;2161102
34.075;34.825;34.075;34.675;3463154
34.85;34.85;34.2;34.625;2386104
35.125;35.425;34.95;35.05;3565850
35.275;35.8;35.15;35.75;3062456
35.825;36.225;35.7;35.95;3087004
36.15;36.175;35.35;35.825;2578500
35.675;36.125;35.575;35.975;1667600
36.15;36.225;35.875;36.025;1426056
36.15;36.3;35.625;35.85;1754442
35.725;35.8;35.325;35.325;2431530
35.35;35.55;35.1;35.4;2105750
35.35;35.425;35.075;35.275;2102118
35.75;36.45;35.525;36.225;4995314
36.375;36.4;35.8;36.075;1775784
36.1;36.375;36.05;36.25;1981298
36.225;36.3;36.025;36.3;1814354
36.2;36.475;36.075;36.275;1964700
36.4;37.25;36.375;37;4065804
37.15;37.25;36.775;37.1;2698432
36.95;37.15;36.8;37.05;2031820
36.75;36.975;36.625;36.775;2584660
36.95;37.4;36.75;37.1;2059374
37.15;37.5;37.1;37.5;1617758
37.5;37.825;37.175;37.625;1735866
37.725;38.25;37.475;38.05;2882584
38.075;38.15;37.8;38.15;1862480
37.95;38.075;37.75;38.075;1799092
38.25;38.25;37.8;37.925;1590876
37.925;38.25;37.775;38.25;1433186
38.25;38.25;37.875;37.95;2144298
37.95;38.175;37.85;38;2102198
37.825;37.9;37.475;37.75;3024486
37.65;37.675;37.3;37.475;3493784
37.3;37.85;37.3;37.7;1214410
37.8;37.975;37.7;37.75;1747532
37.475;37.775;37.325;37.45;2115260
37.325;37.75;37.325;37.65;1596622
37.65;38;37.475;37.825;2230750
37.7;37.85;37.525;37.575;1314186
37.5;37.625;37.35;37.375;2064332
36.9;37.75;36.8;37.55;3920946
37.425;37.9;37.4;37.85;2360646
37.85;38.1;37.45;37.875;2126246
37.75;38.1;37.75;37.975;1853692
38.25;38.5;38.25;38.375;2279272
38.3;38.55;37.975;38.175;1920912
38.15;38.15;37.5;37.875;1779168
37.875;37.875;37.15;37.525;5725274
37.525;37.65;37.325;37.55;3247130
37.575;37.85;37.275;37.425;2165462
37.55;37.675;37.45;37.575;1017266
37.575;37.7;37.425;37.625;2022776
37.7;37.7;37.3;37.475;2174602
37.7;37.725;37.275;37.5;2193790
37.75;38.225;37.6;38.125;3769936
37.75;37.925;37.625;37.625;2780516
37.1;37.225;36.775;36.9;5929302
37;37.025;36.6;36.8;2920806
36.725;36.95;36.6;36.75;1808992
36.65;36.875;36.4;36.475;2367476
36.575;36.825;36.5;36.725;2115636
36.625;36.675;35.6;36.35;2721706
36.525;36.525;36.25;36.4;1644054
36.05;36.3;35.6;35.85;3222514
35.775;36.1;35.775;35.85;2173264
35.8;36.25;35.725;36.2;2270032
36.45;36.6;35.975;36.575;1239692
36.475;36.65;36.4;36.6;1879290
36.675;37.225;36.525;37.225;1824918
37.225;37.325;37.15;37.2;1546674
37.25;37.5;37.05;37.475;1501986
37.25;37.35;37.175;37.25;1780200
37.4;37.5;37.2;37.225;1442624
37;37.4;36.95;37.175;2515430
37.475;37.475;37.15;37.2;3109616
36.925;37.575;36.925;37.525;4278328
37.3;37.875;37.3;37.875;1235862
37.325;37.425;37.175;37.2;2040884
37.1;37.5;37.1;37.275;1846002
37.125;37.525;37.125;37.325;1905616
37.1;37.25;36.825;37.1;2220614
37.25;37.4;37.225;37.325;1161724
37.325;37.45;37.2;37.4;1370720
36.75;37.425;36.75;37.375;1402004
37.325;38.1;37.325;37.7;2392492
37.75;37.75;37.4;37.55;1328046
37.625;37.775;37.4;37.675;688056
37.825;37.825;37.275;37.375;1956830
37.55;37.8;37.225;37.725;1426878
37.725;37.8;37.375;37.4;1932530
37.55;37.675;37.325;37.45;1974962
37.5;37.575;37.2;37.275;1113674
37.425;37.9;37.325;37.775;1380016
37.55;37.7;37.25;37.45;1784974
37.45;37.55;37.2;37.3;1630038
37.5;37.575;37.25;37.3;1880392
37.325;37.525;37.1;37.35;1362534
37.25;37.375;37.1;37.25;1669308
37.4;37.6;37.125;37.15;1910796
37.425;37.425;37.025;37.125;1673764
37.075;37.55;37.075;37.1;2736766
37;37.1;36.575;36.625;2650850
36.775;36.925;36.7;36.8;2255192
36.8;36.875;36.6;36.8;1988814
36.75;36.95;36.4;36.575;2171978
36.3;36.325;36.1;36.2;2049606
36;36.125;35.875;36.125;1748582
36.25;36.725;36.25;36.475;2856700
36.5;36.625;36.325;36.5;1964574
36.3;36.55;36.225;36.35;2342380
36.325;36.375;36.025;36.375;1736914
36.275;36.4;36;36.275;1576190
36.15;36.325;36.1;36.225;1425610
36.25;36.875;36.25;36.425;3571964
38.25;38.9;37;37.85;18040896
38.5;40.95;38.375;40.625;10155330
40.75;40.8;39.15;39.5;7864070
39.425;39.5;38.9;39.325;4545490
39.175;39.25;38.775;38.95;3031260
39;39.5;38.925;39.15;2774914
39.05;40.475;39.05;39.75;4417492
40.25;40.325;39.6;39.75;2191240
41.2;45.275;41.15;43.8;23945458
46.975;48.125;45.45;46.325;16998086
45.8;45.925;43.525;43.925;14475320
43.5;44.7;42.15;44.225;13655592
40.6;41.475;40.25;40.9;10693720
41.8;42.65;41.6;42.225;7622280
42.05;42.2;41.4;41.575;2623488
41.575;41.75;41.175;41.5;2587068
41.175;41.55;40.475;40.8;4434344
41;41.3;40.7;41.025;1713880
41.05;41.625;41.05;41.5;1795412
41.55;41.625;41.2;41.25;2680322
41.25;41.675;41.25;41.55;2388476
41.3;41.875;41.275;41.775;2538130
41.925;42.1;41.55;41.6;1560270
41.55;42.225;41.475;42;1689906
41.95;42.35;41.95;42.35;1573428
42.275;42.625;42.175;42.375;1584962
42.025;42.45;42.025;42.375;1693226
42.175;42.45;42.05;42.325;1166682
42.225;42.45;41.95;42.05;1370838
41.9;42.175;41.65;42.075;1442672
42;43.725;41.7;43.475;3988056
42.9;44.225;42.65;44;4928808
43.85;44;43.1;43.425;1550558
43.325;43.375;42.725;42.825;1701520
42.725;42.875;42.425;42.5;2349296
42.25;43.325;42.075;42.625;2294428
42.825;43.15;42.35;42.425;1769396
42.15;42.4;41.875;42.25;1200614
42.25;42.25;41.7;41.7;1926154
41.875;42.7;41.875;42.55;3214994
43.95;43.95;43.2;43.6;3036698
43.6;44.175;43.325;43.725;2856080
43.9;45.725;43.725;45.725;4962246
45.65;45.675;45.125;45.5;2958830
45.5;46.075;45.35;45.5;2653738
45.125;45.45;44.4;45.3;2801742
45.425;46.475;45.425;46.375;2440030
46.15;46.45;45.7;45.875;2153698
45.55;45.775;44.875;45.075;2940546
45.175;45.725;45.175;45.5;1731890
45.525;45.85;45.15;45.275;1784690
45.4;47.425;45.3;46.3;5935258
46.025;46.55;45.575;45.825;1595172
45.825;47.25;45.825;46.975;3293926
46.45;47.125;44.875;45.475;4784918
46.25;46.95;45.825;45.825;4385226
46.1;46.35;45.55;46.175;1581508
46.55;47.2;46.45;46.9;2180726
46.975;46.975;46.325;46.525;1331138
46.775;46.85;46.35;46.5;1817422
46.1;46.3;45.525;45.55;4057612
45.625;45.675;44.6;44.825;3755896
45.075;45.2;44.45;44.95;2206488
45.025;45.675;44.675;45.5;2652556
45.35;45.65;45.1;45.15;1772192
44.75;45.1;43.6;44.1;4142580
43.775;44.5;43.725;43.85;2172310
43.775;44.175;43.65;43.65;1334852
43.75;44.95;43.75;43.95;2105368
43.775;43.95;43.4;43.475;2023244
43.3;43.675;43.05;43.4;1887354
43.075;43.7;43.05;43.25;1824794
43.175;43.85;43.175;43.7;2001956
43.55;43.675;42.8;43.125;2458018
42.625;43.475;41.6;42.1;6431604
42.9;43.15;41.8;41.875;2170160
41.55;42.075;41.55;41.725;2039608
41.775;42.05;41.5;41.725;2039688
42.1;42.125;41.35;41.525;2145654
41.475;41.85;41.25;41.4;1911626
41.2;41.925;40.7;41.7;3297860
41.55;41.975;41.125;41.4;2060696
41.9;42.6;41.825;42.55;2634944
42.25;42.625;41.95;42.5;2263954
42.75;42.75;41.925;42.4;1959144
42.65;42.825;42.05;42.825;1937710
42.475;42.625;42.2;42.25;1662194
42.2;42.55;41.95;42.35;1399426
42.525;42.55;41.75;41.95;2693818
41.825;42.15;41.825;41.975;933308
42.25;42.6;41.875;42.425;1786714
42.75;42.875;42.475;42.75;1277550
42.775;42.8;42.225;42.375;1120054
42.275;42.45;42.125;42.3;1279882
42.25;42.25;41.7;41.775;1783018
41.8;42.25;41.75;41.85;1490718
42;42.575;42;42.1;2283962
42.4;42.425;41.825;42.25;1440254
42.375;42.4;41.825;42.05;1354448
42.45;42.45;42.1;42.3;1304876
42.325;42.65;42.1;42.325;1541242
42.425;42.5;42.175;42.325;919850
42.55;42.725;42.175;42.65;2701636
42.625;44.225;42.4;43.45;4463486
43.725;43.9;43.225;43.65;3161226
43.725;43.75;43.3;43.525;1647578
44.25;44.575;43.45;43.675;2658732
43.925;44.8;43.55;44.55;3726480
44.775;44.975;44.4;44.6;2108504
44.75;44.9;43.875;44.025;2040552
44.2;44.875;43.85;44.475;2666668
44.1;45.05;44.1;44.725;1662574
44.75;45;44.05;44.5;2132406
44.4;44.925;44.25;44.75;1241152
44.95;44.95;44.125;44.3;1545262
44.325;44.65;44.225;44.275;1849516
44.425;45.025;44.425;45.025;3236522
44.8;45.025;44.425;44.525;2498214
44.275;44.5;43.9;43.9;2006056
43.9;44.475;43.9;44.425;1804570
44.5;44.6;44.1;44.275;1126774
44.35;44.675;44.175;44.675;958210
44.6;44.825;44.425;44.725;759024
44.725;44.875;44.575;44.775;819294
44.6;44.875;44.6;44.825;623660
44.65;44.75;43.975;44.125;1091040
44.35;44.575;43.875;44.525;615248
44.525;44.75;44.075;44.275;1857264
44.65;44.675;44;44.15;1988596
44.225;44.25;43.4;43.725;2673096
43.875;44.15;43.65;44.125;1751036
44;44.375;43.725;43.825;2010128
43.775;44.05;43.425;43.725;2014774
44.175;44.2;43.725;44.025;1634082
43.95;44.25;43.725;43.925;1298304
43.725;43.975;43.3;43.55;1450696
43.3;43.8;43.25;43.675;1134038
43.725;44.15;43.475;43.525;2556314
43;44.1;42.825;43.475;4275032
43.475;43.95;43.175;43.475;2004870
43.7;44.15;43.175;43.175;2299616
42.8;43.225;42.6;43.125;2392072
43.225;43.575;42.875;43;2169792
43.75;43.8;43.25;43.45;2615620
43.675;44.025;43.325;44.025;2903892
44.35;45.4;44.05;45.15;4581910
44.925;45.325;44.425;44.55;1995714
44.625;45;44.45;44.85;2069188
44.925;46;44.825;45.775;3088834
46.025;46.475;45.35;45.35;2892722
45.675;45.7;44.425;44.95;2217176
45.2;45.5;44.575;44.775;1244576
45.15;45.225;44.275;44.425;2200324
44.075;44.45;43.9;44.275;1479314
44.675;45.4;44.525;44.95;2543898
44.825;44.975;44.375;44.5;1628690
45;45.35;44.775;45;3175468
45.125;45.5;45.1;45.4;2438464
45.925;46.35;45.625;46.025;4206484
46.475;46.95;46.075;46.625;3805218
46.65;46.975;46.25;46.975;2602748
46.975;47.225;46.775;47.075;1268122
47.125;47.325;47;47.1;1891892
47.3;48.075;47.15;47.975;2844804
48.1;48.1;47.15;47.5;3896698
48.75;48.825;48.075;48.6;2977602
48.5;48.825;47.95;48.825;2374552
48.75;48.9;48.25;48.5;2440886
48.5;48.525;47.75;48.4;2046842
48.55;48.825;48.05;48.075;3043142
48.125;48.3;47.75;47.925;2421890
48.175;48.35;47.55;47.875;2394506
47.6;48.1;47.6;47.95;2726614
48.125;48.625;47.8;48.45;3425582
48.975;49.75;48.675;49.7;4204108
49.7;50.6;49.25;50.2;4086838
50.4;50.8;49.55;49.95;1945904
49.625;49.825;49.2;49.575;1782958
49.575;50.05;49.35;49.85;1699684
50.3;50.3;49.575;49.65;1698366
49.55;50.05;49.2;49.5;3365054
49.95;49.95;49.3;49.45;1754222
49.325;49.425;48.775;49.1;2028892
48.275;49.475;48.15;49.3;2728080
49.25;49.6;49.225;49.35;1851506
49.125;49.675;49.125;49.525;1527626
49.525;49.7;49.225;49.275;1548754
49.4;49.8;49.25;49.55;2202774
49.5;49.75;49.4;49.65;1828946
49.75;50.2;49.675;50.05;1849742
50;50.9;49.625;50.55;3362542
50.85;51.1;50.4;50.9;2583260
50.85;50.9;50.45;50.65;1983850
49.675;50.6;49.675;50;2095912
50.15;50.4;49.425;49.9;1189614
50;50;49.3;49.3;1633436
49.05;49.375;48.975;49.275;1360240
49.1;49.175;48.6;48.85;2371600
48.5;48.85;48.35;48.4;1921172
48.5;49.35;48.3;48.75;1498372
48.6;49.275;48.6;49.15;1272670
49.475;49.9;49.35;49.7;1836190
50.55;51.15;49.8;50.35;3667148
50.85;50.9;50;50.45;2417508
50;50.25;49.85;50;1288930
50;50.35;49.7;49.975;1984608
50;50.3;49.85;50.05;1156326
50.2;50.3;49.55;49.85;2274906
49.9;49.9;49.125;49.45;1497488
49.275;50.05;49.075;49.9;1492022
49.875;50;49.425;49.475;2029688
49.35;49.825;49.35;49.5;1342580
49.75;50;49.525;50;1420816
49.975;50.05;49.55;49.825;1162530
49.775;49.8;49.375;49.75;1379698
48.9;49.175;48.675;48.7;1630322
48.825;49.2;48.775;48.9;3301252
48.525;48.825;47.75;47.9;3663964
47.7;47.95;47.1;47.3;3032468
47.1;47.45;46.65;47.425;3585446
47.625;48.25;46.8;46.8;4015192
46.55;47.1;45.95;46.4;4390940
46.1;46.35;45.325;45.9;4454104
45.9;45.9;44.8;45.1;3677014
45.425;47;45.375;46.3;3902602
46;46.2;45.175;45.85;3308068
46.175;48.05;46.075;47.825;4777470
48.275;49.175;48.175;48.9;3347930
48.7;48.75;48.2;48.45;909016
48.475;48.5;47.25;47.375;3634074
46.8;47.35;46.55;47.075;3535694
46.925;47.475;46.525;47.15;2181648
47.7;48.225;46.975;47.3;2335478
47.175;47.55;46.525;46.875;1323620
46.475;46.75;45.9;46.2;3508720
46.275;46.65;45.8;46.5;2817422
45.6;46.125;45.425;45.475;3309920
46.025;46.4;45.6;46.025;2306858
45.825;46.15;45.25;45.65;1645708
44.75;45.1;44.7;44.85;3174294
44.825;45.025;44.2;44.7;3055416
44.75;45.575;44.75;45.375;2848962
46;46.25;45.1;45.225;3903258
45.65;46.075;45.2;45.65;1849868
45.325;45.75;45.2;45.7;1696174
45.975;46.15;45.375;46.15;1580236
47.225;47.975;46.675;47.175;4738236
47.475;47.95;47.1;47.725;2702380
48.15;48.375;47.725;47.775;3067006
47.825;48.075;47.325;47.65;2358860
47.5;47.875;47.15;47.525;1996712
47.85;48.675;47.55;48.575;1982596
49.2;49.725;48.825;49.675;2989340
49.45;49.725;48.625;49.675;1783316
49.675;49.675;49.05;49.525;1257874
49.425;49.575;48.875;49.05;2117180
49.025;49.9;48.825;49.675;1860594
50;50.25;49.55;49.9;2099622
49.7;50;49.15;50;1011086
49.65;49.775;49;49.125;1392018
49.425;49.975;49.2;49.55;1301872
49.05;49.25;48.45;48.775;2115098
48.275;48.825;48.025;48.25;1097528
48.4;49.275;47.5;48.825;2084260
48.8;48.95;47.825;48.05;1906002
48;49.625;48;49.625;1849298
49.5;49.925;49.075;49.6;2011712
49.85;50.2;49.525;49.925;2641362
50.1;51.15;50.05;51.1;2166522
51.35;51.5;50.65;51.2;1937018
51.2;51.45;50.8;51.25;1310600
51.5;51.65;50.65;51.5;1495290
51.4;52;50.9;51.95;1373818
51.95;52.05;51.4;51.75;1416748
52.1;52.1;50.15;50.35;2933414
51.35;52.95;51.2;52.55;4091216
52.85;53.1;52;52.4;3001034
52.85;53.45;52.45;53.35;2000654
52.4;53.15;52;52.1;1639170
52.55;52.6;52;52.15;1190456
52.4;52.9;51.9;52.6;1507780
52.1;52.35;51.1;51.65;2429898
51.9;52.25;51.45;51.65;1311168
52.25;52.55;51.85;52.4;2359156
52.35;53.45;52.25;53.4;2469288
53.15;53.35;52.3;52.95;2210404
52.75;53.3;52.5;53.05;2827946
53.25;53.35;52.9;53.1;1717584
53.1;53.15;52.35;52.5;1060136
52.8;53;52;52.6;1381490
52.75;53;51.95;52.2;1191682
52.55;53.05;52.1;52.75;1624564
52.65;53.15;52.55;53.1;1060538
52.95;53.55;52.6;53.55;1009234
53.5;53.85;53.05;53.3;1211792
53.6;53.75;53.25;53.65;1095734
53.9;53.95;53.5;53.7;1187170
53.45;54.05;53.4;53.8;1220310
53.95;54.2;53.8;54.15;905674
54.05;54.05;53.15;53.6;1342150
53.45;53.7;53.05;53.1;997080
53.05;53.4;52.7;52.85;1069078
53.05;53.7;52.9;53.2;1129326
53.05;53.8;52.7;53.75;1391858
53.7;54.65;53.5;54.6;2890362
54.8;54.95;53.8;54.35;1635010
54.3;54.75;54.25;54.55;1591014
54.7;55.15;54.35;54.55;5608370
54.8;55.05;54.4;54.7;1598450
54.8;55.1;54.3;54.7;1759440
54.7;55.7;54.4;55.65;2024920
55.45;56.1;55.2;55.7;1523352
55.3;55.6;55.1;55.25;1275056
55.25;55.7;55;55.25;1551424
55.75;55.75;55;55.2;2183166
55.25;55.35;54.3;54.7;2676984
54.55;55.4;54.5;55.2;1999114
55.35;55.8;55.3;55.35;1414596
55.6;55.8;54.7;54.85;1577734
54.85;54.85;54.3;54.7;1315540
55.1;55.9;55;55.7;2143014
56.05;56.5;55.8;56.3;2220280
56.45;56.45;55.7;56.15;1037412
55.85;56.5;55.45;56.15;940550
56.35;56.45;55.9;56.2;1091760
56.3;56.65;55.6;56.55;1722112
56.6;56.85;56.05;56.15;1462086
56.25;56.3;55.6;55.7;1739308
55.8;56.15;55.7;55.75;1295988
55.5;56.85;54.9;56.65;3734874
56.8;58.8;56.75;58.45;4453264
58.15;58.15;57.25;57.5;1972356
57.4;58.25;57.4;57.95;1947738
58.1;58.25;57.55;58.15;1390638
57.95;58.25;57.55;57.9;1259884
57.85;58;57.6;57.65;1549810
58;58.2;57.7;58.05;1542122
58.1;58.35;57.9;58;2039686
57.65;57.95;57.5;57.7;1022590
57.85;58.05;57.4;57.4;1394604
57.25;57.9;57.2;57.85;1089224
57.45;57.9;56.85;57.5;2021886
57.45;57.8;57.1;57.45;1336000
57.75;58.2;57.4;58.15;1013418
58.1;58.4;57.9;58.25;1101662
57.95;58.3;57.7;58.15;1070052
58.3;58.8;58.05;58.75;1368352
58.45;59.65;58.4;59.35;1996364
59.15;60.4;59.15;60.2;1782684
60.25;60.4;59.25;59.5;1721874
59.4;60;59.15;59.95;1061954
59.7;59.8;58.95;59;1374828
58.95;59.05;58.1;58.6;1815706
58.55;58.6;58.05;58.4;1305318
59.1;59.9;59.1;59.5;2140650
59.75;60.55;59.65;59.85;1716872
59.85;60.35;59.35;59.5;1291490
59.45;59.5;58;58.55;2188354
58.5;59.15;58.2;58.35;2073968
58.3;59.2;57.55;59.05;2620318
59.4;59.75;59;59.25;3015000
59.95;60;58.1;58.1;3747884
58.35;58.8;56.55;56.65;4320110
57.25;58.05;57;57.95;3036838
58;58.6;57.8;58.15;2282240
58.25;58.25;57.55;57.9;1127768
57.95;58.6;57.6;57.95;1230128
57.95;58.25;57.3;58.2;1833798
58.65;58.75;57.7;58;2214742
58.1;58.7;57.7;58.65;1793632
58.45;59.75;58.25;59.45;4524816
59.7;60.05;59.5;59.75;1678538
60;60.05;58.55;59.4;3606268
59.15;59.75;58.7;59.15;1864614
58.8;59.1;58.15;58.6;1996962
58.75;59.2;58.65;58.75;1533138
58.5;58.95;58.5;58.55;1017688
58.45;58.6;57.7;57.7;1040016
57.85;58.35;57.75;58.3;1249452
58.4;58.45;57.4;57.5;1730654
57.6;57.75;57.3;57.4;1049698
57.9;58.2;57.65;58.2;1287478
58.2;58.55;57.75;58.45;1330598
57.95;58.35;57.8;58.05;1268202
57.7;58.35;57.55;57.95;1500354
57.9;58.15;57.1;57.4;1612186
57.85;57.9;57.25;57.25;1489718
56.95;57.35;56.6;56.95;1657670
56.95;57.8;56.75;57.7;2784542
58.25;58.55;57.6;58.15;1762394
58.2;58.45;57.95;58.15;1173984
58.35;58.35;57.55;57.6;1541246
57.75;57.8;56.95;57.3;1666654
57.5;57.6;56.7;56.95;1869166
56.75;57.65;56.25;57.3;2577494
57.6;57.7;56.85;57.1;1559530
57.15;57.5;56.55;57.25;2138570
57.45;58.4;57.4;58.15;2312750
58;58.5;57.55;57.85;1529972
57.25;58.7;57.05;57.95;2966280
58.1;59.65;57.75;59.6;3358694
59.35;59.95;58.85;59.5;2524374
59.25;60;58.95;59.1;3216938
59.7;59.75;58.8;59.15;1936586
59.3;59.6;58.75;59.4;2097964
59.3;59.45;58.95;59.15;1074814
59.6;59.75;58.95;59.25;1401486
59.45;59.7;59.15;59.5;1543932
59.5;59.6;58.6;58.65;1849472
59;59.35;58.8;58.85;1285734
58.65;58.7;57.85;58.1;1959214
58.25;59.7;58.1;59.15;2318724
59.65;60.3;59.25;60.1;2204216
61.7;63.35;61.55;62.85;6518062
63.55;63.55;61.85;61.85;2487220
61.86;63.245;61.86;62.925;2091190
63.55;64.17;61.955;62.755;3056416
63.245;63.74;61.805;62.385;2449662
62.755;63.26;62.195;62.84;2009922
63.35;63.35;61.975;62.455;1451666
62.695;63.075;62.43;62.65;932450
62;62.465;60.04;60.305;3566236
59.13;60.3;58.695;59.865;4190524
59.49;60.07;58.125;59.26;6852110
59.96;60.2;58.85;59.125;2765982
57.86;58.85;57.6;58.3;3587616
58.985;59.73;58.6;59.355;3131096
59.355;60.095;59.065;59.75;1815844
60.175;60.215;59.43;59.945;2101110
59.66;60.3;58.96;60.18;3184112
60.415;60.7;59.55;59.635;1607100
59.9;60.21;58.87;58.935;1928724
57.895;58.825;57.555;58.155;3535032
59.075;59.4;58.155;59.1;2829508
59.155;59.875;58.84;58.92;3837256
59.25;59.885;58.9;59.56;1783308
59.445;60;58.935;59.91;1722250
59.675;59.995;59.45;59.545;1273378
60.185;61.095;59.915;60.93;2297112
61.235;61.4;60.6;60.78;2282740
60.945;60.945;59.845;60.06;1862538
60.225;60.5;59.75;59.865;1435060
59.445;59.91;59.42;59.76;1960552
59.89;61.235;59.89;61.11;1782956
61.105;61.725;60.7;61.15;1471540
61.485;61.71;60.745;61.45;1985968
61.95;62;61.28;61.975;1825576
62.2;62.2;61.46;61.875;1455166
61.755;62.06;61.585;61.8;868954
61.995;61.995;60.3;60.8;3501268
60.315;61.585;60.315;61.065;1738446
61;61.1;60.415;60.79;1678348
60.725;61.07;60.45;60.98;1572844
61.45;61.45;60.655;61.075;1879284
60.5;60.83;59.525;60.73;3732008
60.15;60.73;59.8;60.14;1952558
59.94;60.37;59.505;60.25;2895764
60.5;61.61;60.44;61.425;3735980
62.195;62.545;61.7;62.095;3337466
62.5;62.5;59.9;60.3;4347728
60.595;60.95;59.965;60.705;2445960
61.495;61.495;59.64;59.905;3261776
59.9;60.09;59.6;59.935;2304024
59.835;60.855;59.835;60.575;2319632
61.165;61.345;60.56;61.21;2533610
61.255;61.65;60.86;61.045;2977556
61.21;61.585;60.8;61.2;2202060
61.195;61.25;60.505;60.74;1818330
60.5;60.99;60.475;60.835;1427060
61;61;59.63;60.21;3459268
59.48;59.48;58.545;58.545;3416030
58.03;59.085;57.925;59.045;3265054
59.25;59.295;58.25;58.395;2225530
57.925;58.64;57.605;58.295;3296434
58.4;58.6;57.84;58.09;3129312
58.25;58.595;58.25;58.35;1211566
58.25;58.6;58.09;58.45;2934718
58.42;59.26;58.335;59.08;2634682
58.975;59.005;58.59;58.665;2110164
58.505;58.775;58.315;58.6;2369942
58.25;58.7;58;58.035;2098978
57.77;58.2;57.66;57.67;2553952
57.96;57.96;57.55;57.595;625042
57.895;58.58;57.55;58.325;2305612
57.99;58.395;57.375;58.3;3206964
58.75;58.8;57.875;58.215;3657568
58.57;59.54;58.28;59.33;2866405
59.9;59.94;58.52;58.69;2318488
58.7;58.8;57.82;57.82;2673906
57.66;57.94;57.05;57.09;3217674
57.13;57.8;56;56.18;5578913
55.97;56.45;55.58;55.97;2930395
56.23;56.26;55.26;55.62;3038220
55.85;56.08;55.5;55.72;2618259
55.83;57.04;55.2;56.85;4425265
57.35;59.05;56.87;58.85;6059559
59.1;60;58.76;59.73;4358839
59.7;59.9;58.6;58.72;3055136
58.21;58.8;57.91;57.95;2170510
58.5;58.52;57.72;58.06;1779664
57.65;57.98;57;57.42;2578114
57.82;58;57.19;57.57;1921593
57.43;59.4;57.25;58.56;4100546
58.25;58.82;57.98;58.48;3049214
57.9;58.59;56.69;58.51;3865351
59.5;59.68;58.55;58.75;3012407
59.05;60.2;58.67;60.02;4290420
61;61.9;60.55;60.95;4969159
63.47;63.5;61.52;61.71;7683214
61.75;62.32;61.37;61.81;2246405
62.55;62.89;61.7;61.75;2659703
61.85;61.85;61.25;61.5;2050479
61.84;62.13;59.48;59.48;4403412
57;60.6;56.56;58.43;17527224
58.08;59.16;57.75;58.7;5396266
59.25;59.25;58.5;59;3237901
59.48;59.5;56.82;57.02;6252689
57.49;57.49;56.64;56.76;3768636
56.75;57.48;56.51;57.08;3030523
56.5;56.77;55.73;55.78;4712175
56.7;57.76;56.62;57.13;4840344
57.55;58.16;56;56.23;4508920
56.1;57.05;56.04;56.85;2655185
56.65;56.89;55.78;55.84;2838997
55.75;57.24;55.43;55.73;4311829
56;56.27;54.42;54.42;4055484
54.09;55.28;53.86;54.1;3515183
54.1;54.71;53.66;54.39;3522636
54.1;54.5;52.56;53.71;6193947
52.64;53.49;52.04;53.06;3842425
52.75;53.8;52.59;52.73;3935310
53.24;53.48;52.21;52.41;3761216
52;52;51.3;51.54;4704022
52.3;53.55;51.8;53.28;5571991
53.93;55.49;53.46;55.02;4679499
55.07;55.9;54.45;54.82;6792334
53.87;57;53.86;54.73;8988577
55.34;55.48;53.55;54.35;3868775
53.72;54.19;53.23;53.38;3393939
52.5;54.54;52.45;53.75;4066442
52.89;53.34;52.42;52.62;4340985
52.01;54.6;51.8;53.66;5049528
54.09;54.69;53.41;54.01;2413130
54;54.49;53.39;54.2;2011130
54.7;55.09;54.49;54.83;2236196
55;55.28;54.55;54.6;1650026
54.45;55.39;54.41;55.25;1581359
55.3;55.92;55.3;55.67;1127439
55.6;55.6;54.06;54.3;1848212
54.18;54.9;53.9;54.41;1936035
54.62;55.85;54.3;55.69;2508993
55.9;56.29;55.6;55.91;1731748
56.22;56.22;55.46;55.99;1451108
55.77;56.18;55.29;56.13;1306278
55.71;55.82;54.78;54.91;1826153
55.14;55.47;54.63;55.33;2049855
55.01;55.55;54.26;54.58;2325769
54.75;55;53.94;54.1;1837886
54.7;54.85;53.99;54.47;2403246
54.4;55.69;54.3;55.37;2593624
55;56.46;55;56.22;2814915
56.22;56.6;55.62;56.2;2191762
56.34;56.45;55.65;55.77;2389309
55.8;56.85;55.62;56.72;2279638
57.62;57.69;57.15;57.29;3447362
56.88;57.38;56.6;56.95;2066248
56.89;57.58;56.35;56.51;3669453
57.07;57.7;57.06;57.57;2502232
57.43;57.67;56.85;57.08;2436583
56.6;57.22;56.35;56.93;2791494
56.7;56.9;55.65;56;4104217
55.86;56.07;54.49;55.2;3476998
54.9;55.53;54.39;55.37;2508229
55.72;56.13;54.92;55.35;3309988
55.15;55.5;54.8;55.3;1823356
55.26;55.44;54.8;55.1;2089394
55.27;56.02;54.8;55.83;2138244
55.9;55.98;54.82;55.14;1735378
55;55.79;54.8;55.42;1871207
55.58;55.58;53.92;54.2;3547686
54.08;54.39;52.89;53.57;4691202
53.31;53.38;52.75;53.26;2713337
53.25;54.53;53.2;53.85;3459999
54.07;54.72;53.91;54.21;3441251
55;57.16;54.51;56.15;7420897
56.31;57.5;55.9;57.01;4373256
56.75;57.77;56.69;57.49;3002797
56.95;59.23;56.78;58.37;5106631
58.83;59.3;58.38;58.78;3576274
58.76;59.5;58.45;59.25;2944527
59.75;60.87;59.52;60.14;4433067
60;60.15;59.29;59.97;2238078
60.24;60.25;59.16;59.44;2324253
59.25;59.44;58.4;58.96;2221627
59.07;59.43;58.6;59.17;1703512
59.06;59.78;58;58.21;2510549
58.21;59.87;58.21;59.85;2939272
59.54;60.67;59.36;60.51;1981456
60.51;60.51;59.22;59.64;2401147
59.31;59.63;57.63;58.74;3427496
57.73;59.1;57.61;58.27;2711768
58.17;58.57;56.93;57.43;3569899
57.02;58;57.02;57.82;1605677
57.41;58.59;57.4;57.94;1692329
58;58.6;57.61;58.15;2593538
58.15;59.35;58.05;59.21;2853233
59.5;61.1;59.04;60.56;4168941
60.47;60.92;59.74;59.9;2289357
59.91;61;59.91;60.85;2342594
60;60.46;59.01;59.51;3260646
59.67;60.37;59.51;59.98;1855276
59.79;60.73;59.61;60.58;1820357
60.55;60.97;60.09;60.2;1368900
59.68;60.35;59.38;60.28;1833415
60.89;60.9;59.17;59.98;3249496
60.4;60.4;59.42;60.4;2105462
59.7;60.67;59.7;60.26;2359419
59.96;61.25;59.78;60.49;2007041
60.49;60.95;59.68;60.02;1982608
60.69;60.69;59.42;60.31;2164187
60.54;60.55;59.45;60.04;2456270
60.31;61.25;60.05;61.19;2714253
60.56;61;59.8;60.75;2921425
60.55;60.59;58.61;59.02;4127321
58.27;60;58.2;59.69;2558614
58.82;58.99;57.88;57.91;3012673
57.99;58.74;57.83;58.67;1897643
57.99;58.95;57.5;58.6;2815256
58.2;58.72;57.91;58.09;1908238
58.11;59.08;57.61;58.86;3009394
59;59.69;58.6;59.2;2483220
59.97;61.96;59.79;61.96;9012731
61.9;62.44;61.79;62.35;654368
62.5;62.57;61.6;62.07;2095332
61.8;62.41;61.59;62.15;1104683
61.67;62.19;61.12;61.4;317685
61.82;62.36;61;61.24;2206481
61.24;61.51;60.48;61.04;1598171
60.89;60.98;59.77;59.98;2736215
59.8;61.9;59.52;61.8;3848176
62;64;61.96;63.71;4423652
63.05;63.33;61.6;61.8;4417821
62.09;62.47;59.51;60.19;4563993
59.39;59.74;57.82;58.26;4714126
57.81;59.33;57.49;59;2223304
59.1;59.14;57;57.34;3208083
57.15;58.64;57.1;58.46;3902284
59.24;59.7;58.23;58.45;3207046
58.45;59.65;57.71;58.6;3621089
57.77;57.95;54.06;54.6;6259680
52.68;56.2;51.55;55.73;7005636
56.52;56.52;51.8;52.79;7183277
54.66;55.48;51.94;52.89;6393835
53.68;54.61;53.04;53.32;4082453
52.56;53.37;52.4;52.86;3439507
53.17;54.4;52.8;53.8;2899298
53.42;53.78;52.71;53;2632232
52.86;54.35;52.5;54.03;2962833
54.36;55.5;54.02;55.03;4466783
55.22;55.69;53.61;54;2392356
53.53;53.79;51.5;51.71;3936138
51.5;53.54;51.39;53.12;4464336
53.12;53.39;51.35;52.39;3365939
52.79;53.27;52.41;52.73;1535398
52.2;53.64;52.02;53.12;2473446
53.89;55.12;53.06;54.97;3300061
54.36;54.48;53.49;54.03;3081144
55.5;56.69;50.1;52.1;11571377
52.8;53.67;52;52.69;5367823
53.32;53.32;52.4;52.57;2162385
52.39;53.3;51.6;53.01;3509921
52.04;52.3;51.22;51.75;3219591
52.14;53.1;51.68;51.89;2856099
51.42;52.94;51.25;52.34;3049435
52.8;53.23;52.28;52.94;2413691
52.89;53.45;52.42;52.87;2333685
53.19;53.7;52.47;53.5;1986957
53.03;53.77;52.44;52.7;1929732
52.7;53.12;51.6;51.98;2780409
51.25;52.37;51.25;51.68;2736024
51.93;52.68;51.17;51.71;2664048
52.38;52.65;51.73;51.94;2316792
52.04;52.61;51.39;51.9;2329209
51.55;52.28;51.07;51.86;2790354
51.76;52.17;51.07;51.76;2726847
52.08;52.56;51.42;52.06;2953993
53.4;54.8;53.03;54.1;5754537
53.3;55.99;53.3;55.97;6086066
55.8;56.78;54.6;55.65;4465451
54.28;55.52;53.84;54.43;3721464
55.4;55.53;54.71;55.35;2635425
55.9;56.09;54.71;55.75;3056893
55.51;56.07;55.17;55.77;3145439
57.3;57.41;56.52;57.35;2802015
56.83;57.22;56.27;56.6;2643012
56.41;57.26;56.31;56.98;1875491
56.81;56.91;55.93;56.03;1900933
55.75;56.64;55.35;56.64;2015984
56.6;57.98;56.2;57.52;2522658
57.67;57.8;56.51;56.72;2568691
56.59;57.13;56.21;56.89;1875924
56.93;57.5;56.5;56.97;2512205
57.25;58.2;57.15;57.61;2288942
57.1;57.6;56.91;57.13;1438997
56.76;58.02;56.15;56.45;2330531
56.71;57.07;55.61;55.99;2752903
56.39;57.07;55.16;55.32;2530115
54.25;57.07;54.12;56.83;5160999
57.28;57.52;56.69;57.2;2692322
57.8;57.9;56.62;57.54;1768924
57.91;58.3;57.75;58.13;1867513
58.2;58.66;57.95;58.2;3234671
58.15;58.25;57.62;58.05;1904567
57.6;57.72;56.19;56.49;2463140
56.8;57.72;56.62;57.72;2024840
57.26;57.87;56.55;57.6;1749759
57.78;57.84;57.01;57.5;1429559
57.54;57.95;57.32;57.6;1438414
57.04;57.55;56.74;56.99;2051499
56.79;57.17;56.29;56.84;2168785
57.69;57.86;56.87;57.56;2069173
57.5;57.81;56.81;56.99;1001701
56.73;57.06;56.08;56.14;2181580
56.11;56.79;56.11;56.57;1722038
56.31;56.98;55.84;56.3;1275308
54.93;55.37;54.38;55.06;2060674
55.02;55.49;54.71;54.93;931311
55.41;55.7;54.71;55.09;1636544
55.5;55.77;54.85;55.5;1887714
55.33;55.8;54.85;55.46;1443843
55.8;55.94;55.11;55.28;1312242
55.79;56.18;55.2;56.18;1410575
55.66;56.28;55.13;55.41;1251910
55.58;55.6;54.52;54.76;1413377
54.3;54.77;53.83;54.53;2085675
54.31;54.47;53.22;53.3;2884507
53.3;54;53.3;53.67;695707
53.67;54.51;53.4;54.29;1788788
54.29;55.2;53;54.87;2140454
55.9;56.17;55.25;56.16;2316571
56.38;56.85;55.91;56.27;2094004
55.97;56.3;55.33;55.45;1480419
54.7;55.34;54.5;54.96;2625939
54.8;56;54.41;55.81;2016126
56.15;56.68;55.75;56.09;1794414
56.33;56.48;54.85;54.9;1918274
54.51;54.99;54.11;54.28;1878194
54;54.18;53.45;53.75;2082377
53.64;53.77;52.7;52.72;3033112
52.7;53.28;52.48;53;2209939
52.78;52.99;51.75;52.7;2924969
51.82;51.94;50.32;51.25;4193058
51.21;51.8;50.8;51.31;3088931
51.41;52.09;50.75;51;3195888
50.74;50.95;49.34;49.37;4104694
49.62;49.62;47.21;47.54;9466841
47.21;47.66;46.66;47.19;3486872
46.9;47.15;45.55;46.16;4105468
46.24;47.78;45.55;47.68;3815301
47.25;47.39;45.75;45.78;2893383
45.5;46.07;43.34;44.69;5081659
44.53;44.81;43.96;44.6;2923333
44.59;44.92;43.95;44.19;3272338
43.01;43.37;41.2;42.9;7522669
42.51;43.9;41.57;43.73;5276064
43.75;44.6;43.1;43.3;2666100
43.56;43.8;42.92;43.67;2487082
42.99;44.64;42.72;44.46;3706504
44.7;45;44.25;44.82;2621325
43.5;43.5;41.55;42.14;6545630
42.75;43.07;41.5;41.52;3627362
42.02;43.08;42.02;42.4;2551398
41.32;41.56;40.53;41.31;3677647
41.27;42.41;41.13;42.26;2667926
43.52;44.88;43;44.42;5667764
43.85;44.69;42.39;43.79;4647423
43.88;44.52;43.26;44.44;2352364
44.24;44.87;43.5;44.68;2365932
45.4;45.45;44.41;44.47;2667703
45.24;45.6;44.56;44.85;3357445
46.79;48.45;46.03;48.29;7778099
48.04;49.72;47.46;49.34;4741248
48.72;49.7;48.48;49.29;3162882
49.37;49.38;48.36;48.8;2606250
48.8;48.8;47.4;47.75;4192882
46.32;48.3;46.06;47.46;2388713
47.95;48;46.92;47.5;1564345
47.8;49.1;47.56;48.97;2497076
49.49;49.54;48.59;49.46;1966510
49.35;49.46;48;48;2534106
48;49.5;47.87;49.41;2619408
49.6;49.96;48.83;49.57;1448972
49.31;50.04;49.05;50.04;2534001
49.96;50.3;49.14;49.38;2017919
49.5;49.52;47.91;48;2587448
48.12;48.81;47.8;48.7;1858373
48.7;49.21;48.05;48.65;1288714
48.99;48.99;47.6;47.71;1479117
47.82;48;47.25;47.57;2160408
47.45;47.63;46.85;47.13;1977894
47.3;47.92;46.9;47.83;1528485
47.83;48.1;47.42;47.86;1029931
47.44;47.84;47;47.44;1452245
47.46;47.51;46.85;47.21;1835847
47.42;47.69;46.42;47.45;1792743
47.38;47.88;47.07;47.59;1457708
47.06;48.34;47.02;48.12;1197625
48.12;49.17;47.72;49.06;1734652
49.02;49.08;46.89;46.91;2865327
46.07;47.29;45.85;46.14;3393281
45.71;47.02;45.69;46.66;3872874
47.81;48;46.81;46.93;2994854
47.01;47.76;46.88;47.57;2212328
47.66;49.57;47.2;49.47;5222591
49.06;49.13;48.05;48.84;2564543
49.7;49.72;48.21;49.4;1774729
48.56;49.23;47.54;48.99;3915035
48.44;50.26;48;48.69;6416935
48.75;50.09;48.63;49.72;4121672
49.25;51.66;49.1;51.06;6278481
52.08;54.62;51.38;51.88;8148090
52.8;52.8;50.31;50.33;3114738
50;50;48.6;48.83;2939400
49.15;49.38;47.95;48.29;2377222
48.56;49.58;47.75;49.34;3301838
48.99;48.99;47.83;47.9;2400909
47.79;48.64;47;47.7;4143156
47;50;46.75;50;6194278
50;51.64;49.5;51.37;3565201
51.28;51.35;48.76;48.8;4334878
48.97;49.66;47.2;48.9;3090434
47.18;47.77;45;45;5185281
46.35;47.23;45.32;46.62;4270886
44.8;46.9;42.15;45.89;7375806
46.66;46.78;42.1;42.61;5182682
41.07;43.46;38.6;41.93;8382389
42.71;43.96;40.64;43.96;5823934
44.1;46.84;44.05;45.15;4844540
45;45.25;41.8;42.16;4950859
40.04;42.14;39.89;40.6;6704627
42.39;43.28;41.37;42.9;5418106
44.5;44.8;43.6;44.64;3466068
45.14;45.85;44;44.37;2958240
44.5;45.94;41;41.4;6748372
41.1;42.93;40.2;42.63;5417983
40.9;42.02;39.31;41.69;5646158
40.13;42.07;39.61;41.06;3531887
42.07;44.5;39.64;43.83;5358112
45.83;46.25;44.02;45.26;5024164
46.37;46.37;42.05;42.63;6062333
42.5;43.88;40.07;43.44;4951011
42.84;45.25;42.67;44.78;2238141
45.48;45.67;44.6;45.53;3114583
44.6;45.3;43.61;43.91;2609809
42.8;42.8;41.11;41.34;6469942
41.42;44.1;41.42;43.91;4123711
45.2;45.2;44.07;44.4;2151127
43.91;44.07;42.77;43.23;1977644
44.37;44.6;42.59;43.24;3328786
43.02;43.5;41.96;42.92;2992711
43.91;44.46;43.17;43.55;3523309
42.78;43.8;42.41;42.75;2318814
42.96;44.1;42.28;43.92;2528215
44.32;45.1;43.85;43.94;2548617
42.52;44;42.13;43.12;3461953
43.16;43.54;40.7;41.25;3881852
42.14;44.8;41.35;44.8;3518158
44.11;45.72;43.7;44.42;3503513
43.84;44.52;42.71;43.76;2049217
44.23;44.57;43.25;43.9;1189319
43.72;45.28;43.15;45.28;2397873
45;45.15;43.58;43.78;1889469
43.38;44.11;42.73;43.91;1975718
44.1;45.02;43.07;44.66;2151140
44.82;45.39;43.46;44.44;2306382
43.95;44.37;41.27;41.98;3684600
44.85;45.26;43.5;44.51;3287822
43.76;45.11;43.51;44.28;3386149
44.36;44.66;43.41;43.73;2306560
43.5;44.15;42.82;43.1;2579403
42;43;41.41;42.89;2947461
43;43.22;41.55;41.86;2556029
42.03;42.99;41.81;42.77;1963769
43.47;43.9;42.3;42.83;2065099
42.83;43.7;42.11;43.13;2231099
42.75;43.95;42.39;43.95;3300830
43.2;43.53;42.76;42.76;1432888
42.78;43.81;42.62;42.62;1162560
42.12;42.95;42.05;42.95;374081
43;43.44;42.33;42.89;923527
43.1;43.44;42.45;43.44;1054211
44.49;44.49;42.88;43.18;428247
43.23;44.59;42.62;44.59;1083354
44.9;45.63;44;45.03;2326039
45.04;45.81;44.88;45.25;1637302
44.95;45.45;44.31;44.57;1958375
44.47;44.89;43.81;44.75;1316105
45.19;45.5;44;44.44;1663563
44.48;45;43.92;44.39;1435478
44.24;44.5;43;43.4;2198157
43.58;43.58;41.4;41.92;2090021
42.09;42.8;41.31;41.83;2313628
42.64;42.71;41.88;42.25;2499750
42.78;43.08;42.02;42.58;1300597
42.72;42.91;42.05;42.41;1657869
41.8;42.41;41.45;41.62;2590766
42.04;42.04;40.75;40.79;2176122
40.78;41.32;40;41.21;1923426
40.83;41.93;40.56;41.68;1687940
41.57;42.22;41.04;42.19;1731793
42.57;42.65;41.85;41.87;2484639
41.43;42.03;40.68;40.72;2848282
40.72;41.02;40.04;40.25;2479164
40.215;40.215;38.85;39.86;2724034
39.81;40.315;39.65;40.045;1964149
40.48;40.73;39.785;40.25;2175547
39.795;39.795;38.36;39.3;3327323
39.325;39.685;38.54;39.46;2677869
39.27;41.225;39.25;40.68;3465356
40.305;41.1;39.6;39.6;2700702
39.7;39.7;37.01;38;6817876
37.7;37.875;37.09;37.69;3937817
38.34;38.78;37.61;38.54;2994667
38.35;38.565;37.755;37.885;2113759
37.7;37.745;36.86;37.39;2359714
37.43;38.14;36.515;36.78;2620109
37.145;37.68;36.96;37.45;3363065
36.945;37.19;36.565;36.635;3054248
36.825;37.29;36.2;36.48;2033676
36.3;36.76;35.93;36.515;2602497
36.8;37.57;36.53;37.13;2515477
37.805;37.845;36.925;37.285;3394583
36.85;37.85;36.6;37.85;4108655
37.145;37.5;36.3;36.33;2206095
36.705;36.805;35.44;35.44;2583641
35.915;36.7;34.5;36.6;4711365
36.415;36.85;35.885;35.91;2569772
36.09;36.115;34.57;34.66;2871647
34.94;34.94;33.91;34.71;2694961
34.97;35.93;34.36;35.69;2598031
35.605;36.21;35.175;35.52;2750119
35.28;35.995;34.775;35.705;2295305
36;36.55;35.79;36.115;2203354
36.495;37.19;36.445;37.085;1883950
36.69;36.8;35.5;35.99;2515688
36.06;36.29;35.16;35.48;2731126
35.88;35.88;33.42;33.67;4899827
33.7;34.34;33.08;34.3;4179106
34.8;35.25;33.915;35.005;2580564
35.365;36.38;35.13;36.315;3064514
36.13;38.15;36.13;37.68;3739053
37.51;37.78;37.045;37.77;1910308
37.59;37.91;36.52;36.79;1938745
35.9;36.52;35.61;35.7;1676654
35.88;36.66;35.82;36.66;2040636
36.19;37.02;35.98;36.915;1502150
37.5;38.66;37.26;38.47;3006740
38.385;38.77;37.3;37.66;1932023
37.71;38.18;36.89;37.335;1719219
36.99;38.38;36.99;38.105;2019287
37.9;37.95;36.46;36.9;2412795
36.93;37.29;36.37;37.15;1832246
37.035;37.13;35.71;36.09;2519423
35.74;37.44;35.71;37.13;2546973
37.28;38.3;36.75;37.505;3655139
37.51;38.18;36.315;36.78;3748599
36.25;36.61;36.005;36.195;2305512
35.835;37.065;35.81;36.41;2274890
36.31;36.585;35.455;36.3;2032192
36.475;36.55;35.905;36.315;2074169
36.5;36.93;36;36.84;1725785
36.23;37.965;36.015;37.835;2721082
37.375;38.55;37.03;38.225;2630915
38.645;38.65;37.895;38.19;2869871
37;37.155;35.945;36.135;3214032
36.3;37.35;36.095;37.165;1924720
37;37.17;36.23;36.46;2658973
36.34;37.92;36.32;37.71;2943861
38.16;39.49;38;38.575;3222355
38.91;39.185;38.32;38.495;1599956
38.46;39.395;38.22;38.705;2289039
38.835;39.485;38.36;39.41;1784046
39.605;40.81;39.295;39.37;3008417
39.545;39.79;38.915;39.2;2414704
39.295;39.39;38.465;38.775;2624937
38.4;39.62;38.4;39.57;2213744
39.425;39.8;38.65;39.36;2417946
38.99;40.09;38.94;39.735;1887019
39.415;39.735;39.025;39.225;944336
39.51;39.7;39.03;39.13;1365932
39.31;39.865;38.83;39.615;806902
37.05;37.86;36.62;37.58;8641096
37.58;37.845;36.7;37.08;3742704
36.65;36.655;35.675;36.025;3697821
36.035;36.25;35.05;35.13;11089440
34.495;34.495;33.08;33.58;4533421
33.44;34.195;33.08;33.93;6361172
34.15;34.25;33.1;33.25;5629099
33.2;33.245;32.5;32.5;7361136
32.73;33.79;32.29;33.41;9143326
33.76;33.76;32.71;32.99;6719786
33.81;34.68;33.7;34.565;14268856
34.9;35.225;33.605;34.07;8188108
33.51;34.34;33.5;34.065;7478653
33.65;34.43;33.45;34.215;7694412
34.08;34.6;33.82;34.1;3737601
34.265;35.05;33.96;34.755;3669867
34.925;35.33;34.565;34.735;3850297
34.885;35.01;34.3;34.835;3209179
34.95;35.49;34.7;35.42;4773597
35.3;35.49;34.555;34.685;2830471
34.25;34.62;34.14;34.6;3477258
35.18;35.84;34.85;35.84;9782938
35.8;35.97;35.36;35.965;2906847
36.06;36.28;35.45;35.675;2482160
35.44;36.075;35.44;35.86;2143879
35.86;35.87;34.975;35.18;2971180
35.5;35.93;35.16;35.77;2286137
35.645;35.69;34.9;34.98;2781475
35.155;35.945;34.91;35.79;3256835
35.5;35.995;35.275;35.78;1793203
35.905;35.96;35.02;35.16;2367272
35;35.45;34.86;35.23;2553941
35.23;35.565;34.89;35.335;1879540
35.27;35.58;35.1;35.175;1744732
35.065;35.38;34.525;35.32;1976140
35.2;35.3;34.785;35.25;1648892
35.325;36;35.31;36;3063775
35.82;36.09;35.34;35.855;2404393
36;36.64;35.935;36.49;2996745
36.715;36.8;35.565;36.02;2908833
35.95;36.89;35.85;36.6;2379278
36.78;36.98;36.415;36.87;2415332
36.99;37.76;36.715;37.64;3439909
38;38.15;36.47;36.78;4715006
37;37;36.1;36.74;3031952
36.84;36.91;36.525;36.675;2267682
36.595;36.99;36.52;36.77;2099764
37;37.75;36.805;37.47;2481299
37.51;37.82;37.285;37.645;2083131
37.55;37.795;37.25;37.4;2263144
37.42;37.59;36.93;37.34;1851123
37.04;37.38;36.55;36.77;1754544
37.2;37.325;36.36;36.67;2824911
36.67;37.095;36.38;36.925;2441766
36.8;36.8;36.3;36.585;1359921
36.695;37.38;36.6;36.91;2698022
37.01;37.49;36.505;37.39;2707789
37.09;37.29;36.555;36.675;2467964
36.615;36.93;36.55;36.605;2309688
36.56;36.67;35.575;35.915;2315581
36.145;36.32;35.8;36.025;1341758
35.8;36.47;35.8;36.265;1648981
36.65;36.655;35.84;36.29;2283942
36.135;37.28;36.11;37.2;3188324
37.39;37.465;36.875;37.28;1702335
37.045;37.795;37.045;37.655;2224425
37.6;38.165;37.4;37.94;2065204
37.99;38.19;37.465;37.49;1627269
37.5;38.785;37.5;38.12;3136643
38.09;38.12;37.72;37.93;1540179
38.155;38.615;37.72;37.725;2567908
37.85;38.365;37.73;38.16;2600938
38.315;38.35;37.44;37.675;2396912
37.65;37.72;37.205;37.52;2424081
38.99;39.65;38.48;38.99;4126861
39.22;39.75;38.99;39.49;3110974
39.59;39.75;39.095;39.48;2475483
39.99;40.435;39.405;39.75;3130492
39.935;40.29;39.61;40.1;2171003
39.725;40.905;39.675;40.9;2567279
41.06;41.9;40.835;41.4;4269001
41.5;41.99;41.25;41.51;3923559
41.52;41.72;40.855;41.07;3252555
41.065;41.38;40.965;41.295;5165991
41.4;41.52;40.885;41.52;2038375
41.5;41.66;41;41.075;1671154
40.96;41.44;40.715;41.44;2108138
41.155;41.825;40.915;41.175;2704985
41.1;41.425;40.5;40.65;1966176
40.62;41.5;40.35;41.355;1653598
41.36;41.71;40.5;40.5;3265589
41.5;41.7;40.485;41.18;3673592
41.375;41.49;40.55;40.565;2186983
40.005;40.35;39.54;39.92;2522954
39.785;40;39.54;40;1739772
39.92;40.67;39.65;40.605;2053702
40.625;40.815;40.375;40.53;1258156
40.95;41.295;40.76;41.215;1675699
41;41.14;40.625;40.95;1326323
41.05;41.5;40.755;41.09;1397359
41.45;41.465;40.6;40.74;1654824
41.15;41.15;40.355;40.61;2288367
40.76;40.865;40.25;40.725;2427891
40.93;41.16;40.5;40.62;2000411
40.82;41.33;40.79;41.205;1850902
41.25;41.94;40.9;41.27;1968384
41.54;41.975;40.955;41.805;2056946
41.675;42.03;41.2;41.6;2504658
42.4;43.15;41.225;41.25;4450429
41.735;42.27;41.315;41.41;2552111
41.62;42.49;41.45;42.185;2366943
42.15;42.36;41.7;41.97;2164614
41.96;42.3;41.51;41.94;2293756
41.76;42.135;40.74;40.955;2379652
40.8;41.665;40.78;41.38;1782725
40.97;41.31;40.41;40.6;2495887
40.445;41.395;40.275;41.145;2102737
40.83;41.755;40.555;41.645;1255771
41.405;41.725;41.005;41.38;1437006
41.67;41.67;41.235;41.66;1671234
41.665;42.08;41.61;42.04;1152801
42.21;42.59;41.895;42.07;1519994
41.975;42.81;41.92;42.385;1592509
42.5;42.705;42.09;42.58;1105770
42.95;43.66;42.7;43.585;2271532
43.605;44.1;43.215;43.415;2268702
43.55;43.72;42.48;42.515;2366950
40.8;41.26;39.99;40.655;8237640
40.73;41.56;40.715;41.295;3980467
41.5;41.68;40.96;41.085;2925632
40.77;41.5;40.77;41.075;2065503
41.2;41.28;40.655;40.825;2279921
40.88;40.88;40.045;40.07;2211380
39.8;40.665;39.35;40.28;2403750
40.48;40.48;39.79;39.81;1650876
40.085;40.575;40.085;40.575;1614685
40.435;41.05;40.405;40.84;1911324
41.08;41.18;40.77;40.915;2270769
40.68;41.5;40.68;41.2;2660902
41.305;41.465;40.76;41.13;1741082
41.005;41.39;40.53;40.6;2538444
40.5;40.915;40.33;40.47;2237757
40.5;41.485;40.3;41.37;3742557
41.29;41.745;41.28;41.465;2181340
41.79;41.89;41.4;41.555;1891511
41.75;41.965;41.4;41.775;1812537
41.75;42.4;41.655;42.35;2329464
42.25;42.425;42.11;42.28;2080814
42.31;42.465;41.715;41.715;3280821
41.7;42.5;41.68;42.49;1910360
42.5;42.575;42.225;42.325;1518754
42.53;42.58;42.195;42.39;1184209
42.18;42.415;42.17;42.35;185861
42.6;42.97;42.52;42.795;729604
43;43;42.49;42.72;1099869
42.73;43.02;42.6;42.67;781505
42.82;42.92;42.72;42.83;337550
42.725;43.33;42.7;43.22;1842917
43.1;43.15;42.74;42.845;1947279
42.82;42.98;42.51;42.84;1524936
42.695;42.995;42.51;42.75;1938982
42.85;42.99;42.41;42.65;2209968
42.97;42.97;42.425;42.58;1449641
42.63;42.89;42.4;42.84;2009036
42.9;43.45;42.84;43.085;2449406
43.335;43.375;42.94;43.11;1575785
43.235;43.345;42.535;42.605;2238685
42.8;43.06;42.745;42.955;1021479
42.955;43.63;42.72;43.6;1414468
43.25;43.64;42.925;42.99;1941054
43.13;43.73;42.86;42.9;2235437
42.72;43.265;42.64;42.715;2310670
42.45;42.49;41.85;42;2500894
41.61;42.395;41.51;42.23;2223547
41.7;42;41.545;41.96;2075159
42.05;42.2;40.905;40.905;3394280
41.12;41.625;40.95;41.445;2661001
41.2;41.72;41.06;41.65;2428555
41.655;42.04;41.37;41.85;1723231
41.765;42.485;41.58;42.11;2543780
42.1;42.12;41.325;41.375;2738839
41.195;41.4;40.1;40.12;4298280
40.365;41.06;40.17;40.88;2202838
40.835;40.98;40.14;40.865;3363524
41.18;41.275;40.685;40.965;2577257
40.8;42.345;40.46;41.35;5576519
41.505;42.16;41.28;41.735;3524191
42.165;42.4;41.6;41.645;2031646
42;42.15;41.7;42.075;2750933
42.28;42.595;42.06;42.45;2528949
42.19;43.14;42.11;43;3612534
42.685;43.83;42.68;43.74;3966603
43.8;43.84;43.17;43.245;1704516
43.355;43.89;43.045;43.205;2211148
43.29;43.475;42.95;43.2;1773457
42.99;43.02;42.35;42.545;2167890
42.8;42.98;42.22;42.95;2718755
43.1;43.45;43;43.355;1832293
43.5;43.75;43.425;43.69;1925241
43.55;43.72;43.235;43.585;2139761
43.45;43.72;43.285;43.285;2638101
43.42;44.25;43.225;44.185;2856658
44.48;44.48;43.995;44.125;1730508
44.02;44.4;43.9;44.305;2053582
44.125;44.29;43.92;44.255;1591278
44;44.46;43.92;44.17;1830279
44.305;44.485;43.89;43.965;1513015
43.74;43.96;43.415;43.69;2061783
43.985;44.05;43.555;43.89;1879666
43.965;44.18;43.665;43.85;1408251
43.78;44.055;43.55;43.63;1979562
43.75;44;43.48;43.58;3729961
43.515;43.67;43.155;43.5;1765021
43.34;44.045;43.145;43.35;2406727
43.295;43.475;42.85;43.175;2008235
43.245;43.675;43.215;43.515;1829241
43.75;43.88;43.48;43.565;1892912
43.86;44.315;43.58;44.085;2555013
44.085;44.8;44.07;44.615;2530825
44.51;45.06;44.365;44.6;3005065
44.87;45.58;44.86;45.46;3059080
45.45;45.705;45.175;45.365;2387105
45.505;45.74;45.37;45.605;1891500
46;46.12;45.07;45.6;2882784
45.92;46.05;45.7;46.015;1686062
46.25;46.46;45.76;46.07;1773903
45.995;46.88;45.94;46.235;2656469
46.43;46.74;46.02;46.585;2962508
46.46;46.7;45.02;45.86;5533283
45.73;46.23;45.375;45.555;4340034
45.2;45.625;45.035;45.26;2478159
45.08;45.46;44.875;45.315;2609670
45.49;45.53;45.07;45.07;2056052
45.3;45.595;44.62;44.77;2528498
44.58;44.89;44.1;44.7;3830640
44.955;45.5;44.8;45.35;2417667
45.32;45.425;44.005;44.005;2493298
43.59;43.94;42.555;43.16;3450382
43.335;44.66;43.335;44.625;3848410
44.4;44.8;44.2;44.38;2323106
44.11;44.47;43.87;44.295;1666372
43.5;43.61;42.17;42.29;3957288
42.155;42.46;41.54;41.86;3841027
41.205;42.415;41.205;42;4580108
40.625;41.655;39.6;40.16;8049582
41.5;42.775;41.25;42.76;6264455
42.105;42.905;41.91;42.845;3080195
42.595;43.53;42.275;43.22;3289757
43.78;43.8;42.99;43.24;1839194
43.38;43.535;41.645;41.875;3840859
41.395;42.18;41.235;41.83;2648276
42.38;42.435;41.755;42.345;1996486
42.09;42.175;41.25;41.8;3776974
41.82;42.395;40.205;40.93;4340216
41;41.255;39.525;40.37;5293387
40.49;41.195;40.375;40.775;1968657
39.785;40.14;39.345;39.955;3336089
40.55;41.15;40.07;40.785;4644748
41.08;41.785;40.77;41.68;2723178
42;42.28;41.785;41.955;2692779
41.95;42.15;41.75;42.02;1032199
41.675;42.265;41.165;42.16;3000007
41.85;43.29;41.755;43.11;3650173
43.84;44.15;43.11;43.39;2918195
43.51;43.875;42.67;42.84;3090121
42.12;42.42;41.66;42.18;2929459
42.3;42.745;41.835;42.1;2364722
42.58;43.055;41.925;43.005;2273881
42.79;43.77;42.625;43.385;2415387
43.35;43.455;42.865;43.28;2237624
43.715;44.11;43.375;43.87;2220855
43.61;44.33;43.59;44.11;2406384
44.34;44.47;43.955;44.23;2745046
44.3;44.6;43.775;44.095;3261793
44.3;44.55;43.98;43.995;4721749
44.7;44.93;44.235;44.505;2113913
44.345;45.675;44.28;45.245;3420707
45.02;45.145;44.59;44.61;2275357
45.06;45.06;44.16;44.255;2523103
44.33;44.48;44.115;44.24;1779909
44.305;45.33;44.095;45.3;2425736
44.94;45.29;44.215;44.25;3257469
44.4;44.585;43.44;44.2;3287836
43.995;44.28;43.68;44.025;4042050
44.19;44.8;44.08;44.32;3015069
44.58;44.585;43.925;44.005;1648923
44.21;45.44;44.125;45.22;2638188
45.18;45.935;44.6;45.935;2592312
46.125;46.2;45.165;45.55;2758792
45.825;45.89;45.28;45.495;2551452
45.65;46.16;45.425;46.03;1803380
46.65;46.75;45.725;45.92;3354519
46.175;46.3;45.38;45.94;1988859
46.095;46.535;45.59;45.79;2346802
46.02;46.21;44.805;45.095;2720905
44.79;45.44;44.785;45;1442360
45.245;45.33;44.14;44.69;1429687
44.855;45.585;44.855;44.98;1830924
44.755;45.76;44.54;45.76;2258403
45.625;46.355;45.53;46.145;1813490
46.215;46.435;45.755;46.32;1468049
45.905;46.27;44.12;44.355;5264855
44.46;44.63;43.93;44.36;2579798
44.585;44.7;43.64;43.72;2936693
43.655;43.71;42.705;43.04;3661085
43.07;44.24;43.02;43.97;2280568
43.915;44.335;43.46;44.075;1781284
43.87;43.965;43.55;43.825;2626492
43.72;43.94;42.685;42.915;2733973
42.945;43.11;42.025;42.435;3235365
43;43.18;42.825;43.115;1427268
43.015;43.095;42.55;43.01;1586173
42.91;43.35;42.365;42.54;2054384
42.39;43.34;42.39;43.175;2409611
43.385;43.43;42.63;42.825;1746487
43.035;43.035;42.23;42.675;1093874
42.86;43.11;42.675;43.1;1470394
42.875;43.055;42.69;42.815;1625243
43.075;43.135;41.82;41.895;2243175
41.805;41.995;41;41.255;3098655
41.28;41.71;41.185;41.495;1467856
41.27;41.845;41;41.77;2565850
41.79;42.685;41.515;42;4002972
42.3;42.505;41.98;42.15;2429113
41.94;42.66;41.835;42.59;1663517
42.635;42.68;42.07;42.35;819287
41.855;42.465;41.85;42.405;1968318
42.49;43.57;42.34;43.57;2631853
43.375;43.375;42.945;43.135;2070237
43.2;43.58;42.865;43.31;1681627
43.415;43.6;43.155;43.555;1091553
43.395;43.585;42.92;43.175;1986750
43.285;44.08;43.15;43.95;2017020
44.085;44.61;43.64;44.61;2029884
44.53;44.775;44.35;44.53;1372572
44.75;44.78;44;44.18;2228361
44.23;44.43;43.82;44.35;2069323
44.28;44.55;43.92;44.14;2006825
44.065;44.14;43.51;43.87;2002478
44.13;44.17;42.98;43.245;3549804
43.75;44.205;43.3;44.19;1828772
44;44.665;43.95;43.95;1991776
44.135;44.135;43.36;43.535;1573172
43.835;44;43.025;43.515;1295635
43.305;43.775;43.105;43.6;1916696
43.725;44.07;43.685;43.8;1336621
43.77;44.185;43.22;43.985;1711577
44.165;44.425;43.76;43.935;1719336
43.52;44.38;43.44;43.875;2248002
43.825;44.085;43.455;43.765;1925621
43.65;43.75;43.18;43.375;1602485
43.525;44.265;43.32;44.04;1604188
44.375;44.5;43.965;44.335;1936658
44.45;44.485;43.87;43.925;2062484
43.92;44.02;43.245;43.455;2223608
43.5;43.685;42.95;43.15;1820656
42.855;43.59;42.555;43.47;2034740
43.755;44.515;43.605;44.2;2023612
44.185;44.41;44.04;44.04;2219238
44.205;44.295;43.47;43.87;2400511
43.65;43.92;43.565;43.82;1180399
43.715;43.8;43.235;43.44;2395912
43.22;43.6;43;43.375;1766069
44.575;45.55;44.25;45.455;5619635
45.345;46;45.06;45.56;2732575
45.9;46.25;45.545;45.67;2026855
45.745;46;45.315;45.63;2066763
45.61;45.61;44.91;44.94;2045491
45.165;45.45;44.785;45.07;1899641
45.05;45.69;44.905;45.475;2011156
45.755;45.93;45.375;45.71;1223960
45.71;46.295;45.615;45.89;1312370
46.085;46.09;45.455;45.545;1576977
46.145;46.765;45.83;46.315;2587720
46.49;46.65;46.055;46.4;1862383
46.35;46.575;46.185;46.47;1244712
46.26;47.95;46.2;47.155;3425406
46.99;47.15;46.255;46.58;2745217
46.475;46.89;46.28;46.6;1493140
45.9;46.25;45.74;46.125;1971731
45.66;46.685;45.6;46.455;1294608
46.26;46.75;46.005;46.225;2046953
46.045;46.28;46.045;46.13;1573384
46.465;46.8;46.31;46.655;2405743
46.515;47.06;46.4;46.98;1965324
47.21;47.475;46.745;46.84;1992904
46.475;46.665;45.88;45.88;1886990
46.085;46.385;45.97;46.145;1512932
46.03;46.39;45.925;46.25;1384577
45.805;46.095;45.4;45.775;1717750
46.035;46.375;45.18;45.18;2436223
45.085;45.455;44.88;45.125;2790661
45.16;45.8;45.045;45.78;2063290
46.005;46.995;45.76;46.96;2800259
46.915;47.04;46.24;46.385;1941215
46.305;46.73;46.22;46.48;1158975
46.505;47.305;46.42;47.12;1798533
46.905;47.26;46.585;47.11;1412933
47.145;47.255;46.62;47.015;1523216
47.045;47.19;46.8;46.995;938141
47.145;47.44;46.99;47.335;1720319
47.44;47.725;47.335;47.505;1489013
47.21;47.7;47.21;47.56;1589738
47.435;47.71;47.24;47.71;1282853
47.8;47.8;47.18;47.2;2259172
47.41;47.8;47.2;47.395;986277
47.495;48.18;47.245;48;1447088
47.925;47.99;47.7;47.765;1350136
47.765;48.13;47.61;48.005;897096
48.185;48.3;48.035;48.155;190944
48.29;48.29;47;47.86;684665
48.1;48.1;47.71;47.745;740436
47.945;48.5;47.795;48.235;1110766
48.285;48.47;47.67;47.76;1064009
47.335;47.635;47.005;47.02;461936
47.57;47.965;47.21;47.93;1119397
47.95;48.07;47.44;47.475;1204135
47.055;47.2;46.065;46.755;2577779
46.815;46.94;46.245;46.44;1606588
46.375;46.8;46.055;46.17;2045715
45.96;46.36;45.795;45.935;1715739
45.9;46.25;45.655;46.015;2267189
45.995;46.395;45.805;45.995;2092245
46.5;46.75;45.135;45.69;3648906
45.51;45.635;44.64;45.255;3737786
45.26;45.685;45.1;45.625;1460218
45.405;45.6;44.85;45.1;3115058
45.13;45.445;44.7;44.72;2463973
44.65;45.27;44.14;44.28;2821891
44.335;45.355;44.28;44.81;3714362
44.81;45.13;44.445;44.96;1415055
45;45.21;44.7;44.735;1628869
45.075;45.075;44.46;44.68;2142661
44.67;44.805;43.84;44.395;2992186
44.095;44.465;43.86;43.945;2497661
44;44.265;43.78;43.99;1790768
44.28;44.855;44.105;44.85;3215660
44.895;45.255;44.76;45.19;2008186
45.46;45.59;44.715;45;2362932
45;45.19;44.58;44.97;1836544
44.98;45.325;44.845;45.23;1677629
45;45.27;44.81;44.945;1971480
44.705;44.915;44.24;44.405;2439849
44.185;44.475;43.77;44.1;3207805
43.83;43.985;43.04;43.585;3772942
43.815;44.07;43.705;43.95;2574147
45.5;45.69;44.74;45.415;5270096
45.755;45.89;45.49;45.505;3063601
45.69;45.98;45.21;45.565;2614246
45.81;45.95;45.62;45.835;2421919
45.805;45.99;45.47;45.66;1517419
45.445;45.65;45.145;45.22;1696613
45.28;45.6;44.76;44.785;1654646
44.505;44.805;44.31;44.75;2089119
44.93;45.32;44.68;45.285;1554885
45.135;45.67;44.85;45.43;1967625
45.675;45.915;45.44;45.595;1972193
45.385;45.51;45;45.005;2161489
45.23;45.48;45.015;45.23;1769865
45.2;45.595;44.855;44.87;1839821
44.87;45.005;44.515;44.515;2180174
44.675;44.79;44.22;44.58;2175410
44.475;44.895;44.375;44.505;1507402
44.305;44.895;44.14;44.75;2162639
44.53;44.655;44.25;44.27;1950360
44.1;44.385;43.585;43.73;2639958
42.995;43.22;42.31;42.73;4654272
42.77;43.165;42.255;42.34;3151381
42.395;43.1;42.075;43;2991444
43.28;43.8;42.98;43.005;4274475
43.655;44.005;43.39;43.98;2482311
43.9;44.315;43.76;44.205;2645001
44.065;44.77;44.03;44.77;2065067
44.58;45.39;44.485;45.26;2312853
45.385;45.665;45.025;45.255;1548887
45.12;45.585;45.095;45.38;1661953
45.32;45.54;44.655;45.465;2506250
45.99;46.15;45.77;46.105;2171331
46.13;46.4;45.915;46.095;2014498
46.245;46.53;46.125;46.435;2307122
46.34;46.595;46.31;46.365;1421199
46.445;46.76;46.195;46.7;1548592
46.885;46.98;46.25;46.5;1565155
46.53;46.9;46.47;46.51;1547220
46.605;47.11;46.605;46.855;1416782
46.77;46.83;46.135;46.495;1862796
46.27;46.645;46.15;46.255;1890901
46.33;47.045;46.305;46.835;1576105
47.305;48.02;47.17;47.755;4491311
47.845;48.745;47.72;48.595;4235853
48.43;48.595;47.66;48.03;3284665
48.235;48.715;48.03;48.585;2287632
48.8;49.215;48.71;49.05;2672815
49.08;49.19;48.76;48.92;1794867
48.995;49.435;48.865;49.04;2504838
49.14;49.2;48.68;49.085;2053532
49.205;49.25;48.55;49.135;2387009
49.185;49.49;49.095;49.455;1439573
49.705;49.8;49.27;49.275;1225873
49.19;49.37;48.84;49.26;2235157
49.17;49.285;48.595;48.775;2100247
48.84;49.15;48.62;49;2094047
49.08;50;48.97;49.89;3028083
49.8;49.945;49.55;49.6;2694125
48.38;48.865;48.1;48.42;2612307
48.63;49.2;48.3;49.1;2533636
48.735;49.18;48.53;49.18;2571299
49.325;50.34;49.255;49.88;2881249
49.74;50.11;49.61;49.68;1836837
49.475;49.7;49.22;49.245;2106012
49.55;49.925;49.48;49.875;1860409
50.1;50.94;50.1;50.65;2529216
50.86;50.98;50.52;50.62;2348721
50.24;50.61;50;50.27;1884722
50;50.03;49.085;49.565;3208890
49.215;49.68;49.01;49.6;1995479
49.61;49.805;49.27;49.39;2057087
49.5;49.9;49.5;49.75;1571831
49.53;50.15;49.525;49.895;794823
50.22;50.95;50.22;50.95;2380043
51.07;51.33;50.71;50.76;1581569
50.51;50.62;50.16;50.27;1060429
50.25;50.7;50.05;50.36;1668038
50.35;50.73;50.14;50.42;1600393
50.42;50.42;50.11;50.16;1277051
49.86;50.15;49.555;49.82;1913518
49.83;50.48;49.635;50.28;1457653
49.88;50.27;49.82;49.86;1880140
49.78;50.28;49.6;49.985;740726
50.07;50.55;50.03;50.41;1453052
50.65;51.72;50.45;50.84;3415987
50.25;51.38;50.25;51.38;2835423
51.11;52.84;50.6;52.72;4456800
51.85;52.7;51.82;52.28;2046953
52.39;52.7;52.15;52.15;1888914
52.06;52.32;51.89;52.03;1765930
51.85;52.14;50.94;51.11;2219028
52.29;52.69;51.62;51.95;2616059
51.77;52.23;51.73;51.96;1521176
52.01;52.88;51.9;52.54;1555883
52.73;52.94;51.69;51.69;2680618
51.93;52.09;50.93;51.45;2635022
51.63;51.63;51.02;51.55;1874433
51.59;51.65;51;51.37;1624680
51.41;51.48;51.28;51.37;1451630
51.39;51.62;51.22;51.53;1520998
51.73;52.83;51.43;52.6;2466120
52.77;53.16;52.38;52.48;1884698
52;52.6;51.39;51.56;2346537
50.72;51.18;50.11;51.05;2509645
50.75;51.05;50.46;50.9;1857632
50.56;51.26;50.5;50.93;979383
50.69;51.1;50.59;50.75;1301675
50.22;50.84;50.18;50.69;1272105
51.2;51.2;50.07;50.21;1697687
50.38;50.43;49.66;50.37;1971224
50.79;50.96;50.18;50.57;1694259
50.89;51.24;50.26;51.24;1520434
50.87;51.16;50.71;50.94;1103188
51.18;51.4;50.96;51.17;1025922
51.39;51.48;50.39;50.67;1499152
49.15;50.39;48.6;50.29;3207704
49.645;50.36;49.245;49.8;1808885
50.24;50.64;49.165;49.165;1946575
49;50.17;48.9;49.505;2647352
49.025;50.18;49.025;49.32;3142955
50.33;50.89;48.03;48.21;4083819
47.4;48.985;46.45;47.905;4836701
47.5;48.195;46.42;46.435;4622796
46.4;47.19;43.9;46.495;5363698
47.005;47.5;45.16;45.16;4953030
46.425;46.445;43.1;45.3;5616200
44.805;46.59;44.145;46.335;4285921
46.71;47.12;45.925;47.02;2101768
46.57;48.06;46.395;47.95;2347470
47.85;48.91;47.545;48.6;2063455