21.97;22;21.1;21.33;314566
21.26;21.67;21;21.3;372034
21;21.7;21;21.12;280987
21;21;20.45;20.5;510634
20.95;20.99;20.61;20.75;279457
21.09;21.9;20.8;21.88;447019
21.88;21.88;21.02;21.25;415608
21.2;21.7;21.03;21.7;553745
21.2;21.75;21.13;21.13;185942
21.5;21.9;21.5;21.9;351192
21.9;22.3;21.76;21.99;530940
22.25;22.35;21.2;21.72;511409
21.21;21.3;20.7;20.8;460685
21.07;21.3;20.67;20.69;577872
20.67;21.45;20.65;20.98;366304
20.8;21.5;20.75;21.2;276769
21.2;21.45;20.95;21;182893
20.9;21.1;20.7;20.8;179969
20.81;21.25;20.72;21.18;133401
20.83;21.26;20.7;20.8;171726
20.63;20.77;20.5;20.5;248516
20.51;21;20.51;21;199725
20.79;21.36;20.7;21;247157
21;21.28;20.6;20.96;336327
20.71;21;20.62;21;187883
21;21.05;20.71;20.71;190346
20.8;20.88;20.6;20.85;188446
20.75;20.75;20.01;20.05;441388
20.11;20.45;20;20.15;255832
20.15;20.37;19.9;19.9;236803
19.95;20.08;19.5;19.5;265997
19.6;19.85;19.2;19.75;302821
19.51;20.59;19.45;20.59;311420
20.5;20.74;19.95;20.59;309074
20.3;20.54;20.03;20.25;185429
19.93;20.75;19.7;20.6;203505
20.18;20.2;19.51;19.71;241146
20;20.2;19.7;19.8;166360
19.71;20.15;19.41;20.11;291503
19.63;19.8;19.42;19.63;211576
19.61;19.8;19.02;19.2;579810
19.2;19.74;19.01;19.7;436412
19.45;19.7;19;19;229098
19;19.17;18.5;18.77;354074
19;19.61;18.75;19.61;270830
19;19.57;18.9;19.42;292707
19.06;20.03;18.93;20;528951
19.3;20.3;19.12;20.2;311096
19.8;20.24;19.5;20.23;273609
20.2;20.24;19.15;19.78;213834
19.75;19.77;19.02;19.19;200417
19.21;19.39;19.01;19.08;221737
19.31;20.28;19.1;20.28;396712
20.21;20.48;19.8;20.46;300495
20.5;20.5;19.91;20.48;271096
20.21;20.5;20.04;20.5;189542
20.05;20.95;20.05;20.75;351854
20.79;20.79;20.3;20.62;241974
20.23;20.5;20.08;20.5;229330
20.43;20.7;19.56;19.97;322779
19.7;20.5;19.6;20.5;197756
20.21;20.5;19.88;20.39;351552
20.2;20.46;20.07;20.46;131252
20.46;20.48;19.65;19.65;238408
19.9;20.49;19.8;19.98;328188
20.02;20.39;19.7;20.16;235791
20.35;21.95;20.09;21.95;635874
21.34;21.6;20.22;20.22;396647
20.8;20.89;20;20.14;284035
20.12;20.36;19.68;20.36;219809
19.79;20.36;19.76;20.36;203063
20.36;20.36;19.8;20.32;188795
20.3;20.3;19.94;19.99;99684
19.95;20.47;19.6;20.47;334465
20.48;21.27;20.01;20.5;401330
19.6;21.15;19.6;20.7;374245
20.51;20.8;20.09;20.2;187352
20.45;21.09;20.25;21.09;333585
20.68;21.5;20.46;21.5;145261
20.85;21.5;20.85;21.3;208873
21.05;22;21.05;21.98;422049
21.82;22.55;21.58;22.52;602344
22.5;22.7;22.23;22.69;459692
22.69;22.8;22.12;22.8;339520
22.37;22.75;22.03;22.26;294636
22.42;22.42;21.52;21.52;342467
21.65;21.83;21.03;21.83;248001
21.17;21.65;21.17;21.36;91092
21.22;22.5;21.22;22.34;499827
21.85;22.7;21.85;22.36;283823
22.2;22.66;22.17;22.5;294867
22.7;22.87;21.95;22.14;321712
21.99;23;21.9;23;369386
22.9;23.51;22.6;23.51;602664
23.4;23.69;22.78;23.16;419254
22.8;23;22.43;22.72;200944
22.35;22.79;22.01;22.01;215592
21.67;22.25;21.51;21.63;167768
21.64;22.12;21.13;21.32;216197
21.32;21.39;20.85;21.15;506984
21.15;21.89;20.85;21.12;257240
21.15;21.39;20.85;21.25;135079
21.34;21.84;21.1;21.35;137125
21.4;21.95;21.35;21.69;170528
21.85;21.85;21.03;21.11;614120
21.5;22;21.5;21.73;118524
21.55;22.46;21.55;22.18;177429
22.07;22.15;21.62;21.76;162565
21.9;22.12;21.5;21.56;228030
21.83;23.42;21.8;23.42;839164
23;23.8;23;23.7;1058579
23.25;23.92;23.25;23.92;670585
23.73;23.79;23.07;23.4;492494
23.11;23.81;23.11;23.64;333824
23.75;23.85;23.37;23.73;197507
23.91;23.91;23.1;23.12;197206
23.06;23.82;23.06;23.61;163567
23.61;23.98;23.3;23.3;502577
23.3;23.78;22.63;23.15;314905
23.17;23.49;22.71;23.49;311451
23;23.35;22.81;23;412561
23.38;23.73;23;23;335275
23.03;23.3;22.52;22.6;477561
22.7;22.7;21.85;21.9;747009
22.2;22.2;21.3;21.94;559881
22.18;22.18;21.51;22;335379
22.01;22.09;21.65;21.8;173380
21.95;21.99;21.61;21.9;258593
21.99;21.99;20.6;20.96;728894
21.02;21.19;19.9;19.9;1518254
20;20.29;19.1;19.5;6658605
19;19.19;17.5;17.5;7778368
17.75;18.3;17.4;18.2;4701876
18.39;18.6;18.22;18.45;3417378
18.36;18.38;17.9;17.98;1328623
17.85;18.07;17.61;17.61;1698075
17.53;18;17.52;17.95;1332823
17.8;17.99;17.76;17.86;989702
17.7;17.99;17.7;17.99;707552
18;18.13;17.85;18.1;1347768
18;18.35;17.9;18.34;1388064
18.49;18.49;18;18.1;810115
18.1;18.45;17.95;18.2;729371
18.29;18.3;18;18.24;639229
18.25;18.25;18;18.12;578323
18;18.17;17.9;18.1;559720
17.9;18.08;17.8;17.99;461614
17.99;17.99;17.74;17.85;713653
17.8;17.89;17.75;17.8;1538409
17.8;18.1;17.72;18;928018
17.87;18.1;17.76;17.83;834249
18;18.19;17.86;18.19;1159833
18.25;18.5;18.1;18.24;1474937
18.07;18.3;17.92;18;404250
18.19;18.19;17.95;18;565697
18;18.16;17.91;18.07;231964
18.02;18.1;17.96;18.08;295736
18.2;18.2;17.9;17.95;469985
17.95;17.95;17.56;17.6;656740
17.64;17.74;17.21;17.53;706266
17.05;17.52;17.05;17.45;741477
17.28;17.4;17.03;17.2;1174746
17.25;17.28;16.05;16.15;1682559
16.15;16.39;16.12;16.25;1999155
16.56;18.19;16.5;18.05;2753121
18;18.14;17.4;17.82;860028
17.75;17.85;17.32;17.39;773178
17.3;17.38;17.01;17.2;667147
17.24;17.95;17.08;17.94;857678
17.9;18.13;17.45;17.99;1100306
18;18.51;17.9;18.51;1641733
18.2;18.79;18.13;18.7;1814316
18.51;18.8;18.25;18.25;1157106
18.09;19.25;18.09;19.05;4275830
19.1;19.9;19;19.05;2907438
19;19.37;18.62;19.14;678163
19;19.48;18.82;19.37;1077485
19.35;19.37;19.06;19.14;563098
19.14;19.49;19.03;19.14;1042448
19.05;19.25;18.88;19.25;580909
19;19.2;18.5;19.2;766586
18.8;19.1;18.15;18.4;677712
18.2;18.45;18.05;18.05;591012
18;18.5;17.25;17.4;1085835
17.2;18.08;17.06;17.83;625635
17.95;18.1;17.5;17.8;523771
17.6;17.9;17.54;17.62;447697
17.6;18.74;17.45;18.68;1353843
18.32;19.31;18.32;19.31;1702614
19.25;20.1;19.02;19.85;5846870
18.88;20.2;18.88;20.05;2298297
20.09;21.6;19.96;21.5;6834800
20.9;21.38;20.9;21.2;2294972
21.1;22.18;20.91;21.91;4699834
21.62;22.43;21.12;22.01;3192122
21.3;21.59;20.22;20.3;1556629
20.5;20.81;19.82;20.56;1536139
20.35;21.6;20.26;20.8;2871315
20.5;21.45;20.5;20.91;1259885
20.45;21;19.91;20.45;2131668
20.12;21.65;20.12;21.25;1253727
21.25;22.49;21.15;22;3378996
21.51;22.25;21;21.55;1264269
21.2;22.45;21.2;22.33;1298766
22.11;22.49;20.9;21.33;1561936
21;21.33;20.25;20.69;934026
20.6;21.1;20.35;21.1;808350
20.7;22.3;19.92;21.75;2436045
21.7;23.99;21.7;23.7;6198988
23.7;24.1;23.2;23.52;3322747
23.5;24;23.3;24;1910459
23.8;24.06;23.7;24;2004889
24;24.5;23.98;24.15;653841
23.6;24;23.46;23.51;1205395
23.62;23.8;23.33;23.51;607960
23.5;23.85;23.3;23.4;976855
23.65;23.65;23.2;23.42;739086
23.4;24.1;23.31;24;1044491
24;24.11;23.62;23.98;703950
23.8;24.9;23.8;24.18;3220117
23.7;24.7;23.7;24.55;1551069
24;24.47;23.97;24.34;1055742
24;24.93;24;24.9;1518707
24.7;25.2;24.35;24.8;1832458
24.33;24.75;24.05;24.39;928984
24.1;24.4;23.75;24.12;1141556
24;24.5;23.81;24.28;1499269
23.75;24.14;23;23.55;1508914
22.76;23.46;22.76;23.18;704453
22.87;23.48;22.47;23.09;1150189
22.72;23.48;22.7;23.25;888144
23;23.94;22.93;23.66;2138525
23.6;24.55;23.6;24.02;3398537
23.5;24.39;23.35;24.1;1167030
24;24.29;23.43;23.62;752631
23.05;23.74;23.05;23.33;545647
22.76;23.88;22.76;23.8;879715
22.7;23.4;21.94;23.18;2070151
22;23;21.87;22;1457355
22;23.48;22;22.76;1246001
23.32;23.75;22.8;23.18;524119
23.01;23.44;21.35;21.5;2606642
22;22.48;20.7;20.8;2341047
20.8;21.63;20.59;20.59;2364505
20.95;20.95;20.25;20.45;2465222
20.12;21.45;20.12;21.2;2225964
21.25;22.49;21.25;21.96;1709804
22.3;23.18;22.05;22.87;1375841
22.5;23.92;22.42;22.44;2063966
22.44;23.45;22.42;23.4;887292
23.05;23.75;23.05;23.75;788930
23.75;23.89;23.55;23.86;665297
23.85;23.85;23;23.66;602210
23.66;24.03;23;23.49;656533
23.48;23.48;22.82;23.19;1229525
23.4;23.6;22.73;23.2;955091
23.5;23.78;21.9;21.9;1461769
22;22.98;22;22.8;1160981
22.05;22.5;22;22;8247734
22.25;22.98;22.04;22.38;3747137
22.2;22.95;22.15;22.65;2149139
22.32;22.9;22.15;22.25;1373332
22.15;22.49;22;22.3;670653
22.49;22.69;22.06;22.6;944115
22.95;23.5;22.75;23.21;3054148
23.5;23.6;23.27;23.45;2611936
23.65;23.65;22.95;23;1483633
22.5;22.95;22;22.39;1575963
24;24;22.35;23.05;1711839
23.28;23.9;23.11;23.78;1927784
23.56;24;23.35;23.65;1750188
23.05;23.5;23.05;23.13;789698
23;23.39;22.82;23;484268
23.1;23.45;22.72;23.15;1221618
23.01;23.16;22.97;23;707629
22.93;23.24;22.55;23.24;1055467
22.92;23.4;22.92;23.31;1044369
23.01;23.55;23.01;23.4;1527809
23.12;23.59;23.12;23.5;1006107
23.45;23.45;23;23.15;679150
23;23.25;22.98;23.15;1808179
23.15;23.25;22.76;22.81;1070858
22.7;23;22.7;23;498537
22.9;23.14;22.7;22.95;667390
22.9;23;22.5;22.7;797798
22.5;22.56;21.5;22.5;3036710
22.5;22.5;22.03;22.31;1354113
21.8;21.95;21.1;21.5;1515951
21.5;22.24;21.25;21.88;1751032
21.95;22.08;21.55;21.68;959998
21.5;22.46;21.5;22.32;2583703
22.24;22.51;22.03;22.25;1762963
22.05;22.97;22.05;22.75;1833391
22.8;22.85;22.31;22.61;1742472
22.72;22.78;22.02;22.5;1384201
22.19;22.9;22.13;22.5;2381589
22.2;22.7;21.8;22.05;1251725
22.05;22.57;22.04;22.57;542436
22.35;22.58;22.15;22.5;528490
22.3;22.95;21.99;22.79;901618
22.79;23.4;22.55;23.4;2175394
23.4;23.56;23.25;23.46;2013587
22.4;23.18;22.33;23.1;1118757
22.7;23.04;22.42;22.9;1092493
22.75;22.86;21.5;22.49;1357846
22.4;22.47;21.45;21.5;1246368
21.75;22.8;21.35;22.8;2551185
22.6;23.4;21.6;21.74;1906084
21.79;21.85;20.21;20.21;2988538
20.2;20.2;18.92;19.6;4044553
19.12;19.45;18.86;19.2;1914834
19.35;19.82;18.2;18.93;2189565
19;19.1;18.5;18.9;1800196
19.09;20.1;18.66;20.05;2078753
20.28;20.5;19.62;20.06;1194945
19.8;20.5;19.65;20.44;2054121
20.85;21.8;20.85;21.01;2862157
21.4;21.5;20.32;20.79;1837267
20.8;20.9;20.22;20.41;1239573
20.35;20.4;19.92;20.4;1867618
20.86;20.86;19.66;19.66;1922422
20;20.04;19.2;19.5;1073378
19.79;20.42;19.65;20;738317
20;20.47;20;20.3;981840
20.22;20.69;20.01;20.5;872719
20.6;20.9;20.32;20.55;581252
20.02;20.34;19.95;20.1;734902
20.08;21;20.08;20.75;948511
20.8;20.88;19.97;20.2;1421095
20.25;20.68;19.8;19.9;1307295
19.56;20.08;19.56;19.8;1186445
20.04;20.18;19.8;20.1;920904
20.17;20.18;19.6;19.6;997241
19.85;20.14;19.22;20.1;1223980
20.19;20.69;19.96;20.63;1744757
20.51;20.93;20.43;20.5;1443242
20.55;20.84;20.05;20.15;913249
20.3;20.43;19.76;19.76;1055073
19.79;20.14;19.5;19.93;1089530
20.02;20.25;19.8;20.11;731512
20.05;20.28;19.87;20.05;911613
19.91;19.99;19.63;19.99;1029864
20.05;21.49;20.05;21.25;3509500
21.25;21.94;21.03;21.7;1738479
21.5;21.88;21.01;21.65;947016
21.8;22.83;21.35;22.66;2583519
22.77;23.08;22.12;22.99;2343269
23.1;23.62;22.9;23;2284481
22.98;23.5;22.7;23.27;1388434
23.02;23.84;22.77;23.57;1513160
23.6;23.84;23.15;23.84;2184106
23.8;23.95;23.5;23.95;1881982
23.8;24;23.5;23.71;921465
23.58;23.7;22.9;22.9;1456089
22.8;23.45;22.62;22.9;827834
22.65;23.39;22.52;22.9;1037283
22.62;22.87;22.38;22.42;989096
22.3;23.31;22.3;23.22;1604873
23.3;23.88;23;23.88;1155758
23.5;24.05;23.37;24.05;1914685
23.61;24.05;23.31;23.85;960570
23.9;24.8;23.86;24.8;2937524
24.3;25.07;24.01;24.01;2808292
23.7;24.77;23.6;24.1;1504852
23.6;24;23.52;23.54;1997572
23.37;23.99;23.37;23.66;1607436
23.12;23.61;23.07;23.25;1694117
23.2;23.44;22.8;22.81;1890170
22.35;22.8;22.14;22.22;1378965
22.35;23.4;22.35;23;1653371
23;23.3;22.2;22.48;1554649
22.75;23.35;22.51;23.25;1862197
23.5;23.95;23.01;23.01;2473762
23;23.33;22.19;22.25;1930904
22.24;22.49;21.8;21.99;2293182
21.91;22.1;21.45;21.57;1075436
21.55;21.86;20.67;21.6;2502924
21.6;22.09;21.5;21.75;1425996
21.96;22.27;21.73;22.1;1256130
22.15;22.5;21.81;22.39;1110260
22.1;22.77;22.1;22.77;880979
22.65;23.16;22.37;23;1283169
22.99;23.05;22.68;22.73;1191504
22.4;22.7;22.1;22.46;766402
22.27;22.8;21.82;21.96;1369865
21.25;21.87;21.25;21.8;1522030
22.28;22.28;21.5;21.73;1287624
21.8;22.08;21.67;21.69;595141
21.8;22.05;21.5;21.79;824265
21.51;22.22;21.5;21.8;1154054
21.77;22.75;21.55;21.8;1767479
21.94;21.99;21.26;21.6;1493304
21.45;21.7;21.08;21.4;611294
21.11;21.87;21.02;21.3;913921
21.3;21.55;21.05;21.31;846568
21.5;21.9;21.4;21.67;815622
22.3;22.75;21.51;22.15;1100633
22.68;23.5;22.32;23;1706425
23.36;23.36;22.52;22.52;778802
22.12;23;22.12;22.7;722741
22.63;22.75;22.32;22.6;414377
22.49;23.6;22.36;23;1342290
22.9;23.2;22.62;22.82;751979
22.62;23.35;22.62;22.64;777903
22.5;22.5;21.3;21.5;3298491
21.25;21.58;21.1;21.1;1710877
21.15;21.7;21;21.25;2582358
21.45;21.88;21.42;21.5;985935
21.33;21.34;20.32;20.32;1889945
20.35;20.57;19.81;20;3219431
20.1;20.15;19.75;19.95;584303
19.96;20;19.52;19.6;958430
19.74;19.74;19.01;19.08;1143150
19.19;19.35;18.8;19;1156414
19.35;19.95;19.3;19.8;2112098
19.71;20.02;19.52;19.62;873132
19.65;20.14;19.32;19.71;581545
19.98;20.38;19.81;20.35;1086659
20.15;20.37;19.8;19.86;261609
19.8;20.27;19.28;19.28;879743
19.48;20.1;19.35;19.82;789514
19.8;19.98;19.15;19.28;961747
19.23;19.62;18.64;18.82;773164
19.04;19.24;18.92;18.99;322507
19.38;19.94;19.06;19.94;2124573
19.7;19.93;19.67;19.7;1135245
19.55;19.7;19.06;19.06;1730852
19.15;19.35;18.02;18.11;1660196
17.9;17.98;16.9;17.14;2361323
17.29;17.89;14.1;15.16;3285373
14.2;15.12;12.8;13.96;4221914
14.05;14.65;13.57;14.23;2033693
14.45;14.6;12.95;12.95;1881561
13;13.08;10.56;12.22;6345714
12;12.01;10.86;11.05;3341069
11.1;11.47;10.2;11.14;4203659
11.4;11.6;9.7;10.21;4100068
9.82;10.8;9.14;9.65;3182727
10.35;10.69;10.05;10.6;2695897
10.9;11.8;10.66;11.05;3076036
11.45;12.09;11.01;11.68;3460186
11.5;11.84;11.21;11.54;1765504
11.9;11.96;11;11.85;2299145
12.15;12.15;11;11.05;1365172
11.13;11.15;10.12;10.64;2842852
10.58;10.62;9.9;10.6;2586531
11.2;11.69;10.95;11.69;3006958
11.35;11.89;10.96;11.3;1917598
11.1;11.19;10.54;10.65;2821398
10.78;11.16;10.36;11.16;3685884
11;11.85;10.65;11.75;2451894
11.9;12.63;11.85;12.49;3384051
12.75;13.05;11.7;12.61;2288882
12.52;12.55;11.85;12.1;2181810
12;12.18;11.77;12.1;1828193
12.5;12.8;12.2;12.61;2637297
11.75;12.8;11.75;12.7;2279539
12.25;12.64;11.9;12.08;1024050
12.17;12.49;12.01;12.46;465825
12.61;13.21;12.27;13.05;2453969
13.02;13.55;12.97;13.15;2314642
13.2;13.49;12.81;13.17;1538720
13.2;13.6;13.15;13.49;1439736
13.65;13.65;13.3;13.5;1317802
13.27;13.4;12.07;12.6;2213074
12.53;13.28;12.07;12.9;1361603
12.66;13;12.61;12.95;542968
13.05;13.21;12.55;13.21;592692
14.1;14.34;13.46;13.75;1853328
13.75;13.82;13.35;13.5;1147297
13.79;13.79;13.42;13.5;1362280
13.4;14.35;13.39;14.35;3222978
13.9;14.34;13.89;13.91;1593059
13.99;14.08;12;12.6;2714461
12.81;13.86;12.81;13.74;2755776
13.95;14.05;13.15;14;2953886
14;14.12;13.41;13.69;2294797
13.65;14.2;13.32;13.98;2238268
14.2;14.57;14.13;14.4;1928642
14.4;14.5;13.5;13.93;1650564
13.5;13.98;13.45;13.64;1245395
13.55;13.98;13.53;13.98;575172
13.75;13.9;13.37;13.7;1502991
14;14.06;13.75;13.9;1244727
13.9;14.3;13.8;13.99;1205885
13.9;14.12;13.5;13.5;1301016
13.15;13.67;13.11;13.51;2553882
13.5;13.59;13.11;13.34;3867087
13.05;13.55;13.05;13.45;932493
13.5;13.63;13.19;13.38;1038078
13.6;13.8;13.4;13.78;1509029
13.9;15.24;13.86;14.11;2218463
14.3;14.52;13.5;13.85;2028359
14.2;14.48;13.62;13.62;1057681
13.65;13.88;13.26;13.4;1168828
13.99;13.99;13.42;13.48;920475
13.7;13.88;13.35;13.38;1182564
13.26;13.65;13.23;13.5;640086
13.5;14.06;13.28;14.06;648926
14;14.09;13.42;14.03;1272769
14.1;14.18;13.44;13.52;1365391
13.68;13.85;13.21;13.24;1114149
13.2;13.75;13.1;13.75;1094529
13.72;13.72;13.32;13.45;182821
13.45;13.6;13.26;13.6;501470
13.32;13.83;13.22;13.64;879832
13.8;13.97;13.52;13.52;367495
13.88;13.95;13.43;13.89;987604
13.5;14.14;13.5;14.14;1545519
14.14;14.28;13.83;14.19;878195
14.16;14.9;13.95;14.8;2163046
14.8;14.8;14.25;14.76;1352218
14.75;14.78;13.81;14.22;1105601
14.39;14.69;14.29;14.62;980004
14.6;14.68;14.21;14.34;855509
14.1;14.48;13.82;14.45;1276767
14.4;14.4;13.55;13.8;1086590
13.8;14.28;13.72;14.12;1121602
13.9;14.07;13.5;13.82;789141
13.55;13.82;13.35;13.62;835157
13.6;14.17;13.52;13.73;624210
13.55;13.7;13.25;13.3;1165999
13.55;13.55;13.25;13.4;930949
13.59;13.59;12.75;13.32;1831962
13.4;13.53;13.08;13.22;1649869
13.2;13.35;12.92;12.92;1243677
12.85;13.02;12.65;12.85;1166186
13;13.11;12.52;13;2568582
13;13.22;12.9;13.2;1026182
13.19;13.19;12.82;12.96;866640
12.77;13.3;12.71;12.9;1277030
13;13.25;12.75;13;1625319
13.05;13.17;12.85;13;849813
12.9;13.28;12.9;13.1;1028507
13.4;13.47;13.22;13.38;1088390
13.45;13.58;13.24;13.45;1212549
13.24;13.81;13.22;13.81;1062630
13.63;14.15;13.57;14;1759055
13.72;14.03;13.66;13.96;897173
13.73;13.96;13.58;13.8;489442
13.74;13.74;13.27;13.5;2326155
13.32;13.58;13.29;13.47;631782
13.77;13.77;13.42;13.51;816335
13.32;13.58;13.25;13.4;530233
13.4;13.75;13.4;13.66;942872
13.8;13.92;13.65;13.8;892729
13.8;14.3;13.75;14.2;978085
14.35;14.8;14.06;14.57;1528146
14.6;15.5;14.53;15.45;2689277
15.9;16.5;15.65;16.1;2784708
16.1;16.38;15.5;15.7;1402751
15.6;16.39;15.58;16.38;1546296
16.4;17.2;16.06;16.49;2050302
16.25;17;16.25;16.55;1241061
16.43;16.69;16.36;16.38;1142949
16.15;16.3;15.73;15.94;1365510
15.64;16.34;15.4;15.89;1103763
15.7;16.55;15.7;16.16;951498
16.06;16.67;15.66;16.67;2104538
16.88;17.45;16.8;16.97;2455073
16.8;16.8;15.8;16.04;2413621
15.86;16.18;15.8;15.85;2070728
15.98;16.2;15.7;15.98;785368
16;16.35;15.9;16.19;865282
16.1;16.5;16;16.31;871449
16.01;16.4;15.86;15.9;1477708
16;16.2;15.9;16.02;2081884
16.14;16.48;15.95;16.16;2985294
16.01;16.47;16.01;16.1;1382133
16.28;16.28;15.95;16.02;1689551
16;16.05;15.21;15.26;1925344
15.25;15.79;15.18;15.51;1472101
15.25;15.85;15.25;15.45;1520650
15.8;15.98;15.53;15.7;1646339
15.56;16.15;15.52;15.91;1208400
16.3;16.8;16.12;16.33;3072672
16.25;16.46;15.81;16;1469847
15.88;16.25;15.88;16.15;591886
15.95;16.2;15.95;16.11;1234543
16.19;16.28;15.71;16.04;2593528
15.91;16.22;15.85;16.01;1419122
15.91;16.4;15.75;16.1;3864756
16.25;16.45;16.06;16.17;1487300
16.2;16.6;16.17;16.45;2549871
16.49;16.8;16.45;16.62;1596678
16.47;16.6;16.15;16.27;1091013
16.54;17.08;16.51;16.6;2067325
16.5;16.64;16.24;16.48;2006618
16.37;16.8;16.31;16.62;2761913
16.56;16.9;16.38;16.5;1778582
16.51;16.98;16.5;16.65;1377703
16.64;16.85;16.44;16.44;1289555
16.31;16.75;16.18;16.46;2139159
16.51;17.4;16.51;17;1857745
17.25;17.35;16.82;16.82;866276
16.78;17.18;16.26;16.46;1826532
16.3;16.7;15.93;16.68;1592748
16.7;16.7;16.32;16.6;1887822
16.6;17.75;16.46;17.5;3792947
17.5;18.45;17.36;17.98;2691358
18.12;18.32;17.72;17.89;1891765
17.7;17.78;17.47;17.7;853232
17.5;17.63;17.25;17.58;2859097
17.1;17.25;16.87;17.04;2294905
17.01;17.72;16.93;17.43;2015330
17.75;18;17.51;17.63;1427003
17.5;17.68;17.31;17.5;742422
17.33;17.69;17.02;17.14;1099161
17;17.15;16.61;16.99;1966765
16.87;17.02;16.53;17.02;1990637
17.13;17.7;17.1;17.39;2740359
16.96;17.6;16.87;16.88;728965
16.59;16.88;16.42;16.58;1605814
16.72;17.29;16.71;16.9;2172490
16.91;17.28;16.78;16.93;1190361
16.44;16.76;16.43;16.76;1859519
16.51;17.2;16.51;16.92;1060647
17.02;17.1;16.71;17.01;678101
17.2;17.2;16.52;16.62;1154103
16.63;16.63;15.76;16.11;2463148
15.61;16.09;15.2;15.35;2275533
15.3;16.38;15.22;16.25;1762609
16.25;16.41;15.86;16.2;1158101
16.2;16.23;15.82;15.89;1554540
15.75;15.97;15.43;15.6;2127963
15.31;15.59;14.86;15.05;2282303
14.93;15.16;14.52;14.94;2167744
15.24;15.38;15.01;15.33;1169813
14.22;15.06;14.03;14.95;2309027
15.32;15.33;14.3;14.97;1615414
15.1;15.79;15.1;15.57;1968225
15.22;15.92;15.11;15.77;1242914
15.35;16.23;15.35;15.6;1444979
15.6;16.24;15.25;15.6;2175795
15.74;16.6;15.61;16.35;2175515
16.7;17.7;16.35;17.45;2605673
17.5;17.54;17.14;17.4;1422122
17.45;17.71;17.34;17.34;2275508
16.99;17.34;16.6;16.9;2138603
16.46;16.82;16.1;16.27;1609504
16.5;16.6;16.15;16.17;2349379
16.07;16.38;15.25;15.3;1985677
15.8;15.8;15.05;15.12;2164973
15.12;16.28;15;15.94;2919774
16;16.25;15.65;16.02;1637822
16.25;16.25;15.13;15.3;1723578
14.95;15.09;14.3;14.3;2046656
14.62;14.88;13.28;14;3192884
13.94;14.2;13.56;14.11;2347048
14.93;15.26;14.06;14.25;3585847
14.23;14.88;14.23;14.48;2612056
14.93;15.6;14.49;15.57;1761860
16;16;14.86;15.77;1227181
15.99;16.8;15.79;16.05;3117951
16.29;16.29;15.21;15.3;1276160
15.6;15.79;15.1;15.4;1146560
15.42;15.6;14.5;14.5;1562151
14.45;15.64;14.25;15.47;2337184
15.56;15.97;15;15.38;1341204
15.68;16.16;15.42;16.05;1253668
16.4;16.68;16.18;16.6;1762035
16.5;16.57;15.41;15.5;1668059
15.52;15.7;14.47;14.85;4039616
14.39;14.78;14;14.53;4667749
15;15;14.47;14.8;1502887
14.9;14.9;14.3;14.56;1613093
14.05;15;14.05;14.95;1323023
14.85;14.98;14.36;14.82;1292871
14.89;15.29;14.67;14.9;1453843
15.15;15.34;14.8;15.19;1571011
15.2;15.44;14.82;14.83;1362345
14.71;15.15;14.56;14.66;858921
14.71;15.07;14.68;14.91;1260928
14.53;14.84;14.26;14.31;1663996
14.26;14.33;13.6;13.81;1418600
13.93;14.07;13.46;13.63;1318033
13.5;13.65;13.3;13.31;746606
13.15;13.17;12.6;13;2728748
12.78;13.35;12.75;12.96;1814751
13.11;13.25;12.39;12.75;1839657
12.82;12.99;12.7;12.94;1264153
13;13.17;12.61;13.16;1478434
13.15;13.35;13.05;13.05;984318
13.2;13.45;12.95;13.44;892686
13.35;13.5;12.64;13.01;1455776
12.9;12.96;12.68;12.8;1330224
12.75;12.82;12.55;12.65;1327639
13.08;13.33;12.13;12.32;1335456
12.2;12.2;11.05;11.39;3170000
11.33;11.5;10.58;10.92;3204800
10.66;11.72;10.63;11.35;1954690
11.35;12.1;11.26;11.35;2114267
11.31;12.27;11.26;11.91;3445669
11.63;11.85;11.21;11.5;2572648
11.5;11.86;11.36;11.86;2097716
11.64;12.19;11.2;11.5;1506639
11.4;11.4;10.41;10.75;2265388
10.81;10.9;10.3;10.6;2001388
11;11.25;10.35;10.49;2951684
10.5;10.5;10.1;10.3;1820675
10.11;10.26;9.5;9.59;2905199
9.5;9.6;9.11;9.11;1745893
9.2;9.45;9.12;9.34;2186765
9.48;9.54;9.05;9.21;1385741
9.2;9.5;8.67;9.28;2035409
9.4;10.29;9.28;10.15;1824624
10.14;10.62;9.13;9.7;3913516
9.96;10.86;9.8;10.77;3137286
10.78;11.9;10.55;11.66;4693315
11.66;13.55;11.66;12.89;5623204
12.71;12.95;11.44;12;3186762
11.95;12.3;11.75;11.98;1209414
12;12.24;11.5;11.6;1376375
11.3;12.2;10.85;11.28;2438866
11.29;11.38;10.9;11.1;1720772
11.09;11.24;10.75;11.06;1268443
11.5;12.03;11.25;11.39;2350314
11.4;11.6;10.4;10.59;1355214
10.89;10.96;10.8;10.8;2063935
10.9;11.2;10.81;11.16;2117826
11;11.1;10.64;10.97;724155
11.3;12.49;11.12;12.44;2621156
12.41;13.03;12.28;12.81;2528002
13.39;13.39;12.06;12.3;2449418
12.6;12.6;11.86;12;1404389
11.8;12.05;11.32;11.6;1262600
11.55;11.7;11.02;11.02;1005455
11.08;11.59;11.03;11.35;1447343
11.42;11.6;10.83;10.99;1601572
10.65;11.2;10.62;10.79;2655824
10.88;10.99;10.35;10.65;2578257
10.83;11.7;10.77;11.51;1841337
11.28;11.72;11.2;11.44;1197256
11.58;11.65;11.22;11.45;1089565
11.88;11.91;11.48;11.63;1806754
11.69;12.35;11.64;12.2;1236887
12.2;12.53;11.96;12.46;1040417
12.5;12.74;12.2;12.6;1463481
12.6;12.64;11.75;12.54;3144559
12.57;12.96;12.55;12.9;989605
12.79;12.95;12.44;12.79;855141
12.61;13.39;12.6;13.2;2096409
13.13;13.3;12.7;12.82;2019964
12.5;12.55;12;12.27;1769470
12.15;12.38;11.31;11.45;2049389
11.44;11.85;11.36;11.64;2107045
11.7;12.08;11.41;11.65;1124634
11.5;11.85;11.12;11.39;2181409
11.5;11.7;10.96;11.25;1401465
10.8;11.27;10.55;11.2;3347095
11.04;11.23;10.8;10.8;1509512
10.8;11.46;10.69;11.26;851072
11.54;11.54;10.7;11.04;1751706
10.94;11;10.53;10.54;1880007
10.89;10.89;9.99;10.17;1625050
10.39;10.52;10.27;10.4;1588601
10.86;10.9;10.1;10.37;1163854
10.5;10.5;10.21;10.26;789077
10.15;10.24;9.92;9.92;621232
10.05;10.18;9.69;9.69;2219107
9.95;10.3;9.65;9.85;1991408
10.06;11.01;9.9;11.01;1459603
11.36;11.7;11.29;11.48;3636530
11.39;11.59;11.04;11.25;1634924
11.45;11.47;10.82;10.95;1195314
10.79;10.92;10.53;10.77;1826445
10.58;10.7;10.14;10.7;1883818
10.89;11.03;10.5;10.78;1806568
10.95;11.23;10.7;10.72;910337
10.87;11;10.24;10.63;3258845
10.67;10.77;9.91;10.05;2841142
10;10.39;9.95;10.24;2081254
10.07;10.26;10.05;10.05;1958637
10;10.24;9.97;10;728006
10;10.18;9.7;9.78;2308085
9.75;9.95;9.53;9.53;1577227
9.56;9.68;9.36;9.56;1380947
9.53;9.68;9.27;9.3;1170283
9.25;9.45;8.89;9.06;1902257
9.06;9.54;9;9.4;1622330
9.4;9.54;9.2;9.5;2109412
9.6;9.98;9.42;9.88;1662442
9.65;9.95;9.57;9.7;2129609
9.9;9.93;9.61;9.7;1721997
9.52;9.58;9.19;9.3;895991
9.37;9.45;9.11;9.26;809146
9.22;9.37;9.11;9.3;1680879
9.31;9.42;9.25;9.33;1485223
9.33;9.33;8.83;9;1714666
9.18;9.18;8.95;9;1826412
9;9.1;8.59;8.75;1751931
8.6;8.89;8.6;8.75;1291632
8.66;8.82;8.56;8.73;2774379
8.88;9.1;8.73;9.03;835772
9.1;9.1;8.75;9.07;1103834
9;9.04;8.85;8.91;763840
8.97;9.04;8.56;8.64;853845
8.56;8.6;8.24;8.37;2142901
8.3;8.46;8.06;8.11;929145
8.05;8.15;7.65;7.9;2035626
8.06;8.15;7.5;7.62;1591901
7.5;8.08;7.25;7.9;3046495
8;8.15;7.93;8.07;2248034
8;8.1;7.88;8.1;1768098
7.8;7.9;7.4;7.74;2095009
7.56;7.67;7.35;7.56;1254982
7.47;7.49;7.07;7.24;1923439
7.08;7.29;6.87;7;1618438
6.82;7.05;6.4;6.5;2358730
6.49;7.12;6.33;6.82;2268572
6.91;7.08;6.54;6.62;2595234
6.81;7.44;6.75;7.44;2492952
7.5;7.99;7.45;7.99;4732525
7.58;8.7;7.56;8.35;1772559
8.6;9.1;8.12;8.46;2724327
8.5;8.64;8;8.39;1491056
8.25;8.61;8.11;8.32;1103458
8.35;8.74;8.34;8.59;1471714
8.59;8.68;7.99;8.09;2017165
7.98;8.5;7.6;8.38;2280801
8.12;8.54;8.1;8.26;1393145
8;8.04;7.55;7.81;2372344
7.76;7.9;7.09;7.4;3792309
7.1;7.17;6.73;6.9;3345466
7;7.2;6.87;7.15;1989221
7.43;7.62;7.17;7.49;2393577
7.48;8.12;7.46;7.8;2524451
7.82;7.99;7.58;7.61;1258410
7.96;8.64;7.81;8.31;4528727
8.37;8.39;7.93;7.94;3953335
7.65;8.03;7.61;7.89;2755279
7.8;7.89;7.4;7.47;2341309
7.55;7.81;7.16;7.29;3712553
7.32;7.6;7.29;7.44;1862242
7.52;7.75;7.48;7.52;2375041
7.8;7.85;7.38;7.45;1517421
7.45;7.58;7.36;7.55;865678
7.6;7.63;7.48;7.56;879892
7.65;7.93;7.65;7.78;1724805
7.9;8.22;7.86;7.94;2520623
8.25;8.39;7.62;7.72;4420576
7.84;8.17;7.84;7.97;2363007
8.16;8.56;8.1;8.22;3397233
8.31;8.65;8.31;8.33;2584122
8.22;8.54;8.18;8.5;1499567
8.68;8.87;8.61;8.68;2776788
8.46;8.92;8.1;8.92;3228956
9;9;8.45;8.61;2275958
8.68;8.68;8.19;8.31;1643708
8.3;8.53;8.08;8.48;2229863
8.48;8.48;8.09;8.24;1468794
8.31;8.42;8.08;8.32;1721750
8.32;8.47;8.24;8.3;1007814
8.3;8.36;8.1;8.14;1470959
8.27;8.44;8.15;8.29;1524235
8.1;8.2;7.81;7.84;1800714
7.8;8.03;7.75;8.03;1429547
8;8.23;7.75;8.23;2734555
8.3;8.45;8.12;8.39;3287440
8.44;8.51;8.03;8.22;1418692
8.22;8.35;8.14;8.2;526321
8.26;8.6;8.11;8.52;2258517
8.63;8.95;8.63;8.76;2092108
8.84;9.05;8.7;9.05;1946484
9;9.8;8.96;9.47;4955694
9.75;9.75;9.45;9.54;1884612
9.46;9.62;9.22;9.43;2034167
9.44;9.88;9.41;9.8;3032503
9.9;10.2;9.82;10.12;3084592
10.2;10.34;10.08;10.24;1947039
10.13;10.38;10.07;10.24;990310
10.25;10.34;10.13;10.28;1087360
10.36;10.36;10.12;10.35;2887050
10.45;10.69;10.35;10.66;2913364
10.55;10.77;10.43;10.47;4050605
10.75;10.94;10.55;10.88;4389636
11.04;11.48;10.97;11.1;4487122
11.21;11.37;10.58;10.83;3053642
10.86;11.04;10.33;10.55;4647495
10.36;11;10.34;10.92;3868975
10.85;10.9;10.4;10.47;1838856
10.5;10.66;10.45;10.53;3349500
10.64;10.76;10.5;10.5;3622010
10.4;10.78;10.39;10.63;2561490
10.8;11;10.53;10.89;4300331
10.77;11.1;10.6;10.68;2618039
10.6;10.94;10.41;10.5;2244735
10.65;10.99;10.54;10.99;1575113
11;11.59;10.98;11.52;3247425
11.46;11.62;11.44;11.57;1099098
11.65;12.33;11.59;12.25;2903695
12.31;12.52;12.2;12.41;2332596
12.44;12.57;12.01;12.24;2047502
12.27;12.3;11.82;11.99;1798298
11.87;12.1;11.75;12.08;949554
12.01;12.71;11.85;12.55;1328632
12.44;13.04;12.43;12.84;1983495
12.86;12.92;12.74;12.83;1708246
12.75;12.75;12.26;12.62;1817343
12.56;12.87;12.41;12.79;2382656
12.89;12.93;12.27;12.49;1284169
12.44;12.6;12.31;12.5;1731059
12.39;12.55;11.96;12.3;1514975
12.1;12.56;11.86;12.5;2776694
12.26;12.47;12.12;12.33;1564890
12.49;13.2;12.49;12.89;3503991
12.8;13.63;12.8;13.33;6045534
13.44;14.22;13.4;13.9;5586140
13.9;14.45;13.77;14.17;3822883
14.12;14.54;14.01;14.37;2876958
14.34;14.66;13.91;13.96;2314077
14.18;14.25;13.96;14.19;1697896
14;14.35;13.85;14.23;1800713
14.44;14.44;13.61;13.91;1931836
13.82;13.9;13.56;13.85;1565157
13.84;14.2;13.75;14.03;1266734
13.99;14.09;13.75;13.89;1064558
13.98;14.3;13.89;14.21;1682057
14.15;14.34;13.96;14.34;1174532
14.4;14.51;14.21;14.38;704011
14.55;14.74;14.33;14.57;1016021
14.61;14.64;14.31;14.47;1405244
14.33;14.7;14.31;14.37;938895
14.4;14.68;14.32;14.51;1406647
14.42;14.69;14.4;14.65;1073450
14.46;14.62;14.32;14.33;641138
14.37;14.67;14.36;14.49;1465165
14.59;14.59;13.96;14.13;1687772
14.1;14.54;14.08;14.52;1566162
14.47;14.74;14.3;14.4;1311507
14.45;15.47;14.45;15.33;2216953
15.34;15.37;15.05;15.25;1909150
15.35;16.3;15.33;15.86;3269321
15.9;16.19;15.9;16;2436587
15.95;16.47;15.85;16.26;2639542
16;16.44;15.94;16.17;1079757
16.16;16.25;15.42;15.53;1966496
15.37;15.37;14.68;14.89;2912284
14.66;15.11;14.21;14.76;1916728
14.77;14.95;14.32;14.41;1764875
14.6;15.04;14.59;14.74;1662452
14.85;15;14.8;14.9;1339874
15;15.72;15;15.19;2236213
15.39;15.52;15.05;15.39;1081106
15.45;15.55;14.75;14.97;1554784
13.52;14.75;13.52;14.42;2035895
14.42;14.6;13.86;13.97;2438102
14.09;14.24;13.64;13.93;1934806
13.65;13.93;13.53;13.6;2107847
13.65;13.85;13.55;13.71;1587215
13.87;14.16;13.73;13.73;2615484
13.87;13.97;12.8;13.24;4532470
13.28;13.46;12.99;13.35;1666160
13.5;13.65;13.24;13.38;2616824
13.51;14.4;13.5;14.31;3297212
14.3;14.39;13.95;14.1;2394282
14.22;14.24;13.83;14.18;2101508
14.17;14.8;14.15;14.57;3112747
14.6;15.01;14.52;15;2219282
14.87;14.98;14.6;14.75;1227376
14.77;15.05;14.63;15;1092186
15.14;15.27;14.87;14.92;2023864
15.04;15.82;14.95;15.81;3878190
15.74;15.83;15.65;15.74;2402215
15.74;16.35;15.72;16.18;2930864
16.02;16.6;16.02;16.53;2151399
16.65;16.87;16.31;16.54;2253712
16.39;16.6;15.7;16;2730547
15.59;15.66;15.3;15.45;4167076
15.44;15.64;15.12;15.29;1965288
15.44;15.95;15.3;15.82;1592994
16;16.54;15.95;16.46;2640968
16.76;17.5;16.7;17.45;4905740
17.45;18.04;17.43;17.8;4861464
17.79;17.79;17.27;17.5;1866771
17.37;18.23;17.35;18.03;2349379
17.95;18.07;17.36;17.61;2391830
17.38;18.03;17.3;17.7;2329223
17.7;18.44;17.46;18.26;3700828
18.5;18.7;18.12;18.68;2482732
18.38;19.18;18.38;18.81;2056212
18.66;18.76;18.31;18.37;1265635
18.25;18.59;18.13;18.28;1489459
18.43;18.74;18.29;18.64;2465643
18.51;18.7;18.18;18.46;1613474
17.97;18.25;17.93;17.96;2075978
18.38;18.38;17.21;17.31;3721890
17.05;17.34;16.6;17.2;4303922
17.49;17.5;16.89;16.92;2448969
16.91;17.79;16.9;17.6;3377502
17.61;18.2;17.61;18;3148215
18.11;18.36;17.98;18.25;3424502
18.19;18.39;17.71;17.88;2936469
17.85;18.29;17.85;18.1;2682759
17.91;18.2;17.74;18.2;19747614
18.3;19.36;18.3;19.21;4518574
19.01;19.54;18.65;18.9;4711349
19.48;19.48;18.95;19.38;2618283
19.01;20.2;19.01;20.06;4383759
20;20.1;18.9;19.22;3068295
18.81;19.05;18.71;18.8;1830408
19.06;19.48;19;19;2637405
18.92;19.15;18.42;18.82;1928652
18.83;19.46;18.83;19.3;2348119
19.57;19.64;19.37;19.48;3378076
19.71;19.98;19.61;19.66;1328251
19.34;19.44;19.01;19.08;2463337
19.01;19.09;18.33;18.48;2786420
18;18.75;18;18.55;2395392
18.5;18.97;18.5;18.81;1377030
18.63;19.15;18.62;19.1;1517820
19.1;19.25;18.96;19.05;611813
18.8;19.25;18.8;19.24;293279
18.07;19.24;18.07;19.09;630054
19.23;19.23;18.84;18.94;900692
18.78;19.05;18.58;18.85;763033
18.57;19.05;18.57;18.75;1132199
18.65;18.66;18;18.49;2776673
18.48;18.48;17.66;17.85;2877654
17.92;18.25;17.89;18.15;2170444
18.1;18.25;17.81;18.16;3718588
18.3;18.47;17.86;18;1520375
17.77;17.88;17.26;17.62;2641746
18;18.57;17.75;17.82;3457121
17.96;18.54;17.91;18.42;1931143
18.5;18.68;17.64;18.25;2758691
18.3;18.82;18.11;18.7;2444600
18.7;18.91;18.57;18.79;648696
18.7;19.1;18.57;18.88;1875117
18.8;19.09;18.73;18.97;1597393
18.95;19.1;18.65;19.08;2123218
19.2;19.39;18.92;19.26;1975411
19;19.13;18.67;18.7;1617151
18.96;19;18.75;18.75;1366707
18.84;18.86;18.15;18.27;3683310
18.03;18.17;17.69;17.77;2599873
17.79;18.05;17.26;17.46;4679792
17.46;17.85;17.44;17.63;2354803
17.83;17.83;17.11;17.2;2276585
17.2;17.3;16.95;17.04;1378191
17;17.41;16.98;17.14;2253294
17.05;17.43;16.99;17.39;1302364
17.23;17.65;17.23;17.39;936921
17.47;17.85;17.36;17.81;1049858
17.79;17.79;17.35;17.45;1113604
17.38;17.9;17.23;17.87;1845480
17.85;18.02;17.45;17.48;1449524
17.42;17.86;17.37;17.78;540443
17.98;18.12;17.75;17.86;1027872
17.88;17.88;17.12;17.5;1604247
17.62;17.9;17.35;17.85;2176288
17.84;18.25;17.55;17.59;1518484
17.53;17.89;17.44;17.45;838087
17.52;17.75;17.05;17.21;2221335
17.3;17.5;17.16;17.44;1753880
17.56;18.24;17.51;18.18;4735534
18.34;18.81;18.25;18.61;2772077
18.52;18.75;18.23;18.69;1874054
18.76;18.94;18.32;18.57;2173945
18.6;18.95;18.49;18.81;2002966
18.63;18.95;18.6;18.78;734320
18.71;18.96;18.37;18.94;1027919
19.02;19.13;18.6;18.66;1695311
18.74;18.86;18.47;18.56;1255918
18.57;18.64;18.29;18.57;1550102
18.34;18.4;17.38;18.08;2669229
17.69;17.79;17.31;17.7;2156204
17.7;17.74;16.8;16.87;2003677
16.92;17.13;16.4;16.82;2582450
17;17.75;16.9;17.7;2512733
16.8;17.75;16.8;17.38;1397103
17.68;17.68;16.85;17.18;1533043
16.88;17.15;16.37;16.55;1447287
16.5;17.12;16.49;16.94;1525859
16.87;17.13;16.83;17;1176483
17.18;17.49;17.02;17.41;1012421
17.6;17.75;17.36;17.56;1306371
17.51;18.05;17.42;17.89;989030
17.85;18;17.62;17.8;1076227
17.72;17.96;17.44;17.55;1508352
17.65;17.9;17.64;17.89;1055878
17.95;18.75;17.77;18.5;2716416
18.51;19.15;18.5;19.15;2006474
19.1;19.16;18.52;18.72;2051464
18.66;19.12;18.65;19.11;2122086
19.1;19.49;19.03;19.44;1809939
19.49;19.88;19.45;19.88;1849709
19.8;19.8;19.3;19.44;1985868
19.7;19.83;19.54;19.64;1622723
19.66;19.7;19.06;19.25;1864106
19.16;19.42;19.12;19.29;1163308
19.45;19.78;19.31;19.69;1272118
19.39;19.75;19.39;19.57;1013576
19.56;19.7;19.33;19.51;1313594
19.54;20.2;19.52;20.06;2801955
20.1;21.9;20.06;21.51;7151790
21.49;21.81;21.12;21.8;2723846
21.7;22.08;21.37;21.5;3454466
21.45;21.85;21.21;21.4;1622633
21.1;21.24;20.9;21.1;2719490
20.8;21.73;20.8;21.63;1099948
21.95;21.95;20.92;21.05;2049233
20.91;21.27;20.91;21.11;1896767
21.1;21.45;20.35;20.38;2189860
20.36;21.2;20.35;20.9;2661260
20.23;20.58;19.56;19.87;3592920
20;20.24;19.73;19.81;2194331
19.9;19.9;18.85;18.99;3376902
19.2;19.62;19.1;19.36;2400093
19.53;19.66;19.21;19.37;1760563
19.19;19.26;18.52;18.8;1992908
18.7;19.48;18.7;19.27;1951712
19.55;20.35;19.54;20.09;2665877
19.99;19.99;19.51;19.62;900016
19.76;20.29;19.73;20.12;957507
20.14;20.69;19.88;19.92;1692816
19.93;20.17;19.68;19.83;1439253
20.22;20.33;19.81;20.02;1663249
20.17;20.35;19.92;20.19;1699599
20.2;20.29;20.02;20.18;2824279
19.94;20.35;19.94;20.35;264739
20.45;20.45;19.82;19.87;1035971
19.99;20.25;19.87;20.12;1846558
20.08;20.23;19.77;20.15;1819047
20.15;20.22;19.92;20.15;1679854
20.13;20.2;19.53;19.82;3090336
19.76;20.22;19.76;20.19;1486992
20.27;20.86;20.1;20.49;2376965
20.6;20.75;20.15;20.26;1535855
20.26;20.88;20.26;20.75;1987510
20.75;20.75;20.25;20.33;1574576
20.4;20.74;20.33;20.67;1567812
20.28;21.13;20.28;20.91;2580892
20.76;21.15;20.76;21.05;1338081
20.9;21.2;20.76;20.98;2263016
21.01;21.63;21.01;21.45;1762713
21.15;22.12;21.14;21.75;4604675
22;22.48;21.89;22.37;2851432
22.43;23.09;22.43;22.94;3006335
22.8;22.89;22.21;22.56;1612281
22.42;23.04;22.42;22.9;1454381
22.74;23.45;22.71;23.1;2791565
23.07;23.35;22.88;22.88;1829089
22.99;23.25;22.5;22.69;2503445
22.47;22.6;21.97;21.99;2756596
21.85;22.19;21.85;22.08;1014976
21.99;22.25;21.79;21.85;1225549
21.78;22.3;21.71;21.86;1669811
21.4;21.9;21.25;21.85;4961809
22;22;21.42;21.6;1769945
21.4;21.71;21.35;21.49;1240953
21.52;21.98;21.4;21.87;1086133
21.83;21.83;21.31;21.47;1697814
21.48;21.49;21.16;21.2;1246388
21.17;21.68;21.17;21.47;995976
21.42;21.7;21.4;21.47;854250
21.5;22;21.41;21.8;2024594
22;22.6;21.87;22.3;2597260
22.19;22.25;21.78;21.84;1381522
21.95;21.98;21.62;21.74;827945
21.76;21.97;21.58;21.58;736674
21.71;22.48;21.52;22.33;2606503
22.5;22.99;22.45;22.88;2942930
23.05;23.39;22.25;22.97;3343664
22.77;23.07;22.63;22.9;1584046
22.63;22.88;22.43;22.69;1205496
22.74;22.75;22.2;22.57;1249011
22.28;22.47;21.98;22.12;1773816
22.42;22.8;22.21;22.43;1910972
22.23;22.23;21.37;21.45;3001528
21.35;21.4;20.42;20.64;2810126
20.6;20.99;20.51;20.94;1633503
21.01;21.1;19.92;20.26;3159285
20.15;20.67;20.13;20.3;1300292
20.06;20.89;19.98;20.7;1382278
20.57;20.91;20.17;20.91;977684
20.88;21.41;20.81;21.09;1170322
21.05;21.24;20.76;20.91;977020
20.92;21.2;20.85;20.88;1160858
20.79;20.87;20.66;20.75;817849
20.85;21.27;20.75;21.26;941975
21.29;21.63;21.04;21.43;978701
21.4;21.48;21.2;21.41;822445
21.69;21.76;21.36;21.7;1256531
21.79;22.15;21.59;22.05;1048309
21.96;21.98;21.7;21.83;554679
21.7;21.78;21.31;21.48;1610969
21.53;21.85;21.49;21.81;1077275
21.74;22.05;21.69;21.96;1237842
21.9;22.33;21.86;22.2;1234841
22.15;22.48;22.15;22.33;438316
22.39;22.9;22.31;22.64;2492949
22.63;22.7;22.13;22.39;1345216
22.3;22.3;21.81;22.18;1218416
22.11;22.41;21.96;22.35;797556
22.36;22.6;22.36;22.54;803531
22.53;22.54;22.3;22.34;792519
22.27;22.65;22.23;22.57;1659467
22.52;22.6;22.34;22.45;1217067
22.59;22.59;22.25;22.25;869552
22.24;22.29;21.79;22;841915
21.95;22.13;21.8;21.95;979903
21.93;21.93;21.55;21.55;1295768
21.45;21.64;20.93;21.27;1996144
21.07;21.56;21.07;21.56;914891
21.63;21.64;21.22;21.57;789113
21.38;21.56;21.2;21.32;898925
21.31;21.89;21.3;21.77;1059208
21.89;22.05;21.25;21.33;2620240
21.46;22;21.46;22;2614042
22.18;23.04;22.18;22.9;2905545
22.86;23.53;22.73;23.36;2902932
23.37;23.78;22.74;23.02;3472981
23.05;23.28;22.58;22.83;1924650
22.6;23.1;22.5;22.83;2521030
22.8;22.93;22.57;22.77;1127559
22.6;22.72;21.92;22.15;2397728
22.1;22.25;21.62;21.73;2432697
21.73;21.75;21.51;21.6;1899355
21.52;21.61;21.12;21.55;2594965
21.55;21.79;21.33;21.71;1669748
22.05;22.42;22.05;22.36;1640268
22.27;22.4;22.07;22.33;1619448
22.5;22.67;22.08;22.62;1414452
22.66;22.91;22.45;22.67;1105825
22.33;22.33;21.82;21.89;2410728
21.99;22.18;21.7;21.9;1260749
21.95;22.12;21.83;22.02;1427370
22.1;22.91;22.1;22.61;2485125
22.4;22.85;22.28;22.35;1365210
22.26;22.69;22.26;22.57;667772
22.6;22.94;22.52;22.9;1229222
22.9;23.13;22.75;22.99;1975188
22.82;23.31;22.62;23;2700653
23.5;23.53;22.87;22.87;1990215
22.98;23.24;22.82;23.16;951550
23.08;23.3;22.97;22.98;1111441
23;23.59;23;23.56;2256074
23.5;24.9;23.49;24.9;4271668
24.9;24.95;23.75;24.61;6800311
24.56;24.83;24.02;24.1;2427370
24;24.21;23.58;23.94;2250867
23.81;23.84;23.52;23.61;2054238
23.5;24.35;23.5;23.69;3288230
23.7;24.12;23.66;23.83;1972587
23.51;23.8;23.45;23.65;1808069
23.9;24.18;23.77;23.93;1777094
24.07;24.13;23.71;23.85;1321960
23.93;23.99;23.57;23.61;1103934
23.49;23.49;22.95;23.07;2154645
23.2;23.48;22.82;22.83;2545551
23.08;23.16;22.65;22.75;1341263
22.8;23.23;22.71;23.12;1376123
23.3;23.57;23.15;23.54;1419355
23.61;23.72;23.31;23.45;1186450
23.17;23.44;23.07;23.26;1255127
23.09;23.64;23.06;23.5;1756007
23.23;23.45;23.05;23.23;2001761
23.04;23.25;22.79;22.96;1641194
23.09;23.26;22.93;23.07;1234033
22.4;22.47;22;22.15;4650318
22.3;22.3;21.11;21.21;6558607
21.38;21.54;20.78;21.49;4555868
21.5;21.58;20.84;20.93;4000274
21;21.28;20.89;21.15;4487106
21.23;21.66;21.21;21.51;2262455
21.55;21.85;21.46;21.85;1919784
21.97;21.98;21.71;21.96;2081651
21.96;22;21.47;21.62;1888101
21.4;21.8;21.4;21.78;268984
21.69;21.82;21.46;21.61;742997
21.6;21.61;21.4;21.58;553284
21.56;21.62;21.43;21.55;671003
21.75;21.75;21.41;21.41;526171
21.5;21.62;21.25;21.39;331385
21.4;21.85;21.4;21.56;1111249
21.51;21.57;21.06;21.16;2656182
20.89;21.23;20.76;20.98;2475166
21.03;21.77;21.02;21.6;2603453
21.6;22.04;21.42;21.92;3104359
22;22.43;21.92;22.29;2743064
22.48;22.65;22.31;22.42;3494721
22.54;22.6;21.98;22.08;2728728
22.35;22.9;22.26;22.86;3248401
22.79;23.2;22.51;23.13;3044712
23.43;23.76;23.38;23.7;3057407
23.89;23.9;23.05;23.27;3340543
23.5;23.6;23;23.03;2817424
22.89;23.35;22.85;23.26;2045061
23.13;23.3;22.93;23.04;2258277
22.99;23.14;22.72;23;2030636
22.91;23.14;22.83;23.13;2275875
23.14;23.41;23;23.04;1863158
23.02;23.25;22.7;23.13;2122899
23.16;23.35;23.01;23.11;1131017
23.38;23.45;23.25;23.45;1089915
23.5;23.72;23.33;23.72;1584228
23.7;23.73;23.35;23.58;1494146
23.54;23.6;23.11;23.13;2111490
23.07;23.44;22.95;23.23;1677165
23.32;23.44;22.89;23.43;2899684
23.42;23.64;23.3;23.43;1250138
23.43;23.6;23.34;23.39;1146630
23.22;23.55;23.16;23.32;994785
23.32;23.7;23.31;23.7;1645377
23.65;23.69;23.46;23.59;685808
23.64;24;23.45;24;2123757
24.13;24.27;24;24.1;2647672
24.02;24.18;23.91;24.12;1483086
24.03;24.4;23.95;24.38;1924181
24.1;24.6;24.1;24.58;1908415
24.42;24.44;23.45;23.45;3324303
23.2;23.48;22.83;23.36;2317929
23.41;23.89;23.41;23.73;1542477
23.87;24.34;23.54;23.78;2411722
24;24.08;23.66;23.74;1613157
23.84;24.14;23.69;24.04;2482187
24;24.04;23.69;24;1789076
24.01;24.04;23.66;23.77;1639359
23.99;24.01;23.72;23.8;2129544
23.7;23.8;23.51;23.66;1567237
23.7;23.9;23.38;23.9;1952852
23.8;23.85;23.07;23.15;2596374
23.1;23.29;22.66;22.78;2818385
22.81;22.96;22.36;22.36;2846652
22.4;22.59;22.06;22.17;2888417
22.15;22.66;22.07;22.66;3262334
22.61;22.84;22.22;22.22;2380665
22.24;22.39;22.15;22.31;1615203
22.37;22.38;22.08;22.08;2073581
22.06;22.28;22.06;22.16;1769417
22.19;22.26;21.66;22.16;2298868
21.98;22.87;21.96;22.82;3473175
22.82;22.95;22.6;22.92;1557124
22.8;23.03;22.66;23.01;1442674
22.78;23.11;22.75;23.11;2664059
23.1;23.14;22.92;23.06;2654737
23.05;23.5;22.95;23.45;2177727
23.12;23.29;22.89;23;1978832
23.07;23.24;22.97;23.19;1738783
23.23;23.54;23.2;23.54;2744520
23.56;23.92;23.54;23.91;2359035
23.85;23.91;23.7;23.73;1886371
23.59;23.65;23.25;23.45;1508757
23.36;23.44;22.91;22.97;1711864
23.14;23.3;23.02;23.15;1444679
23;23.64;23;23.56;2464313
23.5;23.5;23.06;23.2;2168793
22.76;22.91;22.33;22.61;2932382
22.8;22.93;22.55;22.71;2013694
22.94;22.95;22.62;22.7;1606228
22.52;22.88;22.43;22.5;1952922
22.7;22.91;22.65;22.82;1050077
22.8;22.97;22.65;22.73;1668682
22.73;22.78;22.48;22.57;1563671
22.38;22.57;21.91;22.04;3448000
22.03;22.3;21.92;22;2259372
21.9;22.17;21.76;21.96;1173314
21.86;22.2;21.76;22.17;644657
22.27;22.29;22.1;22.26;917513
22.45;22.45;22.16;22.31;560139
22.31;22.41;22.23;22.37;1049574
22.28;22.71;22.28;22.71;1193216
22.83;23.19;22.51;22.75;3628385
22.66;22.83;22.29;22.36;2317038
22.29;22.51;22.07;22.07;1901358
22.1;22.28;22.02;22.19;1507379
22;22.15;21.97;22.06;1852017
21.7;21.89;21.62;21.76;1795567
21.85;22.29;21.83;22.16;3712184
22.35;23;22.35;22.9;4729714
22.9;23.07;22.65;22.7;2711349
22.71;23.04;22.71;23;1468503
23;23.26;22.91;23.26;2019185
23.3;23.37;23.02;23.13;1271532
23.01;23.3;23.01;23.17;1054794
23.11;23.61;23.06;23.61;1744846
23.6;23.93;23.5;23.75;2380404
23.81;23.85;23.55;23.68;494902
23.8;24.16;23.7;24.03;2470487
23.75;23.97;23.51;23.97;2426193
23.74;23.84;23.53;23.78;2565788
23.6;24.1;23.57;23.95;2524232
23.84;23.94;23.43;23.5;1778844
23.42;23.6;23.21;23.44;3270471
23.29;23.43;23.2;23.33;1434966
23.22;23.54;23.22;23.5;1438919
23.53;23.97;23.45;23.9;1796886
23.97;24.07;23.82;23.85;1520471
23.85;23.88;23.56;23.65;2006577
23.57;23.58;23.25;23.3;2772416
23.46;23.72;23.4;23.67;1682354
23.75;24.08;23.67;23.93;3190161
24;24.1;23.72;24.02;2173860
24.15;24.84;24.06;24.74;4855134
24.85;25.6;24.77;25.35;6192421
25.35;26.09;25.35;26.07;5210031
25.75;25.93;25.55;25.91;3356473
25.61;25.82;25.47;25.61;3058351
25.62;26;25.6;25.95;1963553
25.95;26.42;25.75;26.22;2842181
26.3;26.52;26.26;26.35;1973919
26.25;26.48;26.25;26.45;1342551
26.4;26.82;26.39;26.66;1597408
26.76;26.76;26.11;26.15;2220729
26.38;26.59;26.12;26.51;1835193
26.2;26.33;25.01;25.92;3731905
26.2;26.3;25.92;26.17;1530573
26.15;26.7;26.15;26.53;1309609
26.53;26.7;26.12;26.67;1636843
26.67;26.72;26.32;26.42;1773486
26.6;26.6;26.37;26.46;1081037
26.75;27;26.6;26.91;2966691
26.85;27.01;26.74;26.81;1272015
26.75;27.02;26.73;27.02;1548079
27;27.1;26.85;27.04;1304081
27.08;27.15;26.77;26.9;1866116
26.65;26.79;26.35;26.5;2489329
26.36;26.56;26.36;26.42;1218258
26.41;26.91;26.15;26.78;2138816
27.1;27.76;26.56;27.65;4696880
27.79;28.19;27.49;27.86;2999849
28.06;28.49;27.69;27.73;2746938
27.71;28.2;27.58;27.59;1958950
27.59;27.85;27.5;27.7;1199943
27.57;27.85;27.46;27.79;1933881
27.65;28;27.63;27.87;1999258
27.85;27.99;27.61;27.74;1347229
27.74;27.82;27.42;27.72;759519
27.55;27.78;27.43;27.65;1227594
27.6;28.13;27.42;28.12;1547939
27.78;28.08;27.61;27.68;1713421
27.5;27.67;27.14;27.22;1465695
27.21;27.39;27.2;27.27;386373
27.38;27.64;26.63;27.07;1325478
27.06;27.07;26.53;26.65;1371541
26.61;26.79;26.2;26.66;1473375
26.84;27.2;26.47;27.13;1336599
27.3;27.47;27.15;27.25;722440
27.16;27.28;26.91;27.09;727450
27.19;27.42;27;27.35;1019862
27.11;27.32;27;27.15;1273783
27.03;27.35;26.76;26.94;1017662
26.71;27.24;26.6;26.98;782717
27.21;27.21;26.81;26.87;1139514
26.76;27.44;26.75;27.36;1392931
27.5;27.69;27.1;27.13;1298444
27.21;27.3;26.88;26.95;1241451
26.86;27.3;26.86;27.19;772449
27.12;27.85;27.1;27.85;1909280
27.96;28.12;27.72;28.11;1670537
28.15;28.33;27.94;28.19;1367508
28.15;28.24;27.95;28.2;651213
28.2;28.39;28.06;28.24;764658
28.18;28.24;27.83;28;1032306
28;28.05;27.66;27.79;1143402
27.61;27.88;27.51;27.82;1907162
27.96;28.43;27.86;28.3;1508168
27.97;28.8;27.65;28.28;1819515
28.3;28.75;28.18;28.38;1030195
28.3;28.3;27.65;28;1845796
27.95;28.12;27.8;27.83;1707321
28.15;29;28.15;28.64;2647723
28.8;30;28.8;30;3345362
29.92;30.35;29.38;29.46;1661353
29.6;30.15;29.6;29.9;2453625
29.8;29.9;29.59;29.68;1612527
29.85;29.94;29.38;29.5;1401089
29.52;30.17;29.41;29.91;1706025
29.95;30.16;29.63;30.14;1308951
29.95;29.95;29.5;29.5;1781465
29.42;29.49;28.8;29.11;3856410
29.07;29.41;28.98;29.1;1219349
29.19;29.41;29.17;29.3;702965
29.35;29.95;29.33;29.89;1487466
29.69;29.79;29.37;29.42;1524497
29.25;29.62;28.92;29.2;1754534
29.4;29.48;29.11;29.35;1554284
29.29;29.56;29.15;29.17;1037224
29.24;29.38;28.73;28.93;1564723
28.6;28.88;27.83;28.17;2062877
28.2;28.54;28.04;28.09;1871314
27.79;28.25;27.71;27.86;1343890
27.8;28.25;27.7;28.1;1066978
28.25;28.55;28.02;28.16;1201779
28.31;28.83;28.28;28.42;1842417
28.3;28.53;28;28.1;1699129
27.85;28.06;27.25;27.88;2446595
28.05;29;28.05;28.9;1843503
28.98;29.07;28.74;28.98;569642
28.84;29.31;28.82;29.2;1471213
29.2;29.8;29.2;29.77;1599217
29.77;29.77;29.39;29.6;1434158
29.1;29.99;29.1;29.97;1707990
29.9;30;29.76;29.98;1683935
30;30.07;28.72;29.91;3980009
29.9;30.35;29.85;29.85;1725880
30.2;30.25;29.91;30.02;1453363
29.84;30;29.56;29.87;1003170
29.76;29.84;29.52;29.56;1808618
29.5;29.76;29.27;29.76;1755974
29.8;30.04;29.6;29.95;1345984
30.01;30.22;29.78;30.08;1768967
29.63;30.29;29.63;30.22;1667059
30.01;30.3;29.86;30.22;1473197
30.4;31;30.07;30.97;1955742
30.81;30.94;30.42;30.8;888528
30.75;31.15;30.55;30.97;1276617
31;31.5;30.81;30.98;2265834
30.98;31.2;30.75;31.16;968478
31.07;31.49;31.07;31.43;2068104
31.5;31.62;31.33;31.47;973571
31.53;31.8;31.45;31.8;788823
32.01;33.02;32.01;32.85;3484548
32.85;32.9;32.22;32.67;2418593
32.55;32.77;32.27;32.71;2237246
32.38;32.74;32.35;32.68;1087154
32.5;32.79;32.41;32.79;890880
32.8;33.11;32.8;33.08;1229159
32.93;33.1;32.65;32.78;829107
32.6;32.95;32.45;32.75;1720475
32.9;32.9;32.25;32.32;1555159
32.47;32.62;32.28;32.28;1812459
32.6;32.8;32.32;32.39;1847322
32.38;32.6;32;32.21;1191037
31.9;32.9;31.81;32.9;1911751
32.85;33.45;32.76;33.26;1432626
33.13;33.28;32.84;32.96;486116
32.67;33;32.51;33;576361
33;33;32.58;32.68;664878
32.76;32.8;32.5;32.57;574614
32.52;32.59;31.75;31.9;848097
32;32.12;31.73;31.95;559419
32;32.37;31.86;32.22;1668108
32.29;32.34;31.96;32.03;1846646
32.05;32.34;31.7;31.76;2338007
31.76;31.99;31.7;31.7;1341219
31.55;31.65;31.14;31.37;2852451
31.47;31.47;30.62;30.94;2673493
31;31.75;30.97;31.63;2430052
31.66;31.89;31.38;31.89;2035366
31.89;31.9;31.18;31.63;1886106
31.51;31.74;31.43;31.45;792877
31.3;31.73;31.2;31.45;3457388
31.14;31.3;30.62;30.81;2889878
30.99;31.44;30.98;31.35;2409866
31.36;31.5;31.07;31.07;1014921
30.99;30.99;30.5;30.75;1541762
30.91;31.06;30.35;30.69;1554489
30.57;31.2;30.57;31.05;1835087
31.13;31.42;30.77;30.8;2348140
31.13;31.91;30.66;31.9;3226813
31.94;32.65;31.92;32.3;2300901
32.31;32.36;31.92;32.25;1774057
32.17;33;31.96;32.76;4211271
33.01;33.12;32.33;32.37;2613481
32.3;33.04;32.25;32.46;1701362
32.5;33.04;32.25;32.29;1587730
32.41;32.69;32.09;32.38;1581451
32.06;32.64;32.02;32.2;1442900
32.3;32.62;31.77;32;1976812
31.81;32.05;31.48;31.48;2011455
31.37;31.84;31.2;31.84;1575903
31.84;31.9;31.24;31.5;1800950
31.79;31.79;30.97;31;2158593
31.33;31.59;31.03;31.1;1709501
30.72;31.92;30.51;31.9;3062081
31.9;32;31.72;31.74;1379376
31.95;32.15;31.67;31.73;1658905
31.6;31.87;31.41;31.86;1621754
31.8;32.6;31.6;32.14;3055263
31.64;32.1;31.46;31.52;1619742
31.61;31.74;31.33;31.74;1904442
31.76;31.78;30.7;30.76;2257934
30.75;31.35;30.75;31.33;1426476
31.6;31.67;31.01;31.09;1610489
31.22;31.3;31.01;31.25;1107275
31.4;31.89;31.22;31.89;1788200
31.79;31.98;31.5;31.72;2497608
32.05;32.5;30.82;31.16;5316882
31.9;31.9;31.17;31.42;2118458
31.25;32;31.16;31.91;1874481
31.96;32.1;31.55;32.1;1898372
32;32.15;31.53;31.6;1961712
31.87;32.3;31.76;32.04;3085288
32.27;33.27;32.11;33.2;5185023
32.8;34.29;32.8;34.2;6356366
34.5;34.86;34.15;34.38;3765882
34.5;34.79;33.75;34.3;3325475
34.5;34.51;33.92;34.19;2526026
34.3;35.15;33.9;34.88;2332624
35;35.27;34.5;35.13;2930000
35.1;35.42;34.86;34.9;2331076
35;35.24;34.46;34.64;2212040
34.51;34.57;34.1;34.54;1920993
34.84;34.92;34.3;34.78;2051694
34.78;35.12;34.52;34.77;2350556
34.85;35.03;34.71;35.02;2206179
34.8;34.8;33.93;34.25;3522556
33.59;33.59;32.65;32.73;14118789
32.2;32.65;32.1;32.18;12500541
32.15;32.39;31.82;31.88;7259195
31.8;32.4;31.75;32.31;5359877
32.45;32.8;31.96;32.39;5328158
32.43;32.62;31.77;32.22;3025473
32.11;32.48;32.11;32.28;1521998
32.3;32.32;31.8;32.03;1861038
32.17;32.26;31.35;31.52;3940424
31.39;31.71;31.14;31.3;3536652
31.55;32.26;31.55;32.05;3466733
32;32.15;31.69;31.75;6788381
31.75;31.95;31.44;31.82;2770140
31.93;32.4;31.51;32.33;4023542
32.3;32.35;31.3;31.55;2441653
31.67;31.8;31.1;31.28;2344098
31.01;31.25;30.86;31;3437735
30.99;31;29.76;29.83;5963288
29.77;30.17;29.1;30.12;6153518
30.2;30.6;30.02;30.37;4500560
30.65;31.47;30.63;31.36;5229027
31.49;31.89;31.26;31.86;4351415
31.3;31.76;31.27;31.48;4630399
31.69;31.78;30.96;31.01;4046256
30.8;31.28;30.12;30.42;4331798
29.99;30.3;29.07;29.36;5050795
29.94;29.98;27.72;27.72;9812247
28.05;28.89;27.75;27.8;9042891
27.81;28.19;27.33;27.59;4924585
27.53;27.74;26.71;27.39;3587785
27.13;27.28;25.22;25.35;7676152
25.48;27.08;25.45;27;7339318
26.75;27.04;26.13;26.77;6058303
27.09;27.26;26.6;27.05;2808503
27.02;28.1;27.02;28.1;3613847
28.6;28.6;28.14;28.38;1419598
28.29;28.64;26.76;27.08;4266111
26.8;27.8;26.2;27.8;7005514
27.56;28;27.15;27.52;2135110
28.05;28.37;27.5;27.65;3439525
27.6;27.7;26.75;26.79;3432781
26.4;26.4;25.52;25.69;3992202
26.02;26.75;25.06;26.75;4258397
25.64;26.29;25.64;25.71;4237232
26.1;26.75;26.06;26.55;2361589
26.41;26.65;25.79;25.85;2360357
25.44;25.57;24.98;25.42;4160976
21.75;22;16.75;18.73;68335905
19.25;20.29;18.95;20;20749737
20.5;21.15;19.4;19.9;15803834
20.47;20.54;20.01;20.15;5819688
19.84;21.54;19.72;21.46;11779743
22;22.06;20.45;20.92;10470384
21.35;21.45;21;21.35;5187320
21.47;22.05;21.35;22.02;5616503
22.39;23;22.22;22.75;7426300
22.95;22.98;22;22.08;8082432
22.14;22.14;21.21;21.22;5560251
21.45;21.77;21.19;21.74;4908434
22.25;22.6;21.86;22.46;4420281
22.7;22.85;21.91;22.28;9030024
22.5;22.51;21.23;21.4;7157245
21.07;21.3;20.26;20.53;11453850
20.7;21.12;20.61;21.03;4778182
20.9;21.8;20.87;21.7;5707008
21.85;21.85;21.1;21.59;2883021
21.47;21.92;21.14;21.25;3684582
21.46;21.74;21.33;21.51;2984680
21.26;21.38;21.01;21.04;3198220
21.26;21.26;20.42;20.61;3213198
20.78;20.91;20.11;20.22;3526761
20.36;20.38;19.65;19.76;4850921
19.76;20.67;19.36;20.67;6919548
21;21.38;20.82;21.07;5513823
20.92;21.49;20.7;21.09;5745173
21.08;21.64;20.89;21.56;6497636
21.74;21.75;20.98;21.02;5166322
21.18;21.25;20.85;21.12;5843681
21.21;22.02;20.86;22.02;6391090
21.93;21.98;21.56;21.95;3072450
21.99;22.63;21.92;22.55;5004212
22.5;22.94;22.33;22.9;7877416
22.93;23.33;22.75;23.23;4790378
23.23;23.3;22.77;23.03;5260047
23.17;23.46;22.43;23.45;4633009
22.99;23.71;22.97;23.63;2846109
23.63;24.3;23.44;24.24;5676101
24.3;24.62;23.95;24.56;6582406
23.97;24.51;23;23.33;7783269
23.41;23.46;22.27;22.5;4938335
22.63;23.08;22.55;22.97;2777581
22.98;23.29;22.7;23.15;2040809
23.11;23.98;23.11;23.66;3649751
23.71;23.93;23.3;23.39;3609680
23.62;23.66;22.95;23.2;4244784
23.19;23.27;22.75;22.77;2900883
22.72;22.75;22.23;22.55;3257849
21.95;22.37;21.95;22.05;4737815
22.09;22.88;21.9;22.6;4419755
22.53;22.71;22.4;22.49;1241929
22.38;22.7;22.26;22.64;1102411
22.99;23.75;22.87;22.98;6230667
23.13;23.71;23.12;23.48;5733140
23.65;23.86;23.52;23.54;3471235
23.65;23.65;23.11;23.28;2816743
23.47;23.47;22.93;23.08;2531520
23.13;23.15;22.85;23.05;2573163
23;23.02;22.65;22.79;3536563
22.27;22.46;21.45;21.79;7370704
21.9;22.51;21.86;22.42;4613559
22.42;22.63;22.16;22.46;3322523
22.59;24.1;22.51;23.68;10841681
23.9;24;23.02;23.4;7663210
23.39;23.78;23.16;23.33;4422137
23.2;23.53;23.16;23.5;5656503
23.5;23.5;23.13;23.24;3828164
23.15;23.26;22.72;22.72;4184796
22;22.88;21.82;22.8;6824879
22.2;22.57;21.9;22.26;11682404
22.16;22.4;22.11;22.39;4004646
22.33;22.9;22.33;22.5;2716088
22.74;22.8;22.32;22.6;3147506
22.65;22.78;22.47;22.71;3599561
22.65;23.24;22.64;23;3870419
22.99;23.24;22.61;22.68;3042366
22.61;22.86;22.34;22.4;2475915
22.32;22.72;21.99;22.65;4167011
20.2;21.74;20;21.71;20681429
21.57;21.68;20.91;21.05;8926790
21;21.1;20.24;20.43;8398522
20.2;20.42;20;20.16;5418621
20.39;21.2;20.27;20.89;7808469
20.94;21.22;20.91;21.02;4829945
21.18;21.8;20.94;21.37;6457983
21.75;21.77;21.22;21.24;3810448
21.32;21.45;20.9;21.32;3293408
21.39;21.39;20.75;20.76;3885754
20.95;21.25;20.77;21.18;4815363
20.96;21.33;20.96;21.15;2969396
21.07;21.26;20.87;21.08;2642618
21.05;21.15;20.67;20.74;3388870
20.62;21.07;20.58;20.9;2468040
20.82;21.03;20.78;20.82;1689932
21.04;21.91;20.91;21.85;7345780
21.75;21.95;21.39;21.54;3157142
21.54;21.7;21.22;21.45;2236023
21.52;21.61;21.25;21.25;1953807
21.29;21.42;21.01;21.17;2279887
21.14;21.18;20.91;21.18;2739126
21.21;21.4;20.96;21.02;2224585
21.19;21.35;21;21.31;1782350
21.26;21.35;20.62;20.66;4479149
20.4;21.58;20.33;21.33;6601762
21.39;22.8;21.34;21.57;13365497
21.51;21.97;21.42;21.96;3673343
22.07;22.42;22;22.22;3541586
22.23;22.47;21.94;22.02;2694851
22.1;22.38;21.94;22.35;2094409
22.51;22.61;22.16;22.61;2982741
22.62;22.81;22.48;22.53;2651619
22.51;22.53;22.2;22.26;2616438
22.3;22.87;22.27;22.83;3236957
23.46;24.04;23.33;23.97;10768491
24;24.19;23.22;23.35;6248092
23.39;23.39;22.92;23.25;3322752
23.16;23.6;22.45;22.45;4056236
22.36;22.8;22.22;22.45;3905022
22.45;22.87;22.45;22.5;3416279
22.85;22.85;22.21;22.21;2812892
22.49;23.48;22.32;22.87;6704667
23.29;23.4;22.45;23.15;3548913
23.36;23.48;22.81;22.89;3781069
22.86;23.22;22.65;23.12;4273953
23.24;23.8;23.05;23.67;4242748
23.59;24.24;23.25;24.14;4322234
24.19;24.53;24.08;24.17;2736593
24.26;24.4;23.91;24.34;3381026
24.41;24.41;24.01;24.06;3299753
24.03;24.19;23.9;24.03;2804336
24.2;24.38;24.04;24.37;2331872
24.28;24.5;24.2;24.3;1380826
24.17;24.36;24.01;24.25;4776849
24.46;25.42;24.29;25.24;5209063
25.39;25.9;25.2;25.79;5227836
25.95;26.15;25.66;25.77;2719390
25.81;26.1;25.81;26.1;1157224
26.1;26.23;26;26.1;1063068
26.12;26.19;26.03;26.1;736846
26.13;26.48;26.1;26.29;2029884
26.31;26.38;26.06;26.1;2474061
26.14;26.2;25.58;25.62;3560922
25.75;26.05;25.67;25.7;2750622
25.7;26.07;25.3;25.34;3368684
25.59;25.74;25.45;25.55;2100870
25.15;25.23;24.86;25.05;3694058
24.85;25.31;24.67;25.26;3147803
25.32;25.34;24.89;25.07;2057474
25.29;25.77;25.2;25.75;2445468
25.9;25.94;25.6;25.74;2751489
25;25.39;24.6;25.01;9297166
25.01;25.04;24.04;24.07;7219795
23.94;24.53;23.6;24.39;4934854
24.42;24.79;24.42;24.56;4256317
24.82;24.83;24.28;24.67;2989730
24.69;25.1;24.69;25.05;4938659
25.09;25.35;24.8;24.97;2684377
24.9;24.9;24.44;24.58;2122511
24.74;25.5;24.65;25;4114488
24.99;25.33;24.95;25.25;1815600
25.49;25.55;24.93;25.46;2906850
25.75;25.98;25.43;25.55;2257490
25.72;25.72;25.45;25.6;1030830
25.4;25.46;24.99;25.15;2125392
25.08;25.62;25.05;25.24;2192191
25.37;25.47;25.24;25.42;1983706
25.4;25.82;25.16;25.28;1776104
25.3;25.5;24.84;24.87;5135661
24.64;24.99;24.46;24.69;2818202
24.89;25.13;24.7;24.96;3425047
25.07;25.24;24.96;25.05;1497765
25.01;25.05;24.82;25.04;2292694
24.89;25.16;24.83;25.12;2556764
25.45;25.95;25.4;25.84;8908428
25.73;25.98;25.64;25.95;3344261
25.9;25.9;25.62;25.83;2972266
25.74;25.89;25.59;25.69;2524032
25.6;25.92;25.5;25.86;2142960
25.79;26.07;25.7;25.91;3031245
26.16;26.34;25.04;25.45;8486989
24.71;26.21;24.51;25.91;8862826
25.57;25.82;24.53;24.62;8578329
24.5;24.94;23.35;23.63;7925777
23;23.24;22.31;23.02;6620747
23.06;23.4;22.89;23.2;4070388
23;23.97;23;23.67;4419004
23.89;24.25;23.55;23.69;3256758
23.01;23.28;22.26;22.6;16004541
22.3;22.48;21.84;22.36;10620795
22.11;23.01;22.1;22.44;6645889
21.9;21.92;21.45;21.46;6573865
22.02;22.15;21.54;21.75;5900117
22.04;22.13;21.75;22;6120208
22.18;22.19;21.47;21.58;3967665
21.61;22.11;21.52;22.08;3570688
22.11;22.13;21.73;21.78;3280322
22.21;22.43;21.95;22.19;3624750
22.4;22.9;22.06;22.76;4417136
22.9;22.9;22.58;22.84;3526870
22.98;23.04;22.19;22.24;3796300
22.25;22.33;21.96;22.29;3107184
22.44;23.23;22.38;23.19;6443496
23.11;23.45;22.97;23.22;4629723
23.25;23.4;23.06;23.36;2779806
23.55;23.85;23.32;23.82;4854693
23.73;23.9;23.6;23.9;2979435
23.98;24.26;23.75;23.98;3175822
23.98;24.39;23.7;24.22;3279313
24.22;24.22;23.8;23.97;3102121
23.85;23.94;23.16;23.55;3273682
23.53;23.8;23.42;23.62;2310932
23.69;24.07;23.65;23.99;3464588
23.82;24.04;23.67;23.84;2250833
23.86;23.9;23.56;23.72;2894056
23.64;23.64;23.12;23.51;3220839
23.47;23.89;23.37;23.7;3136907
23.8;23.93;23.6;23.74;2237096
23.8;23.85;23.25;23.6;2554939
23.61;23.88;23.6;23.79;2144608
23.98;24.19;23.58;23.72;2943000
23.82;23.95;23.57;23.65;1894285
23.64;23.9;23.61;23.72;1540190
23.75;24;23.4;23.43;2372097
23.41;23.56;23;23.15;3430353
23.28;23.5;23.04;23.27;4065654
23.35;23.74;23.35;23.53;2493074
23.58;23.64;23.05;23.34;2929059
23.65;23.65;23.33;23.5;2676645
23.7;23.9;23.12;23.22;4107173
23.11;23.4;22.68;23.24;5633710
23.17;23.35;22.92;22.97;1553510
23;23.05;22.58;22.63;3044570
22.55;22.83;22.43;22.46;2840431
22.61;22.89;22.56;22.74;1471517
23.2;23.98;22.99;23.5;12757558
23.9;23.9;23.3;23.33;3968022
23.35;23.66;23.28;23.36;3845315
23.26;23.6;23.19;23.58;2120476
23.36;23.56;23.12;23.25;2780509
23.25;23.51;23.1;23.36;2326305
23.39;23.67;23.35;23.64;628521
23.61;23.75;23.17;23.24;2020884
23.1;23.12;22.74;22.9;3135301
23.36;23.66;23.1;23.37;4632206
23.5;23.69;23.24;23.42;2586750
23.48;23.57;23.22;23.5;2315313
23.5;23.59;22.9;22.9;5026857
23.15;23.27;22.43;22.64;4938997
22.7;22.9;22.15;22.27;4264398
22.27;22.66;22.1;22.29;3581631
22.51;22.72;22.35;22.69;2527758
22.8;22.8;22.32;22.42;3689014
22.37;22.9;22.2;22.76;3636186
23.03;23.43;23.02;23.43;4374140
23.59;24.55;23.55;24.28;12444013
24.92;24.95;23.92;24.12;7104032
24.4;24.5;24.04;24.26;5731991
24.46;24.62;24.12;24.19;3555338
24.17;24.27;23.61;23.76;4946609
23.95;24.24;23.85;24.1;3886142
24.14;24.14;23.67;23.98;2302886
23.97;23.97;23.68;23.76;3868369
23.63;24.02;23.51;23.9;2864594
24;24.24;23.93;24.05;2770138
24.11;24.25;23.95;24.12;2740655
24.13;24.14;23.77;23.98;2847277
24.23;24.3;23.87;23.91;2269494
23.95;24.18;23.92;24.05;1628013
24.42;24.55;23.91;24.1;4750986
24.39;24.6;24.15;24.28;3324155
24.44;24.54;24.34;24.42;2206462
24.57;24.6;23.71;23.81;2950298
23.6;23.72;23.21;23.65;3114099
23.62;23.97;23.39;23.97;2368697
24.07;24.15;23.84;23.98;1899274
24.2;24.2;24.02;24.12;1994166
24.16;24.16;23.75;23.87;2546674
23.76;23.82;23.22;23.22;3401100
23.57;23.72;23.34;23.7;2469061
23.55;23.8;23.31;23.36;2229899
23.22;23.5;23.03;23.36;2242521
23.21;23.55;23;23;3233063
22.85;23.26;22.75;23.07;3157340
23.07;23.5;22.24;22.24;5459981
22.12;22.94;22.08;22.5;5054480
22.41;22.75;22.11;22.24;3333087
22.5;22.74;22.23;22.27;2770551
21.98;22.23;21.56;21.9;4091952
22.01;22.45;21.92;22.18;2445331
22.31;22.42;21.84;21.92;1681962
21.61;21.91;21.31;21.51;3298868
21.85;21.85;20.94;21.08;5593506
21.2;21.78;21;21.72;5561399
21.77;22.04;21.25;21.5;4405085
21.15;21.4;20.83;20.98;4763123
21.17;21.61;20.99;21.31;4072792
21.15;21.46;21.03;21.15;2216813
20.9;21.05;20.58;20.85;3136883
20.5;20.67;20.35;20.32;3356842
20.14;20.45;19.35;19.8;7969563
20.15;20.44;20.01;20.23;2886868
20.39;20.66;20.07;20.64;2885267
20.82;21.35;20.76;21.04;3028319
21.29;21.44;20.9;21.01;2051614
20.9;21.38;20.9;21.36;1915479
21.4;21.58;21.27;21.35;926893
21.41;21.51;20.9;20.93;2053002
20.9;21.4;20.85;21.3;2222552
21.57;21.64;21.02;21.52;1556841
21.6;21.93;21.53;21.78;1771986
21.8;21.92;21.66;21.84;1054393
21.85;22.16;21.64;21.92;2569452
21.76;22.08;21.2;21.26;2606825
21.25;21.49;20.99;21.18;2904306
21.15;21.25;20.1;20.23;4453673
20.27;20.55;20.07;20.26;2872116
20.52;20.66;20.34;20.64;2775940
20.6;20.79;20.2;20.31;3201144
20.3;20.41;19.95;20.33;2620796
20.27;20.53;20.13;20.41;2037748
20.81;20.81;20.02;20.19;2691474
20.2;20.47;20.03;20.35;2631173
20.78;21;20.41;20.6;4662510
20.58;20.58;20.1;20.25;3597575
20.25;20.77;20.14;20.33;8684514
20.37;20.58;20.25;20.45;2181841
20.4;20.8;20.4;20.7;5892451
20.86;21.15;20.61;21.08;4362723
21.45;21.68;20.8;21.07;5219040
21.57;21.93;21.34;21.56;7774354
21.56;21.69;21.38;21.6;3480878
21.73;21.98;21.58;21.88;4578054
21.56;21.86;21.55;21.71;3083033
22.12;22.12;21.83;21.97;4281259
22.09;22.34;22.09;22.27;6037985
22.37;22.37;22.14;22.19;2422645
22.31;22.48;22.18;22.45;4152128
22.45;22.94;22.45;22.8;7283197
22.94;23.33;22.94;23.15;5987243
23.02;24.05;23.02;23.77;10228063
24.05;24.05;23.45;23.59;6026802
23.52;23.61;22.97;23.05;5470414
22.81;23.57;22.81;23.35;3893415
23.44;23.55;22.92;23.03;3231448
23.05;24;22.65;23.86;7472895
23.32;24;23.3;23.89;5223045
24.05;24.42;23.95;24.32;5686454
24.45;24.78;23.95;24.29;5361069
24.55;24.99;24.39;24.75;5284980
25;25;24.38;24.5;3330084
24.56;24.75;23.95;24.09;4038816
24.15;24.15;23.53;23.74;4173944
23.69;23.7;23.18;23.44;5429316
23.44;23.5;22.56;22.71;5716527
22.56;23;22.28;22.89;4344782
22.24;22.29;21.72;22.01;8093672
21.97;22.09;21.63;21.89;3829124
21.8;21.9;21.1;21.48;4736884
21.4;22.95;21.25;22.87;11805895
22.45;22.86;22;22.28;5510642
23.11;23.34;22.75;22.9;5497505
23.18;23.23;22.79;22.94;4155749
23.2;23.55;22.97;23.26;4542143
23.3;23.37;22.84;23.15;2945328
23.01;23.14;22.66;22.95;2756139
23.02;23.27;21.93;22.02;4185033
22.26;22.38;21.31;21.9;5267177
21.61;21.76;21.15;21.17;4436822
21.22;21.55;21.15;21.3;2904347
21.09;21.58;20.89;21.41;4854194
21.78;21.98;21.32;21.38;3121717
21.24;21.63;20.94;21.55;3794700
21.76;21.94;21.2;21.91;3356542
21.95;21.96;21.51;21.96;2650945
22;22.35;21.85;21.94;2564580
21.8;22;21.43;21.51;2554699
21.58;21.58;20.98;21.03;3310451
21.3;21.62;21.2;21.57;2328563
21.57;21.91;21.45;21.65;2818293
21.89;21.9;21.55;21.7;1358990
21.81;22.15;21.53;22.15;2804873
22.31;22.45;22.17;22.34;2440964
22.04;22.8;22.03;22.56;2632837
22.22;22.39;21.88;22.03;3688346
22.29;22.45;21.94;22.31;2693867
22.06;22.47;21.94;22.4;2781414
22.34;22.79;22.26;22.43;3511787
22.4;22.55;22.13;22.14;2540949
22.16;22.68;22.15;22.52;4169924
22.81;22.84;22.3;22.41;6098115
22.5;22.7;22.28;22.56;335151
22.41;22.56;22.03;22.13;2567876
22;22.13;21.74;22.02;1706138
21.9;22;21.61;21.83;442393
21.73;22.2;21.26;21.35;3278503
21.31;21.56;21.01;21.27;2786799
21.27;21.39;20.65;20.75;3055037
20.1;20.3;18.73;19.2;11917919
19.39;19.68;19.16;19.36;5618700
19.6;19.6;18.75;18.85;5496350
19.14;19.47;18.95;19.35;5490760
19.34;19.45;18.86;19.02;3415609
19.08;19.53;19.08;19.36;3486151
19.1;19.43;18.28;18.58;5407915
18.32;18.8;17.27;18.57;10652737
18.79;19.12;17.9;17.97;5846239
18.05;18.1;17.1;17.11;9477994
17.1;17.15;15.86;15.9;10811655
15.12;16.82;15.01;16.45;11671222
17.06;17.1;15.8;16.05;8008831
16.99;16.99;16.3;16.64;5836253
16.98;17.7;16.67;17.48;9640492
17.11;17.55;16.81;17.11;5535990
17.38;17.84;17.17;17.79;3514157
17.79;17.85;17.3;17.67;4515054
17.53;17.82;16.79;17.04;6258890
17.26;17.6;16.78;17.53;6470432
17.64;17.8;17.49;17.57;2650668
17.5;17.53;16.37;16.4;4853749
16.3;16.65;16;16.43;3806611
16.41;16.43;15.53;15.85;4325140
16.08;16.61;15.91;16.31;5775540
16.1;16.38;16.02;16.1;3295015
16.39;16.95;16.19;16.86;5391396
16.79;16.86;16.44;16.65;3630349
16.9;17.5;16.82;17.26;5268361
17.25;17.33;16.5;16.62;3485703
16.82;17.13;16.71;17.06;2946408
17.06;17.92;16.85;17.75;5955694
17.77;17.94;17.47;17.89;3960858
17.94;18.1;17.79;18;3114962
17.75;18.1;17.63;17.88;3725135
18;18.67;17.95;18.63;4131879
18.89;19.46;18.76;19.35;5728397
19.28;19.28;18.65;18.8;6110458
18.77;18.89;18;18.04;4631050
17.79;18.14;17.28;17.43;5713868
19.15;19.38;18.45;19.04;15809888
18.98;18.98;18.11;18.22;5660355
18.4;18.81;18.26;18.55;4386123
18.5;18.51;17.54;17.73;6321786
17.52;17.89;17.27;17.5;4654363
17.5;17.77;17.08;17.28;3345428
16.44;17.15;16.05;16.1;12346637
16.53;16.6;16.22;16.32;4706399
15.84;16;15.33;15.75;6797999
15.81;16.2;15.58;15.77;5323515
15.25;15.28;13.67;13.77;12091890
14.09;14.26;13.75;13.84;9151474
14.08;14.09;13.38;13.46;7583454
13.31;13.86;12.83;13.71;6741066
14.48;14.8;14.35;14.61;6897589
14.6;14.6;14.1;14.54;4153505
14.44;15.11;14.42;14.99;5874591
15.22;15.26;14.6;14.79;3341665
14.57;15.12;14.51;15.01;3654200
14.67;16.07;14.66;15.79;6627796
15.85;16;15.6;15.8;3641343
15.81;15.92;15.3;15.45;2753321
15.55;15.75;15.2;15.71;2002270
15.8;15.86;15.46;15.67;2547003
15.6;15.65;15.45;15.58;1556291
15.46;15.58;15.17;15.19;2176584
15.19;15.34;15.03;15.29;3585618
15.47;15.51;15;15.1;2825317
14.97;15.25;14.84;14.91;2488895
14.97;15.22;14.7;14.87;2291932
15.11;15.24;14.97;15.05;1926084
15.17;15.3;14.98;15.23;1874323
15.33;15.98;15.07;15.91;3255297
15.9;15.9;15.06;15.18;3809307
15.16;15.53;14.92;15.03;2949700
14.95;14.99;14.2;14.58;6920214
14.6;14.69;14.33;14.62;3242250
14.81;15.67;14.67;15.32;5260935
15.28;15.73;15.23;15.69;2871131
15.54;15.88;15.33;15.47;3097421
15.52;16.39;15.35;16.15;4713174
16.5;17.03;16.4;17.03;4475319
16.69;16.71;16.26;16.38;2581792
16.35;16.65;15.97;16.12;2985753
16.06;16.39;16.01;16.22;2129287
16.07;16.15;15.68;15.85;2472635
15.75;15.92;15.44;15.6;2238401
15.6;15.96;15.6;15.74;1124475
15.5;16.05;15.5;15.72;2289529
17;17.1;16.31;16.64;7321681
16.68;17.45;16.64;16.83;4523213
16.89;17.13;16.73;16.97;3249322
16.97;17.08;16.6;16.91;3213799
16.45;16.55;16.06;16.18;5336348
16.25;16.31;15.6;15.7;3593268
15.5;15.71;15.26;15.6;2737419
15.62;15.7;14.92;14.92;3568011
14.95;15.23;14.89;14.91;1520887
15.04;15.29;14.36;14.67;4286959
14.76;15.17;14.65;14.88;3194014
15.02;15.1;14.53;14.53;2282020
14.63;15.19;14.63;15.02;3640437
15.1;15.1;14.44;14.55;2978836
14.55;15.06;14.43;15.03;3714033
15.03;15.36;14.86;15.13;3984500
14.9;15;14.62;14.64;3226898
14.78;14.92;14.07;14.07;3250419
13.99;14.21;13.77;13.86;3212269
13.79;13.9;13.6;13.71;3060163
13.85;14.21;13.54;13.6;3291250
13.55;13.88;13.54;13.65;3173294
13.69;14.28;13.52;14.16;2693086
14.25;14.44;13.72;13.87;1801367
13.98;14.17;13.88;14.03;1388769
13.91;13.99;13.42;13.55;3152341
13.01;13.48;12.96;13.21;3581935
13.22;13.37;13.09;13.18;3795893
13.08;13.26;12.46;12.5;4109915
12.55;12.72;12.11;12.56;2329307
12.55;12.98;12.43;12.95;2120775
12.5;12.57;12.34;12.34;3727675
12.3;12.37;12.06;12.16;2603884
12.12;12.25;11.8;12.04;2796718
11.92;12;11.56;11.89;3082653
11.98;12.51;11.7;11.74;3914662
11.66;12.26;11.54;12.09;3228481
12.19;12.19;11.4;11.48;2819808
11.64;12.43;11.53;12.34;4365496
12.02;12.14;11.78;12.06;3550268
12.34;12.45;11.95;12.09;3080040
11.81;12.22;11.53;12.03;3503346
12.05;12.25;10.7;10.74;5816695
11.23;11.59;11.08;11.4;3983894
11.27;11.4;10.78;11.08;4401804
11.18;11.54;10.76;11.5;3987892
11.81;12.38;11.58;12.2;5168486
12;12.8;11.9;12.8;5668106
12.84;12.84;12.38;12.49;3556841
12.35;12.4;11.86;12.32;2894683
12.5;13.03;12.39;13.03;4564827
13.2;13.2;12.33;12.41;4369201
12.2;12.8;12.08;12.76;2297503
12.67;12.69;12.19;12.19;2713816
12.1;12.68;11.9;12.67;4311398
12.5;13;12.05;12.05;6547485
12.05;12.32;11.96;12.19;3644255
12.19;12.5;11.96;12.14;3460833
12.22;12.5;12.16;12.33;3025431
12.54;13.17;12.37;13.17;5295132
13.2;13.4;12.97;13.25;3333354
13.14;13.95;13.01;13.58;4069345
13.37;14.91;13.18;14.9;9277539
14.99;15.45;14.62;14.98;4532293
15.26;15.91;15.04;15.35;5374542
15.2;15.55;14.81;15.2;4330272
15.22;15.3;14.74;14.86;3595957
15.19;15.93;15.19;15.76;4919306
15.63;15.63;15.12;15.21;3597376
15.08;15.08;14.38;14.38;4475641
14.38;14.67;14.18;14.38;2523805
14.29;14.42;13.91;14.18;3290199
14.24;15.06;14.24;14.97;2899774
14.97;14.97;14.56;14.62;1083689
14.58;15.09;14.44;14.99;2762538
14.95;14.99;14.56;14.85;1455924
14.83;15.58;14.71;15.56;3818515
15.54;15.59;15.25;15.33;2236623
15.2;15.87;15.07;15.71;1931615
15.9;16.69;15.72;16.54;5021555
16.44;16.48;16.11;16.14;3179187
16.11;16.11;15.2;15.2;4267443
15.09;15.28;14.66;14.68;4780079
15.39;15.98;14.99;15.2;4163848
15.25;16.1;15.2;15.53;5300394
15.52;16.05;15.43;15.99;4514386
16.05;16.49;15.93;16.39;3783700
16.59;16.6;14.72;15.5;6816660
14.8;15.11;14.61;14.72;5625471
14.51;15.19;14.22;14.28;6746860
14.65;14.69;13.48;13.48;5917300
13.31;13.98;13.3;13.59;7269594
14.3;14.99;14.02;14.38;7227783
14.33;14.45;13.47;13.47;4069986
13.41;13.5;12.74;13.18;4947128
13.37;13.55;12.71;12.73;4193276
12.95;13.63;12.87;13.54;4969205
13.25;13.38;12.81;13.08;3325746
13.15;13.22;12.3;12.35;4607065
11.97;12.35;11.73;12;6480106
12.24;12.56;12.06;12.53;3769547
12.43;13;12.21;12.78;6110958
12.91;12.91;12.14;12.81;3593026
12.25;12.42;11.6;11.64;4719287
12.01;12.3;11.28;11.37;4649037
10.81;11.68;10.27;10.65;6127446
10.97;11.45;10.42;10.6;4513970
9.5;10.5;9.47;9.93;7739411
11.16;11.16;10.47;10.9;5868829
11.64;11.7;10.85;11.1;5243175
11.1;11.27;10.05;10.17;6713142
9.6;10.1;9.29;9.55;7308996
10.13;10.22;9.56;10.01;5851195
10.4;10.4;9.95;10.3;3414384
10.4;10.4;9.81;10.3;4090813
10;11.02;10;10.4;7352531
10.48;10.7;10.07;10.61;4519719
10.14;11.1;9.9;11.03;4946394
10.76;11.63;10.56;10.59;5647898
11.03;11.88;10.92;11.68;5384091
12.27;13.14;12.16;13.14;7061397
13.15;13.15;12.69;12.98;5035760
12.64;13.02;12.27;12.94;4138782
13.02;14;12.81;14;4679306
13.37;14.36;13.28;14.13;6020351
13.6;13.81;13.25;13.51;4445735
13;13.3;12.51;12.56;5295525
12.69;12.89;12.21;12.43;3821232
12.84;12.92;12.09;12.16;3804821
12.05;12.47;11.71;11.91;2932340
12.11;12.51;11.95;12.1;3855729
11.82;12.4;11.6;11.88;3862121
12.9;13.08;12.21;12.31;4748432
12.2;12.71;11.86;11.89;3504218
12.01;12.09;11.31;11.72;3609899
11.85;11.85;10.84;11.06;4782104
10.72;10.85;10.15;10.51;5579692
10.66;11.3;10.38;10.67;4769997
11.04;11.95;10.93;11.95;3943357
12;12.43;11.62;12.04;3528634
12.15;12.66;11.88;12.54;3068849
12.8;13.12;12.43;12.66;2711264
12.56;12.66;12.15;12.46;2228797
12.5;12.61;11.98;12.09;2529665
11.9;12.22;11.61;12.1;3764918
12.25;12.6;12.05;12.49;3009080
12.54;12.98;12.24;12.38;4415325
12.15;12.15;11.3;11.41;3859806
12.08;12.44;11.85;11.96;2818851
11.91;12.31;11.75;11.99;2793031
11.98;12.19;11.77;11.98;1994089
11.93;12.1;11.42;11.46;3023770
11.05;11.8;10.98;11.67;2939649
11.8;12.1;11.56;11.6;1903415
11.58;11.81;11.38;11.5;2618046
11.63;11.69;10.97;11.02;3131787
11.04;11.44;10.97;11.03;2695675
10.79;11.69;10.75;11.69;4354770
11.58;11.67;11.13;11.28;2481978
11.38;11.72;11.27;11.52;1487352
11.4;11.66;11.3;11.3;469210
11.43;11.68;11.32;11.63;1010491
11.85;11.85;11.06;11.64;1695741
11.8;12.18;11.61;12.03;782360
12.1;12.63;11.86;12.63;1702735
12.7;13.44;12.7;13.44;2628493
13.45;13.93;13.43;13.78;2797192
13.66;13.8;13.32;13.61;2319050
13.36;13.49;13.1;13.42;2219720
13.45;13.95;13.33;13.69;2047703
13.31;13.32;13;13.22;2539773
13.21;13.68;13.02;13.46;2666557
13.54;13.54;12.41;12.52;2605537
12.65;12.78;12.25;12.67;2443181
13.03;13.11;12.67;12.72;2294008
12.96;13.2;12.72;12.87;1574373
12.88;13.43;12.88;13.29;2639212
13.22;13.55;13.05;13.29;2162263
13.43;13.55;12.8;12.89;1873830
12.79;12.88;12.25;12.6;1928555
12.55;13.25;12.45;13.13;1914486
13.09;13.13;12.75;13.09;2504014
13.37;13.83;13.24;13.83;2473877
13.8;13.96;13.19;13.25;3312358
13.26;13.84;13.2;13.71;2962080
13.5;14.08;13.25;13.905;2640959
13.97;14;13.41;13.58;2951851
13.645;13.93;13.485;13.825;2197035
13.5;13.8;13.37;13.71;1662342
13.79;14.2;13.535;14.025;1788264
13.79;14.4;13.67;14.375;2761540
14.02;14.2;13.28;13.28;3590149
13.215;13.55;13.14;13.54;2051714
13.48;13.605;13.22;13.5;2015270
13.58;13.82;13.42;13.56;1376106
13.39;13.78;13.31;13.69;1314116
13.59;13.6;13.13;13.225;1537409
13.115;13.25;12.87;12.955;3137534
13.02;13.32;13;13.15;2673561
12.815;13.15;12.375;12.455;3544118
12.49;12.58;11.88;11.9;2950003
11.71;11.89;11.355;11.425;3624002
11.59;11.785;11.3;11.42;2527690
11.585;12.015;11.54;11.885;2780091
11.69;11.845;11.44;11.66;2273240
11.21;11.365;11.02;11.02;2718303
11.085;11.21;10.545;10.59;3431930
10.69;11.095;10.67;11.02;2600834
10.935;10.935;10.38;10.38;2303991
10.415;10.56;10.09;10.12;2055267
10.285;10.39;9.99;10.195;4020931
10.35;10.59;9.81;10.475;4940429
10.53;10.54;9.915;9.949;2643733
9.75;10.05;9.53;9.748;3649791
9.9;10.09;9.46;9.784;2978923
10.01;10.04;9.63;9.83;2100732
9.78;9.922;9.662;9.8;2078390
9.801;9.94;9.44;9.53;2636097
9.67;9.76;9.27;9.35;2891694
9.397;9.5;9.164;9.211;3512913
9.395;9.44;9.12;9.24;2549889
9.45;9.52;9.16;9.204;3901299
9.16;9.4;8.96;8.978;4308517
9.073;9.26;8.811;8.89;4702752
8.977;8.999;8.765;8.86;1964627
8.58;8.79;8.117;8.47;4056111
8.585;8.899;8.584;8.76;3250738
8.75;9.1;8.61;8.971;4272391
9.38;9.54;9.256;9.449;7079448
9.418;9.717;9.3;9.572;3890860
9.74;9.9;9.495;9.6;5612517
9.72;9.89;9.514;9.571;3732797
9.4;9.57;9.223;9.307;2459269
9.421;9.44;9.2;9.335;2142751
9.47;9.58;9.204;9.4;2835213
9.511;9.91;9.501;9.82;3736296
9.87;10.095;9.669;9.97;3188351
9.97;10.275;9.9;10.275;4484817
10.105;10.26;9.471;9.511;2592027
9.54;9.68;9.17;9.589;3213206
9.6;9.95;9.45;9.903;3863659
9.891;10.59;9.8;10.48;5029620
10.585;11.48;10.5;11.4;6961362
11.125;11.3;10.7;11.225;2745156
11.02;11.11;10.84;10.98;2658430
10.98;11.3;10.87;11.3;2226548
11.45;11.5;10.94;11;3729688
11.07;11.34;10.905;11.22;1642266
11.385;11.95;11.25;11.74;3734932
11.67;12.35;11.55;12.09;3376731
12.31;12.355;11.465;11.53;3132303
11.63;12.22;11.585;12.085;2464121
12.1;12.1;11.25;11.345;3339618
10.9;11.18;10.55;10.975;5146671
11.01;11.155;10.62;10.695;2818809
10.67;11.15;10.57;11.145;3361963
11.24;11.56;11.08;11.45;3069798
11.31;11.87;11.12;11.83;2026111
11.87;11.955;11.435;11.625;3588309
11.575;11.86;11.575;11.735;1964789
11.55;11.655;11.37;11.475;1802694
11.57;11.58;10.84;11.015;2745175
11.02;11.33;10.955;11.3;1033386
11.25;11.3;10.88;11.06;2828582
11.09;11.69;11.07;11.68;3246430
11.595;11.745;11.405;11.615;2206643
11.765;11.86;11.45;11.455;6292964
11.65;11.93;11.565;11.725;1883026
11.61;12.2;11.6;11.995;2726570
11.965;11.98;11.46;11.51;1611938
11.625;11.85;11.515;11.655;1737496
11.67;11.85;11.52;11.695;1707645
11.8;11.955;11.63;11.905;2476903
11.855;11.99;11.4;11.415;2858431
11.6;11.685;11.11;11.175;2639200
11.095;11.42;11.08;11.36;2962535
11.375;11.61;11.27;11.375;1915909
11.29;11.44;11.01;11.05;1690220
11.08;11.24;11.07;11.145;1652840
11.135;11.625;11.07;11.22;2764766
11.32;11.48;11.09;11.375;2615687
11.55;11.79;11.485;11.65;2844751
11.595;11.63;11.09;11.09;2475602
11.005;11.26;10.845;10.965;2181881
11.015;11.44;10.94;11.43;1867853
11.415;11.57;11.095;11.265;2356670
11.41;11.945;11.41;11.655;3088043
11.67;12;11.66;11.94;2078301
11.895;11.9;11.46;11.51;2101005
11.6;12.05;11.575;11.93;2261097
11.93;11.93;11.515;11.56;1490379
11.59;11.725;11.475;11.53;894866
11.67;11.8;11.45;11.655;1686261
11.785;11.86;11.385;11.385;2017187
11.365;11.54;11.15;11.225;1716423
11.255;11.58;11.25;11.295;1844278
11.255;11.355;11.1;11.15;1220791
11.145;11.38;11.05;11.375;815551
11.375;11.525;11.21;11.37;1266540
11.5;11.91;11.44;11.91;2024098
11.89;12.08;11.8;11.89;1538727
11.95;12.285;11.88;12.12;3950291
12.26;12.445;12.205;12.445;1626139
12.47;12.8;12.4;12.69;2066046
12.69;12.7;12.405;12.635;1707772
12.62;12.95;12.415;12.865;2532614
12.8;12.98;12.68;12.98;1965083
13.04;13.2;12.545;12.71;2587511
12.7;13.6;12.5;13.005;3958510
13.09;13.45;13;13.24;2189242
13.29;13.705;13.145;13.48;2121291
13.41;13.615;13.29;13.38;1903665
13.36;13.63;13.3;13.59;1561540
13.55;13.55;13.085;13.38;1690345
13.31;13.715;13.195;13.51;1509549
13.555;13.6;13.19;13.35;1684624
13.3;13.705;13.15;13.675;1608560
13.595;13.78;13.34;13.78;1346863
13.73;13.785;13.41;13.455;1449689
13.435;13.765;13.355;13.7;1451217
13.665;13.99;13.535;13.97;1903926
13.98;14.12;13.67;13.74;1251511
13.7;13.75;13.305;13.335;1442589
13.4;13.545;13.12;13.3;1305571
13.205;13.36;13.075;13.175;1201310
13.25;13.57;13.2;13.57;1551825
13.53;13.995;13.455;13.98;1717949
13.985;14.49;13.985;14.48;1923432
14.32;14.85;14.235;14.755;1713459
14.7;14.79;14.435;14.515;1432843
14.44;14.66;14.1;14.23;1544855
14.305;14.925;14.12;14.73;1783631
14.65;14.68;14.375;14.46;1450412
14.58;14.605;14.035;14.195;1531914
14.17;14.3;13.975;14.08;2393633
14.185;14.41;14.05;14.1;1834736
14.17;14.54;14.17;14.33;2075553
14.39;14.69;14.295;14.68;1039391
14.73;14.835;14.58;14.77;1653167
14.62;14.88;14.6;14.81;2014788
14.85;15.48;14.8;15.455;2791299
15.52;16.565;15.52;15.865;5247730
15.605;15.785;15.225;15.51;2849521
15.695;15.71;15.06;15.15;2652277
15.2;15.3;14.93;15.255;2133583
15.89;16.42;15.78;16.21;5152047
16.255;16.455;15.855;16.4;6185934
16.285;16.35;15.37;15.575;3463633
15.76;15.91;15.61;15.68;2076269
15.67;15.68;15.29;15.4;2523447
15.315;15.455;15.02;15.02;2104231
15.005;15.04;14.685;14.74;1893327
14.68;15.14;14.585;15.14;2315673
15.08;15.19;14.92;14.97;2485589
15.04;15.61;14.98;15.345;3900689
15.415;15.485;15.075;15.1;1977898
14.85;14.955;14.46;14.48;2547148
14.5;14.68;14.325;14.51;2014791
14.53;14.655;14.27;14.535;3187837
14.52;15.04;14.475;14.87;2427452
15.105;15.15;14.69;15.04;2493861
15.105;15.21;14.9;15.11;1882336
15.18;15.365;15.075;15.285;1107482
15.3;15.3;14.66;14.705;2447309
14.885;14.89;14.41;14.455;2962170
14.455;14.62;14.21;14.41;1995565
14.52;14.635;14.065;14.15;2146364
14.25;14.4;14.01;14.13;1333099
14.21;14.215;13.765;13.795;1991176
13.79;13.85;13.315;13.78;3182575
13.61;14.02;13.475;13.78;2533323
13.8;14.09;13.755;13.95;2665673
14;14.03;13.38;13.435;2401899
13.41;13.62;13.2;13.33;2270500
13.185;13.3;12.62;12.76;4177866
12.62;12.99;12.46;12.87;3069110
12.755;13.2;12.615;12.785;3107095
12.755;13;12.71;12.88;1516805
12.75;13.115;12.545;12.975;2774677
13.035;13.275;12.805;13.205;2115977
13.05;13.335;12.975;13.24;1391365
13.35;13.555;13.105;13.34;2271648
13.45;13.56;13.265;13.32;2125352
13.36;13.485;13.125;13.235;1784408
13.31;13.39;12.855;12.95;2306577
12.97;13.48;12.97;13.29;2079352
13.3;13.34;12.95;13.155;1635937
13.1;13.76;13.06;13.75;3382904
13.79;14.12;13.53;13.545;2394387
13.57;13.75;13.45;13.505;1542033
13.485;13.52;13.055;13.055;2064752
13.1;13.125;12.55;12.72;2740169
12.795;13.02;12.795;13.01;1715473
12.89;13.005;12.725;12.75;1570319
12.86;12.91;12.04;12.265;4060797
12.19;12.2;11.74;11.74;2954178
11.55;12.11;11.445;11.98;2079352
12;12.105;11.84;11.915;1602314
11.865;11.97;11.535;11.65;3548319
11.635;11.73;11.48;11.66;2599401
11.845;12.055;11.72;11.92;2823037
11.89;12.46;11.72;12.38;4170811
12.39;12.655;12.15;12.455;2805657
12.46;12.57;12.15;12.28;2370899
12.27;12.34;12.095;12.155;2669490
12.09;12.3;12.045;12.125;2095718
12.14;12.5;12.14;12.365;2276500
12.55;12.575;12.395;12.445;1819066
12.515;12.605;12.38;12.51;1923311
12.55;12.78;12.525;12.645;2373342
12.655;12.985;12.655;12.945;3608049
12.96;13.05;12.87;13.01;4487964
13.075;13.395;13.05;13.36;1860650
13.365;13.575;13.36;13.485;1742571
13.6;13.61;13.405;13.51;1341669
13.575;13.62;13.425;13.62;309822
13.63;13.64;13.435;13.63;694189
13.68;13.765;13.62;13.73;917082
13.68;13.82;13.64;13.7;802294
13.81;14.085;13.8;14.085;566403
13.98;14.05;13.9;13.99;2496013
13.88;14.025;13.705;13.945;2700340
13.96;14.09;13.925;14.07;1996970
13.91;14.265;13.86;14.21;2316557
14.315;14.48;14.205;14.35;2289556
14.47;14.59;14.36;14.48;2884240
14.475;14.515;13.835;14.1;5160997
14.05;14.175;14;14.105;2468904
14.175;14.49;13.82;14.23;5990022
14.25;14.72;14.22;14.43;3583970
14.48;14.71;14.285;14.71;2318878
14.67;14.845;14.41;14.805;2073048
14.76;14.95;14.7;14.815;2604593
14.89;14.9;14.4;14.4;2262964
14.345;14.35;14.005;14.185;2789368
14.04;14.13;13.945;13.955;1961429
13.87;14.16;13.785;14.01;1860926
13.81;14;13.675;13.795;2691939
13.95;14.175;13.775;13.775;3249197
13.81;14.28;13.81;14.2;2306668
14.11;14.45;14.05;14.275;2068752
14.245;14.675;14.07;14.61;1948105
14.59;14.79;14.365;14.625;2468129
14.59;14.73;14.245;14.25;2732458
14.16;14.46;14;14.1;4673569
14.185;14.2;13.91;14.01;3001302
13.95;14.01;13.735;13.805;3168176
13.85;14;13.725;13.795;2177198
13.795;13.875;13.58;13.73;2007180
13.89;14.04;13.66;13.75;2290937
13.825;13.915;13.515;13.55;1692329
13.67;13.82;13.585;13.795;1869954
14.3;14.68;14.3;14.48;4296443
14.54;14.695;14.445;14.66;2158668
14.47;14.88;14.47;14.865;2347070
14.79;14.95;14.77;14.87;2762829
14.995;15.27;14.93;15.045;3089515
15.15;15.28;14.53;14.735;4127928
14.725;14.795;14.515;14.53;2412131
14.71;15.155;14.655;15.155;2724588
15.25;15.385;15.085;15.365;1744179
15.38;15.445;15.22;15.445;1447372
15.385;15.535;15.31;15.485;1620058
15.55;15.835;15.545;15.645;2614279
15.72;15.96;15.7;15.955;2202256
15.95;16.095;15.58;15.88;3641597
14.95;15.54;14.925;15.435;8225292
15.33;15.42;15.11;15.275;3765845
15.15;15.29;14.715;14.85;5307266
14.935;14.935;14.595;14.675;2938641
14.745;14.8;14.635;14.655;1629309
14.7;14.76;14.615;14.64;2197552
14.675;14.675;14.395;14.48;3653641
14.48;14.715;14.425;14.68;6033569
14.785;14.935;14.7;14.83;4974669
14.84;15.02;14.73;15;2817656
14.99;15.03;14.55;14.69;4016853
14.82;15.235;14.79;15.16;5387828
15.24;15.33;15.15;15.265;3346628
15.24;15.355;15.22;15.325;1511485
15.395;15.395;15.26;15.305;1176440
15.315;15.315;14.855;14.88;2453158
15.01;15.115;14.825;14.895;1510262
15.025;15.245;14.985;15.245;1678336
14.89;15.325;14.89;15.145;1803174
15.2;15.2;14.88;14.99;2323951
15.075;15.1;14.51;14.54;4213155
14.69;14.965;14.68;14.9;2442427
14.945;14.99;14.775;14.775;1270263
14.69;14.77;14.47;14.515;2732230
14.59;14.785;14.5;14.7;2896487
14.805;14.92;14.695;14.765;1962999
14.7;14.985;14.585;14.61;2385064
14.555;14.63;14.37;14.415;2147005
14.405;14.635;14.37;14.635;1438662
14.795;14.8;14.535;14.58;2124287
14.495;14.58;14.305;14.365;2988639
14.365;14.62;14.35;14.515;1825225
14.65;14.83;14.55;14.585;1380980
14.505;14.56;14.035;14.035;2478897
14;14.08;13.695;13.94;3653830
13.99;14.24;13.805;14.215;3600854
14.17;14.25;14.01;14.03;2194558
13.92;13.935;13.64;13.85;2402160
13.915;14.1;13.61;13.655;3592352
13.68;14.165;13.6;13.805;5598980
13.66;14.33;13.655;13.95;5300977
13.6;13.88;13.295;13.555;6141556
13.61;14.315;13.395;14.155;5008909
14.15;14.69;14.15;14.65;6142705
14.58;15.54;14.49;15.395;6574246
15.515;15.73;15.185;15.53;3608774
15.44;16.345;15.435;16.315;10494524
16.445;17.01;15.905;15.995;8937798
16.325;16.99;16.14;16.98;8549961
16.74;16.97;16.3;16.36;5948266
16.6;16.73;15.77;16.035;6888881
15.925;16.05;15.55;15.85;5259844
15.925;16;15.505;15.68;2572953
15.32;15.455;15.055;15.26;4066493
15.5;15.86;15.355;15.765;3050474
15.71;16.065;15.6;16.03;3190672
16.2;16.47;16.035;16.085;2897010
16.13;16.405;16.08;16.29;1051717
16.21;16.255;15.84;16.055;2697922
15.8;16.085;15.735;16.05;1932914
16.3;16.48;16.2;16.295;1843918
16.26;16.49;15.97;16.09;2297729
15.985;16.47;15.85;16.13;2934158
16.21;16.325;16.085;16.225;2860213
16.5;17.45;16.4;17.22;7280784
17.09;18.025;16.935;17.985;4769140
17.96;17.99;17.455;17.645;4170833
17.79;18.32;17.7;18.32;3056312
18.185;18.45;18.015;18.37;2572391
18.515;18.545;17.92;18.05;4125761
18.035;18.105;17.825;17.985;2507735
17.975;18.045;17.81;17.93;6415404
18.15;18.21;17.77;17.875;1943133
17.73;18.24;17.72;17.965;2516181
17.85;18.285;17.815;17.955;2255743
18.11;18.115;17.52;17.59;2669425
17.68;17.77;17.39;17.495;1862389
17.505;17.68;17.035;17.6;1374775
17.3;17.405;16.96;17.005;2418779
17.035;17.055;16.695;16.87;2255990
16.55;16.78;16.32;16.385;3097236
16.46;16.485;15.8;15.8;3452634
15.865;16.22;15.855;16.175;1746277
16.27;16.54;16.11;16.365;1615965
16.205;16.755;16.205;16.755;1836992
16.985;17.05;16.78;16.92;1447929
17.005;17.135;16.845;17.01;1204614
17.02;17.27;16.98;17.15;1400886
17.07;17.82;17.06;17.655;2604702
17.715;17.8;17.23;17.395;1269166
17.335;17.345;16.5;16.55;3767216
16.65;16.84;16.345;16.42;3127061
16.3;16.835;16.3;16.555;1952096
16.635;16.7;16;16.08;2627645
16.185;16.53;16.175;16.385;2114626
16.31;17.39;16.265;17.35;5119879
17.39;18.03;17.155;18.015;3032022
17.95;18.03;17.64;17.95;2103290
18;18.04;17.43;17.495;2426765
17.59;17.995;17.42;17.46;4034433
17.445;17.895;17.26;17.585;2470497
17.365;18.555;17.365;18.18;3849612
18.245;18.48;17.95;18.075;2353222
18;18.23;17.845;18.01;2026502
17.945;18.29;17.85;18.14;2041822
18.21;18.755;17.945;18.675;4052385
18.76;18.945;18.425;18.54;2700672
18.675;18.75;18.225;18.365;2041517
18.31;18.41;18.135;18.295;1810696
18.185;18.24;17.855;17.855;2018369
17.84;18.205;17.69;18.165;2278313
18.245;18.245;17.815;18.025;1252061
18.03;18.18;17.865;18.11;1625665
18.2;18.45;17.965;18.435;1662316
18.395;18.695;18.36;18.48;1369957
18.545;18.785;18.17;18.215;1968168
17.905;18.035;17.72;17.895;3362179
17.925;18.68;17.835;18.525;2942471
18.31;18.68;18.13;18.375;2808123
18.25;18.3;17.695;17.925;2584710
18.09;18.1;17.83;17.95;1622685
17.6;17.6;17.12;17.385;4532746
17.525;17.59;17.2;17.315;820406
17.1;17.365;17.015;17.365;1710408
17.475;17.9;17.175;17.86;2273016
17.85;18.36;17.725;18.36;2071691
18.385;18.41;18.005;18.145;1794181
18.105;18.16;17.92;18.06;1670365
18.045;18.175;17.905;18.17;1279467
18.135;18.175;17.53;18.015;2011418
17.975;18.645;17.895;18.63;2706389
18.655;19.13;18.555;18.995;2938943
19.35;19.435;19.185;19.21;2180905
18.995;19.24;18.83;19.18;1594113
19.115;19.185;18.95;18.99;1216221
19;19.085;18.565;18.65;2224341
18.9;19.155;18.7;18.925;3933755
18.955;19.32;18.845;19.32;2190885
19.265;19.7;19.255;19.595;2314886
19.5;19.5;18.905;18.93;3544446
19.09;19.17;18.33;18.545;2315066
18.76;19.36;18.66;19.25;4486680
19.315;19.345;19.065;19.26;1299480
19.25;19.485;18.965;19.04;2862441
19;19.04;18.585;18.745;2807534
18.67;18.73;18.26;18.295;2466255
18.21;18.445;17.99;18.08;2997897
18.1;18.345;17.905;18.18;1934624
18.24;18.665;18.175;18.6;1944389
18.605;18.69;17.94;18.07;3770149
18.115;18.17;17.805;17.87;2507547
17.92;18.035;17.75;17.975;2349861
17.715;18.1;17.365;18.01;3825556
18.01;18.345;17.87;18.31;3676389
18.355;18.595;18.25;18.475;1773294
18.4;18.505;18.1;18.145;2519939
18.155;18.285;17.605;17.655;3261407
17.58;17.97;17.53;17.93;2021237
17.925;18.21;17.865;18.2;2595792
18.145;18.53;18.02;18.2;1940705
18.24;18.485;17.995;18.45;1950496
18.31;18.475;18.2;18.43;1005117
18.44;18.445;18.09;18.09;1983507
18.06;18.27;18.01;18.255;1731165
18.2;18.59;18.19;18.385;2361521
18.4;18.78;18.305;18.61;1761408
18.63;18.94;18.515;18.885;1992771
18.97;19.19;18.87;19.125;1336037
19.03;19.39;19.01;19.28;1889118
19.395;19.395;19.015;19.025;1587438
18.745;18.8;18.165;18.255;6612637
18.485;18.565;18.155;18.4;3940217
18.215;18.73;18.215;18.52;2131563
18.55;18.69;18.37;18.555;1945358
18.565;19.11;18.505;19.095;3952131
19.1;19.27;18.84;19.005;2002629
18.59;19.04;18.135;18.16;6089305
18.115;18.19;17.87;18.03;2624391
17.935;18.06;17.19;17.19;4823891
17.16;17.525;17.12;17.32;3237535
17.375;17.5;17.155;17.32;3133538
17.345;17.36;17.2;17.32;2326639
17.345;17.4;16.9;16.97;2967990
16.87;16.96;16.615;16.675;2499816
16.77;17.565;16.72;17.51;4014164
17.485;17.555;17.355;17.5;1233050
17.355;17.545;17.25;17.46;1417137
17.47;17.55;17.175;17.215;2612065
17.215;17.395;17.08;17.26;2361408
17.47;17.68;17.33;17.48;2488697
17.54;17.625;17.21;17.58;2553541
17.405;17.61;17.345;17.5;1829017
17.465;17.535;17.23;17.38;1652875
17.4;17.94;17.32;17.925;2618619
18.01;18.53;18;18.485;3765605
18.535;18.55;17.9;17.915;2609786
17.95;18.04;17.84;17.975;1349428
18.035;18.185;17.91;17.915;1455407
17.915;17.935;17.73;17.825;1367598
17.805;17.96;17.64;17.645;1605308
17.575;17.86;17.56;17.825;1516234
17.86;17.96;17.655;17.655;3052696
17.605;17.89;17.605;17.89;1144334
17.99;18.345;17.935;18.06;2595142
18.03;18.15;17.835;18.025;1254401
18.05;18.1;17.925;17.955;739720
17.86;18.05;17.855;18;137816
18;18.09;17.765;18.025;733149
18.025;18.085;17.845;17.875;576507
17.91;18.1;17.895;17.905;698881
17.905;17.96;17.735;17.765;574952
17.89;17.89;17.44;17.44;452496
17.69;17.9;17.555;17.785;973880
17.91;18.065;17.8;17.93;1330858
18.095;18.39;18.005;18.39;2654696
18.5;19.22;18.41;19.08;3589667
19.08;19.325;19.05;19.15;2170179
19.08;19.36;18.985;19.16;1700662
19.29;20.07;19.155;20.07;4110495
21.1;21.29;20.26;20.495;7033006
20.45;20.7;20.025;20.3;2971221
20.295;20.855;20.24;20.75;2544518
20.9;20.9;20.45;20.8;2356885
20.9;21.55;20.83;21.45;3344963
21.56;21.635;20.89;20.95;3174553
20.89;20.98;20.56;20.56;3547542
20.61;20.77;20.365;20.39;3238998
20.515;20.635;20.315;20.54;2976602
20.605;20.85;20.575;20.74;2535503
20.745;20.97;20.32;20.75;4109520
20.705;21.74;20.695;21.585;4021297
21.66;22.095;21.605;21.655;3738808
21.5;21.55;21.05;21.05;2917355
21.105;21.205;20.87;20.975;2951076
20.975;21.145;20.715;20.84;2730514
20.82;20.83;20.38;20.76;2328333
20.73;21.015;20.32;20.335;3964044
20.575;20.85;20.435;20.85;2008218
20.73;21.165;20.555;21.165;2096693
21.195;21.29;20.875;20.89;1647463
20.815;20.98;20.66;20.98;1386481
21.045;21.765;20.945;21.765;2748417
21.78;21.95;21.54;21.73;1821133
21.73;21.935;21.495;21.84;1671053
21.8;22.24;21.755;22.24;2595665
22.225;22.27;21.725;21.77;2104671
21.785;21.8;21.515;21.65;1893128
21.595;21.92;21.165;21.17;1853406
21.04;21.245;20.38;21.05;3025965
20.79;21.35;20.7;20.85;2729865
20.73;21.455;20.615;20.77;3330566
20.3;20.78;20.06;20.66;3115426
20.6;21.015;20.44;20.96;1789567
20.995;21.32;20.65;20.65;1505727
20.505;20.55;20.08;20.32;1735019
20.33;20.51;19.78;19.78;4090157
19.83;20.07;19.625;19.695;2269556
19.655;19.89;19.3;19.3;2979293
19.39;19.84;19.26;19.84;2975139
20.35;20.68;20.01;20.06;3837820
20.03;20.12;19.66;19.785;1903531
19.665;19.86;19.585;19.655;1490737
19.515;19.655;19.33;19.335;1765965
19.085;19.135;18.285;18.785;3987868
18.83;19.175;18.675;18.78;3371585
19.06;19.19;18.825;19.065;2442605
19.1;19.4;19.02;19.24;2672458
19.46;19.71;19.385;19.565;1932640
19.495;19.57;19.19;19.465;1378173
19.405;19.855;19.3;19.84;1879196
19.71;20.345;19.69;20.18;1848869
20.285;20.29;20.005;20.185;872834
20.145;20.3;20.055;20.225;856926
20.31;20.39;20.035;20.285;1202807
20.475;20.855;20.37;20.76;1801944
20.79;20.825;20.54;20.54;1856359
20.89;21.16;20.7;21.16;2074142
21.145;21.2;21.015;21.035;1101543
21.015;21.23;20.835;21.01;1165039
21.02;21.125;20.8;20.85;1524142
20.935;21.35;20.935;21.035;2160111
21.17;21.25;20.87;20.91;1676048
21.02;21.195;20.74;20.875;1713702
20.605;20.815;20.51;20.655;2672950
20.755;21.08;20.63;20.915;1510799
20.825;20.97;20.615;20.875;1397701
20.885;21.08;20.685;21.06;1929147
21;21.155;20.375;20.545;1768026
20.58;20.78;20.455;20.62;1247137
20.785;21.33;20.785;21.26;2017651
21.325;21.325;21.035;21.235;796402
21.195;21.455;21.09;21.43;1609797
21.47;21.47;21.21;21.27;1502696
21.335;21.425;21.015;21.125;2090734
21.12;21.225;20.83;20.89;1627549
21.065;21.12;20.71;20.77;1169185
20.74;20.85;20.63;20.75;2611019
20.94;20.95;20.355;20.47;2894203
20.55;20.6;20.22;20.4;2446763
20.445;20.995;20.415;20.95;2703085
20.925;21.075;20.805;20.97;1913377
21;21.58;20.98;21.515;3013737
21.68;21.85;21.565;21.76;1798194
21.61;21.815;21.38;21.815;1815233
22.01;23.1;22.01;23.09;5313672
22.895;23.045;22.58;22.6;2553185
22.515;22.54;22.05;22.05;2388965
22.195;22.325;21.965;22.27;1486792
22.475;23.025;22.305;23.025;2542269
23;23.03;22.7;22.715;1528698
22.5;22.64;22.27;22.4;1628305
22.49;22.715;22.38;22.565;994593
22.38;22.45;22.075;22.345;1437102
22.37;22.59;22.215;22.505;1461846
22.57;22.9;22.27;22.42;2329645
22.455;22.55;22.31;22.425;595123
22.595;22.98;22.525;22.88;1847573
22.705;22.715;22.13;22.13;1922593
21.97;21.97;21.39;21.39;1880175
21.49;21.7;21.355;21.52;1284798
21.425;21.585;21.31;21.465;940306
21.48;21.54;21.33;21.34;1263571
21.265;21.375;21.055;21.21;1578956
21.205;21.625;21.095;21.575;1560580
21.61;21.65;21.045;21.115;2170426
21.16;21.33;21.02;21.27;808888
21.405;21.545;21.27;21.405;1086439
21.425;21.835;21.405;21.675;2011357
21.5;21.865;21.47;21.63;2965295
21.54;21.55;21.01;21.44;3265387
21.07;21.34;20.965;21.26;2009111
21.35;21.85;21.33;21.755;2124470
21.72;21.89;21.505;21.85;1524596
21.8;22.375;21.7;22.02;3829411
22.37;22.695;22.105;22.4;2839676
22.395;22.575;22.05;22.05;1659028
22.125;22.615;22.03;22.54;2103596
22.595;22.89;22.58;22.825;2232112
22.945;23.185;22.735;23.08;2148136
23.125;23.15;22.92;23.01;1679599
23.055;23.81;23.03;23.425;2162287
23.4;23.585;23.28;23.55;1489125
23.6;23.745;23.37;23.39;1619935
23.52;23.605;23.3;23.385;1409184
23.405;23.525;23.06;23.125;1904702
22.98;23.37;22.765;23.045;2333134
22.475;23.24;22;23.195;3776644
23.04;24.11;22.965;24.095;2650233
23.865;24.03;23.79;23.79;1753416
23.73;24.03;23.48;23.71;2257259
23.59;23.76;23.275;23.76;2053102
23.795;24.14;23.66;23.93;1663875
24.195;24.97;24.16;24.79;3978421
24.895;24.995;24.34;24.87;2737461
24.995;25.07;24.66;24.835;1590706
24.735;25.39;24.675;25.04;1454358
24.985;25.095;24.13;24.48;2382372
24.38;24.75;24.04;24.33;1777057
24.3;24.54;24.055;24.3;1896301
24.015;24.705;23.45;24.2;2319289
24.27;24.85;23.865;23.955;1879955
23.855;24;23.335;23.535;2303229
23.305;23.45;22.67;22.73;3033395
23.08;23.1;21.34;21.355;4079032
20.78;22.275;20.625;21.68;6116622
21.225;21.4;19.77;19.81;5113272
19.8;20.61;19.05;20.495;6174431
20.835;21.17;19.825;19.91;4311701
20.55;20.775;19.425;20.665;3951882
20.695;21.37;20.13;21.35;2218980
21.565;22.21;21.25;22.01;1755689
22.005;22.065;21.325;21.8;2001165
21.81;22.745;21.47;22.6;2198720