15.485;15.995;15.46;15.925;408960
15.975;15.975;15;15;382780
14.815;14.9;14.51;14.75;318580
14.95;14.965;14.705;14.85;233520
15;15.7;15;15.26;192300
15.45;15.75;15.35;15.75;347820
15.7;15.75;15.67;15.705;435080
15.555;15.65;15.05;15.05;263720
15.27;15.515;15.06;15.15;253640
15.3;15.43;15;15;148820
15.15;15.24;14.65;14.725;304260
14.75;15.25;14.725;15.225;343580
14.78;15.15;14.725;14.725;259260
14.655;14.835;14.6;14.61;93360
14.61;14.7;14.525;14.59;139960
14.515;14.83;14.5;14.5;213360
14.75;14.75;14.05;14.05;378520
14.25;14.25;13.63;14.005;711900
14.255;15.145;14.255;14.7;1357680
14.9;14.9;14.15;14.375;281500
14.375;14.49;14.3;14.35;154560
14.35;14.6;14.05;14.25;334720
14.25;14.35;13.955;13.955;376180
13.96;14;13.67;14;634460
13.925;14.075;13.645;13.825;352600
13.875;13.99;13.7;13.7;223220
13.65;13.7;13.3;13.4;704840
13.4;13.45;12.895;12.9;642960
12.85;13.4;12.78;13.16;386080
13.79;13.8;13;13.35;383460
13.7;13.75;13.39;13.65;273580
13.65;13.85;13.4;13.4;495700
13.65;13.75;13.35;13.35;242100
13.405;13.5;13.085;13.085;267820
13.105;13.25;12.805;12.84;427360
12.85;12.85;12.58;12.58;362680
12.6;12.65;11.66;11.76;594060
12.25;13.45;12.1;12.985;602700
13;13.15;12.25;12.25;305280
12.75;12.75;12;12;760180
12.5;13.2;12.5;13.2;475780
13.25;13.79;13.225;13.3;360140
13.65;14.025;13.515;14.025;450060
14.07;14.07;13.75;13.75;270800
14;14;13.35;13.35;492600
13.3;13.45;12.75;12.95;260580
12.75;12.895;12.5;12.575;371340
12.4;12.5;11.5;11.5;804340
12;12.275;11.75;12.275;355080
12.35;12.55;11.975;12.55;167760
12.55;12.55;12;12.3;109140
12.185;12.55;12.185;12.395;190000
12.35;12.505;12.06;12.505;191760
12.75;14.5;12.61;13.925;2234760
14.245;14.25;13.565;13.98;568080
13.75;14;13.5;14;238300
13.25;13.9;13.25;13.75;151880
13.775;13.89;13.25;13.5;249220
13.265;13.3;12.75;12.8;196060
13.05;13.125;12.8;13.095;213480
13.485;13.865;13.35;13.865;415320
13.7;14;13.665;13.99;248820
13.94;13.94;13.5;13.625;131720
13.6;13.695;13.38;13.38;176560
13.6;13.6;13.275;13.35;246020
13.65;13.7;13.485;13.5;169400
13.6;13.975;13.465;13.975;378820
13.625;13.75;13.225;13.5;295980
13.75;13.75;13.4;13.585;153980
13.5;13.75;13.315;13.57;88420
13.6;13.795;13.375;13.725;86340
13.3;13.6;13;13.35;200380
13.6;14;13.55;14;248000
14;14;13.51;13.825;112320
14;14;13.605;13.65;149040
12.615;13.5;12.615;13.155;260100
13.65;14.1;13.6;13.85;534780
13.9;13.99;13.3;13.3;208260
13.5;13.825;13.5;13.825;88820
13.83;14;13.75;14;239000
14;14.95;14;14.95;604020
14.8;15.1;14.1;14.5;726220
14.75;14.8;14.32;14.7;767240
14.85;14.85;14.495;14.495;541940
14.685;14.775;14.525;14.625;517720
14.65;15.735;14.25;15.525;2872360
15.5;15.525;15.055;15.25;603960
15.4;15.5;15.105;15.44;153120
15.475;15.475;14.82;14.95;320120
14.95;15.1;14.75;14.75;209720
14.705;15;14.65;15;122700
15;15.05;14.9;15.05;184020
15;15.55;14.965;15.475;322320
15.515;16.275;15.455;16.275;1209460
16.05;16.25;15.5;15.6;209620
15.25;15.7;15.25;15.7;207080
15.5;15.6;15.255;15.49;141360
15.3;15.4;14.95;14.95;232640
15;15.25;14.75;15.25;183180
14.775;15.25;14.75;14.75;193140
15;15.28;14.935;15.28;296880
15.285;15.285;14.56;14.8;176980
14.9;15.5;14.805;15.495;643000
15.39;15.595;15.285;15.55;268080
15.3;15.75;15.29;15.75;262900
15;15.35;15;15.215;32640
15.2;15.245;15;15.1;181160
15;15.18;14.9;15;111820
15;15;14.83;14.85;60260
14.75;14.99;14.38;14.95;104660
14.95;15;14.655;14.88;186320
15.15;15.4;15.1;15.4;203200
15.38;15.495;15.28;15.42;146220
15.5;15.9;15.495;15.85;904680
15.55;15.725;15.505;15.525;123700
15.6;15.7;15.525;15.6;119820
15.475;15.725;15.455;15.6;381880
15.6;15.915;15.56;15.845;465780
15.65;15.9;15.525;15.895;343060
15.89;15.915;15.625;15.85;402660
15.75;15.825;15.55;15.55;455000
15.56;15.65;15.55;15.55;631560
15.55;15.7;14.975;15.125;275920
15;15.25;14.85;15.065;205800
14.75;15.135;14.75;15.05;239600
14.975;15.025;14.81;15.01;124940
15.15;15.745;15;15.745;102400
15.685;15.685;15.315;15.45;138000
15.005;15.235;14.9;15;1241800
15;15.75;15;15.695;229680
15.36;16.25;15.36;16;983860
15.425;16.35;15.425;16.145;464340
16.095;16.24;15.55;15.55;504260
15.6;16.155;15.6;15.95;200240
15.95;16.01;15.765;16.01;126960
15.955;16.35;15.76;16;339920
16.15;16.335;16.015;16.03;342180
16.1;16.645;16.1;16.55;1136280
16.6;16.6;16.25;16.5;490180
16.4;16.45;15.695;16;600500
15.75;16.05;15.75;15.96;76480
15.95;16.145;15.875;15.95;602040
15.945;16.4;15.8;16.325;480720
15.85;16.35;15.85;16.3;223200
16.3;16.345;16.1;16.345;112680
16.05;16.25;15.9;16.035;122660
16;16.25;16;16.25;113960
16.345;16.525;16.25;16.525;522640
16.3;16.55;16.1;16.25;331160
16.4;16.45;16.255;16.45;347180
16.2;16.495;16.2;16.4;216720
16.205;16.385;15.8;15.8;81280
15.945;16;15.825;15.91;70220
15.825;16.2;15.825;15.855;120180
15.9;16.27;15.875;16.115;178860
16.13;16.4;16.05;16.4;69320
16.4;16.4;16.225;16.265;83080
16.25;16.35;16.175;16.25;177360
16.175;16.345;16.075;16.345;233160
16.2;16.38;16.05;16.2;218400
16.2;16.25;15.75;15.825;117400
15.825;16.2;15.755;16.2;191420
15.96;16.34;15.88;16.275;361740
16.25;16.27;15.99;16.005;229460
15.745;15.745;15.1;15.65;513480
15.5;15.955;15.5;15.85;100720
15.9;15.9;15.7;15.86;84360
15.7;15.855;15.4;15.6;176900
15.45;15.6;15.4;15.6;106440
15.5;15.59;15.4;15.485;134700
15.55;15.75;15.385;15.385;571400
15.475;15.5;15.385;15.48;107920
15.5;15.525;15.4;15.5;79080
15.45;15.5;15.41;15.425;51340
15.495;15.5;15.18;15.225;270440
15.3;15.42;15.21;15.28;202360
15.4;15.5;15.3;15.31;100620
15.5;15.55;15.4;15.49;231660
15.41;15.55;15.215;15.35;141440
15.325;15.4;15;15;200800
15.05;15.25;14.96;15;480780
15.05;15.15;14.75;15.15;137160
15;15.25;14.755;14.755;128840
15;15;14.5;14.5;193420
14.215;15;14.165;14.88;391680
14.75;15.3;14.205;14.59;82000
14.9;14.9;14.42;14.7;229180
14.7;14.775;14.225;14.45;298140
14.25;14.395;13.5;13.5;319560
13.7;14.24;13.7;13.95;419640
13.75;14.22;13.75;14;337360
14;14.5;13.95;14.5;204060
14.25;14.725;14.25;14.7;141960
14.5;14.71;14.125;14.71;270820
14.695;14.75;14.275;14.75;557840
14.25;14.5;14;14;103960
14.05;14.435;14;14;197120
14;14.075;13.75;13.85;324000
13.75;13.8;13.25;13.675;1213720
13.275;13.5;13.15;13.5;805860
13.95;13.95;13.6;13.7;133760
13.745;13.745;13.5;13.5;412440
13.05;14.075;13.05;13.965;821320
13.965;14.75;13.85;14.45;477040
14.555;14.555;14.1;14.2;536240
14.2;14.2;13.5;13.5;441340
13.55;13.85;13.51;13.6;613320
13.69;13.985;13.6;13.825;518120
13.95;14.6;13.9;14.25;618480
14.52;14.52;14.345;14.425;635320
14.75;14.75;14.405;14.405;233420
14.495;14.5;13.93;14.15;776120
14.125;14.175;13.975;14;656780
14.2;14.25;14;14.25;406840
14.4;14.57;13.95;14;972120
14;14.15;13.85;14;1103460
14.05;14.15;13.975;14;1225720
14.1;15.25;14.075;14.6;2424620
15.005;15.875;15.005;15.8;3898160
15.525;15.65;15.4;15.65;1986700
15.6;15.9;15.38;15.9;2735600
15.9;16.545;15.75;16.25;3251420
16;16.2;15.8;16.005;1688420
15.8;16.8;15.8;16.495;1952220
15.85;16.95;15.85;16.95;1691260
16.35;17.215;16.2;17.11;1959120
16.85;17;16.275;16.8;986260
16.5;16.85;16.325;16.45;1138060
16.45;16.945;16.35;16.895;982000
16.5;16.85;16.4;16.5;963440
16.45;16.635;16.25;16.26;408160
16.25;16.445;16.25;16.35;1812880
16.25;16.725;16.175;16.725;1075260
16.35;16.795;16.35;16.72;584940
16.525;16.75;16.505;16.75;658620
16.55;16.695;16.4;16.4;516920
16.265;16.65;16.25;16.25;490460
16.15;16.2;15.975;16.15;1618100
15.95;16.25;15.51;16.05;1541400
16.05;16.75;15.91;16.22;480540
16.22;16.25;15.6;15.6;513780
15.52;16.5;15.52;16.35;664540
16.44;16.44;16.105;16.23;400000
16.005;16.45;16.005;16.45;873580
16.075;16.65;16.015;16.59;856100
16.45;16.6;16.325;16.495;556140
16.5;16.5;16.065;16.145;501620
16.15;16.355;15.76;16.125;698880
16;16.45;15.925;16.05;826080
16.5;16.8;16.2;16.8;705780
16.1;16.95;16.1;16.95;236960
16.425;17.39;16.425;17.275;695960
17;17.375;16.95;17.375;449060
17.25;17.305;16.8;17.195;536060
17.15;17.175;16.6;16.6;441060
17.205;17.395;16.61;17.375;1031700
17.05;17.9;17;17.425;2036340
16.85;17.25;16.505;16.815;1041900
16.965;16.965;16.45;16.54;280560
16.4;16.55;15.25;16.255;1046840
16.16;16.62;16.155;16.25;907040
16.2;16.45;15.755;15.8;783680
15.8;16.55;15.8;16.125;255460
16.16;16.435;16.13;16.165;118720
16.25;16.55;16.06;16.125;262320
16.105;16.695;16.1;16.35;1259600
16.5;16.5;16.1;16.32;489700
16.245;16.35;16.21;16.255;454660
16.25;16.29;15.85;15.88;402060
16.105;16.35;15.905;16.325;649280
16;16.3;16;16.2;359580
16.3;16.31;15.91;16.005;332420
16;16.325;15.95;16.1;528400
16.1;16.25;15.875;16.005;419740
16.15;16.75;16.025;16.75;1112620
16.55;16.75;16.03;16.55;1799700
16.4;16.75;16.155;16.25;450780
16.18;16.7;16.18;16.35;206420
16.08;16.55;16.08;16.5;240500
16.545;16.7;16.155;16.155;215920
16.5;16.65;16.325;16.65;181320
16.305;16.565;16.055;16.15;281840
16.1;16.34;15.66;15.66;485360
15.515;16;15.515;15.75;257180
15.98;15.98;15.705;15.85;72140
15.895;16.25;15.51;16.25;187100
16.05;16.25;15.8;15.975;181220
15.655;16.35;15.655;16.275;262700
16.11;16.35;15.825;15.855;245240
15.855;16.485;15.855;16.485;276080
16.3;16.65;16.3;16.6;579440
16.6;16.6;16.35;16.5;449700
16.55;16.925;16.29;16.29;713940
16.65;16.84;16.35;16.645;436900
16.5;16.65;16.375;16.65;262920
16.5;16.725;16.425;16.55;831420
16.4;16.75;16.4;16.625;394540
16.46;16.725;16.46;16.615;153800
16.65;16.78;16.6;16.75;807060
16.61;16.79;16.61;16.65;499520
16.525;16.57;16.28;16.28;254540
16.255;16.68;16.255;16.6;205740
16.355;16.6;16.355;16.55;238020
16.35;16.55;16;16.005;644520
16;16.125;15.875;16;421100
15.75;16.05;15.5;15.695;825560
15.75;16.475;15.615;16.2;564140
16.2;16.445;15.625;16.4;324680
16.25;16.75;16.1;16.395;545580
16.1;16.3;15.9;16.135;667900
15.85;16.15;15.455;16;869400
15.835;16;15.7;16;447440
15.725;15.955;15.71;15.8;751840
15.9;15.9;15.725;15.75;791720
15.8;16;15.8;15.95;250580
15.805;16.125;15.805;15.9;2244900
15.9;16.25;15.9;16.25;222200
16.25;16.295;15.9;16.295;271020
16.295;16.295;15.925;15.925;86520
15.95;16.1;15.81;16;191960
15.9;16.24;15.765;16.24;209000
15.95;16.235;15.75;15.95;251360
15.8;16;15.35;15.635;566860
15.825;15.995;15.715;15.88;270880
15.95;16.045;15.855;15.875;561260
15.995;16;15.805;16;72500
15.8;15.98;15.635;15.795;83840
15.665;16.5;15.665;16.5;469720
16.435;16.445;16.15;16.19;226920
16.195;16.4;16;16;253520
16;16.05;15.865;15.99;35180
16;16.07;15.885;16.07;376820
15.805;16.05;15.805;15.84;468360
16;16.09;15.45;15.745;1316240
15.755;16.3;15.755;16.3;2049500
16.15;16.5;16.1;16.15;303940
16.15;16.45;15.675;16.225;588360
16.405;16.45;16.175;16.34;327460
16.15;16.45;16.15;16.45;180340
16.45;16.48;16.035;16.1;79880
16.25;16.45;16.15;16.45;107260
16.48;16.65;16.37;16.515;475800
16.685;16.965;16.565;16.965;529680
16.7;16.95;16.675;16.9;1032160
16.5;16.9;16.5;16.755;807020
16.9;17.15;16.8;17.04;965760
16.95;17.15;16.95;17.15;541220
17.15;17.2;16.9;16.965;546680
17.05;17.1;16.95;17.1;696760
17.005;17.01;16.73;16.805;299820
16.9;16.9;16.55;16.55;586920
16.525;16.755;16.475;16.5;1063120
16.84;16.84;16.46;16.475;174180
16.48;16.595;16.19;16.3;730180
16.3;16.3;16.15;16.15;125020
16.175;16.3;16.03;16.03;152840
16.29;16.3;16.045;16.12;788700
16.075;16.12;15.95;15.95;273760
16.005;16.535;15.955;16.03;649700
16.265;16.365;16;16.01;239160
16.05;16.175;15.95;16.015;277480
16;16.08;15.905;16.05;559500
16.055;16.26;16.055;16.215;241080
16.3;16.375;16.2;16.35;206960
16.305;16.35;16.175;16.225;473620
16.25;16.325;16.175;16.245;544240
16.1;16.14;15.905;15.92;235360
15.9;16.1;15.85;16;354960
16.005;16.735;16.005;16.735;385740
16.5;17.25;16.43;17.25;649200
16.85;17;16.505;16.91;293760
16.66;17.15;16.65;17.15;840700
17.15;17.185;16.95;17;241480
17;17;16.61;16.8;868540
16.8;16.815;15.75;16.79;479780
16.5;17;16.35;17;318920
16.65;17.05;16.485;17.05;1071580
17.05;17.07;16.5;16.9;320260
16.895;17.255;16.755;16.875;713440
16.85;17.1;16.76;16.85;304620
16.85;16.85;16.31;16.495;325320
16.55;16.59;16.32;16.59;265700
16.935;16.935;16.57;16.85;203260
16.745;16.75;16.525;16.685;111340
16.55;17.25;16.55;17.25;471120
17.2;17.25;17.025;17.13;382860
17.25;17.35;17.1;17.325;658740
17.325;17.325;16.71;17;282360
16.75;17;16.75;16.9;184500
16.95;17;16.76;16.995;195980
16.75;17.005;16.75;17.005;109360
17.005;17.1;16.6;17.1;971140
16.95;17.1;16.66;16.94;142820
16.75;17.25;16.745;16.95;300540
16.795;16.99;16.795;16.8;179840
16.7;16.75;16.44;16.475;317440
16.51;16.91;16.51;16.775;412280
16.99;17.2;16.53;17.1;338220
17;17.27;16.935;17.19;164660
17;17.19;16.945;16.98;761640
16.865;17.175;16.745;16.8;154740
16.715;16.95;16.715;16.875;122460
16.665;16.82;16.59;16.59;140940
16.505;17;16.45;16.965;194400
16.97;16.97;16.5;16.55;225920
16.51;16.88;16.51;16.75;59600
16.585;17;16.585;16.95;120040
16.975;17.1;16.7;16.745;344280
17.09;17.1;16.75;17;156600
16.9;16.97;16.695;16.7;246800
16.795;16.795;16.635;16.79;205960
16.72;16.85;16.7;16.835;210000
16.775;17.25;16.775;17.02;597660
16.975;16.995;16.575;16.595;124880
16.895;16.95;16.69;16.69;361620
16.74;16.925;16.675;16.925;152580
16.9;16.9;16.76;16.825;143740
16.8;16.88;16.7;16.8;67140
16.9;16.9;16.615;16.845;59580
16.85;17;16.7;16.85;177940
16.79;17.005;16.75;17.005;2573120
16.78;16.995;16.39;16.39;167800
16.415;16.595;16.155;16.47;340520
16.9;16.9;16.45;16.45;67060
16.55;16.75;16.325;16.75;369560
16.505;16.695;16.425;16.6;115600
16.435;16.5;15.665;16.29;587580
16;16.01;15.61;15.995;418520
15.75;15.9;15.35;15.435;538860
15.4;15.625;13.5;13.5;542080
13;15.1;12.5;14.795;463860
14.825;15;14.615;15;249760
14.62;15.015;14.205;14.25;768820
13.95;14.945;13.75;14.945;202104
14.15;14.4;14.13;14.13;358846
14.06;14.155;13.75;14.155;873326
14.175;14.345;14.115;14.25;918344
14;14;13.325;13.93;799958
14.24;14.25;13.775;13.99;463924
14;15.15;13.855;14.56;438462
14.6;15.375;14.6;15.24;521452
15.37;15.37;14.46;15.055;259012
15;15.45;14.64;15.275;427624
15.45;15.565;15.275;15.45;386778
15.205;15.5;14.84;15.15;945392
15;15.175;15;15.05;407316
15.125;15.8;15.075;15.66;363224
15.65;15.865;15.35;15.865;474108
15.675;16;15.505;15.9;176304
16;16;15.675;15.965;229518
15.995;15.995;15.525;15.6;609216
15.65;15.725;15;15;776870
15.4;15.4;14.9;15;880680
15.42;15.42;15;15.15;165904
15;15.74;14.93;15.67;172852
15.5;15.68;15.06;15.5;197840
15.125;15.485;14.85;15;496960
14.95;15.8;14.95;15.795;719394
15.9;16.37;15.55;16.37;202990
16.345;16.35;15.8;16.17;114682
16.25;16.25;15.35;15.35;393496
15.35;15.695;15.05;15.075;284752
15.45;16.075;15.275;15.95;416752
16;16.05;15.505;16;176190
16;16;15.465;15.72;86954
15.465;15.545;15.155;15.545;261204
15.725;15.82;15.25;15.82;79586
15.525;15.72;15.115;15.17;323792
15.5;15.5;14.97;15.21;681284
15.34;15.37;15.18;15.285;323910
15.285;15.575;15.225;15.57;248636
15.55;16.375;15.55;15.94;549492
15.94;16.175;15.78;16.175;181182
15.625;15.995;15.595;15.595;191838
15.62;15.935;15.615;15.925;202800
16;16.47;15.75;16.47;759916
16.44;16.49;15.9;16.49;803864
16.5;16.75;16.405;16.725;307122
16.675;16.83;16.415;16.565;312956
16.51;16.69;16.005;16.005;255848
16.3;16.67;16.015;16.475;322250
16.41;16.535;16.35;16.4;292936
16.3;16.6;16.105;16.5;183518
16.5;17.1;16.475;17.1;373472
16.805;17.05;16.505;17.05;355594
16.835;16.975;16.5;16.95;274048
16.5;17;16.5;16.9;325712
16.95;16.95;16.35;16.35;598342
16.38;16.85;16.35;16.675;283600
16.5;17.1;16.39;17.1;713044
17;17.24;16.57;17;617638
17.035;17.04;16.45;16.45;273648
16.725;16.85;16.15;16.345;312172
16.495;16.65;16.03;16.03;519362
16.455;16.6;16.1;16.15;600456
16.15;16.65;16.15;16.35;552304
16.25;16.545;16.2;16.385;341440
16.2;16.75;16.15;16.5;723466
16.5;16.52;16.075;16.075;715238
16.35;16.45;16.145;16.285;319838
16.375;16.575;16.25;16.525;631086
16.325;16.69;16.21;16.66;418908
16.525;16.7;16.4;16.7;192646
16.5;16.5;16.34;16.5;23656
16.5;16.7;16.4;16.7;171036
16.435;16.975;16.35;16.975;181792
16.605;16.975;16.425;16.62;126252
16.5;16.675;16.375;16.55;145000
16.33;16.515;16.275;16.275;365898
16.295;16.415;16.25;16.255;216650
16.255;16.6;16.25;16.3;309152
16.3;16.4;16.25;16.325;212182
16.4;16.42;16.15;16.155;242492
16.25;16.25;16.05;16.05;126544
16.055;16.14;15.71;15.91;235496
15.75;16.25;15.6;16.25;296116
16.2;16.2;15.875;16.12;208202
16.25;16.77;16.06;16.12;362020
16.43;16.75;16.02;16.25;406594
16.03;16.9;16.02;16.845;233248
16.635;16.94;16.44;16.92;185204
16.915;16.92;16.525;16.8;207846
16.745;16.975;16.71;16.845;471770
16.84;16.975;16.63;16.975;573742
16.97;16.995;16.55;16.58;302412
16.575;16.77;16.52;16.53;217024
16.73;16.73;16.375;16.6;308838
17;17.85;16.8;17.775;1572588
17.745;17.94;17.55;17.75;482058
17.85;18.395;17.8;18.305;614042
18.2;18.25;17.9;17.935;825922
17.95;18.275;17.935;18.065;683200
18.025;18.175;17.955;18.025;681380
18.02;18.66;18;18.215;924556
18.425;18.75;18.25;18.75;722530
18.605;19.15;18.25;18.47;1878816
18.49;18.7;18.165;18.5;428374
18.49;18.55;18.275;18.5;277328
18.695;19.14;18.425;19.005;524368
19;19.06;18.79;18.79;310510
18.795;18.795;18.435;18.5;379840
18.25;18.675;18.25;18.515;359952
18.25;19.025;18.25;18.94;833492
18.975;19.2;18.75;19.195;572070
19.205;19.225;18.76;19.075;380728
19.1;19.24;19;19.19;2912142
19.075;19.24;19.025;19.145;352146
19.125;19.465;19.08;19.465;559418
19.425;19.625;19.25;19.625;490898
19.425;19.65;19.21;19.325;530456
19.25;19.535;18.75;18.75;576494
18.75;19.375;18.75;19.18;418332
19.25;19.6;19.135;19.155;357494
19.44;19.44;19.155;19.2;602802
19.15;19.48;19;19.4;618644
19.16;19.625;19.16;19.45;262586
19.65;19.755;19.505;19.755;394838
19.595;19.95;19.155;19.71;573774
19.515;19.78;19.21;19.525;691600
19.5;19.65;19.275;19.425;543542
19.205;19.675;19.205;19.6;755324
19.505;19.95;19.505;19.85;392912
19.67;19.97;19.615;19.97;531498
19.945;20;19.6;19.935;484974
19.75;20.07;19.675;20;344978
19.75;20.065;19.745;20.005;661318
20.05;20.645;19.95;20.45;1457574
20.475;20.67;20.4;20.525;564862
20.5;20.715;20.4;20.47;331456
20.5;21;20.47;20.835;826660
20.5;20.84;20.5;20.695;691508
20.75;21.74;20.75;21.74;1126088
21.525;21.695;21.275;21.45;411862
21.075;21.84;21.075;21.5;926712
21.76;21.85;21.355;21.85;327002
21.85;21.85;21.36;21.36;203704
21.575;22.08;21.5;21.995;907006
21.8;21.9;21.75;21.855;261876
21.8;22.1;21.68;21.805;738410
21.75;21.9;21.65;21.9;442466
21.55;21.9;21.55;21.75;367002
21.365;21.9;21.365;21.86;309006
21.25;21.9;21.25;21.875;304312
21.7;21.845;21.41;21.75;268986
21.735;22;21.65;21.915;491744
21.96;22.5;21.875;22.5;548576
22.5;22.65;22.335;22.65;320842
22.45;22.62;22.45;22.62;1041764
22.65;22.785;22.45;22.58;832336
22.5;22.675;21.66;21.96;880110
21.61;22;21.015;21.745;2818372
21.5;22.24;21.5;21.72;146938
21.5;21.6;21.3;21.55;869362
21.25;21.75;21.25;21.75;268548
21.75;22.05;21.575;21.875;179028
22.1;22.15;21.7;22.145;230062
22.03;22.125;21.8;22.095;727576
22;22.5;21.91;22.255;376212
22.055;22.37;22.05;22.25;358604
22.25;22.45;22.215;22.45;274742
22.45;22.5;22;22.5;307592
22.445;22.445;22.015;22.16;77778
22.37;22.54;22.175;22.47;1104534
22.13;22.46;21.6;21.85;309750
21.85;21.985;21.25;21.75;269564
21.265;21.9;21.265;21.8;350904
20;22.235;20;21.9;319268
21.45;21.84;21.45;21.8;345148
21.7;22.04;21.58;21.875;377354
21.575;21.735;20.61;21.4;495066
21.26;21.7;21.26;21.61;679842
21.01;21.505;21.01;21.49;318070
21.42;21.42;20.585;20.785;492096
20.78;20.95;20.535;20.675;599858
20.675;20.68;20.45;20.585;557618
20.09;20.575;19.9;20.525;274916
20.5;21.375;20.25;21.15;536932
20.66;20.925;20.355;20.525;546930
20.5;20.7;20.5;20.6;357504
20.6;20.64;20.515;20.6;419776
20.6;20.6;20;20.205;2251874
19.815;20.64;19.815;20.5;622162
20.65;20.99;20.575;20.755;317276
21.4;21.425;20.505;20.655;574102
20.36;20.625;20.275;20.475;378096
20.535;20.56;20.25;20.395;208682
20.39;20.39;19.6;19.95;528462
20;20.22;19.25;19.635;571644
19.42;19.5;19.07;19.3;609860
19.5;19.55;18.82;19.145;755590
19.5;20.585;19.395;20.585;732386
20.745;20.745;19.975;20.2;273600
20.495;20.495;19.25;19.76;317012
20.235;20.725;19.86;20.14;447808
20.575;20.605;20.055;20.09;399300
20.1;21.15;20.1;21.075;645836
20.96;21.055;20.35;20.625;396428
20.95;21.245;20.2;20.81;413762
20.995;20.995;20.14;20.6;190628
20.075;20.31;19.875;19.875;735252
20.885;20.885;19.925;20;344260
19.75;19.85;19;19.25;687002
19.025;19.415;18.105;18.105;1073280
17.555;18.215;17.555;18.16;1076850
18.125;19.5;18.125;18.545;517526
19.5;19.725;18.77;19.39;634814
19.5;19.5;18.925;18.99;322896
19;19.55;18.95;19;424896
18.91;18.995;18.3;18.74;703862
19.25;19.25;18.3;18.675;953000
18.675;18.75;17.6;18.65;826344
18.5;19.25;18.04;18.75;510530
19.45;19.45;18.5;18.755;1438968
18.825;19.37;18.6;19;834642
19.25;19.25;18.88;19.025;451280
19.35;19.35;18.95;19.2;665374
19.01;19.31;18.85;19;414992
18.805;18.85;18.6;18.725;346338
18.97;18.975;18.645;18.75;261666
18.505;18.875;18.505;18.775;486746
18.875;19.125;18.625;18.89;495542
19.5;19.5;19;19.075;358680
19;19.725;18.85;19;853530
19.24;19.33;18.75;18.985;419906
18.975;19.2;18.925;19.03;168078
19.15;19.945;18.75;19.58;489610
19.55;20.3;19.55;19.815;463708
19.945;19.945;19.45;19.57;315132
19.57;19.9;19.485;19.555;389704
19.555;20.2;19.555;19.875;464786
19.755;20.265;19.705;19.97;222088
20.375;20.375;19.95;20.1;253234
20.25;20.29;19.75;20.13;258614
20.3;20.3;20;20.105;234748
20.22;20.485;20;20.35;848536
20.2;20.375;19.9;20.05;425970
20.05;20.05;19.64;19.85;223926
19.6;20.16;19.6;19.825;380380
19.55;19.79;19.36;19.45;599950
20.125;21.05;20.06;21.05;1528324
20.525;21.025;20.33;20.94;530238
20.875;20.91;20.6;20.91;272472
20.975;21.24;20.86;21.15;421104
21.15;21.245;21;21.225;250046
20.95;21.25;20.78;21.25;386446
21.1;21.25;20.75;21.25;563482
21.01;21.2;21.01;21.2;251666
21.175;21.5;20.9;21.425;340794
21.005;21.4;21.005;21.385;573760
20.775;21.36;20.775;21.01;383914
20.72;21.475;20.72;21.415;522724
21.425;21.55;21.075;21.415;604322
21.275;21.35;19.8;19.925;1720416
20;20.6;19.8;19.97;913528
20.25;20.725;20.005;20.68;1071212
20.5;20.75;20.425;20.56;340176
20.285;20.55;19.555;20.52;527580
20.275;20.65;20;20.41;519786
20.665;21.5;20.525;21.225;878974
21.225;21.67;20.91;21.33;521126
21.475;21.91;21.275;21.91;833578
21.55;21.845;21.365;21.575;590758
21.75;22.1;21.375;21.535;815820
21.545;21.67;20.125;20.375;2764874
20.105;20.185;19.42;19.835;1053986
19.92;20.39;19.9;19.935;1099098
19.75;20.71;19.75;20.225;411798
20.25;20.94;20.05;20.28;725422
20.5;20.65;19.15;19.575;960250
20.095;20.15;18.82;19.935;1077554
20.365;20.95;19.81;20.095;730302
20.395;20.75;19.9;20.215;373346
20.375;21.27;20.375;21.245;812980
21.08;21.245;20.365;20.525;340136
21;21.5;20.6;20.835;1016990
20.505;20.875;20.02;20.5;337366
20.705;21;20.25;20.505;287796
20.25;20.675;20.15;20.395;207908
20.5;20.75;20.075;20.57;195806
20.75;20.85;19.875;20.325;360454
20.055;20.45;19.825;19.825;476370
19.945;20.25;19.5;19.6;406782
19.8;19.8;19.325;19.45;815554
19.5;19.545;18.805;19.525;1182506
19.7;20.87;19.7;20.25;1015760
20.085;20.525;19.865;20;704416
20.24;20.35;20;20;652632
20;20.49;19.87;20.46;564088
20.35;20.7;20.235;20.575;608560
20.75;20.765;20.25;20.765;541126
20.8;20.8;20.65;20.8;380614
20.655;20.745;20;20.075;681026
20;20.845;19.9;20.5;443692
20.32;20.5;20.155;20.335;320074
20.5;20.52;20.1;20.45;658734
20.45;20.495;19.7;19.7;1087392
19.75;20.245;19.75;19.75;300940
19.7;20.05;19.58;19.815;410862
20;20.47;19.885;20.405;3843522
20.11;20.5;20.11;20.325;478424
20.01;20.41;19.75;20.01;462942
19.8;20.4;19.8;20.31;384288
20.03;20.35;20.03;20.25;364902
20.155;20.35;20.06;20.3;538418
20.35;20.54;20.2;20.41;449864
20.055;20.355;19.89;20;438112
20;20.325;20;20.11;238398
20.25;20.25;19.75;19.975;497060
20.05;20.225;19.78;19.865;455290
19.9;20.25;19.9;20.06;678616
19.85;20.075;19.625;19.785;605760
19.925;19.975;19.5;19.57;1050144
19.695;19.95;19.585;19.85;368494
19.75;20;19.65;19.725;1727514
19.85;19.885;19;19.295;496654
19.25;19.85;19.1;19.85;584490
19.885;19.885;19.45;19.53;258352
19.925;19.925;19.455;19.8;56494
19.3;19.5;19;19.255;201690
19;19.825;18.96;19.825;178362
19.525;19.95;19.365;19.625;56568
19.25;19.595;19.13;19.375;167446
19.375;19.8;19.25;19.305;419214
19.25;19.35;18.815;18.95;447324
19;19.1;18.85;19.035;550002
19;19;18.445;18.835;671570
18.55;19;17.66;18.695;1018734
18.97;18.97;18.455;18.605;377190
18.45;18.945;18.37;18.465;367066
18.5;18.535;18.06;18.25;613956
18.25;18.555;17.435;17.535;845458
17.625;17.805;17.36;17.79;773844
17.995;17.995;17.65;17.89;284054
18.05;18.24;17.825;18;479718
17.85;18.145;17.76;17.77;280322
17.98;18.1;17.54;17.635;584212
17.9;18.1;17.59;17.96;714252
17.96;18.165;17.525;18.165;586236
17.605;17.95;16.695;16.875;869502
17.2;17.2;16.55;16.695;621354
16.675;17.37;16.6;17.29;1159616
17.4;17.45;16.95;17.195;1035552
17.395;17.58;16.935;17.24;1133746
17.5;17.775;17.155;17.31;615994
17.31;17.52;17.13;17.2;423952
17.45;17.45;16.6;16.775;603130
17;17.545;16.765;16.92;460400
16.755;16.9;16.355;16.355;573176
16.585;16.585;15.795;15.945;757766
16;16.325;15.865;15.905;682478
16;16.22;15.625;15.905;475734
16;16.4;15.87;16.25;483518
16.44;16.44;15.88;16;602308
16.25;16.345;15.86;15.915;453894
16;16.5;15.945;16.295;369728
16.52;16.52;15.805;15.865;566238
16.2;16.575;15.82;15.9;495414
15.8;15.895;15.425;15.64;530324
15.575;16.2;15.575;16.09;368224
15.855;16.165;15.55;15.81;527610
16.73;16.73;15.6;15.775;3118614
15.6;16.865;15.6;16.635;735222
16.5;18.095;16.265;18;1235024
18;18.05;17;17.05;912304
17.395;17.395;16.62;16.77;576500
16.35;16.92;16.35;16.59;739336
16.64;17.245;16.6;16.89;621098
16.55;16.795;16.25;16.475;474152
16.45;16.45;15.925;15.925;390132
15.95;16.595;15.67;16.345;622470
16.575;16.575;15.68;16.025;334894
16.2;17.19;16.2;16.85;850264
17.5;18.6;17.285;18.5;1695348
18.485;18.485;17.5;17.82;941158
18.2;18.375;17.735;18.02;1177938
18.22;18.5;17.95;18.055;583306
18.375;18.375;17.575;17.785;619814
17.9;18.63;17.89;18.525;580362
18.25;18.39;17.345;17.345;628002
17.29;18.095;17.2;17.905;508152
18.345;18.345;17.59;17.675;548070
17.75;17.75;17.175;17.335;511846
17.475;17.55;17.35;17.46;535204
17.165;17.815;17.005;17.795;392596
18.1;18.5;17.65;18.3;565890
18.025;18.625;18.025;18.43;724454
18.55;18.66;18.125;18.225;545864
18.395;18.605;18.235;18.52;446236
18.5;19.145;18.5;18.865;635298
19;19.12;18.8;19.025;1071500
18.855;19.2;18.8;19;1720540
18.6;19.195;18.6;18.975;689902
19;19.24;18.825;19.2;737658
18.75;19;18.1;18.25;698152
18.6;19;18.28;18.705;547402
19.02;19.02;18.725;18.865;595096
18.85;18.85;17.605;18.04;1100214
18.155;18.195;17.885;17.955;507378
18.15;18.5;17.9;17.93;688660
17.75;17.95;17.425;17.66;1137484
17.8;18.545;17.605;18.22;454706
18.175;18.175;17.805;17.985;415486
17.955;18.375;17.955;18.135;447260
18.3;18.435;18.05;18.345;507680
18.625;18.9;18.42;18.5;611510
18.625;18.875;18.53;18.775;457682
18.525;18.745;18.35;18.405;661604
18.5;18.535;18.23;18.34;711874
18.5;18.5;18.165;18.19;386002
18.44;18.44;17.67;17.97;871068
18.1;18.325;17.88;18.125;680138
18.15;18.4;17.86;18.22;339146
18.23;18.425;17.775;17.975;2114018
18.1;18.175;17.85;18;1034946
18.12;18.245;18;18.045;1954438
18;18;17.625;17.655;565220
17.5;17.6;17.165;17.27;1594430
17.25;17.395;16.9;17;1078296
17;17.575;16.89;16.89;540896
17.25;17.45;17.055;17.325;851604
17.55;18.08;17.35;17.545;2619558
17.7;18;17.285;17.8;1464930
17.99;18.15;17.255;17.49;5111820
17.405;17.49;17.26;17.325;196578
17.26;17.35;17.04;17.3;609014
17.45;17.575;17.18;17.45;453302
17.485;17.5;17.29;17.455;596672
17.5;17.58;17.415;17.5;796180
17.5;17.8;17.325;17.77;563322
17.63;17.915;17.625;17.675;321136
17.85;17.9;17.625;17.76;187616
17.8;17.8;17.23;17.23;681046
17.475;17.5;17.3;17.325;810582
17.45;17.5;17.175;17.47;2200872
17.5;17.5;17.155;17.22;1488582
17.225;17.325;16.975;17.325;1228826
17.35;17.5;17.225;17.345;1729988
17.3;18.045;17.3;17.99;1590570
18.025;18.1;17.61;17.95;1206284
18;18.13;17.78;18;1147300
18.095;18.2;17.545;17.555;738966
17.5;17.555;17.225;17.315;694960
17.61;17.61;17.23;17.465;553926
17.64;17.75;17.265;17.445;377834
17.5;17.62;17.025;17.3;650888
17.5;17.75;17.275;17.54;437510
17.54;17.625;17.175;17.18;906588
17.45;17.56;17.275;17.465;601236
17.55;17.55;17.2;17.3;777026
17.13;17.235;17.05;17.05;663022
17.105;18;17.03;17.61;1352638
17.75;17.895;17.425;17.5;954336
17.5;17.53;17.05;17.05;1208280
17.15;17.4;17.11;17.11;922462
17.085;17.225;16.915;17;988220
17.25;17.25;16.63;16.79;874490
16.935;17.125;16.675;16.71;988644
16.825;16.85;16.55;16.62;1015568
16.725;16.75;16.575;16.575;865098
16.7;16.7;16.315;16.5;731804
16.6;16.875;16.6;16.635;381504
16.75;16.865;16.35;16.38;331552
16.7;18.035;16.675;17.995;1928346
18.05;18.05;17.65;18;993842
17.755;17.925;17.505;17.75;691398
17.775;18.05;17.58;17.84;318758
17.97;17.97;17.32;17.55;925264
17.675;17.7;17.38;17.48;446748
17.75;18.16;17.45;17.95;773246
17.9;18.345;17.89;18.2;620178
18;18.25;17.95;18.115;538170
18.225;18.225;17.6;18.035;630688
18;18.22;17.63;17.785;481528
18.15;18.475;17.695;18.365;644726
18.45;18.665;18.37;18.625;735532
18.5;18.64;18.41;18.6;682452
18.7;18.8;18.5;18.765;385178
18.75;18.9;18.6;18.7;365592
18.64;18.9;18.51;18.845;431740
18.8;19.105;18.635;19.105;618422
19.125;19.15;18.85;19.005;360576
19.005;19.005;18.7;18.75;1000812
18.6;18.73;18.075;18.25;733994
18.305;19.25;18.305;18.95;888796
18.915;19.05;18.65;18.865;466660
18.865;18.995;18.765;18.95;242458
18.94;19.1;18.65;18.95;447404
18.92;18.955;18.45;18.5;535388
18.775;18.995;18.425;18.99;579592
18.9;18.965;18.4;18.5;974614
18.675;18.85;18.58;18.785;523718
18.945;19.2;18.8;18.97;781824
19.14;19.15;18.51;18.815;775666
18.81;18.94;18.675;18.875;1423582
18.815;19.035;18.685;18.975;640276
18.8;18.885;18.51;18.51;532948
18.75;18.75;18.5;18.505;573624
18.53;19.165;18.53;19.035;850586
19.25;19.95;19.25;19.52;1351108
19.75;19.825;19.245;19.305;582292
19.315;19.49;19.05;19.365;351872
19.5;19.65;19.29;19.525;540392
19.75;19.8;19.38;19.645;463212
19.575;19.925;19.54;19.855;621884
19.755;19.855;19.51;19.6;494068
19.525;19.7;19.08;19.19;766926
19.135;19.35;18.755;18.835;543362
18.89;18.9;18.575;18.84;851284
18.665;19.095;18.665;18.985;422998
19;19.45;18.85;19.19;806302
19.24;19.5;18.8;18.805;419008
18.87;19.21;18.5;18.57;710562
18.56;18.945;18.41;18.77;369472
18.8;19.1;18.57;18.8;344750
19.085;19.415;18.83;19.275;379652
19.265;19.425;18.76;18.9;573676
19.095;19.095;18.625;18.73;408284
18.875;19.195;18.825;19.05;604778
19.05;19.2;18.865;18.94;652364
19.2;19.5;19;19.46;492150
19.25;19.42;19.08;19.235;317618
19.3;19.945;19.25;19.88;908546
19.51;19.965;19.51;19.825;450186
19.975;19.975;19.425;19.525;618100
19.92;19.92;19.68;19.89;854552
19.9;19.9;19.535;19.71;426616
19.565;20.2;19.565;19.835;853784
19.9;20;19.505;19.925;643378
19.63;19.925;19.63;19.875;640352
19.845;20.24;19.8;20.225;584572
20.1;20.23;19.935;20.21;363248
20.1;20.385;20.1;20.3;324090
20.45;20.5;20.2;20.5;556926
20.3;20.45;20.13;20.355;493468
20.3;20.74;20.235;20.69;400726
20.65;20.675;20.35;20.46;509796
20.3;20.6;20.3;20.5;430306
20.495;20.535;20.055;20.23;529280
20.15;20.6;20.095;20.495;567522
20.5;20.745;20.335;20.745;326074
20.36;20.805;20.36;20.795;308510
20.875;21;20.68;20.97;319170
20.97;20.985;20.675;20.79;260758
20.815;20.995;20.7;20.93;277958
20.86;21.185;20.85;21.185;430982
21.17;21.175;20.825;21.1;350862
21.2;21.215;20.85;21.01;564062
21;21;20.025;20.34;837810
20.475;20.595;20.25;20.375;462284
20.4;20.69;20.25;20.435;260080
20.455;20.92;20.125;20.885;359176
20.885;21.05;20.13;20.73;957954
20.5;20.8;20.4;20.405;1577468
20.5;20.855;20.465;20.845;405368
20.8;20.97;20.5;20.795;545418
20.94;21;20.545;20.685;422064
20.69;20.9;20.6;20.9;384674
20.9;20.95;20.65;20.95;463618
20.815;21.25;20.81;21.205;605408
20.985;21.185;20.875;21.075;296974
21.075;21.22;20.615;20.67;356070
20.675;20.965;20.65;20.89;381934
20.65;20.86;20.51;20.66;318382
20.71;20.84;20.575;20.63;535890
20.7;20.8;20.525;20.62;263152
20.75;20.75;20.5;20.55;347864
20.6;20.65;20.365;20.365;459310
20.595;20.7;20.425;20.55;670266
20.65;21.05;20.63;20.93;864700
21;21.05;20.365;20.5;650106
20.75;20.9;20.55;20.625;228442
20.65;20.65;20.25;20.36;527126
20.31;20.495;20.31;20.325;103116
20.25;20.64;20.25;20.5;174536
20.625;20.625;20.39;20.57;191156
20.435;20.675;20.435;20.5;69782
20.72;20.9;20.505;20.65;90590
20.77;21.065;20.75;21.025;389378
21.2;21.215;20.565;20.565;419770
20.585;20.9;20.53;20.735;412370
20.565;20.7;20.175;20.195;719022
20.45;20.5;20.075;20.12;515510
20.25;20.455;19.6;20.4;627654
20.475;20.91;20.205;20.855;765760
20.74;20.96;20.605;20.96;814012
20.94;21.225;20.705;21.16;560988
21.25;21.25;21.085;21.105;276776
21.225;21.7;21.175;21.435;563832
21.49;21.49;21.045;21.115;265846
21.255;21.375;21.085;21.13;424146
21.36;21.375;20.835;21.045;553714
21.045;21.85;20.835;21.415;941228
21.825;21.825;21.155;21.43;420268
22;23.225;21.805;23;3058108
22.95;22.97;22.03;22.345;1040366
22.425;22.74;22.11;22.64;575156
22.645;22.825;22.16;22.245;662636
22.51;23.2;22.4;22.975;761582
22.925;23.045;22.425;22.86;868554
22.91;23.14;22.6;23.125;820590
23;23.15;22.905;23.1;605034
23.15;23.175;23;23.15;503040
23.05;23.775;23.05;23.74;774068
23.6;23.74;23.5;23.725;382232
23.74;23.775;23.435;23.59;287490
23.5;23.645;23.36;23.545;272382
23.505;23.6;23.325;23.47;592928
23.49;23.535;23.4;23.485;270874
23.475;23.49;23.25;23.305;351112
23.25;23.42;23.175;23.395;680084
23.27;23.545;22.875;23.115;895610
23;23;22.61;22.775;513868
22.78;23.15;22.78;22.995;535940
23.095;23.33;23;23.185;504718
23.385;23.385;23;23.125;542950
23.245;23.245;22.845;23.055;510054
23.03;23.22;23.025;23.075;469596
23.085;23.35;23.075;23.3;410392
23.105;23.37;23.105;23.3;359006
23.445;23.725;23.21;23.72;1240844
24;24.025;23.495;23.62;426822
23.75;24.145;23.605;23.845;778310
23.68;23.945;23.68;23.775;295866
23.845;23.9;23.56;23.74;352698
23.58;23.845;23.55;23.675;252390
23.555;23.7;23.125;23.5;485512
23.01;23.485;22.63;23.485;405134
23.4;23.445;22.74;22.855;485496
22.855;22.995;22.575;22.81;571016
23.25;23.275;22.6;22.86;311502
22.985;23.125;22.72;22.72;225606
22.99;23.135;22.76;22.855;404316
23;23.2;22.935;23.025;826606
23.105;23.145;22.945;23.005;778158
23;23.1;22.95;23.06;672392
23.055;23.5;23.055;23.495;810526
23.5;23.925;23.265;23.45;709770
23.5;23.885;23.375;23.86;406584
23.8;24.1;23.6;23.995;1227560
24.35;24.9;23.85;24.745;1426566
24.8;24.8;24.33;24.505;1039038
24.625;24.75;24.195;24.505;644552
24.625;24.68;24.175;24.51;736730
24.375;24.495;23.63;23.975;875476
24.2;24.83;24;24.83;825028
24.69;24.95;24.69;24.835;727188
24.835;25.1;24.635;24.635;649670
24.505;24.7;24.25;24.45;557270
24.735;24.865;24.425;24.57;587740
24.845;24.895;24.51;24.635;753618
24.875;25.25;24.66;25.225;490608
25.275;25.725;25;25.25;955040
24.975;25.35;24.85;25.25;4161476
25.325;25.4;24.765;24.95;410832
24.84;25.4;24.84;25.2;604186
24.9;25.175;24.825;24.9;690098
25.25;25.375;24.7;24.755;1338330
24.755;24.855;24.365;24.435;704206
24.35;24.74;24.2;24.4;1808328
24.22;24.6;24.22;24.405;351974
24.64;24.67;24.43;24.505;288180
24.615;24.8;24.41;24.655;371074
24.675;24.84;24.535;24.695;525420
24.565;25.15;24.525;25.1;1154142
25.525;25.575;24.975;25.2;745520
25;25;24.585;24.6;904166
24.51;25.225;24.51;25.1;757296
25.2;25.25;24.8;25.05;896370
24.95;25.225;24.835;25.025;770210
25.15;25.3;24.85;24.86;1358174
24.75;25.35;24.61;25.25;1140468
25;25.1;24.54;25.1;512040
25.1;26.2;25.1;26.075;1534050
26.075;26.1;24.82;25.525;437170
26.15;26.15;25.2;25.875;412218
25.875;26.85;25.625;25.825;836904
25.7;25.8;25.075;25.5;1003224
25.675;25.975;25.3;25.675;356018
25.675;26.8;25.4;26.225;2832378
26.2;26.225;25.4;25.4;502974
25.675;26.325;25.6;26.275;156402
26.3;26.3;25.675;26.225;834546
25.875;26.525;25.875;26.05;567096
26.125;26.8;25.9;26.675;756142
26.65;26.9;26.625;26.825;726598
26.825;26.975;26.45;26.525;418850
26.675;26.675;26.1;26.125;751904
26.25;26.625;26.05;26.275;409830
26.125;26.5;26.05;26.375;230300
26.45;26.5;25.85;26.2;399134
26.225;26.275;25.75;25.875;458406
26.125;26.4;25.9;26.2;333566
26.35;26.55;26.225;26.55;294996
26.55;26.925;26.45;26.925;318548
26.925;27;26.4;26.475;450518
26.425;26.95;26.425;26.75;251760
26.55;26.85;26.475;26.725;311008
26.85;26.925;26.325;26.85;4285516
26.875;26.925;26.45;26.65;366312
26.575;26.825;26.225;26.425;306926
26.3;26.475;26.15;26.325;418524
26.45;26.65;26.4;26.625;321912
26.675;27.05;26.425;26.825;584002
27.025;27.2;26.825;27.025;361598
27.05;27.25;27;27.075;387748
27.15;27.175;26.6;26.6;322034
26.65;26.975;26.625;26.75;390190
26.925;26.925;26.1;26.4;404470
26.45;27;26.4;26.925;465428
26.825;27;26.3;26.55;436946
26.7;26.8;26.375;26.5;343002
26.775;26.8;26.275;26.4;339676
26.3;26.75;26.275;26.625;263730
26.5;26.75;26.125;26.25;248566
26.375;27.075;26.325;26.675;466792
26.7;26.7;26.125;26.125;307442
26.125;26.25;24.55;25.6;781178
25.825;26.45;25.675;26;841608
25.925;26.125;25.475;25.575;442042
25.8;25.925;25.375;25.675;426762
25.475;25.65;25.05;25.275;377920
25.2;26.45;25.2;25.7;563530
25.975;26.025;25.375;25.775;448370
25.775;25.95;25.55;25.75;330572
25.85;25.85;25.5;25.525;278412
25.4;26.05;25.375;25.625;381558
25.525;25.95;25.3;25.775;414572
25.75;25.8;25.4;25.6;783562
25.75;25.825;25.175;25.275;426070
25.15;25.525;25;25.1;610046
25.1;25.125;24.75;24.89;372134
24.9;24.94;24.71;24.93;318546
25.075;25.45;24.88;25.45;360942
25.275;25.375;24.65;24.775;616748
25.15;25.15;24.605;24.975;464176
25.05;25.2;24.3;24.745;571710
24.565;25.075;24.565;25;446680
24.855;25.45;24.83;25.45;494564
25.475;25.875;25.475;25.75;662560
24.6;25.35;24.6;24.765;1414888
24.825;25.325;24.825;25.3;344336
25.35;25.35;24.85;25.175;344976
25;25.225;24.905;25.05;272886
25.3;25.3;24.8;25.125;278412
25.15;25.5;24.815;25.425;273364
25.25;25.375;25.05;25.25;177190
25.15;25.45;25.075;25.2;436174
25.375;25.4;24.83;24.9;449116
25.1;25.1;24.9;24.99;507968
25.1;25.1;24.805;24.865;349672
24.95;25.1;24.83;24.995;301162
24.975;25.05;24.825;25;298532
25;25.675;24.925;25.475;760424
25.75;25.75;25.125;25.125;459670
25.35;25.5;25.25;25.375;283460
25.25;25.525;25.2;25.2;371440
25.225;25.475;25.125;25.4;581512
25.575;25.575;25.225;25.25;254660
25.125;25.4;24.975;25.2;227702
25.2;25.35;24.75;24.805;1077804
24.865;24.95;24.805;24.86;672418
24.72;24.775;24.535;24.745;653936
24.75;24.75;24.61;24.75;280816
24.675;24.76;24.3;24.3;556774
24.375;25.175;24.375;25.125;709848
25;25.1;24.89;25.075;551826
25.075;25.25;24.985;25.1;368112
25.05;25.65;25.05;25.5;654328
25.7;26.4;25.65;25.875;1174072
25.55;26.05;25.4;25.475;488038
25.675;25.875;25.475;25.825;491490
25.925;26.2;25.825;26.15;491362
26.175;26.225;25.675;25.925;430684
26.05;26.05;25.675;25.85;412608
25.675;26;25.675;25.9;250214
25.8;26;25.725;25.925;426574
25.95;26.475;25.775;26.175;353068
25.8;26.25;25.65;26;675886
25.975;26.1;25.675;26.1;328328
26.075;26.175;25.5;26.175;488628
26.2;26.4;25.925;26.225;384080
26.35;26.85;26.175;26.8;735348
26.525;26.575;26.25;26.475;416938
26.675;26.725;26.35;26.55;384708
26.675;26.925;26.4;26.85;385302
26.65;26.75;25.775;25.875;446636
25.95;26.85;25.95;26.775;493380
26.85;26.85;26.2;26.325;364572
26.45;26.7;26.45;26.625;349110
26.625;26.75;26.375;26.6;395462
26.525;26.875;26.525;26.775;288404
26.85;26.85;26.45;26.475;414224
26.75;26.875;26.525;26.775;620538
26.7;26.85;26.25;26.85;295300
26.625;26.85;26.35;26.475;528636
26.3;26.875;26.3;26.675;226566
26.55;26.7;25.85;26;512104
26.125;26.425;26.125;26.4;204922
26.525;26.525;25.875;26.05;303900
26.15;26.275;26.05;26.225;256502
26.425;26.425;25.95;26.025;330572
26.1;26.1;25.425;25.425;841318
25.425;25.575;24.915;25.45;1055692
25.475;25.525;25.075;25.375;530536
25.275;25.525;25.175;25.45;634424
25.4;25.4;24.82;24.865;465316
24.9;25.1;24.9;25;826688
25.125;25.35;24.95;25.35;406756
25.375;25.725;25.375;25.55;572280
25.525;25.575;25.15;25.325;214810
25.375;25.825;25.35;25.7;423652
25.6;25.875;25.475;25.7;652164
25.8;25.8;25.35;25.475;600864
25.725;25.725;25.275;25.375;400922
25.55;25.575;25.075;25.075;676598
25.05;25.325;24.98;25.025;637890
25.25;25.3;24.9;25.025;658358
25.125;25.425;25;25.25;690512
25.35;25.55;25.2;25.325;377924
25.425;25.675;25.325;25.525;537384
25.95;26.875;25.475;26.625;2084584
26.9;26.9;26.275;26.35;758330
26.75;26.75;26.3;26.475;473722
26.65;26.85;26.525;26.725;574452
26.575;26.675;26.275;26.55;862722
26.6;26.675;26.5;26.65;510302
26.725;27.075;26.6;27.05;577144
27.2;27.2;26.675;26.75;766846
26.65;26.75;26.6;26.65;346120
26.725;26.8;26.65;26.8;113802
26.8;27.35;26.7;27.25;393710
27.375;27.575;27.25;27.575;298976
27.75;27.925;27.7;27.75;688554
27.85;28.05;27.775;27.975;417342
28.275;28.875;28.275;28.825;9750054
29.725;29.75;28.2;28.575;1946568
28.45;28.45;27.875;27.95;1310006
27.7;27.9;27.125;27.35;1590690
27.35;27.475;27.075;27.175;1018194
27.05;27.3;26.925;27.025;1342116
27.25;27.25;26.75;26.825;622982
27.15;27.15;26.8;27.075;567292
27.075;27.275;26.925;26.975;611936
27.1;27.1;26.15;26.275;1278086
26.275;26.775;26.275;26.425;916656
26.575;26.725;26.5;26.65;363160
26.525;27.125;26.525;27.025;460256
27.125;27.125;26.5;26.55;952880
26.6;27.175;26.325;27;863454
27.1;27.15;26.8;26.875;754570
26.75;26.875;26.525;26.825;771744
26.825;26.975;26.7;26.875;579688
27.05;27.425;26.875;27.275;968214
27.35;27.45;27.025;27.1;624380
27.25;27.35;27.15;27.3;415482
27.4;27.425;27.2;27.25;374920
27.4;27.45;27.05;27.375;421048
27.45;27.45;26.875;27;608734
27;27.5;26.975;27.3;706250
27.425;27.525;27.25;27.5;425082
27.5;27.55;27.225;27.5;372662
27.475;27.575;27.4;27.475;355160
27.175;27.5;27.175;27.225;481538
27.15;27.5;27.15;27.45;310656
27.325;27.5;27.225;27.325;669810
27.35;27.5;27.325;27.425;231264
27.275;27.625;27.275;27.5;512872
27.575;27.575;27.325;27.45;344894
27.425;27.45;27.125;27.25;467498
27.3;27.65;27.15;27.4;612046
27.275;27.475;27.025;27.175;808564
27.1;27.25;27;27.1;415426
27;27.25;26.8;26.875;447746
26.85;26.95;26.55;26.725;806792
26.8;27;26.675;26.975;613574
26.925;26.925;26.325;26.5;1239070
26.475;26.625;26.4;26.475;690846
26.5;26.775;26.5;26.675;389450
26.875;26.9;26.5;26.725;743642
26.75;26.85;26.6;26.675;656848
26.675;26.8;26.55;26.725;406108
26.65;26.75;26.5;26.6;740998
26.7;27.075;26.575;27.025;604172
27.075;27.075;26.65;26.725;560158
27;27;26.425;26.7;423224
26.8;27.1;26.75;27.05;499392
27.25;27.325;27.1;27.325;466018
27.3;27.3;26.925;27;557428
27.075;27.2;26.925;27.05;237544
27.1;27.1;26.8;26.95;392166
27.075;27.275;27;27.275;420772
27.3;27.7;26.975;27.675;709496
27.7;27.8;27.575;27.575;1094460
27.6;27.975;27.575;27.925;723600
27.65;27.85;27.45;27.75;747482
27.75;28.1;27.6;28;783410
28.025;28.125;27.55;27.875;543072
27.825;28.125;27.775;27.85;428494
27.575;27.8;27.575;27.7;402270
27.7;28.45;27.7;28.425;1292920
28.45;28.7;28.275;28.55;1256636
28.625;28.625;28.5;28.525;1080614
28.575;29;28.55;28.95;1139224
28.95;29.05;28.75;28.975;834372
28.9;29.125;28.825;29;631752
29.125;29.125;28.85;28.975;740126
28.95;29.25;28.725;29.05;565540
29;29.15;28.7;29.025;843950
28.6;28.975;28.45;28.575;910082
28.7;29;28.5;28.825;809474
28.95;28.95;28.55;28.7;453500
27.925;28.15;27.175;27.675;2439386
27.75;28.4;27.725;28.35;1081778
28.35;28.4;28.225;28.3;687202
28.375;28.375;27.925;28.175;817442
27.825;28.275;27.375;27.65;1794766
27.625;27.8;27.325;27.55;797544
27.375;27.9;27.325;27.625;516556
27.725;28.1;27.325;27.675;540062
27.875;28.05;27.625;27.75;669554
27.875;28.425;27.775;28.4;760916
28.6;28.65;28.15;28.325;383872
28.15;28.575;28;28.475;475160
28.125;28.375;27.95;28.3;670368
28.2;28.375;27.9;28.25;551524
28.05;28.55;28.05;28.275;717164
28.35;28.475;28.05;28.1;2416390
28.025;28.375;28;28.325;1361546
28.1;28.375;28.025;28.25;287406
28.375;28.375;28.125;28.175;829866
27.775;27.925;27.575;27.675;744008
27.575;27.8;27.325;27.7;860424
27.675;28.05;27.575;27.725;679332
27.9;28.075;27.75;28;826660
27.95;28.05;27.8;27.95;274260
27.9;28.125;27.875;28.075;396566
28;28;27.9;27.975;723892
27.875;28.075;27.775;27.95;880624
27.95;28.125;27.775;28.125;354800
28.05;28.1;27.875;27.875;1138984
27.9;28.55;27.875;28.45;984018
28.45;28.5;28.2;28.325;755154
28.375;28.4;27.875;28.225;653824
28.3;28.4;28.075;28.175;419600
28.125;28.45;28.125;28.35;498674
28.25;28.5;28.225;28.425;356204
28.5;28.8;28.2;28.25;509698
28.45;28.725;28.25;28.525;685194
28.45;28.7;28.325;28.55;410016
28.45;28.75;28.45;28.6;432776
28.75;28.775;28.2;28.275;611512
28.35;28.6;28.225;28.575;553570
28.55;28.65;28.325;28.55;671454
28.475;28.625;28.325;28.575;622754
28.675;28.725;28.35;28.475;417918
28.475;28.65;28.35;28.375;523366
28.525;28.65;28.25;28.325;501676
28.225;28.425;28.15;28.35;699000
28.325;28.475;28.15;28.25;545208
27.9;28.375;27.9;28.275;478646
28.3;28.425;28.1;28.275;683910
28.15;28.4;28.025;28.25;567534
28.25;28.725;28.125;28.5;780760
28.575;28.625;28.375;28.475;384710
28.5;28.775;28.4;28.725;815756
28.825;29.2;28.7;29.05;838044
28.8;28.975;28.15;28.7;812240
28.775;28.85;28.525;28.75;619566
28.775;28.9;28.45;28.55;761982
28.55;28.775;28.425;28.6;650694
28.525;28.725;28.425;28.45;713904
28.55;28.65;28.2;28.275;637980
28.225;28.575;28.175;28.5;686158
28.625;28.625;28.25;28.325;367058
28.45;28.7;28.25;28.575;590222
28.475;29.075;28.425;29.05;785062
29.35;30.8;29.35;30.4;2207128
30.325;30.45;29.975;30.125;778282
30.1;30.25;29.875;30.075;745340
30.15;30.2;29.8;29.9;503064
29.8;30.075;29.8;30.025;616736
30.075;30.1;29.85;30.025;431806
30.025;30.3;29.825;29.975;647014
30.075;30.175;30;30.125;236032
30.2;30.25;29.925;30;1026308
30.025;30.025;29.6;29.675;883620
29.625;30.175;29.625;30.175;506448
30.125;30.175;29.9;29.95;347940
30.15;30.15;29.7;29.775;364476
29.625;30.05;29.575;30;362594
30.1;30.15;29.7;29.925;561122
29.9;29.9;29.7;29.825;456334
29.65;29.825;29.45;29.55;290298
29.475;29.675;29.45;29.5;180544
29.55;29.675;29.25;29.325;316880
29.3;30.1;29.15;29.9;862662
30.05;30.125;29.825;29.9;558668
29.875;30.225;29.825;30.15;405822
30.25;30.75;30.2;30.55;592900
30.55;30.55;30;30;509356
30.05;30.35;30;30.25;560868
30.225;30.225;30.025;30.125;568618
30.25;30.425;30.1;30.325;661042
30.325;30.375;30.2;30.25;248762
30.375;30.625;30.15;30.525;627244
30.525;31.675;30.5;31.625;1032084
31.75;32.4;31.575;32.1;1571080
32.15;32.2;31.875;32.1;582624
32.075;32.225;32;32.125;238130
32.125;33.575;32.125;33.125;1528478
33.275;33.325;32.675;32.9;1402306
32.6;32.875;32;32.175;1212786
32.25;33.225;32.2;33.15;1387524
33.25;33.975;33.25;33.9;1431674
33.95;33.95;33.525;33.675;817040
33.8;34.525;33.675;34.425;968988
34.325;34.525;34.125;34.25;877070
34.275;34.275;34.05;34.125;530226
34.05;34.275;34.025;34.075;377182
34.15;34.35;34.025;34.35;576628
34.3;34.5;34.025;34.25;396452
34.175;34.175;33.675;33.675;856630
33.65;34.3;33.5;34.25;707976
34.3;35;34.25;34.775;675622
34.825;35.05;34.4;34.975;662340
34.95;35.1;34.2;34.5;1153622
34.575;34.7;34.3;34.65;393882
34.825;34.975;34.325;34.45;460998
34.65;34.775;34.375;34.475;548420
34.4;34.775;34.4;34.675;436660
34.65;34.9;34.55;34.6;626022
34.275;34.75;34.25;34.625;773318
34.775;34.875;34.325;34.4;508328
34.625;34.625;34.475;34.525;260540
34.525;34.625;34.4;34.55;642300
34.525;34.55;34.3;34.45;594214
34.5;34.5;33.525;33.675;707514
33.55;34.15;33.55;34.1;759866
34.375;34.375;33.9;34.2;336270
34.325;34.325;33.625;33.7;720512
33.5;33.625;32.775;32.85;1034776
33.75;33.75;33.175;33.45;1158242
33.175;33.675;32.95;33;879548
32.9;34;32.9;34;546728
34;34.025;33.55;33.85;382452
34.05;34.2;33.75;33.875;514622
33.775;34.025;33.525;34;701910
34;34.025;33.425;33.675;670842
34;34.35;33.85;34.35;534230
34.35;34.4;34;34.275;499716
34.175;34.55;34.1;34.15;556868
34.375;35;34.2;34.925;573780
34.675;35.075;34.675;34.9;824900
34.95;35;34.35;34.725;749148
34.875;34.975;34.55;34.975;590130
34.975;35.225;34.8;34.9;468900
35.025;35.1;34.775;34.775;227820
34.95;35.05;34.8;34.875;251140
35.225;35.225;34.675;34.8;344314
34.85;35.125;34.7;35.075;471184
35.225;35.225;34.525;34.75;401006
35;35.225;35;35.15;579974
35.325;35.6;35.075;35.325;624846
35.325;35.425;34.875;34.975;512070
34.85;35.125;34.6;35.125;551068
35.225;35.225;34.8;35.125;433228
35.2;35.6;35.05;35.5;453796
35.675;35.825;35.475;35.675;364944
35.75;35.75;35.25;35.25;688414
35.325;35.55;35.2;35.275;451542
35.2;35.45;35.125;35.275;830704
35.25;35.75;35.225;35.75;619640
35.725;35.75;35.55;35.675;397014
35.7;35.75;35.5;35.6;562884
35.725;35.95;35.625;35.85;364692
35.95;35.975;35.5;35.675;363052
35.5;35.625;35.25;35.625;565222
35.5;35.65;35.425;35.475;586470
35.475;35.5;35.35;35.375;695022
35.35;35.575;35.275;35.5;448590
35.5;35.5;34.675;34.775;697848
34.775;34.9;34.325;34.625;726452
34.75;35.225;34.525;34.95;689148
34.775;35;34.625;34.7;824090
34.55;34.8;34.325;34.45;694724
34.525;34.7;34.375;34.65;982672
34.65;34.725;34.15;34.25;745846
34.35;34.475;34.225;34.425;172988
34.3;34.6;34.225;34.6;215232
34.275;34.575;34.275;34.425;145984
34.375;34.575;34.35;34.55;161690
34.6;34.6;34.025;34.1;206396
34.5;34.55;34.15;34.375;152080
34.55;34.55;34;34.15;472080
34.225;34.25;33.325;33.5;2314418
33.7;34.025;33.35;33.9;1702724
34.075;34.075;33.775;33.9;708648
33.975;34.075;33.8;34.025;718888
34.075;34.225;33.9;34.2;746802
34.375;34.575;34.3;34.575;905958
34.75;35.125;34.6;34.975;753156
35.125;35.625;34.975;35.5;1554638
35.3;35.675;35.275;35.575;620842
35.75;35.75;35.25;35.45;905986
35.225;35.375;34.8;35.225;1098846
35.25;35.475;35.05;35.375;494980
35.375;35.875;35.15;35.55;612072
35.3;35.6;35.075;35.45;978802
35.575;35.9;35.475;35.75;764970
36.475;37;35.5;35.575;1339152
35.5;35.85;35.5;35.7;562298
35.975;36.1;35.55;35.7;860430
35.775;36;35.65;35.925;647288
36;36.05;35.775;35.925;618294
36.05;36.65;35.925;36.25;570836
36.675;36.675;35.95;35.95;514358
36.25;36.65;36;36.55;695586
36.8;36.875;36.25;36.575;562172
36.725;36.9;36.575;36.725;746792
36.625;36.7;36.1;36.275;570096
36.275;36.475;36.1;36.225;393642
36.225;36.475;36.175;36.375;525802
36.45;36.575;36.275;36.4;567520
36.65;36.9;36.425;36.65;883158
36.85;36.95;36.5;36.575;430552
36.6;36.775;36.35;36.525;461026
36.625;36.9;36.4;36.8;722986
36.725;37.175;36.5;37.1;555174
37.1;37.2;36.225;36.375;1120164
36.5;36.75;36.325;36.725;470926
36.825;37.35;36.65;36.8;952730
36.95;36.95;36.575;36.75;436012
36.775;36.85;36.475;36.575;517986
36.65;36.7;36.15;36.15;504082
36.325;36.575;36;36.55;463010
36.575;36.6;36.125;36.25;396994
36.075;36.375;36.05;36.325;615926
36.3;36.5;36;36.375;664072
36.25;36.6;36.125;36.5;347524
36.5;36.6;35.825;35.85;663966
35.85;36.35;35.375;36.175;1108328
36.3;36.625;36.275;36.5;907788
36.6;36.6;36.35;36.45;558894
36.45;36.45;35.975;36.325;686614
36.375;36.55;36.05;36.475;535424
36.55;36.55;36.175;36.25;580002
36.375;36.45;36.075;36.4;1041370
36.525;36.925;36.3;36.8;497854
36.725;36.85;36.575;36.825;667352
36.675;37.275;36.675;37.15;964358
37.3;37.35;36.925;37;395916
37.025;37.325;36.8;37.325;447228
37.35;37.35;36.9;36.95;630388
36.95;37.225;36.775;36.9;565946
36.825;37;36.65;36.95;391656
37.175;37.275;36.975;37.1;995550
37.125;37.15;36.7;36.8;629372
37.075;37.2;36.7;37.125;550772
37.15;37.2;36.675;36.75;421776
37.2;37.225;36.75;37.2;440920
37.2;37.225;36.975;37;603494
37.025;37.15;36.55;36.7;393116
36.7;36.825;36.35;36.625;470546
36.65;36.7;35.85;35.95;1295300
36.025;36.4;35.775;36.2;932072
36.125;36.525;35.925;36.5;963170
36.6;36.625;35.975;36.05;370224
36.175;36.55;36.05;36.525;662362
37;38.7;37;38.675;2427588
38.925;39.75;38.775;39.575;1214490
39.55;39.725;39.25;39.575;593556
39.525;39.975;39.525;39.85;591674
39.675;39.95;39.575;39.85;541322
39.825;39.825;39.05;39.7;859878
39.575;39.8;39.4;39.75;546404
39.725;40.225;39.65;40.15;631640
40.125;40.35;40.025;40.1;875014
40.025;40.725;39.975;40.625;714096
40.8;40.825;40.45;40.7;595202
41.05;41.225;40.5;40.65;491408
40.65;41;40.55;40.975;348736
40.975;41.9;40.975;41.825;806594
41.75;41.925;40.825;40.975;1506978
40.9;40.975;40.35;40.65;620774
40.6;40.65;39.7;39.7;1538802
39.2;39.65;38.775;38.925;1018454
38.525;39.55;38.275;38.275;835848
37.95;38.9;37.675;38.7;1052764
38.75;39.1;38.3;38.5;785098
38.725;38.725;37.075;37.2;1046578
37.3;38.475;37.3;38.225;1039810
38.25;38.65;37.75;38.175;958554
38.175;38.625;37.95;38.525;873524
38.8;39.45;38.625;39.325;889702
39.525;39.725;39.15;39.5;376038
39.65;40.2;39.2;39.25;1337824
38.65;39.5;38.525;39.275;1143258
39.25;39.275;38.75;39.075;737166
39.3;39.85;39.25;39.725;721580
39.725;39.875;39.15;39.225;442026
38.95;39.275;38.45;38.575;619562
39.05;39.475;38.525;39.45;793998
38.775;39;38.325;38.35;731444
38.625;38.975;38.5;38.825;602918
38.9;38.9;38.15;38.25;644974
37.825;37.975;37.425;37.75;672218
37.925;37.975;37.325;37.625;513704
37.7;38.375;37.35;37.875;1103684
38.1;38.5;37.75;38;1317922
38.05;38.425;37.775;37.9;596980
37.725;38.5;37.55;38.4;1153076
38.4;38.7;37.8;38.3;666174
38.6;38.95;38.45;38.75;591074
38.875;38.95;38.45;38.6;544922
38.775;38.925;38.175;38.25;760524
38.3;38.7;37.8;37.825;540418
37.525;38.5;37.525;38.375;447914
38.425;39.2;38.325;39;640858
39.425;39.625;38.8;39.35;811782
39.475;39.6;38.825;39;455334
39.25;39.25;39;39.175;429424
39.35;39.625;39.025;39.1;863126
39.075;39.625;39;39.4;681120
39.45;39.55;39.05;39.35;266300
39.125;39.375;39.05;39.2;272244
39.175;39.4;38.675;38.825;1058498
38.95;39.2;38.75;39;498306
38.8;39.1;38.125;38.3;801188
38.1;38.45;37.725;37.775;277318
37.725;38.125;37.525;37.925;447238
38;38;37.6;37.75;698166
37.725;37.925;37.5;37.8;937074
38.375;39.05;38.375;38.875;1035192
38.85;38.95;37.925;37.925;659952
38.1;39.25;38.1;39.25;463386
39.225;39.4;38.75;39.125;620522
39.225;39.45;38.95;39.15;420994
39.25;39.4;39.2;39.4;418780
39.3;39.4;39.175;39.4;407052
39.325;39.375;38.975;39.15;320792
39.375;39.475;38.475;38.575;706334
38.725;39.175;38.675;38.9;664800
38.925;39.25;38.85;39.05;546872
39.2;39.275;38.475;38.65;875340
38.475;38.65;38.225;38.425;293206
38.675;38.725;37.95;38.1;344446
38.3;38.9;38.25;38.625;491042
38.325;38.55;38.15;38.475;256088
38.5;38.85;38.425;38.75;369040
39.025;39.075;38.825;39.05;206486
38.8;39.225;38.8;39.075;335264
39;39.25;39;39.15;325700
39.1;39.75;39.1;39.25;1236730
39.4;39.875;39.375;39.45;455650
39.475;39.6;39.175;39.525;358654
39.55;39.875;39.525;39.75;469978
39.775;40.375;39.75;40.05;782710
40.1;40.25;39.875;40.225;373966
40.125;40.325;39.475;39.475;621704
39.45;40.05;39.45;39.95;229562
40.075;40.45;39.8;40.275;428150
40.3;40.6;40.25;40.4;194524
40.525;40.7;40;40.4;441722
40.275;40.525;40.25;40.4;682718
40.425;40.875;40.425;40.775;471784
40.9;41.025;40.6;40.9;936180
41.05;41.15;40.275;40.375;819064
40;40.525;38.6;40;1720534
40;40.675;40;40.45;623100
40.3;40.375;39.35;39.65;752454
39.9;40;39.375;39.925;404516
40.025;40.15;39.625;39.9;482924
40.05;40.15;39.6;39.725;433048
39.725;39.975;39.525;39.65;1255572
39.775;39.9;39.3;39.475;601198
39.325;39.675;39.125;39.5;477320
39.525;40.15;39.3;40;448288
40.2;40.225;39.5;39.7;696286
39.6;39.625;39.25;39.55;539922
39.7;39.7;39.125;39.375;466604
39.4;39.875;39.325;39.75;919262
39.85;39.875;39.3;39.8;1032350
39.65;40.1;39.525;40.025;501998
40.125;40.45;39.925;40.375;626048
40.475;40.475;39.875;40;498126
39.825;40;39.45;39.875;496044
40;40.575;39.75;40.55;924008
40.925;40.925;40.5;40.65;637306
40.625;40.625;40.275;40.475;350400
40.35;40.775;40.1;40.75;400228
40.875;41.45;40.6;41.325;680886
41.15;41.5;40.425;41.25;650032
41.1;41.275;40.875;41.225;369666
41.225;41.225;40.4;40.625;591558
40.775;40.925;40.575;40.825;690078
40.65;40.925;40.425;40.425;431574
40.625;41.225;40.5;40.975;752510
40.85;41.2;40.5;41.075;417432
41.225;41.25;40.425;40.875;1066886
41;41.125;40.625;41.075;368896
41.1;41.125;40.725;40.975;652602
41.05;41.2;40.975;41.05;348222
41.175;41.45;40.85;40.95;753810
41.15;41.15;40.275;40.4;615766
40.3;41;40.25;40.8;594152
40.975;41.175;40.85;41.1;898570
41.025;41.675;41;41.25;334570
41.175;41.325;40.75;41.1;754268
41.125;41.675;40.95;41.35;405836
41.5;41.7;41.225;41.65;384088
41.725;41.85;41.475;41.65;403204
41.65;41.75;41.35;41.55;377324
41.55;41.625;41.225;41.475;362354
41.25;41.425;41.075;41.275;397270
41.35;42.25;41.3;41.875;624556
42.05;42.225;41.525;41.75;446760
41.975;42.35;41.775;42.3;381590
42.125;42.6;42.075;42.225;374318
42.3;42.675;41.825;42.175;541356
42.075;42.15;41.275;41.75;714814
41.7;41.85;41.5;41.75;390882
41.925;41.975;41.325;41.4;481382
41.625;41.7;41.15;41.3;261412
41.325;41.5;41.075;41.275;512230
41.475;41.5;40.3;40.45;802660
40.5;40.65;40.075;40.425;739442
40.75;41.2;40.5;41.15;551756
41.1;41.35;40.5;40.55;631124
40.525;40.675;39.75;39.95;863828
40.05;40.35;40.05;40.2;656574
40.275;40.275;39.975;40;868702
40.025;40.175;39.9;40.075;815828
40.1;40.775;40.025;40.625;536112
40.575;40.775;40.25;40.775;582020
40.825;41;40.65;40.975;609850
41.125;41.225;40.8;41.15;825290
41.225;41.375;40.8;41.125;777328
41.15;41.25;40.75;41.1;485230
41.45;41.975;41.25;41.9;751000
41.925;42.125;41.625;41.8;838004
41.55;41.975;41.45;41.55;659228
41.5;41.75;41;41.15;845226
41.125;41.3;40.75;40.8;740076
40.725;40.725;40.25;40.325;509528
40.325;40.825;40.25;40.6;521286
40.725;40.85;40.275;40.75;620618
40.75;40.8;40.425;40.725;308518
40.825;41.075;40.7;40.75;432782
40.75;40.775;40.425;40.575;746564
40.6;40.725;40.1;40.225;1023856
40.275;40.925;40.275;40.725;833274
40.8;41;40.675;40.8;924344
41.05;41.475;40.825;41.175;905502
41.125;41.2;40.6;40.85;623170
40.85;41.45;40.85;41.375;591544
41.45;41.5;41.075;41.175;460412
41.375;41.45;41.175;41.275;345626
41.45;41.575;41.125;41.3;640870
41.325;41.475;40.95;41.175;691358
41.15;41.275;40.475;40.8;915274
40.675;41.15;40.4;41;637862
41.125;41.225;40.825;41.075;722822
41.225;41.25;40.825;41.125;543486
41.25;41.75;41.075;41.7;933354
42.475;43.6;41.675;43.125;1956892
43.25;43.35;42.475;43.2;1267958
43.35;43.45;43.05;43.15;394176
43.125;43.4;42.875;43.15;468210
43.125;43.375;43;43.025;559366
43.2;43.8;43.05;43.55;811950
43.525;44.2;43.475;43.975;813654
44;44.05;43.675;43.925;568934
43.95;44.55;43.825;44.375;685428
44.6;44.625;44.225;44.25;704886
44.45;44.55;44;44.225;441824
44.275;44.45;44;44.05;514294
43.825;44.65;43.575;44.375;759984
44.625;44.7;44.25;44.375;504348
44.625;44.825;44.5;44.775;385196
44.775;44.775;43.95;44.425;578424
44.25;44.475;43.9;43.9;528998
43.955;44.375;43.86;44.2;430348
44.055;44.195;43.7;43.855;567166
44.12;44.12;43.605;43.705;547930
43.74;44.38;43.74;44.2;681676
44.13;44.3;43.9;44.05;390170
44.25;44.65;44.05;44.635;492634
44.535;44.615;42.77;42.88;1363968
42.5;43.515;42.075;43.12;1219920
43.12;43.755;42.61;42.875;1596680
42.85;43.5;42.42;42.53;672710
42.05;42.575;41.6;42.495;956108
43.015;43.025;42.55;42.825;655496
43.015;43.09;42.675;43.07;641518
43.095;43.525;42.505;43.295;756648
43.3;43.395;42.835;43.095;738588
43.295;43.36;42.875;43.055;651998
43.2;43.24;42.6;42.735;570144
42.51;42.56;42.055;42.215;1178816
42.555;42.795;42.185;42.405;788668
42.45;42.695;42.225;42.53;645636
42.87;42.87;42.5;42.63;460486
42.75;42.905;42.5;42.855;583644
42.86;43.14;42.72;43.015;699868
43.59;43.595;42.755;43;762352
42.995;43.105;42.805;43;639510
43.12;43.23;42.63;42.95;747328
43.195;43.195;42.875;42.975;552562
42.985;43.12;42.69;42.83;441816
42.985;43.285;42.85;43.165;615702
43.255;43.35;42.875;43;727032
43.06;43.275;42.9;43.235;1138532
43.49;43.62;43.2;43.3;522432
43.645;43.675;43.16;43.55;618344
43.55;43.64;43.13;43.415;356212
43.56;43.635;43.165;43.475;640390
43.475;43.75;43.395;43.535;904664
43.605;43.63;43.055;43.31;917854
43.5;43.87;43.39;43.855;577074
44;44.145;43.82;43.995;690686
44.225;44.24;43.6;43.95;668196
44.4;44.92;44;44.165;1218136
43.95;44.245;43.675;44.105;1319550
44.3;44.425;43.74;44.095;1103084
44.3;44.37;43.935;44.23;993426
44.23;44.3;43.925;44.185;529940
44.05;44.575;44.05;44.415;712582
44.695;44.805;44.345;44.58;709968
44.75;44.75;44.25;44.325;513322
44.31;44.495;44.19;44.3;605892
44.45;44.735;44.175;44.265;1041242
44.44;44.895;44.265;44.465;1041996
44.58;44.82;44.4;44.525;508614
44.525;45;44.51;44.95;470706
44.995;45;44.625;44.705;458252
44.75;45.04;44.375;44.625;548236
44.625;44.83;44.34;44.415;693310
44.23;44.86;44.075;44.8;618310
44.925;44.925;44.325;44.48;685794
44.095;44.44;43.51;44.305;946812
44.25;44.395;43.855;43.955;916410
44.385;44.385;43.825;43.955;292770
43.955;44.295;43.83;44.03;747286
44.1;44.15;43.69;43.885;752152
44.015;44.245;43.705;44.15;794708
44.25;44.45;44.15;44.25;861124
44.03;44.17;43.77;43.81;481368
43.745;44.15;43.65;44.005;587516
44.005;44.145;43.985;44.025;165916
44.135;44.135;43.95;43.995;445172
43.89;43.895;43.51;43.775;402510
44.4;44.88;44.225;44.655;1214284
44.6;44.775;44.45;44.76;587138
44.945;45.6;44.71;45.465;1021068
45.5;45.68;44.605;44.665;907150
44.625;44.84;44.02;44.075;557232
44.18;44.595;43.6;43.71;852036
43.5;44.235;43.425;43.985;812976
44.33;44.33;43.81;43.98;699042
43.8;44.345;43.605;44.2;543496
44.26;44.32;43.99;44.14;656868
44.39;44.445;44.12;44.34;790918
44.365;44.935;44.305;44.78;917882
44.91;44.975;44.5;44.635;513358
44.73;44.785;44.28;44.475;635806
44.67;44.805;44.25;44.36;772630
44.055;44.33;43.765;43.955;844700
43.83;44;43.6;43.7;657066
43.65;43.725;43.325;43.65;600420
43.5;43.77;43.23;43.5;1069036
43.125;43.755;43.1;43.69;741146
43.825;44.015;43.6;43.765;954698
43.765;44.295;43.68;44.185;731244
44.185;44.33;43.84;43.95;670584
44.05;44.13;43.67;43.72;960782
43.67;43.98;43.665;43.88;434656
43.935;43.945;43.285;43.285;874540
43.285;43.565;43.18;43.425;742602
43.525;43.735;43.38;43.49;605414
44;44.31;43.51;43.57;1404794
43.375;44.12;43.375;44.055;925404
44.5;45.935;44.5;45.9;1846052
46.15;46.65;45.955;46.195;938782
47.49;47.5;46.25;46.36;573642
46.46;46.78;46.17;46.36;805562
46.25;46.42;45.86;46.03;895974
46.31;46.57;46.14;46.29;657750
46.35;46.7;45.77;45.95;525701
45.95;46.41;45.59;46.41;642806
46.41;46.49;45.51;45.62;889369
45.55;46.11;45.31;45.79;927360
45.79;45.79;44.47;44.47;1082142
44.22;44.9;44.16;44.45;1256340
44.17;44.72;44.17;44.52;719964
45.01;45.04;44.45;44.95;849918
44.55;45.01;44.27;44.41;882306
44.58;44.95;44.14;44.68;918303
44.91;44.92;43.85;43.98;724706
43.74;44.18;43.6;43.93;687211
44.11;44.18;43.65;43.98;636864
44.27;44.78;43.75;44.65;1273587
44.67;44.79;43.76;43.96;1290261
43.55;44.39;43.1;43.25;1226175
43.42;44.4;42.91;44.21;871663
43.87;44.25;43;43.16;863433
42.8;43.18;42.42;43;676890
42.3;43.12;42.3;42.31;1225148
42.25;43.03;41.8;42.43;1170354
42.79;43.01;42.39;42.74;606238
42.68;43.28;42.46;43.24;816591
43.35;44.78;43.27;44.57;1319950
44.98;45.76;44.48;44.57;756025
44.33;44.86;44.26;44.66;373492
44.8;45.6;44.56;45.57;516302
45.57;45.67;44.93;45.06;574928
45;45.41;44.72;45.39;544250
45;45.29;43;44;2760451
44.08;44.68;43.76;44.55;1129772
44.77;44.77;43.59;43.74;1343734
43.78;43.94;43.44;43.65;884836
43.6;43.6;42.74;42.74;883234
43.05;43.2;42.54;43.15;813787
43.15;43.34;42.42;42.45;681049
42.45;42.68;42.15;42.34;648423
42.54;42.66;42.3;42.42;706378
42.42;43.08;42.22;43.03;493203
42.81;43.32;42.61;43.16;769959
43.11;43.49;42.96;43.35;585796
43.35;43.73;43.35;43.58;840395
43.41;43.75;42.75;43.26;987390
43.69;43.8;43;43.19;1136199
43.05;43.39;42.93;43.22;433860
43.24;44.06;43.24;44;958609
43.87;44.07;43.64;43.71;663040
43.55;43.94;43.5;43.75;651540
43.88;44.46;43.77;44.3;584279
44.45;44.5;43.95;44.22;864656
44.22;44.3;43.55;44;763880
44.05;44.39;43.55;44.26;718302
44.45;44.55;43.94;44.25;950854
44;44.38;43.99;44.13;578583
44.12;44.55;44.07;44.44;785209
44.5;44.9;44.35;44.7;632544
44.7;45.01;44.57;44.86;319028
45.01;45.36;44.72;45.18;621473
45.31;45.31;44.72;44.85;438457
44.9;45.64;44.9;45.54;764314
45.43;45.45;44.89;45.31;608395
45.53;45.58;45.01;45.19;444073
45.09;45.28;44.62;44.7;757529
44.87;45.95;44.83;45.61;762373
45.56;45.67;44.63;44.83;704321
44.57;44.97;43.66;43.88;979149
43.2;43.5;42.87;43.18;1005371
43.53;44.44;43.5;44.21;853241
44.47;45.27;44.11;44.65;1482090
44.65;44.99;43.98;44.25;1138989
44.33;44.35;43.84;44.05;515263
44.27;44.43;43.89;44.22;905629
44.28;44.44;43.35;43.6;1216637
43.42;44.09;43.42;43.99;773648
43.99;44.16;43.53;43.95;1022776
43.73;44.05;43.59;43.85;398984
43.85;44.09;43.5;43.65;505543
43.76;43.78;43.35;43.35;466851
43.3;43.46;42.59;42.66;830522
42.54;42.58;41.95;42.06;1190399
42.1;42.43;41.16;41.48;1378389
41.44;41.7;41.11;41.34;766680
41.1;41.4;40.63;41.28;1576453
41.51;41.7;41.04;41.56;1033226
41.65;41.79;41.16;41.33;902098
41.33;41.62;41.08;41.5;795164
41.37;41.7;40.56;40.63;782262
40.84;41.08;40.66;40.98;902359
40.64;41.15;40.55;40.96;1379059
41.09;41.52;40.78;41.16;842719
41.17;42.24;41.17;42.11;846392
42.46;42.48;41.84;41.91;844782
41.91;42.01;41.51;41.9;657950
42.3;42.46;41.48;42.31;968406
42.49;42.54;42.1;42.4;672450
42.4;42.9;42.4;42.83;876216
42.74;43.2;42.55;42.87;652001
42.94;42.98;42.3;42.43;706730
42.67;43.01;42.61;42.96;604714
42.99;43.27;42.75;43.24;614752
43.4;43.6;43.14;43.29;778081
43.15;43.7;43;43.64;603254
43.64;43.79;42.79;43.14;688223
42.81;43.49;42.6;43.2;635389
42.97;43.25;41.98;42.14;773400
42.37;42.75;42;42.67;530217
42.4;43.1;41.98;42.97;1125199
43;43.81;42.9;43.1;823532
43.14;43.82;42.79;43.41;738066
43.41;43.8;43.13;43.7;864389
43.95;44.13;43.5;43.94;1112153
43.94;44.2;43.6;44.2;89981
44.2;44.22;42.92;43.32;545123
43.14;43.85;43.13;43.81;305248
43.85;43.85;43.3;43.65;92125
43.55;44.39;42.97;43.03;483288
42.84;43.08;42.58;42.87;615884
42.96;43.24;42.36;42.5;604770
42.37;42.85;41.94;42.12;593451
42.29;43.06;42.18;42.68;639174
42.5;43.85;42.36;43.77;1192836
43.99;44.05;42.31;42.42;1028605
42.5;42.8;40.25;40.8;1982978
40.6;40.78;40.11;40.36;876716
40.39;40.78;37.74;38.42;1858807
38.42;38.8;37.78;38.16;1423603
38.1;38.8;37.84;38.01;1127963
37.96;39.12;37.69;38.55;1394517
38.05;38.25;36.23;36.37;1359819
35.71;38.04;35;37.55;1795085
38.18;38.18;36.39;36.82;1620906
37.76;38.29;37.21;37.88;1765790
38.99;39.11;37.49;37.73;1967995
37.71;38.23;37.31;38;1208661
38.24;39.1;38.05;39.09;1365880
39;39;38.28;38.44;924572
38.6;38.89;37.9;38.71;1003035
39;39.64;38.75;39.37;787965
39.85;39.85;38.67;38.88;768350
38.98;39.1;38.06;38.16;584975
37.74;38.43;37.74;38.4;738454
38.36;38.36;36.75;37.07;1533137
37.6;38.08;37.36;37.87;836369
37.43;37.78;37.03;37.26;745366
37.8;38.83;37.2;38.77;888214
38.5;39.21;38.35;39.15;772245
39.87;39.99;38.92;39;1334643
39.14;39.43;38.55;38.96;512424
39.05;39.64;38.77;38.83;622427
38.75;39.55;38.29;39.24;1029619
38.97;39;38.4;38.77;552234
39.04;39.41;38.68;39.06;916458
38.8;39.8;38.71;39.39;867600
39.89;40.65;39.81;40.6;890444
40.75;41;39.89;40.3;712529
40.3;40.91;39.77;40.81;1146462
40.71;40.72;39.49;39.56;887155
39.36;39.74;39.18;39.3;671405
38.8;39.4;38.75;38.98;637961
38.98;39.47;38.27;38.51;794916
39;39.3;38.63;39.19;732479
39.79;39.87;38.7;39.57;989692
39.9;40.73;39.65;40.22;1793657
40.02;40.19;38.83;39.1;1123997
39.29;39.88;38.92;39.1;1022277
39.49;39.49;38.66;38.91;819875
38.44;39.07;37.48;38.18;1132289
38.11;38.71;37.79;38.3;1012629
37.41;38.35;37.41;37.5;977399
38.1;38.6;37.66;38.25;1091023
38.66;39.81;38.07;39.21;1605711
39.21;39.88;38.9;39.84;1874252
40.71;41.3;39.9;40.7;1211442
40.56;40.78;40.2;40.5;724106
40.5;40.78;40.25;40.65;617122
40.68;40.84;40.26;40.45;760039
40.38;41.42;40.03;41.39;832776
40.9;41.82;40.14;41.66;1351248
41.77;41.8;40.52;41.08;1197523
41.09;41.09;40.28;40.47;872508
40.5;40.91;40.1;40.47;607176
40.54;41.03;40.39;41;977549
40.71;41;40;40.13;657769
40;41;39.95;40.42;643758
40.35;40.65;39.27;39.75;780045
39.93;40.18;39.41;39.52;460673
39.35;39.73;39.02;39.26;551566
39.33;39.68;38.97;39.47;718390
39.95;40;38.96;39.44;908428
39.44;39.57;38.8;38.96;829333
39.08;39.53;39.07;39.32;784435
39.42;39.5;38.87;39.03;545176
39;39.34;38.63;38.74;820475
38.64;39;38.3;38.69;949222
38.65;39.49;38.31;39.48;873134
39.71;39.91;39.4;39.74;638581
39.94;40;39.57;39.65;639460
39.6;39.79;39.47;39.7;349749
39.78;40.09;39.51;39.95;824541
40.35;40.38;38.93;39.09;1288612
39.09;39.09;38.62;38.98;563370
38.75;39;37.62;38.82;1631814
39.08;39.08;38.68;38.86;746248
38.6;39;38.33;39;504293
38.88;39.09;38.23;38.88;697953
39.08;39.39;38.88;39.11;298023
39.27;39.32;38.88;39.2;512389
39.38;39.39;38.94;39.08;476143
38.99;39.27;38.91;39.08;506894
39.25;39.72;39.14;39.61;675593
39.74;40.34;39.68;40.27;691346
40.16;40.33;39.61;39.78;664980
39.88;40.95;39.47;40.31;876978
40.06;40.67;40;40.3;872275
39.51;40.13;39.38;39.85;747530
39.94;40.47;39.94;40.31;545767
40.34;40.42;39.75;39.8;842203
39.97;40.65;39.85;40.23;781396
40.33;40.5;39.85;40.14;592964
40.3;40.49;40.11;40.43;822207
40.36;40.43;39.7;39.9;733727
39.72;40.22;39.72;40.08;630731
40.05;40.59;39.75;40.43;910426
40.62;41.66;40.5;41.15;967232
41.16;41.47;40.3;40.38;816581
40.18;40.29;39.77;39.95;705412
39.84;40.39;39.48;40.09;637055
40.09;40.25;39.78;39.94;662557
40;40.19;39.59;39.8;716459
39.76;39.89;39.27;39.82;711617
39.97;40.18;39.82;40.08;513367
40.21;40.64;39.92;40.04;602226
40.07;40.61;39.97;40.53;900631
40.35;40.58;40.03;40.29;538716
40.39;40.44;39.24;39.37;943522
39.49;39.81;39.31;39.56;834959
39.72;39.77;38.88;39.15;1106393
39.34;39.34;38.8;38.86;942230
38.6;38.99;38.08;38.11;900836
38.1;38.44;37.73;38.29;1043338
38.33;38.87;38.04;38.84;1006538
38.71;38.9;37.93;38.34;1258883
38.65;38.84;37.85;37.91;917421
37.7;38.3;37.55;38.28;1016503
38.42;38.72;37.99;38.55;523965
38.71;39.19;38.22;39.1;835885
38.32;38.67;37.94;38.21;1126077
38.51;38.51;37.96;38.13;1175010
37.79;38.07;36.71;36.94;1784583
36.84;36.94;34.99;35.39;2303651
35.79;36.13;35.54;35.86;828587
35.51;35.96;35.1;35.88;1432838
35.84;36.25;35.22;35.88;1327058
34.5;34.5;31.6;32.87;5241038
32.85;33.3;32.63;32.87;2624148
32.9;32.9;32.13;32.69;2427998
32.2;32.37;31.9;32.33;2107324
32.84;32.86;31.94;31.99;1581501
32.29;32.29;30.88;31.13;2022434
31.01;31.87;31.01;31.33;1557861
31.55;31.72;31.12;31.3;1338867
31.1;31.34;30.92;31.02;2350042
31.15;32.28;30.91;32.23;1793890
32.29;32.31;31.53;31.76;1515973
31.6;32.29;31.57;31.79;857756
31.6;32.61;31.33;32.39;1515728
32.65;33.33;32.63;33.26;1462788
33.42;33.55;33.09;33.25;1172945
33.1;33.25;32.8;32.95;867480
32.77;34.9;32.77;34.41;1992880
34.38;34.56;34.1;34.31;906994
34.17;35.27;34.08;34.73;1292888
34.7;35.09;34.21;34.35;1244350
34.74;34.83;34.1;34.57;1387301
34.73;35.26;34.57;34.77;1118696
34.63;34.95;34.3;34.53;525128
34.51;34.68;33.75;33.85;1293977
34;34.5;33.75;34.32;745919
34.16;34.43;33.6;33.69;795984
33.74;34.43;33.41;34.39;638179
34.23;34.57;33.97;34.13;353210
33.86;34.46;33.8;34.26;669312
34.24;34.24;32.8;33.2;1279815
35.09;36.6;34.42;36.22;2465631
36.08;36.5;35.51;36.41;1203482
36.11;36.45;35.88;36.27;877202
36.35;37.76;36.14;37.43;1185011
37.28;37.5;36.5;36.81;1372089
36.86;37.12;35.9;36;1246837
35.75;36.56;35.75;36.2;854083
36.83;37.27;36.54;36.65;927009
36.74;37.51;36.73;37.06;669423
37.06;37.2;36.08;36.54;948608
36.45;36.47;35.66;35.8;1169291
36.23;36.37;35.27;35.8;762483
35.8;35.82;35.01;35.39;1131242
35.37;35.67;34.57;34.67;1214020
34.72;35.43;34.5;34.5;975544
34.74;35.22;33.96;35;1505898
36.75;36.8;35.23;36.68;2012527
35.97;37.13;35.97;36.89;1072299
37.01;37.1;35.64;35.76;1039548
35.76;35.97;35.25;35.46;890614
35.66;35.85;35.4;35.56;855626
35.25;35.46;34.66;34.96;1199755
34.9;35.09;34.4;34.46;895173
33.51;35.05;33.51;34.92;1630704
35.39;36.08;35;36.08;1202696
36.19;36.83;35.54;35.66;957821
35.97;37.02;35.55;36.98;1264396
35.87;36.69;34.2;35.04;1474934
35.5;35.86;33.72;34.07;2030797
33.02;34.32;31.76;31.88;2161240
32.08;32.08;30.37;30.73;3160940
30;30.11;28.67;29.33;4005080
31.03;31.42;30.22;31.42;1372445
32.9;33.3;31.51;31.76;1777031
31.68;32.03;30.1;30.78;1609171
30;31.25;29.61;30;2113134
31.19;31.49;28.26;28.65;2552083
29.62;30.15;28.9;29.82;1575473
30.16;30.36;28.66;29.03;1306107
28.34;28.34;26.87;27.67;2998448
29.78;31.79;28.91;31.59;3661395
30.47;31.84;30.04;31.83;2463420
31;33.65;30.75;33.55;2359603
34.04;35.2;33.26;33.95;2413810
35.31;35.8;33.97;35.5;1839385
35.8;36.97;34.69;35.18;1777873
34.99;35.2;33.9;35.06;1549265
34.9;35;34.4;34.55;1117079
34.55;34.69;33.96;34.51;1125855
34.51;34.94;33.52;34.21;1178077
33.42;34.18;32.7;33.05;1173827
33.13;34.59;33.05;34.14;619539
35.1;35.1;34;34.12;563047
33.86;34.58;33.68;34.05;662215
34.58;34.86;33.41;33.77;1098682
33.58;34.14;33.2;33.5;855591
34.55;34.55;32.52;32.68;1201332
32.76;32.76;31.61;31.88;1263069
31.66;32.22;31.58;32.18;852810
32.2;32.44;31.01;31.07;825684
30.56;31.5;30.5;31;1191817
31.2;31.6;30;30.3;1598670
30.64;31.2;30.25;30.52;1596940
30.87;31.39;30.15;30.52;1445466
30.39;30.57;29.89;30;1100285
30.5;30.69;29.58;29.8;739282
30.02;31.51;29.9;31.45;1294517
31.52;31.56;30.32;30.6;801883
30.1;30.62;29.7;29.92;1254871
29.89;29.94;28.71;29.45;1759282
29.46;30.1;29.01;29.77;1405546
29.52;31.32;29.41;30.29;1973318
31.78;32.35;30.35;30.61;1147761
30.36;31.39;30.16;31.18;1183887
31.49;31.61;31.18;31.37;738895
31.38;32;31.02;31.38;614857
30.65;31.33;30.5;31.31;661481
31.51;31.6;30.49;30.78;741965
30.97;32.43;30.9;32.43;1103424
32.66;32.69;31.76;32.07;1099240
32.12;33.68;32.08;33.3;1431073
32.85;33.45;32.52;32.94;1298241
32.71;33.2;32.7;32.85;618108
32.6;33.37;32.44;32.44;654372
32.6;33.43;32.45;32.9;132084
32.9;33.35;32.75;33.01;298784
33.2;33.9;33.08;33.78;372770
34;34.2;33.19;33.57;166769
35;35;34.2;34.6;477537
34.99;34.99;34.5;34.88;657109
34.95;35;34.38;34.64;844412
34.52;35.26;34.12;34.16;1195176
34;34.38;33.33;33.45;849281
33.5;33.76;32.92;33.18;608466
32.99;33.39;32.9;32.9;657659
32.87;33.28;32.41;33.14;599416
33.24;33.24;31.94;32.19;1205489
32.06;32.07;31.13;31.76;1066237
32.27;32.32;31.51;32.1;656801
32.6;32.86;31.85;32.31;449445
32.25;32.3;30.19;30.41;1636501
30.05;30.61;29.89;30.37;1166220
30.82;30.82;29.8;30.03;727549
30.04;30.04;29.11;30;1003984
29.8;30.28;29.45;30.01;748560
29.99;30.2;29.72;30.2;935098
30.88;30.88;29.99;30.4;1219394
30;31.4;28.33;29.54;2442278
29.67;30.3;29.4;29.88;1083623
29.51;29.58;28.865;29.14;891025
29.22;29.455;28.7;29.185;537603
29.49;29.49;28.95;29.255;841203
29.11;30;28.9;29.995;867994
30;30;29.285;29.56;1006113
29.51;29.795;29.4;29.675;523456
29.47;29.87;29.27;29.4;887819
29.255;29.68;29.25;29.66;465069
29.6;29.68;29.225;29.395;388958
29.605;30.02;29.445;29.795;670332
29.645;30.25;29.63;30.01;419844
29.825;29.845;29;29.19;593107
29.29;29.42;28.655;28.92;649329
29.07;29.07;28.5;28.57;656170
28.49;29.025;28.4;28.84;747001
29.13;29.24;28.455;28.525;552120
28.415;29.035;28.105;28.215;636680
28.49;28.71;27.725;27.9;731041
28.14;28.72;27.77;27.9;887208
27.7;27.7;26.91;27.4;917053
26.89;27.935;26.85;27.665;891876
27.78;28.17;27.35;27.4;851760
27.645;28.32;27.12;28.12;1146353
28.12;28.165;26.81;26.83;1303319
27.035;27.09;26.14;26.31;923569
26.52;26.63;26.08;26.57;835985
26.465;27.01;26.115;26.93;969515
26.925;26.93;26.33;26.65;717049
26.61;27.4;26.32;27.36;867588
27.645;27.88;27.275;27.4;799843
27.625;28.25;27.52;28.22;548180
28.005;28.42;27.815;28.42;727472
28.475;28.72;28.19;28.485;654182
28.49;28.56;27.77;28.04;672378
28.02;28.19;27.525;28.04;924016
28.2;28.585;28.05;28.54;593857
28.8;28.825;28.45;28.74;754856
28.57;29;28.405;28.875;451822
28.865;29.08;28.68;29.08;423697
28.99;29.05;28.7;28.945;497921
28.625;29.035;28.43;28.43;696082
28.7;29.1;28.605;29.1;606858
29.12;29.74;28.885;29.555;683425
29.85;30;29.45;29.945;1063136
29.825;30;29.45;29.63;729178
29.82;30.295;29.7;30.295;648561
30.47;30.93;30.4;30.505;724169
30.44;30.69;29.99;30.55;592979
30.7;31.435;29.92;31.41;683725
31.09;31.09;30.2;30.29;936700
30.26;30.615;30.09;30.325;536132
30.38;30.88;30.24;30.81;460893
30.815;31.195;30.5;30.91;785065
30.9;30.975;30.45;30.48;761904
30.54;30.89;29.775;30.255;698948
30.36;30.36;29.635;30.05;766750
30.18;32.9;30.095;31.63;1861736
31.78;32.85;31.65;31.78;1236405
31.955;33.08;31.95;33.01;682800
32.995;33.49;32.28;33.295;577711
33.6;33.635;33.2;33.3;584588
33.43;33.47;32.6;32.74;779457
33.06;33.195;32.51;33.195;379567
33.08;33.08;32.545;32.995;838106
32.995;34.295;32.83;33.85;926284
34.23;34.25;33.58;33.845;789452
33.98;34.4;33.75;34.4;473438
34.5;34.53;33.55;33.72;635371
33.565;34.18;33.51;34;516515
34.22;34.88;33.36;33.39;1056780
33.21;34.17;33.2;33.875;637012
33.875;34.31;33.515;34.155;507896
33.98;34.68;33.85;34.68;435673
34.75;34.75;33.925;34.15;540535
34.285;34.7;33.915;34.205;451142
33.455;34.09;33.41;33.65;297219
33.855;33.945;32.995;33.215;472820
33.4;33.625;33.1;33.45;323581
33.35;33.6;32.705;33.505;520845
33.54;33.7;32.865;32.935;528426
32.88;33.35;32.5;32.63;445955
33;33.22;32.45;32.515;586824
33;33.16;32.75;32.95;312799
32.735;33.68;32.72;33.325;592110
33.34;33.67;33.235;33.275;404712
33.315;33.72;33.21;33.43;347879
33.43;33.61;33.08;33.22;361470
33.32;33.55;32.8;33.415;597797
33.41;33.955;33.4;33.665;575211
33.83;34.035;33.735;33.865;469344
33.85;34.575;33.69;34.535;435525
34.555;35.06;34.265;34.63;604529
34.62;34.62;33.74;33.79;480258
33.89;34.165;33.8;33.96;330660
33.84;34.445;33.84;34.19;637536
34.515;34.515;33.55;33.935;565217
34;34.145;33.38;33.75;633895
33.76;34.09;33.16;33.3;504487
33.23;34.5;33.23;34.01;812552
34.095;34.25;33.62;34.065;479040
34.005;34.175;33.38;33.82;659861
33.9;34.25;33.785;33.995;691515
34;34.4;33.945;34.25;416947
34.25;34.405;33.695;33.98;681080
34.305;35.95;34.185;35.73;1264008
35.43;36;35.27;35.42;740544
35.58;35.665;34.825;34.91;385416
34.865;35.8;34.585;35.635;528182
35.74;35.74;34.79;35;630177
35.08;35.67;34.63;35.4;467003
35.4;35.535;34.825;35.3;521890
35.22;35.5;34.84;34.98;614463
34.975;35.565;34.66;35.4;759828
35.6;35.645;35.36;35.615;646810
35.655;35.655;35.14;35.3;592107
35.255;35.9;35.25;35.79;804928
35.8;36.21;35.5;35.96;984089
36.44;37.03;36.2;36.62;733952
36.75;37.19;36.505;37.14;697597
37.21;37.94;37.09;37.79;802185
37.84;38.075;37.56;37.8;825591
37.65;37.98;37.375;37.9;577841
37.99;38;37.63;37.96;495940
37.86;38.02;37.665;37.9;480146
37.85;38.69;37.85;38.555;592722
38.615;38.835;38.4;38.61;750604
38.575;38.9;38.35;38.9;737769
38.825;39.2;38.42;39.08;576446
39.08;39.14;38.41;38.66;495966
38.51;39.145;38.3;38.42;629167
38.51;38.835;37.685;37.815;783005
37.69;37.805;37.3;37.605;1003919
37.455;38;37.33;37.93;516160
37.935;37.99;37.485;37.635;474585
37.86;38.02;37.505;37.6;819545
37.67;37.77;37.515;37.7;714356
37.7;37.905;37.305;37.445;534934
37.425;37.55;36.94;37.2;483616
37.215;37.4;36.61;37.01;411103
36.84;37.465;36.75;37.43;385460
37.64;38.315;37.605;38.17;519017
38.17;38.75;37.865;38.6;449675
38.7;38.87;38.34;38.705;294796
38.935;39.23;38.88;39.105;669455
38.93;39.54;38.9;39.2;507200
39.795;39.795;37.7;37.935;1050657
37.935;38.18;37.1;37.26;1055098
37.27;37.97;37.26;37.67;600305
37.94;38.195;37.27;37.38;846843
37.415;37.43;37.02;37.115;658052
37.15;37.27;36.75;36.9;760063
37.18;37.18;36.845;36.97;848288
37.005;37.27;36.95;37.055;559179
37.1;37.245;36.72;36.82;584504
36.8;37.135;36.73;36.935;758692
37;37.255;36.82;36.89;706129
37.015;37.5;36.89;37.4;553059
37.265;37.655;37.055;37.49;590391
37.5;37.8;37.29;37.6;682230
37.65;37.76;37.25;37.6;560837
37.69;38.27;37.44;38.035;756075
37.89;38.085;37.725;37.85;853708
37.87;38.245;37.87;38.175;544953
38.3;38.915;38.3;38.49;588829
38.39;39;38.14;38.85;673291
38.64;38.9;38.215;38.33;548061
38.24;38.56;38.09;38.34;322690
38.24;38.365;37.655;37.965;1004896
37.81;38.725;37.7;38.62;703920
38.8;39.305;38.56;38.945;725106
38.95;39.47;38.765;38.85;487740
38.76;38.795;38.425;38.425;589697
38.34;38.46;38.025;38.35;421010
38.38;38.785;38.155;38.785;487098
38.755;39.325;38.7;39.03;480286
39.33;39.84;39.03;39.775;842959
39.6;40.35;39.59;40.265;634240
40.35;41.14;40.3;40.95;664778
40.835;41.04;40.36;40.605;660914
40.575;41.035;40.575;40.8;676680
40.95;41.2;40.8;41.03;611833
41.115;41.39;40.91;41.055;753924
41;41.235;40.805;40.885;469569
40.885;40.9;40.425;40.615;558148
40.695;40.835;40.295;40.34;712975
39.9;40.16;39.58;39.78;741806
39.77;39.84;38.54;38.65;1273242
38.705;38.94;38.205;38.41;698702
38.5;39.215;38.235;39.07;866504
39.005;39.15;38.53;38.665;768567
38.605;38.855;38.15;38.6;899397
38.585;38.95;38.05;38.15;943420
38.15;38.355;37.73;38.155;648872
37.965;38.505;37.91;38.355;670234
38.49;38.55;38.12;38.4;570074
38.255;39.035;38.145;38.59;735560
38.7;38.99;38.61;38.905;515640
39.135;39.365;38.835;39.25;688371
39.25;39.5;39.2;39.3;442559
39.37;39.5;39.065;39.19;378741
39.18;39.45;38.99;39.08;501923
39.085;39.355;38.885;39.185;386624
39.34;39.605;39.215;39.46;490244
39.21;39.64;39.21;39.42;351980
39.62;39.805;39.4;39.52;516137
39.495;39.66;38.895;38.95;531289
39.055;39.28;38.8;39.005;608221
39.35;39.405;39.1;39.24;496217
39.03;39.4;38.895;39.19;411144
39.385;39.39;39.135;39.26;321225
39.215;39.235;38.45;38.56;363430
38.15;38.83;38.05;38.75;389819
38.87;39.17;38.525;38.635;391251
38.86;39.1;38.55;39;372035
38.98;39.2;38.795;39.065;386670
39.3;39.35;38.95;39.07;437396
38.905;39.94;38.895;39.82;454794
39.7;40.3;39.45;40.15;546330
40;40.25;39.58;39.79;573454
39.77;39.93;39.365;39.46;485062
39.345;39.82;39.2;39.81;447103
39.82;40.465;39.82;40.34;662571
40.5;40.575;40.235;40.575;511184
40.6;41;40.51;40.865;616960
40.93;41.4;40.795;41.155;569584
41.14;41.315;40.815;40.87;421734
40.89;41.38;40.8;41.11;601160
41.19;41.58;41.115;41.43;332652
41.36;41.7;41.35;41.66;383382
41.8;42;41.69;41.85;367801
41.555;41.835;41.25;41.81;80146
41.8;41.81;41.43;41.605;177064
41.6;41.99;41.6;41.925;229137
41.9;41.975;41.58;41.58;189068
42;42;41.49;41.75;149300
41.5;41.985;41.44;41.615;444587
41.405;41.42;41.16;41.23;436929
41.31;41.4;40.84;41.16;441909
40.955;41.43;40.91;41.25;526904
41.49;41.49;40.875;41.25;373685
41.3;41.48;41.1;41.29;438027
41.37;41.635;41.18;41.22;717111
41.31;41.76;41.285;41.76;499709
41.93;42;41.76;42;322904
41.94;42.43;41.79;41.805;502813
41.94;42.47;41.91;42.16;386152
42.16;42.55;42;42.36;551342
42.34;42.985;42.16;42.295;494139
42.425;42.6;42.03;42.04;511233
41.95;42.415;41.9;42.11;479877
41.88;41.94;41.5;41.775;403767
41.46;41.86;41.21;41.86;487297
41.545;41.945;41.21;41.87;530393
41.97;42.425;41.65;41.65;511994
41.9;42.245;41.565;42.105;441212
41.94;42.165;41.745;42.055;311847
42.095;42.12;41.81;41.95;339528
41.96;42.075;41.67;41.89;451919
41.99;42.06;41.43;41.455;377467
41.33;41.6;40.95;41.02;717513
41.195;41.325;41.03;41.275;565335
41.13;41.42;40.975;41.13;579901
41.13;41.635;41.055;41.5;662016
41.575;42.49;41.455;42.44;804970
42.85;43.355;42.71;43.195;1062509
43.2;43.3;42.915;43.02;472100
43.155;43.25;42.725;43.145;765071
43.265;44.105;43.13;43.985;834895
44;44.235;43.845;44.08;754493
43.785;44.2;43.615;44.11;691079
44.12;44.35;43.815;43.87;377408
43.905;44.185;43.495;43.55;683991
43.58;44.175;43.25;44.02;618490
43.81;44.315;43.58;43.58;548934
43.795;44.31;43.72;44.295;726999
44.44;45.33;44.44;45.21;608597
45.2;45.275;44.87;44.96;674584
44.8;44.88;44.015;44.535;872800
43.99;44.945;43.1;44.835;768244
45.125;46.1;45.05;45.715;1023512
45.8;45.995;45.69;45.9;628383
45.9;46.19;45.82;46.155;898766
46.195;46.52;46.06;46.435;711438
46.42;47;46.345;46.345;858985
46.39;46.715;46.075;46.32;445054
46.43;46.93;46.355;46.415;567616
46.59;47.065;46.5;46.97;533940
47.05;47.185;46.79;47.055;493798
46.98;47.27;46.835;46.915;549334
47.115;47.3;46.795;47.3;916724
47.29;47.45;46.85;47.44;616762
47.36;47.395;46.875;47.05;685046
47.13;47.345;46.95;47.255;488403
47.24;47.55;47.11;47.39;379342
47.435;47.575;47.21;47.375;432064
47.45;47.47;47.15;47.33;454296
47.3;47.35;46.795;46.81;730622
46.81;47.27;46.625;47.27;776587
47.5;47.91;47.4;47.725;616808
47.92;47.96;47.45;47.475;558945
47.4;47.635;47.335;47.45;488301
47.335;47.48;46.92;47.24;537906
47.3;47.585;47.235;47.5;400003
47.19;47.4;46.275;46.315;1223835
46.11;46.605;45.62;46.5;1246058
46.6;46.8;45.9;46.02;803575
45.95;46.825;45.915;46.64;756185
46.64;46.93;46.205;46.28;849243
46.14;46.635;46;46.35;671292
46.5;46.81;46.07;46.705;543342
46.795;46.815;46.365;46.575;510272
46.59;46.995;46.39;46.515;628433
46.41;46.99;46.41;46.83;637158
47;47.4;46.8;46.945;662367
46.8;46.94;45.95;45.95;636867
45.505;45.805;45.28;45.395;837446
45.68;45.865;45.305;45.705;816963
45.775;46.04;45.64;45.935;672155
45.63;47.08;45.63;46.87;668274
46.77;47.165;46.225;46.315;704128
45.85;45.855;45.26;45.6;1095043
45.55;46.52;45.55;46.2;944322
45;45.55;44.55;44.9;1736502
44.605;46.31;43.5;46.18;1217076
45.71;46.19;44.8;46.085;652516
46.01;47.06;45.88;46.83;550624
47;47.72;46.65;47.68;474570
47.5;47.775;46.885;46.99;542627
46.655;47.5;46.65;47.29;556741
47.8;47.96;47.45;47.865;470511
47.34;47.95;47.195;47.655;776469
47.895;47.895;45.77;46.14;1022815
45.985;46.295;45.19;45.77;919605
46.185;46.24;45.605;45.725;532322
44.3;45.455;44.03;44.795;1078504
45.425;45.645;44.74;45.315;668561
45.535;46;45.2;45.995;538360
46.34;46.495;46;46.44;618742
46.54;46.6;46.215;46.45;227869
46.26;46.75;45.79;46.71;595315
46.52;46.94;46.02;46.81;523601
47.01;47.735;47.01;47.64;701041
47.545;47.715;46.61;47.105;998736
46.63;47.16;46.375;47.02;666087
47.19;47.48;46.85;47.375;713329
47.545;48.225;47.275;48.19;785400
47.825;49.135;47.8;49.025;644055
49.06;49.07;48.315;48.535;814468
48.58;48.875;48.48;48.59;630321
48.205;49.12;48.175;48.985;495261
49.12;49.3;48.53;48.865;614243
48.685;49.215;48.5;49.015;534089
49.035;49.135;48.71;48.92;666294
49.22;49.55;49.045;49.55;641605
49.23;49.975;49.125;49.765;729880
49.68;49.975;49.355;49.69;531768
49.805;49.9;49.06;49.31;507861
49.205;49.47;48.645;48.96;373216
48.995;49.485;48.93;49.425;398056
49;49.4;48.55;48.65;502117
48.86;49.08;48.575;48.98;529889
48.3;48.95;47.78;48.025;548287
48.2;48.49;47.515;47.805;620339
47.905;48.17;47.635;47.88;262573
48;48.56;47.85;48.31;566690
48.02;48.31;47.34;48.215;851642
48.455;48.815;48.22;48.815;574105
48.94;49.18;48.635;49.03;651349
49.07;49.6;48.74;49.49;408169
49.51;49.9;49.205;49.43;604770
49.645;49.88;49.285;49.88;451285
49.635;50.29;49.635;50;469593
50.26;50.45;49.36;49.6;560317
49.37;49.75;48.915;49.06;508953
49.36;49.36;48.67;48.745;517101
49.065;49.14;48.62;48.625;317273
48.49;49.245;48.1;49.03;532107
48.995;49.235;48.765;48.925;353237
49.16;49.16;48.505;48.715;296708
48.615;49.45;48.52;48.8;620700
48.735;48.805;48.285;48.29;503113
48.355;48.54;47.485;47.54;744800
47.415;48.275;47.235;48;677310
48.1;48.88;48.05;48.605;431957
48.345;48.515;47.8;47.92;642919
47.695;48.235;47.65;48.23;457193
48.18;48.8;48.08;48.19;336335
48.41;48.8;47.87;48.06;385630
48.61;48.795;48.36;48.585;241293
48.495;48.585;48.12;48.325;291797
48.005;48.205;47.74;47.74;494475
47.515;48.31;47.515;48.075;303933
48.1;48.34;47.93;48.12;380271
48.36;49;48.035;48.9;425543
49.045;49.785;48.79;49.58;557858
49.5;49.755;48.955;49.56;383694
49.705;50;48.82;48.855;542863
48.76;48.95;48.2;48.615;408747
48.775;48.985;48.6;48.79;272872
48.475;48.79;48.345;48.585;382970
48.55;48.6;47.92;48.225;367099
48.47;48.56;47.945;48.2;763610
48;48.2;46.56;47.97;893829
48.13;48.295;47.9;48.05;439906
47.565;48;47.49;47.895;878132
48.05;48.43;47.705;48.43;612502
48.19;48.405;48.03;48.23;374578
48.305;48.425;47.91;48.08;634617
48.425;48.545;48.14;48.325;428910
48.325;48.44;47.875;48.115;553710
48.005;48.235;47.91;48.075;520340
48.065;48.445;47.945;48.275;628087
48.375;48.645;48.255;48.39;430442
48.775;48.825;48.42;48.625;419823
48.66;48.815;48.62;48.745;326158
48.795;48.95;48.585;48.81;357598
48.815;49.195;48.38;48.49;671160
48.885;49.055;48.42;48.675;797071
48.73;49.09;48.6;49.005;349965
48.99;49.2;48.835;48.865;601320
49.1;49.15;48.59;48.825;716361
49;49.07;48.39;49.05;518807
49;49.27;48.55;49.23;587307
49.265;49.77;49;49.475;401818
49.5;49.9;49.14;49.775;504940
49.85;50.45;49.76;50.29;552901
50;51.17;49.8;50.47;842518
50.41;50.86;50.14;50.3;570544
50.28;50.3;49.37;49.425;412117
49.445;50.25;49.35;49.915;370145
50.08;50.35;49.735;49.955;488872
49.88;49.95;49.35;49.59;393859
49.595;49.845;49.2;49.35;492361
49.365;49.47;49.085;49.3;294779
49.045;49.285;48.235;49.165;525925
49.37;49.62;47.875;47.875;387120
48.845;49.365;48.8;49.035;696301
49.01;49.28;48.565;49.225;519440
49.1;49.6;49.015;49.035;380408
48.935;49.14;48.52;48.85;401575
48.83;48.905;48.555;48.85;367116
48.815;49.2;48.525;48.935;450175
48.6;48.85;47.905;48;822289
47.95;48.21;47.28;47.36;790015
47.355;48.21;46.765;48.105;893369
48.12;48.77;47.84;48.125;920614
48.455;48.49;47.875;48.01;430562
47.845;48.185;47.45;47.98;591201
48.04;48.095;47.25;47.655;612199
47.67;48.335;47.625;48.205;563711
48.295;48.315;47.95;48.005;609253
48.415;48.485;47.71;47.835;621542
47.885;48.32;47.765;48.085;513196
48.04;48.24;47.81;47.97;475686
47.955;48.145;47.8;47.975;400578
47.915;48.2;47.91;48.12;505359
48.14;48.275;48;48.04;250638
47.855;48.23;47.69;48;428501
47.885;48.06;47.695;47.995;390674
47.885;48.1;47.71;47.97;484407
47.995;48.455;47.925;48.455;559494
48.505;48.675;48.365;48.56;491286
48.01;48.245;47.705;48.14;736832
48.31;48.335;47.645;47.74;555760
47.64;47.8;47.465;47.495;420223
47.45;47.955;47.4;47.84;480660
47.735;48.075;47.33;47.865;511898
47.535;48.09;47.48;47.905;539532
47.88;47.88;47.175;47.23;692867
47.225;48.205;47.22;48.135;1085601
47.775;48.45;47.415;48.415;779763
48.095;48.83;47.8;48.83;701238
48.59;49.09;48.59;49.01;582411
48.8;49.035;48.665;48.975;341834
49.075;49.31;48.76;48.82;575603
48.8;49.4;48.695;49.07;539217
49.1;49.485;48.8;49.12;509600
49.135;49.35;48.93;49.1;429962
49.03;49.455;49.03;49.21;586642
49.1;49.56;49.055;49.56;449753
49.45;49.74;49.32;49.48;563978
49.595;49.69;49.335;49.555;525338
49.68;49.85;48.91;49.225;956005
49.23;49.465;49.04;49.295;416273
49.5;49.64;49.18;49.425;471100
49.36;49.65;49.165;49.43;416858
49.425;49.585;49.105;49.51;251134
49.49;49.51;49.06;49.35;65742
49.35;49.73;49.015;49.565;175007
49.565;49.755;49.445;49.66;137371
49.7;49.9;49.53;49.54;170354
49.575;49.64;49.11;49.255;206242
49.015;49.175;48.175;48.175;164287
48.595;49.095;48.285;48.48;367843
48.27;48.965;47.835;48.965;585588
48.9;49;48.595;48.75;409139
48.945;49.06;48.32;48.395;492951
48.435;48.725;48.105;48.4;395468
48.35;48.645;48.05;48.275;379840
48.36;48.59;48.06;48.46;358578
48.345;49.29;48.305;48.84;544410
49;49.12;48.87;48.94;659241
48.995;49.07;48.605;48.74;462556
48.98;49.15;48.58;48.66;211477
48.98;48.98;48.28;48.465;405088
48.545;48.635;48.05;48.11;358854
47.985;48.175;47.02;47.14;731440
47.22;47.82;46.93;46.93;648583
47.015;47.565;46.605;47.415;563598
47.52;47.975;47.18;47.855;587663
47.94;48.335;47.835;48.17;495295
48.195;48.7;47.9;48.395;558085
48.575;49.325;48.305;48.415;674539
49.38;49.38;48.615;48.825;843857
48.905;49.325;48.825;49.265;619657
49.345;49.75;49;49.6;659442
49.525;49.785;49.32;49.725;545522
49.69;49.825;49.6;49.825;416781
49.725;50.09;49.66;50;509041
49.88;50.35;49.5;50.3;587957
50.25;50.95;50.2;50.59;618561
50.55;51.05;50.55;51.01;369705
50.82;51.09;50.38;50.9;444447
50.89;51.45;50.51;51.21;468961
51.46;52.2;51.2;51.85;515236
51.77;51.88;51.24;51.41;418070
51.42;51.66;51.22;51.65;315004
51.68;51.77;51.21;51.66;340443
51.62;51.75;51.24;51.59;467295
51.57;52.37;51.22;52.11;1006251
51.88;52.1;51.59;51.9;558577
51.51;51.87;51.39;51.52;399021
51.42;51.98;51.04;51.82;548009
51.74;52.12;51.51;51.75;403686
51.41;52.75;51.41;52.65;620257
51;51.65;50.62;51.08;1312248
51.02;51.86;50.82;51.79;796873
51.79;52.68;51.71;51.94;626246
51.85;52.09;51.53;51.53;454531
51.62;51.7;51.12;51.53;686396
51.69;52.33;51.45;52.32;794467
52.1;52.26;51.75;52.26;622453
51.75;52.29;51.68;51.99;850421
51.57;52.12;51.51;51.72;722163
51.02;51.36;50.09;50.17;1119488
50.06;50.37;49.46;49.46;1233948
49.545;49.705;48.78;49.24;1194330
49.285;50;49.2;49.67;1122469
50;50.26;49.69;50.11;643665
50.07;50.19;49.85;49.96;731743
49.905;50.94;49.85;50.82;786342
50.69;51.61;50.35;51.48;676301
51.55;51.92;51.02;51.47;414813
51.52;51.9;51.38;51.79;323745
51.73;51.95;51.39;51.84;312179
52;52.7;51.85;52.65;515813
52.49;52.86;52.29;52.4;500258
52.69;53;52.45;53;511010
52.95;53.23;52.39;53;474522
53.08;53.6;52.92;53.53;333676
53.65;53.96;53.38;53.66;446306
53.67;53.77;53.32;53.33;303201
53.46;53.82;53.35;53.82;407508
53.6;54;53.46;53.65;398587
53.6;54;53.5;53.78;537162
53.98;54.54;53.66;54.5;459650
54.15;54.62;54;54.5;389209
54.59;55.35;54.47;55.35;431995
55.4;55.68;54.69;54.69;737867
54.59;55.31;53.27;55.29;587483
55.45;56.28;55.45;55.77;695751
55.9;56.05;55.06;55.51;590172
55.53;55.78;55.17;55.64;527578
55.63;55.79;55.31;55.5;407605
55.66;56.15;55.33;56.14;426757
56.1;56.79;56.01;56.52;421707
56.57;56.65;56.34;56.39;251383
56.49;56.61;56.01;56.28;424738
56.04;56.56;55.47;55.65;615493
55.79;56.28;55.4;56.09;384865
56.14;56.69;56;56.63;590677
56.56;56.69;55.88;56.13;404341
56.27;57;56.19;56.66;399540
56.7;57.05;56.4;56.53;712503
56.28;56.6;55.97;56.51;385903
56.65;56.98;56.37;56.61;461704
55.65;56.35;55.43;56;478101
55.86;55.86;54.67;54.77;464877
54.93;55.5;54.93;55.39;410437
55.74;56.41;55.53;56.12;613325
56.13;56.32;55.67;55.81;510431
55.39;55.72;54.88;55;502680
55.01;55.32;54.63;55.22;452807
54.84;55.43;54.59;55.18;457965
55.12;55.61;55.1;55.42;459012
55.7;56;55.55;55.7;446528
55.68;56.27;55.48;55.6;219395
55.82;56.27;55.7;56.27;707762
56.33;56.47;56;56.01;478107
55.72;55.72;55.11;55.11;342152
55.01;55.52;54.81;55.24;426042
55.23;56.16;54.96;55.94;489313
55.89;55.99;55.38;55.58;425379
55.3;55.81;55.23;55.3;354719
55.17;55.76;54.75;55.72;363620
55.5;55.8;54.71;54.71;358023
54.82;55.13;54.72;54.89;147241
54.96;55.81;54.85;55.6;353023
55.51;55.64;55.17;55.39;305217
55.19;55.44;54.12;54.38;815896
54.01;54.69;53.72;54.24;616311
53.01;54.16;53;54.12;450531
54.27;54.7;54.19;54.67;368999
54.71;54.94;54.36;54.63;335301
54.49;54.9;54.04;54.4;379731
54.58;55;54.32;54.4;470608
54.41;55;54.39;54.84;268376
54.88;55.21;54.57;54.96;348063
55.16;56.03;55.16;55.88;508079
55.98;56.15;55.46;55.93;438533
55.93;56.08;55.76;56.07;302240
56.17;56.37;56;56.19;274615
56.1;56.55;55.96;56.34;390887
56.5;56.57;56.06;56.35;394503
56.5;56.74;56.09;56.41;559062
56.42;57.04;56.07;56.6;564365
56.06;56.84;56.06;56.49;626202
55.82;56.24;55.06;55.64;789549
55.53;56.37;55.4;56.12;386171
55.66;56.49;55.5;55.71;236013
55.68;57.04;55.65;57;701095
56.52;57.22;56.09;56.09;470246
56.18;56.32;55.29;55.3;531047
55.54;55.87;55.26;55.78;408635
56.14;56.46;55.2;56.2;452745
56.38;56.71;55.87;56.71;397674
56.58;57.23;56.4;56.87;420812
56.86;57.16;56.48;57.1;421959
57;57.72;56.76;57.44;561249
57.01;57.16;56.5;56.7;537682
56.38;56.38;55.71;55.91;497021
56.26;56.53;55.23;55.25;415380
55.1;55.54;54.67;54.77;431113
54.36;54.5;53.63;53.73;653265
54.3;54.49;52.89;52.89;959246
51.81;53.06;51.2;51.59;1245630
51.1;51.53;49.655;49.655;1024984
49.54;50.51;46.885;50.34;1749926
51.29;52.16;49.69;49.69;1401555
50.9;51.47;49.13;50.95;1338072
50.9;52.17;49.65;52.17;852184
52.62;53.02;51.96;52.15;556082
51.86;52.6;51.04;52.35;585220
52.21;53.42;51.94;53.28;570917