27.8;28.5;27.44;28.5;45739739
28.01;28.29;27.8;27.8;10347684
27.76;27.8;27.25;27.26;6966257
27.25;27.78;27.25;27.7;4203284
27.61;27.9;27.5;27.75;1828597
27.55;27.7;27.25;27.44;1600592
27.25;27.55;27.25;27.28;1528654
27.28;27.34;27.1;27.29;2611001
27.1;27.19;26.53;26.65;4188568
26.65;27.28;26.61;27.1;2039648
27;27.03;26.61;26.7;910653
26.6;27;26.6;26.85;999072
26.83;27;26.72;26.92;971733
26.85;27.33;26.84;27.33;1579014
27.4;27.57;27.01;27.21;1369821
27.1;27.23;26.7;27.08;1026326
26.72;27.4;26.72;27;679565
26.97;27;26.69;26.75;1287552
26.75;26.8;26.5;26.67;1478794
26.53;26.98;26.52;26.98;577464
27.5;27.88;27.15;27.8;1775014
27.65;28;27.65;27.8;862777
27.9;27.97;27.46;27.97;985279
27.91;28;27.53;27.71;1125737
27.78;28.44;27.65;28.43;974637
28.42;29;28.3;28.5;1491111
28.5;28.75;28.48;28.54;865184
28.62;28.71;28.35;28.48;990301
28.1;28.5;28.1;28.21;846334
28.36;28.5;28.16;28.24;624084
28.18;28.4;28.03;28.08;639477
28.11;28.13;27.55;27.6;1014971
27.58;27.79;27.21;27.45;1071715
27.4;27.59;27.23;27.26;1306503
27.2;27.47;27.2;27.35;1116684
27.33;27.75;27.31;27.6;965105
27.5;27.75;27.38;27.38;852618
27.5;27.84;27.45;27.65;1080428
27.65;27.87;27.1;27.1;14806858
27.29;27.32;26.65;26.7;2031616
26.85;27;26.66;26.7;1622322
26.68;26.85;26.62;26.76;1020322
26.87;27.18;26.81;27.13;1244975
27.27;27.42;27.15;27.16;1121786
27.3;27.32;26.75;26.88;642595
26.98;27.43;26.81;26.84;1060557
26.8;27.05;26.65;26.88;528799
26.86;27;26.7;26.94;586814
26.84;26.94;26.7;26.8;944276
26.73;27;26.71;26.92;578090
26.95;27.24;26.77;27.02;1049327
26.86;27.28;26.8;27.08;895768
27.27;27.28;26.96;27.04;983242
27.25;27.63;26.97;27;2108846
26.97;27.72;26.86;27.23;1196426
27.38;27.63;27.25;27.45;1386632
27.7;27.85;27.58;27.7;1094591
27.7;27.82;27.6;27.75;1124273
27.82;28.12;27.71;28.12;1632526
28.05;28.3;27.88;28.27;1139920
28.29;28.3;27.8;27.82;941993
27.67;27.94;27.62;27.69;881273
27.64;27.75;27.52;27.7;676177
27.54;27.66;27.4;27.5;616088
27.39;27.39;26.8;26.8;1970514
26.8;27;26.77;26.9;915329
26.88;27.31;26.86;26.9;632795
27;27;26.73;26.8;1699416
26.7;26.75;26.5;26.56;1446212
26.5;26.55;26.02;26.16;1604474
26;26.54;25.75;26.18;1906421
26.22;26.69;26.22;26.29;829769
26.45;26.7;26.36;26.58;1424051
26.33;26.36;25.58;25.6;2540518
26.2;26.2;25.7;25.77;1361103
25.61;25.9;25.54;25.8;945583
25.7;25.9;24.96;25.01;3672838
25.15;25.2;24.78;24.85;2161168
24.82;25.42;24.82;25.14;1524928
25;25.16;24.95;25.04;661388
25.25;25.8;24.95;25.59;2060845
25.5;25.77;25.46;25.65;1084919
25.65;25.7;25.55;25.64;566563
25.63;25.75;25.2;25.46;950028
25.28;25.54;25.1;25.37;1023871
25.15;25.24;24.8;24.95;2150705
24.7;25;24.7;24.87;1059113
24.81;24.93;24.53;24.53;1746311
24.71;25.29;24.71;25.17;2221876
25.17;25.43;25.15;25.18;832312
25.2;25.52;25.2;25.41;645299
25.25;26.06;25.25;26.04;1193487
26.03;26.03;25.55;25.71;727754
25.57;25.85;25.55;25.66;784112
25.71;25.8;25.39;25.5;544288
25.66;25.98;25.28;25.3;1092837
25.12;25.75;25.11;25.57;593874
25.53;25.74;25.27;25.7;847151
25.75;26.1;25.53;25.61;862137
25.57;26.28;25.57;26.12;1389943
26.04;26.4;26;26.27;857957
26.08;26.35;25.9;25.98;1528968
25.95;25.98;25.72;25.91;396045
25.76;25.94;25.58;25.7;1744653
25.68;25.75;25.45;25.6;833271
25.56;25.62;25.22;25.56;1050774
25.41;25.58;25.32;25.53;727378
25.46;25.55;25.29;25.43;476360
25.35;25.41;25;25.01;1750084
25;25.3;24.93;25.2;944044
25.2;25.35;25.05;25.23;759367
25.2;25.24;25.11;25.13;648449
25.13;25.19;24.81;24.91;1407494
24.91;25.02;24.63;24.65;989887
24.64;25.03;24.63;25.03;944057
24.74;25.51;24.74;25.51;2522953
25.06;25.2;24.33;24.51;3239172
24.4;24.44;23.9;24.37;2512135
24.35;24.68;24.26;24.62;1912677
24.54;25.45;24.4;25;2745855
25;25.25;25;25.08;579605
24.83;25.03;24.83;24.92;682725
24.87;24.91;24.71;24.86;402562
24.84;25.04;24.75;25;378769
24.92;24.98;24.7;24.76;408247
24.64;24.94;24.64;24.82;294992
25.38;25.64;25.25;25.6;2681971
25.75;26;25.63;25.91;1524242
25.84;25.85;25.57;25.65;723800
25.55;25.87;25.55;25.74;785096
25.55;25.7;25.38;25.61;1299436
25.6;25.88;25.3;25.67;1377763
25.59;25.88;25.46;25.65;1144666
25.6;25.78;25.52;25.71;898989
25.56;25.66;25.43;25.63;796999
25.55;26.07;25.55;25.98;928652
25.91;25.95;25.6;25.66;854117
25.41;25.94;25.17;25.85;1293903
25.86;26.01;25.54;25.7;1450613
25.62;25.7;25.31;25.35;1585004
25.28;25.59;25.15;25.36;1144123
25.27;25.51;25.15;25.16;691577
25.21;25.62;25.2;25.53;998066
25.79;26.64;25.75;26.11;3685327
26.3;26.43;26.13;26.38;1324141
26.2;26.29;26;26.1;718525
25.95;26.32;25.95;26.01;1023500
26.16;26.46;26.01;26.37;957249
26.25;26.53;26.23;26.4;1154893
26.31;26.58;26.31;26.56;968814
26.36;26.53;26.25;26.35;486678
26.36;26.43;26.15;26.2;956321
26.05;26.3;26.04;26.16;537891
26.18;26.24;25.95;26.11;1211310
26.01;26.56;25.94;26.42;1299656
26.25;26.77;26.22;26.77;1252002
27.1;27.29;26.86;27.03;2557521
27.15;27.25;26.78;26.95;1533123
26.95;27.33;26.92;27.27;1052474
27.15;27.35;27.1;27.35;819727
26.85;27.45;26.82;27.36;935130
27.41;27.76;27.36;27.61;2249417
27.68;28.57;27.68;28.35;3546624
28.35;28.6;28.02;28.6;2286835
29;29.9;28.9;29.8;5204074
32;32;28.85;28.97;15476906
29.09;29.1;28.35;29.03;9517534
29;29.78;28.93;29.65;4566244
29.75;29.75;28.63;28.95;2261639
28.95;29.24;28.72;29;2206322
29.2;29.26;28.82;29.23;2141942
29.16;29.4;28.93;29.4;1884236
29.5;29.97;29.08;29.29;3245419
29.3;29.43;29.09;29.17;1905439
29.16;29.19;28.93;29.06;1748134
29.07;29.29;28.97;29.19;1522841
29.1;29.17;28.6;29.05;2545315
29.15;29.69;29.02;29.53;2744831
30;30.43;29.76;30.31;3557684
30.7;30.96;30.05;30.96;3407239
30.9;31.35;30.56;31.35;1376154
31.23;31.59;30.88;31.23;2638843
30.75;31.14;30.55;30.99;1237258
30.88;30.91;30.25;30.72;1700447
30.55;30.71;30.18;30.18;1190393
30.15;30.45;30.05;30.44;868634
30.44;30.6;29.74;29.74;1528505
29.75;30.14;29.54;29.66;1873794
29.85;30.4;29.8;30.38;1317461
30.22;30.72;29.84;29.84;2135529
30;30.48;29.86;30;1290740
29.99;30;29.55;29.75;996327
29.98;30;29.71;29.75;765855
29.91;30.06;29.75;30.06;1487276
30.21;30.42;29.41;29.5;1154912
29.38;29.88;29.18;29.34;878178
29.59;29.68;28.76;28.76;1036952
29;29;28.09;28.12;1696839
28.38;28.55;28.03;28.15;1000906
28.1;28.5;28.1;28.32;954682
28.6;29.1;28.4;28.7;1126179
28.66;28.95;28.5;28.72;636752
29.02;29.37;29.01;29.2;1489377
29.07;29.29;28.82;29.05;719350
29;29.45;28.95;29.15;758425
29.08;29.2;28.8;29.14;714929
29.06;29.08;28.16;28.55;1260321
28.42;28.74;28.21;28.48;1274071
28.14;29.09;28.14;28.92;1115755
29.02;29.2;28.92;29.17;1324412
29.25;29.62;29.25;29.5;1053349
29.58;29.59;29.29;29.47;599359
29.44;29.47;29.05;29.31;655941
29.3;29.5;28.9;29.5;642162
29.3;29.49;28.98;29.15;780469
29.1;29.42;28.7;28.98;1008164
28.85;28.9;27.85;28.01;1796902
27.94;28.16;27.01;27.1;2646324
27;27.45;26.75;26.9;3132108
26.91;27.2;26.26;26.26;1691078
26.41;26.8;25.41;26.51;2215541
26.4;26.71;26.01;26.49;1683117
26.5;26.71;25.64;25.8;1588288
25.8;26.56;25.8;26.2;1525902
26.1;26.62;25.93;26.27;1715212
26.53;26.75;26.16;26.46;678149
26.85;27.63;26.66;27.63;1837512
27.42;27.65;27.05;27.11;696331
26.43;26.7;25.87;26.05;1589573
25.85;27.32;25.85;27.32;2493497
27.3;27.43;26.76;27.16;1317003
27.16;27.3;26.65;26.93;1111103
26.51;27;26.51;26.8;643757
26.45;26.6;26.18;26.37;1627674
26.23;26.95;26.05;26.43;2393886
25.95;27;25.71;26.19;1987935
26.21;26.65;26.05;26.23;839816
25.9;26.4;25.86;26.08;846282
25.57;25.9;25.38;25.75;1613324
25.88;26.3;25.3;25.92;1585751
26;26.35;25.75;26.17;1052768
26.52;26.75;25.87;26.12;1646044
26.12;26.4;25.65;25.7;1099408
25.39;26.05;25.35;25.83;1122633
26.07;26.34;25.8;26.06;1488963
26.33;26.33;25.6;25.82;910729
25.82;26.1;25.46;25.73;856494
25.85;25.89;25.51;25.7;631042
25.95;25.95;25.32;25.55;1262661
25.42;25.71;25.36;25.51;1008744
25.8;25.88;25.37;25.61;1994589
25.9;26.47;25.72;26.25;2511926
26.25;26.59;26.08;26.42;931222
26.58;26.58;26.03;26.34;577087
26.07;26.21;25.85;26.04;775915
26.04;26.56;26.03;26.3;1126580
26.3;26.4;25.86;26.1;697215
25.83;26.25;25.8;26.2;834549
25.98;26.15;25.31;25.6;1586562
25.64;25.98;25.59;25.83;1472120
25.63;26.08;25.6;26.08;1885682
25.82;26.18;25.64;25.84;1252048
25.71;25.8;25.4;25.57;1580523
25.53;26.13;25.36;26.03;844946
25.93;26.57;25.61;26.57;859848
26.59;26.63;26.25;26.54;786608
26.67;26.8;26.08;26.08;644003
26.06;26.85;26.06;26.81;850054
26.81;27.16;26.6;27.15;1133168
27.15;27.49;26.91;27.24;866196
27.3;27.7;27;27.6;1452421
27.43;27.89;27.25;27.89;878783
27.8;27.9;27.67;27.85;538155
27.8;27.85;27.15;27.38;1058993
27.38;27.48;27.24;27.4;772541
27.26;27.38;27.01;27.28;719410
27.28;27.8;27.1;27.68;706310
27.2;27.42;27.1;27.41;485615
27.5;27.65;27.32;27.53;486984
27.63;28.11;27.4;28.03;786204
27.7;27.89;27.51;27.75;570431
27.9;28.3;27.71;28.02;932199
28.1;28.36;28.1;28.13;294348
28;28.48;28;28.41;601712
28.41;28.94;28.16;28.83;1117496
28.76;29;28.59;28.92;970273
28.92;28.95;28.6;28.81;546031
28.7;28.7;28.2;28.6;425095
28.66;28.9;28.39;28.9;787930
28.9;28.91;28.56;28.68;446236
28.6;29.02;28.51;28.91;669053
28.86;29;28.55;28.74;592057
28.64;29.29;28.33;29.07;793232
29.07;29.65;29.02;29.41;1237007
29.41;29.51;29.15;29.28;867435
29.29;29.4;28.78;29.04;847945
28.89;29.25;28.6;29.12;590553
29.12;29.5;29.12;29.44;655434
29.4;29.4;28.89;29.26;516377
29.26;29.29;28.65;29;645228
28.93;28.93;28.33;28.76;963588
28.76;28.85;28.4;28.78;885564
28.6;29;28.28;28.87;943566
29.94;29.99;29.25;29.83;3366451
29.83;30.47;29.83;30.29;2748541
30.29;30.69;30.22;30.43;1946016
30.43;31.1;30.31;30.89;3894767
30.89;31.26;30.7;31.17;1878988
31.04;31.22;30.7;31.17;2337927
31.17;31.68;31.09;31.38;2527225
31.5;31.6;31.11;31.34;2907782
31.17;31.42;30.64;30.88;1299218
30.8;31.45;30.8;31.09;929396
31.19;31.65;31.12;31.5;1813501
31.51;32;31.37;31.5;1742565
31.21;31.75;31.03;31.4;1728190
31.5;31.7;31.26;31.4;960578
31.52;31.62;30.9;31.23;1102839
31.19;31.49;31.03;31.49;1091210
31.48;31.59;31.15;31.42;1221418
31.48;31.48;30.52;30.9;2425518
30.9;30.94;30.2;30.73;1297854
30.7;30.9;30.55;30.9;806120
31;31.39;30.94;31.19;1074826
31.3;31.43;31.03;31.43;1059865
31.5;31.75;31.1;31.43;2016554
31.39;31.55;31.14;31.46;1143226
31.32;31.76;31.32;31.69;1752498
31.51;31.56;31.16;31.4;1313155
31.42;31.64;31.3;31.61;1022126
31.56;31.56;31.11;31.3;1107762
31.37;31.55;31.16;31.5;1357555
31.26;31.8;31.26;31.73;1028565
31.56;31.69;31.26;31.53;1766358
31.53;31.9;31.32;31.75;2200628
31.85;32;31.7;32;2178381
32;32.02;31.35;31.7;1581707
31.59;31.89;31.34;31.7;1221879
31.78;31.84;31.36;31.5;1469196
31.42;31.78;31.25;31.67;1037942
31.51;31.58;31.22;31.53;1450432
31.6;31.8;31.17;31.53;1418195
31.53;32.2;31.51;32.2;1735907
32.2;32.62;32.12;32.62;1997173
32.49;32.76;32.36;32.76;854726
32.8;32.92;32.67;32.92;1571906
32.73;33.34;32.6;33.27;1245836
33.2;33.28;33.02;33.12;2379716
33.36;33.4;32.67;32.75;1937011
32.99;33.36;32.81;33.36;1336295
33.18;33.73;33.05;33.67;2773356
33.46;33.61;32.95;33.15;2036982
32.55;33.92;32.55;33.8;3871782
33.59;33.91;32.91;33.18;3278836
32.3;32.97;31.82;32.36;4933205
32.12;32.58;31.82;31.85;2397671
31.53;32.54;31.53;32.45;2049157
31.86;32.85;31.86;32.27;1589193
32.01;32.64;31.91;32.07;1968919
32.31;32.86;32.11;32.58;1517581
32.44;32.88;32.36;32.6;987686
32.26;32.61;31.55;31.73;4815155
31.32;31.99;31.12;31.81;1972448
31.95;32.35;31.6;32.28;2088802
32.3;32.56;31.85;32.3;1433766
32.06;33.24;32;33.24;1826491
33.28;34.09;32.82;34.09;2379732
34;34.55;33.65;33.89;2006685
33.78;33.9;33.35;33.59;1595896
33.59;34.09;33.27;33.94;1715906
33.94;34.46;33.73;34.16;1637060
34.16;34.39;33.82;34.05;1872738
33.95;34.17;33.71;34;1177608
34.03;34.19;33.6;33.95;1032562
34;34.15;33.55;33.69;1602653
33.55;34.25;33.55;34.23;2246337
33.97;34.3;33.8;33.81;615754
33.81;34;33.6;34;478092
34.05;34.09;33.85;33.9;339396
33.9;35;33.8;34.85;1267422
34.85;35.73;34.65;34.85;1091867
34.85;35.09;34.76;34.88;699218
34.9;35.13;34.01;34.95;1241753
34.65;35.2;34.41;34.5;3074417
37.95;37.95;34.61;35.19;5276300
35.3;35.95;35.22;35.35;2911570
35.3;35.37;34.3;34.42;1949927
34.55;35.79;34.46;35.52;2666173
35.37;36.25;35.33;35.88;1278271
35.88;35.99;35.16;35.3;889759
35.21;35.45;34.65;34.81;998985
34.81;35.38;34.6;34.86;1856217
34.78;35;33.81;34.06;2290259
33.75;34.4;33.5;33.73;1975827
33.57;33.87;33.52;33.68;851062
33.59;33.66;32.6;32.74;1697091
32.75;33.85;32.74;33.45;1450632
33.45;33.8;33.17;33.34;1866003
33.24;33.24;32.75;32.86;1441484
32.69;33.45;32.67;33.3;851044
33.32;33.63;33.06;33.4;802260
33.27;33.4;32.95;32.99;1297378
33.22;34.1;33.02;33.98;1559198
34.13;34.38;33.76;34.2;1077072
34;34.37;33.88;34.25;1239092
34.21;34.6;34.16;34.35;1653085
34.33;34.97;34.22;34.89;1437901
34.89;35.16;34.5;34.58;1697621
34.77;35.09;34.55;34.79;1115083
34.79;35.33;34.79;35.03;2715865
35.3;35.43;34.91;35.26;2216819
35.36;35.64;35;35.58;1517543
35.3;35.5;35.05;35.23;1265379
35.09;35.36;35.01;35.23;1163370
35.15;35.47;35.15;35.47;666760
35.61;35.93;35.36;35.48;2892662
35.52;35.61;34.95;35.02;1069266
35.02;35.4;34.76;34.99;1306127
35;35.11;34.68;34.87;1212970
34.93;35.39;34.9;35.1;1114228
34.89;34.98;33.72;33.94;2622042
32.75;33.79;32.53;33.31;2699850
33.13;33.76;32.26;32.75;2659709
32.77;33.3;32.51;32.79;1675508
32.2;32.5;31.82;32.34;2486307
32.5;32.81;32.2;32.69;1549323
32.69;33.24;32.69;33.09;1509702
33.21;33.89;33.2;33.78;2134080
33.85;33.93;33.3;33.71;1329132
33.63;34;33.34;33.87;1442284
33.87;33.87;33.2;33.36;2592103
32.97;33.18;32.25;32.34;1831602
32.58;33.01;32.4;32.96;1591745
32.96;33.23;32.55;32.87;2244445
33;33.5;32.91;33.3;1704092
33.34;34.34;33.3;34;3227047
34;34.37;33.66;34.03;1166249
34.7;34.9;34.05;34.4;2123227
34.2;34.85;34.2;34.77;3615407
34.47;34.76;34.06;34.34;1713269
34.4;34.48;34.02;34.37;1217886
34.09;34.29;33.85;34.1;1044939
34.04;34.88;33.98;34.74;1318638
34.8;34.95;34.55;34.74;910016
34.55;34.9;34.55;34.74;1235857
34.85;35.76;34.8;35.74;2493816
35.75;35.9;35.33;35.69;1866894
35.52;35.78;35.31;35.5;867277
35.5;35.6;35.22;35.4;1260109
35.24;35.47;34.83;34.93;1032276
34.8;34.93;34.4;34.68;1754594
34.68;34.99;34.53;34.76;696147
34.76;35.28;34.76;35.24;1706654
35.26;35.3;34.71;34.99;856117
34.87;35.07;34.56;34.73;1064163
34.56;35.04;34.15;34.84;1375812
34.87;35.17;34.72;35.01;1388141
35.06;35.44;34.72;34.81;1260485
34.71;35;34.3;34.44;1453664
34.34;34.9;34.3;34.59;1122285
34.69;34.98;34.54;34.59;1103986
34.59;34.65;34.04;34.19;1420696
34.02;34.73;34.02;34.6;931806
34.63;35.25;34.63;35.2;1959302
35.2;35.65;35;35.2;1039583
35.01;35.39;34.8;35.2;1447722
35.2;36.98;35.01;36.88;2111656
36.98;37.4;36.59;36.89;2106373
36.89;37.09;36.31;36.5;1578104
36.5;36.8;36.15;36.2;1235106
35.98;36.59;35.67;36.26;1806289
36.26;36.65;35.46;36.01;1769962
36.1;36.4;35.78;36.07;956885
36.05;36.49;35.73;36.25;629270
36.25;36.5;36;36.48;327244
36.48;37.52;36.17;37.2;2468074
37.12;37.52;36.9;37.27;1503406
37.29;37.39;36.69;36.9;1991965
36.9;37.44;36.9;37.44;1314212
37.35;37.73;36.91;37.36;1471604
37.43;38;37.24;38;1747042
37.91;37.95;37.46;37.62;332353
37.45;37.65;37.04;37.3;1700592
36.6;37.65;36.41;37.4;3538154
37.77;37.85;37.04;37.32;1725112
37.35;37.53;36.85;37.45;1315524
37.3;37.49;36.7;36.92;1054331
36.92;36.92;36.22;36.49;1778815
36.2;36.4;35.5;35.68;1671126
35.6;35.99;34.68;34.7;2044335
34.42;34.9;34.1;34.32;2378686
34.68;34.95;34.33;34.62;1092510
34.61;34.96;34.3;34.84;1306877
34.8;35.17;34.37;35.07;1295780
35.4;36.08;35.07;36.03;2021670
36.14;36.34;35.64;36;2195038
35.84;36.07;35.55;35.78;780276
35.78;36.12;35.62;36.03;666557
35.98;36.18;35.71;35.98;1459787
35.56;36.07;35.41;35.83;992841
36.01;36.43;35.76;36.18;1480190
35.72;36;35.55;35.97;1172290
35.66;36.05;35.56;35.69;805969
36.6;37.01;36.28;37.01;2886376
37.48;37.67;36.94;37.24;1716917
37.39;37.59;36.87;37.49;1242037
37.14;37.96;37.09;37.32;888059
37.35;38.4;37.35;38.4;1692802
38.27;38.45;38.02;38.26;1758944
38.25;38.25;37.71;37.85;1164955
37.7;37.7;36.96;37.11;1754533
37.11;37.49;36.9;37.12;1532649
37.31;37.48;36.31;36.57;1531373
36.39;36.63;36.05;36.6;1078026
36.9;37.03;35.61;37.03;1440611
37.26;37.4;36.81;37;1488885
36.86;36.86;36.09;36.47;1650248
36.21;36.7;36.18;36.37;931046
36.19;36.5;35.9;35.99;948713
36.25;36.32;35.77;36.15;979275
36.15;36.36;35.62;35.94;1051712
35.63;36.38;35.61;36.31;695907
36.12;36.45;35.75;35.78;960805
35.5;35.75;35.05;35.33;804182
35.36;35.38;34.72;34.81;1359198
34.39;34.85;33.91;34.13;2382964
33.98;34.12;33.5;33.65;1542604
33.76;34.47;33.76;34.35;1167608
33.62;34.17;33.5;33.7;978794
33.89;34.09;33.51;33.75;1314387
33.8;33.93;33.13;33.56;774526
33.01;33.56;33.01;33.16;827123
33.48;33.6;32.8;33.4;1075750
33.51;34.17;33.4;34.09;1515340
34.07;34.15;33.3;33.87;1667520
33.44;33.8;32.88;33.06;1572152
33.15;34;32.82;33.83;1396182
33.42;33.89;33.02;33.2;1306363
32.8;33.56;32.7;33.19;654887
32.4;32.79;31.85;31.9;2265008
31.6;32.64;31.22;32.25;2643286
32.41;32.77;32.1;32.25;1020423
32.26;32.63;32.01;32.5;827279
32.53;33.16;32.45;32.97;995065
33.41;33.87;33.21;33.68;1155680
33.53;34.05;33.35;34;970703
34.03;34.37;33.8;33.97;834314
33.88;34.29;33.75;33.9;1485564
33.85;34.63;33.64;34.09;1404906
34.3;35.45;33.9;35.4;2698424
35.4;37.28;35.12;36.8;5146900
37.5;37.5;34.89;35.81;4151753
35.95;35.95;34.5;35;3632625
34.9;34.94;34.2;34.3;1879844
34.46;34.55;33.79;34.02;1539934
34.02;34.14;33.28;33.44;1206747
33.44;33.8;32.86;33.03;2083084
33.3;33.72;33.25;33.65;1325452
33.65;33.74;33.31;33.46;1642433
33.6;33.85;33.33;33.58;1594499
33.6;34.45;33.55;34.34;3165789
34.41;34.47;33.91;34.21;1500940
34.32;34.53;34;34.42;1893855
34.81;35.7;34.75;35.56;1718934
35.45;35.49;34.87;35.15;996010
34.91;35.25;34.77;34.88;4391032
34.65;34.98;34.63;34.95;2073749
34.75;35.17;34.75;34.95;1104506
35.17;36;35.01;35.99;1435886
36.5;36.85;36.03;36.27;1143538
36.1;36.61;35.91;36.44;1203354
36.2;36.94;36.04;36.87;922667
36.87;36.95;36.39;36.63;946452
36.63;36.76;36.5;36.74;795331
36.7;36.83;36.29;36.53;1446110
36.6;36.69;36.25;36.53;956944
36.53;36.6;36.15;36.46;509719
36.4;37.11;36.22;37.05;1479794
36.98;37.58;36.44;36.85;1714210
36.94;37.37;36.66;37.3;892045
37.37;37.84;37.15;37.84;1288972
37.84;38.75;37.78;38.15;1555413
38;38.32;37.56;38.25;1157757
38.28;39.3;37.93;39.07;1797056
39.07;39.2;38.64;39.02;1334749
38.89;39.38;38.79;39.06;1215156
38.25;39.41;38.14;39;1552475
39.29;39.41;38.65;39.05;801782
39.05;39.1;38.65;38.75;693848
38.87;39.61;38.68;39.59;898307
39.59;39.79;39.3;39.68;1010326
39.7;40.03;39.41;39.5;1063317
39.39;39.77;38.8;38.96;1498758
38.83;39.32;38.49;39.2;1073924
39.4;39.84;38.7;38.96;1316374
38.75;39.31;38.69;39.25;1055204
38.9;39.6;38.71;39.42;1153981
39.7;40.09;39.39;39.9;1534949
39.7;39.89;38.91;39.2;1458599
38.8;38.96;38.17;38.25;1220342
38.31;38.73;37.9;38.08;1659178
37.85;38.08;37.07;37.9;1181131
37.52;38;37.5;37.68;828908
37.88;38.13;37.53;37.92;1020550
37.85;38.39;37.56;38.34;957975
38.04;38.99;38.04;38.83;1829738
38.72;38.97;38.29;38.35;867402
38.48;38.58;37.66;38.57;1599752
38.03;38.33;37.52;37.59;1149336
37.67;38.02;37.35;37.59;1345461
37.7;38.66;37.32;38.46;1201934
38.47;39.1;38.12;38.22;798935
37.98;38.22;37.21;37.71;1306799
37.71;37.8;37.19;37.67;1736314
37.76;37.77;37.1;37.57;1969105
37.73;38.78;37.68;38.26;2461634
38.01;38.69;38;38.56;969182
38.56;38.78;38.12;38.35;1115714
38.84;39.5;38.67;39.5;1733729
39.59;40.16;39.41;40.16;1542522
40.15;40.83;40;40.28;1424440
39.95;40.23;39.76;39.95;1163996
40.5;40.55;39.7;39.94;1425294
39.15;40.35;39.13;39.62;881171
39.15;39.38;38.74;38.74;1252041
39.07;39.3;38.79;39.26;968260
38.71;39.2;38.64;38.91;843051
38.65;39.45;38.61;38.76;948175
38.79;39.2;38.46;38.64;1071596
38.7;39.16;38.64;38.89;806086
39.25;40.36;39.21;40.36;2924803
40.75;40.75;40.4;40.5;353316
39.93;40.5;39.77;40.33;701285
40.02;40.76;40.02;40.64;590645
40.33;40.65;40;40;361134
39.92;40.6;39.57;39.66;711645
39.54;41.63;39.54;41.49;1834690
41.4;41.84;41;41.36;1788847
41.08;42.23;41.08;41.97;1673096
42.12;42.94;42.12;42.53;2707537
42.4;42.8;41.9;42.43;2283217
42.59;43.47;42.39;42.39;1932769
42.28;42.5;40.5;40.75;2419714
39.5;40.36;38.85;40.09;2851637
40.2;40.69;39.7;39.7;1470665
39.7;40.36;39.02;39.53;1960557
39.7;39.89;39.2;39.3;1466641
39.88;40.19;39.3;39.43;1929766
38.45;39;36;36.89;3161541
35.32;36.7;33.4;34.8;5378060
35.93;36.69;33.35;33.68;4800412
35.1;36.49;34.12;36.1;3239468
36.59;36.7;35.8;36.16;2030041
35.67;36;35.25;35.71;1236297
36.04;36.58;35.76;36.54;1704272
36.46;36.64;35.45;35.64;1769257
35.53;36.24;35.45;36.17;1380158
36.58;37.25;36.5;36.93;1385062
37.66;38.1;37.29;37.88;1309954
37.93;38.59;36.5;36.71;1797926
36.35;37.55;36.35;37.27;1411154
37.27;37.42;35.64;36.27;1575303
36.65;36.77;35.77;35.92;1349946
35.35;36.62;35.35;36.15;908972
36.49;37.2;36.26;37.13;1221675
36.73;37.36;36.55;37.21;857662
37.65;38.22;37.39;37.91;1283223
37.94;38.29;36.46;36.92;1297553
37.07;38.37;37.02;37.9;1241951
37.7;38.49;37.2;38.23;1094027
37.66;38.05;37.44;37.74;1796539
37.84;38.01;37.25;37.52;1357867
37.22;37.29;35.84;35.89;2190818
36.3;36.73;36.13;36.59;1262831
37.32;37.58;36.9;37.38;1430448
37.76;38.29;37.54;38.26;1788590
38.08;38.77;37.69;37.85;2075130
37.85;38.4;37.31;37.98;1608807
37.27;37.61;36.58;37.02;2011435
36.98;37.52;36.6;36.9;1553441
37.24;37.38;36.58;37.18;1371519
37.19;37.85;37.05;37.26;1291706
36.99;37.18;36.45;36.87;2047918
36.87;37.98;36.74;37.74;2006444
37.94;38.3;37.5;37.95;1628915
38.51;38.9;38.3;38.71;1921850
38.35;38.59;37.82;38.43;2007129
38.43;38.6;37.6;38.01;2102534
36.8;37.94;36.76;37.31;2399311
37.84;37.95;37.5;37.83;1295046
37.99;38.1;37.26;37.59;1613244
37.24;38.24;37;38.24;4386911
39;39;36.9;37.62;3813409
37.62;37.78;37.11;37.3;1780399
37.3;37.84;37.01;37.76;1811968
37.81;38.06;37.27;37.64;1131438
37.24;38.24;37.17;38.24;2121076
38.2;39.24;38;39.06;1782972
39.37;39.63;38.82;39.31;1564600
39.34;39.87;39.08;39.7;1582899
39.9;40.65;39.8;40.41;1510527
40.48;40.87;40.18;40.41;982247
40.2;40.61;40.05;40.33;1152200
40.4;40.98;40.35;40.66;1455415
40.6;41.27;40.18;41.27;900806
41.5;41.68;40.29;40.48;1067474
40.2;40.76;40.13;40.39;1093043
40.43;40.75;39.73;40.29;775597
40.49;41.23;40.32;40.99;979586
41.06;41.8;41.06;41.53;1091207
41.61;42.94;41.61;42.81;1484852
42.81;42.81;41.12;41.59;1508128
41.18;41.97;40.99;41.24;1908443
41.27;41.97;40.91;41.72;1742196
41.82;42.6;41.52;42.51;1265045
42.8;43.32;42.58;42.84;1154608
42.95;43.66;42.86;43.44;1294698
43.18;43.64;42.78;42.9;1334922
43.07;43.14;41.8;42.34;1722271
42.85;42.99;41.93;42;1670394
41.99;42.06;41.55;41.77;753986
41.52;42.97;41.27;42.97;1107787
43.01;43.99;42.96;43.91;1406306
43.28;43.74;42.93;43.01;1149076
42.87;43.75;42.22;42.51;1263984
42.52;43.46;42.52;43.15;516460
43.35;43.96;43.23;43.47;1271373
43.58;43.99;42.5;43.54;1062031
43.53;43.53;42.41;42.7;1573206
42.79;42.95;41.41;41.9;2058830
41.77;42.9;41.68;42.9;2213901
42.51;43.37;42.51;43.37;1809940
43.46;44.16;43.34;43.95;2202161
42.15;42.51;41.71;42.34;1783416
42.16;42.19;40.81;40.94;2610136
41.1;41.99;40.94;41.79;1165741
42.12;42.33;41.14;41.51;2284200
41.7;42.42;41.53;42.31;1956067
42.5;44;42.43;43.73;2202691
43.76;44.22;43.11;43.79;1694542
43.62;43.75;42.63;42.8;1127428
42.65;44.11;42.65;43.81;1168969
43.62;43.65;42.55;43.16;1196389
43.33;43.87;43.1;43.34;1074581
43.4;44.25;42.81;43.01;1177407
43.05;44.73;43;44.73;2300902
44.47;44.77;44.11;44.38;1790297
44.3;44.5;43.15;43.15;1809294
43.04;43.56;41.86;42.09;2100475
41.85;42.42;41.3;42.25;1445933
41.97;42.2;41.05;41.83;934655
42.36;42.49;42.04;42.27;1327223
42.15;42.52;41.82;42.36;1671361
42.14;43.08;42;42.8;1714643
43.13;43.16;40.98;41.11;2877544
41.11;41.93;41.09;41.63;1047395
41.89;41.95;40.55;40.95;1064069
41;41.53;40.62;40.91;1022400
40.58;41.16;40.54;40.9;918287
40.78;41.42;40.46;40.61;1079887
40.44;41.02;40.06;40.82;1136919
40.69;41.02;40.09;40.85;1234486
42.29;42.29;40.45;40.45;1990578
40.12;40.45;39.11;39.96;2373246
40.01;40.2;38.9;38.91;1086036
39.1;40.82;39.03;40.81;1388099
39.9;40.64;39.81;40.25;1654252
40.67;40.7;39.94;40.17;918822
39.77;40.27;39.23;39.33;1210279
39.67;39.77;38.2;38.41;1268873
38.69;39.12;38.18;38.57;743762
38.15;39.9;37.96;38.51;1846470
38.51;39.94;38.21;39.85;2181470
40.49;40.86;39.75;40.36;2416201
40.07;43.5;39.96;42.42;4536386
43.9;44.19;41.74;43.76;63825207
43.1;44.56;42;42;9202114
42.76;43.58;42.2;43.5;5401649
43.65;43.65;42;42.48;6516615
42.9;43.05;41.59;41.8;5881869
41.07;41.34;40.14;40.27;4958763
40.27;40.79;40.02;40.61;4168383
40.5;41.01;40;40.56;4554047
40.15;41.04;40.1;40.34;3911396
40.5;40.53;39.15;39.57;2950644
38.85;39.19;38.5;38.69;3380825
38.93;39.11;37.99;38.68;4719849
38.56;38.68;37.42;37.7;7278482
37.47;38.56;37.33;38.3;5212340
37.9;38.3;37.2;37.6;4048494
37.6;37.75;36.69;36.85;4023843
36.7;36.9;36.01;36.27;4894271
35.99;37.51;35.94;36.64;6135135
37.1;38.43;36.94;37.21;6833340
37.41;37.67;36.55;37.01;3017819
36.77;37.71;36.42;36.97;2480031
36.66;37.7;36.3;36.95;4213964
36.95;37.98;36.76;37.83;4506113
37.56;38.48;37.37;37.87;4389570
38.01;38.76;37.51;38.51;3865447
38.24;38.64;37.98;38.23;2370174
38.04;39.21;38.04;39.09;4451318
39;39.53;38.32;39.24;3778918
39.64;40;38.95;39.88;4125961
40;40.11;39.32;39.4;3650788
39.82;40.43;39.52;40;3246785
40.11;40.14;39.3;39.99;4108382
39.66;39.79;38.4;38.43;4705870
38.57;38.68;37.16;37.28;5434654
37.24;37.57;35.7;36.16;5729591
36.89;37.79;36.36;36.76;5498610
36.76;36.96;35.55;35.68;4591714
35.54;35.95;33.85;34.51;7243490
34.51;35.55;34.27;35.04;5984285
35.52;36.82;35.32;36.72;6620057
35.62;36.5;35.09;36.16;8084231
35.34;36.11;34.3;35.24;9042812
35.65;36.39;34.13;34.42;9439265
34.64;35.2;33.15;33.35;8807943
35.35;36.66;33.27;36.66;14572515
36.47;37.31;35.35;35.4;7084123
35.19;36.45;34.54;35.61;7199958
35.45;35.64;34.25;35.15;4534734
34.98;36.84;34.75;36.81;5443088
36.06;37.14;35.92;36.79;4816030
36.54;36.83;35.58;36;6950161
35.07;36.82;34.9;36.5;8693194
36.5;37.02;35.75;36.42;5426511
36.5;37.1;35.5;35.9;5542139
36.04;37.05;34.33;36.81;7638084
34.94;35.34;33.23;33.44;10258579
34.5;35.38;32.78;33.91;10319891
32.51;34.77;29.65;30.2;16777143
30.63;30.91;24.96;26.25;21683430
23.06;26;22;24.3;23797444
26.55;30.37;26.1;30.37;16906557
31.82;33.48;29.36;30.43;15105219
30.06;30.48;28.01;28.25;12148869
26.96;29.46;26.26;26.6;12580355
28;29.39;27.1;29.39;12239149
30.61;33.03;30.61;33.03;11821548
33.35;33.95;31.32;32.3;7741245
31;31.69;30.55;31.38;7326136
31.4;32.87;30.58;32.75;6677305
31.12;31.69;29.13;31.34;9193657
29.78;32.42;29.7;30.86;7932776
31.77;33.3;30.25;33.23;12591353
34.05;35.84;34;35.43;12523632
36.14;36.56;32.62;33.57;8331087
33.25;34.91;32.6;34.66;6823119
34.86;35.42;34.55;35.19;4752074
35;35.92;34.36;35.92;7645399
35.5;36.37;35.07;36.22;5303678
35.51;36.24;34.05;34.23;7167590
34.23;36.27;33.82;35.65;5860147
36.37;36.97;35.16;35.33;4351206
34.61;35.14;33.68;34;4335518
34.6;34.88;32.05;32.3;5923899
32.04;34.2;32;33.9;6112724
35.23;35.59;34.12;34.76;6205450
34.73;35.32;34.2;34.38;5973811
34.47;36;34;36;6206533
36.39;36.85;34.9;35.6;6406495
34.55;35.37;32.42;33.17;8878382
33.6;34.24;31.35;31.63;9690718
31.73;33.7;31.38;33.54;8644368
32.9;34;32.25;32.77;8184457
32.24;33;30.26;30.97;9509475
31.5;31.95;30.75;31.36;4252473
31.3;31.55;30.62;31.46;5440316
31.4;31.69;28.88;28.92;5674230
28.74;30.7;28.72;30.44;6359942
30.47;30.9;29.23;30.59;4051759
30.57;30.9;29.04;29.16;5859591
28.85;29.12;26.51;27.37;8840341
29.43;30.45;28.9;30.29;9326374
30;30.8;29.45;29.48;6690965
29.55;30.54;29.48;30.5;3595759
30.41;30.62;29.6;30.3;3942701
29.04;30.38;28.3;29.48;4978451
30.27;30.94;29.85;30.79;4527617
30.9;31.55;29.65;30.65;5117668
31;31.9;30.24;31.68;6535125
31.97;33.35;31.83;33.1;6419104
33.14;33.9;32.3;33.05;12200131
32.82;33.47;32.3;32.3;5300593
32.26;34.15;32.14;33.26;3853943
33.26;33.8;32.63;32.79;976112
33.02;34.14;32.99;33.75;2141572
34.14;35.33;33.8;35.33;2858327
35.49;35.9;35.33;35.33;1525124
35.2;35.43;34.17;35.32;2667239
35.52;36;35.22;35.94;4855821
35.94;35.98;33.84;34.15;5396363
34;34;33.21;33.78;5306990
33.36;34.34;33.32;34;3435195
34.22;34.33;32.82;33.21;3360622
33.3;33.66;32.62;32.75;3093648
32.85;33.27;32.1;32.76;4622902
33.02;33.13;30.81;31.08;5095889
31.2;31.91;30.75;31.37;4600960
31.99;32.3;30.95;30.97;6125090
31.79;32.6;31.38;31.9;3592614
31.95;32.55;31.28;31.43;3804192
30.9;31.18;30;30.48;7525381
30.75;31.28;29.91;30.08;3429137
30.08;31.35;29.74;31.08;4656791
30.72;31.95;30.43;31.37;4053346
31.39;31.98;30.78;31.37;2499699
31.66;31.98;30.92;31.89;3275176
31.78;31.96;30.84;30.84;3544899
30.84;31.28;29.65;30.07;5173954
30.245;30.305;29.475;30.14;2859390
30.1;31.4;29.5;31.36;4610029
31.805;32.15;31.305;31.83;4319183
31.31;32.38;31.14;32.135;3179146
32.3;32.3;30.2;30.505;8511128
30.21;30.3;29.01;29.62;6258187
29.55;30.29;29.06;29.08;4905793
29.01;29.33;28.5;28.945;3487044
28.74;28.74;27.57;27.79;6644487
28.12;28.355;27.2;27.575;4362884
27.26;27.8;26.95;27.6;3028418
27.355;28.25;27.105;27.83;5179184
28.1;28.1;26.66;27.07;4388632
27.205;27.65;26.72;26.9;4981675
26.455;26.8;26.1;26.19;6612565
26.56;26.645;25.875;25.89;3889771
25.73;26.46;25.5;25.85;5274506
26.2;26.26;24.155;24.87;6274850
25.25;25.65;24.53;25.48;5499595
25.115;25.325;24.3;25.29;6565518
24.785;24.785;23.23;23.25;8060635
23.575;24.23;22.705;22.82;6329201
23.125;23.61;22.73;23.54;6578724
23.54;25.205;23.48;24.2;8442683
24.655;25.3;24.145;24.605;8925714
24.5;25.065;23.4;24.76;7698036
24.63;25.84;24.16;25.64;7374261
25.64;25.83;24.48;25;7629464
24.865;24.895;24;24.305;7003584
24.555;25.3;24.17;24.4;6380651
24.915;26.24;24.805;26.23;5507089
26.015;26.55;25.08;25.575;4392396
26.04;26.26;25.06;25.12;5560040
25.41;25.53;24.93;25.14;5372918
24.92;26.29;24.45;26.14;9004211
26.8;27.58;26.2;27.42;5804335
27.975;28.08;27.18;27.33;5517565
27.135;28.285;27.135;27.795;5134812
27.795;27.96;27.025;27.355;4082286
27.5;27.7;26.52;26.575;3348664
26.12;26.925;25.545;25.545;5946951
25.84;25.975;25.29;25.85;5074015
25.29;25.545;24.58;25.215;6233816
25.545;26.02;25.335;25.825;7166228
25.465;25.79;24.6;24.66;7185811
25;25.49;24.72;24.84;6404265
24.9;25.74;24.835;25.43;5234193
24.71;25.12;24.555;24.92;5510796
24.66;24.955;23.69;23.82;10962543
23.9;24.51;23.61;24.4;8281133
24.055;25.01;24.05;24.96;5986081
24.65;25.715;24.65;25.37;5602817
25.05;25.59;24.8;25.14;8373465
24.565;24.845;23.925;23.99;4927057
23.715;24.85;23.7;24.65;5718785
24.15;24.77;24.045;24.59;4700351
24.1;24.675;24.1;24.23;4762213
24;25.895;24;25.8;8701293
24.8;25.71;24.75;25.56;4593957
24.9;26.565;24.885;25.95;9316845
25.95;26.88;25.87;26.74;6441033
26.28;27.785;26.2;27.3;8989337
27.7;28.77;27.175;28.68;6375309
29;29.05;27.525;27.9;8387199
26.6;27.435;26.11;26.53;7804484
26.99;27;26.08;26.32;7610238
26.65;27.275;26.4;27.045;3916093
27.045;27.045;25.95;26.24;5518170
25.9;26.77;25.9;26.31;3866942
26.705;27.15;26.09;26.54;6504979
26.5;26.975;26.015;26.185;5232210
26.45;26.54;25.88;26.365;4134172
26;26.06;25.45;25.9;5528848
26.08;26.985;25.895;26.98;6345017
26.9;27.85;26.5;27.72;6757612
27.4;27.4;26.57;26.685;4517736
27;27.04;26.045;26.55;4871485
26.565;26.945;25.92;26.55;2924878
26.3;27.24;26.2;27.15;4425724
27.15;27.49;26.87;27.325;4566157
26.945;27.76;26.915;27.56;4391845
28.1;28.34;27.615;27.755;11404396
28.4;28.73;27.895;28.57;3970565
28.245;28.885;28.1;28.21;4278010
28.205;28.21;27.325;27.465;4556025
27.53;27.86;27.16;27.4;3203723
27.575;28.29;27.375;27.73;4508237
27.395;27.5;27.025;27.21;3794451
27.21;27.39;26.815;26.93;4483187
27.275;27.67;26.745;26.95;4165318
26.7;27.425;26.5;27.3;3030637
27.2;27.44;27.025;27.25;2698009
27.21;27.21;26.21;26.24;4616342
26.255;26.685;26.2;26.2;3072856
26.2;26.51;25.8;25.99;4011527
25.99;26.605;25.88;26.385;3332322
26.43;27.12;26.25;26.75;10165536
26.895;27.075;26.345;26.445;2558442
26.31;26.63;26.055;26.22;3906973
26.295;26.86;25.91;26.635;4439519
26.7;26.95;26.345;26.805;3033470
26.995;27.49;26.58;26.74;3724440
26.59;27.245;26.57;26.92;3143413
27.06;27.105;26.34;26.54;4441726
26.6;27.45;26.57;27.27;3785312
27.155;27.195;26.43;26.43;4392867
26.59;26.59;25.955;26.275;2358402
26.08;26.3;25.62;26.075;2830529
26.25;26.35;25.02;25.08;4455553
24.91;25.2;24.635;24.775;4928753
24.845;25.08;24.18;24.36;5397390
24.025;24.39;23.72;23.8;4433412
23.685;24.35;23.5;24.35;3796414
24.48;24.625;24.15;24.59;2792194
24.895;25.38;24.795;25.35;4924721
25.35;25.8;25.03;25.375;4172252
25.68;26.18;25.46;25.75;5014767
26.195;26.27;25.735;25.975;3801800
26.115;26.79;25.975;26.39;3468195
26.375;26.49;26.015;26.135;3869210
26.3;26.825;25.93;26.645;4835225
26.54;26.8;26.14;26.3;5914043
26.65;27.04;26.465;26.63;4428462
26.6;27.24;26.595;26.74;4700244
26.66;27.59;26.24;26.88;5269173
27.155;27.845;26.875;27.5;4314419
27.51;27.58;26.715;26.805;7095133
26.805;27.395;26.655;27.01;4186772
26.97;27.4;26.855;27.195;2963167
27.2;27.225;26.405;26.5;3311007
26.85;26.86;26.22;26.345;3260315
26.345;27.585;26.26;27.49;5593968
27.3;27.41;27.1;27.305;2613815
27.4;27.6;26.87;26.975;2852719
27.075;28.14;27;28.13;4751495
28.06;28.48;28.01;28.035;3851076
28.1;28.18;27.235;27.255;4085465
27.25;27.255;26.55;26.715;3959780
27.015;27.265;26.87;27.245;2471446
27.17;28.13;26.96;27.94;4456918
28.315;28.48;28.115;28.23;3731618
28.15;29.615;28.12;29.5;8246791
29.59;29.98;29.38;29.76;4236345
29.645;29.975;29.32;29.75;4055713
29.87;29.87;29.02;29.25;5100069
29.52;30.615;29.355;29.84;5925822
29.96;30.25;29.485;29.59;4178121
29.575;29.815;29.235;29.39;3787654
29.61;29.695;28.81;28.865;4885570
28.865;29.435;28.615;29.26;5389668
29.545;29.56;29.03;29.045;3848868
29.31;29.835;29.005;29.745;4370492
29.95;29.98;29.61;29.9;2833675
29.955;29.96;29.505;29.705;4089983
29.63;30.52;29.47;30.52;4440501
30.6;30.78;30.335;30.43;3612548
30.65;30.7;30.07;30.345;3294344
30.1;30.775;29.78;30.775;3409591
30.95;31.29;30.61;31.02;5143212
31.15;31.3;30.87;31.06;4262567
31.16;31.185;30.52;30.7;5218555
30.69;31.135;30.59;30.625;10894877
30.99;31.3;30.475;31.265;4517050
31.34;31.34;30.74;30.865;3565933
30.945;31.125;30.2;30.22;4758156
30.15;30.575;29.7;29.83;5259543
29.755;29.93;29.56;29.6;2396002
29.55;30.57;29.515;30.57;3163339
30.645;30.645;30.135;30.22;4007369
30.235;30.78;29.89;30.345;4353413
30.49;30.58;29.56;29.6;3267655
29.895;29.975;29.33;29.375;3930666
29.5;29.88;29.26;29.88;3104134
29.89;30.285;29.67;30.26;4257233
30.2;30.505;30.1;30.15;2767698
30.78;30.8;29.97;30.225;3902899
30.005;30.315;29.83;30.09;2990450
30.19;30.405;29.905;29.99;3331637
30.3;30.325;29.365;29.6;3907260
30.2;30.37;29.67;29.93;5243997
30.06;30.095;29.75;29.93;4229129
29.95;30.13;29.26;29.545;4716339
29.6;29.96;29.6;29.9;3498830
30;30.7;29.9;30.2;4362744
30.415;30.645;29.85;30.165;4097346
30;30.17;29.76;29.96;3275863
30;30.22;29.53;29.53;4934978
29.665;29.955;29.14;29.22;3462201
29.265;29.4;29.025;29.15;3623228
29.15;29.4;29;29.1;4105530
29.13;29.345;28.7;29.125;4175475
29.1;29.32;28.5;28.505;4566611
28.5;28.95;28.34;28.635;3797707
28.385;28.53;27.96;28.19;4175941
28.32;29;28.06;28.865;3842776
28.62;29.35;28.315;28.975;2994593
28.84;29.17;28.5;28.875;3044605
29.23;29.36;28.95;29.35;3365793
29.25;29.46;29.16;29.305;2748725
29.715;30;29.59;29.64;2869606
29.64;29.835;29.335;29.625;3800359
29.6;29.765;29.26;29.665;2071402
29.86;30;29.545;29.965;3295359
29.85;29.86;29.44;29.59;4025687
29.735;29.77;29.38;29.66;3673679
29.735;29.79;28.75;28.93;6797797
29.12;29.65;28.85;29.08;5211132
29.34;29.43;29.155;29.34;3061039
29.2;29.44;28.975;29.14;2845044
29.18;29.385;29.07;29.325;2921398
29.325;29.325;28.435;28.5;4006253
28.175;28.88;28.06;28.545;3940468
28.55;28.57;27.77;27.81;7175532
28.09;28.5;28.01;28.5;3766154
28.565;28.675;28.38;28.62;3281352
28.84;29.08;28.565;28.62;3288990
28.62;29.665;28.56;29.48;4997058
29.42;29.54;29.17;29.425;2565945
29.515;29.8;29.09;29.16;5269058
29.16;29.295;28.75;29;3405261
29.1;29.325;28.9;29.325;3460598
29.4;29.9;29.335;29.605;4565551
29.9;29.98;29.76;29.9;4025512
29.2;29.4;28.77;29.105;4614603
29.38;29.59;28.75;29.13;5945740
28.95;29.15;28.61;28.765;3796191
28.85;29.605;28.62;28.66;7548400
28.75;29.45;28.69;29.35;3485708
29.425;29.9;29.4;29.685;3681597
29.89;29.9;29.45;29.48;3032193
29.3;29.84;29.275;29.385;1052674
29.81;29.99;29.67;29.93;1815787
30;30.485;29.9;30.215;2669715
30.22;30.3;29.955;30.045;2029685
30.05;30.285;29.95;30.285;1007296
30.4;30.45;30.1;30.22;3927940
30.295;30.7;30.25;30.475;4062094
30.57;30.7;30.355;30.45;2208542
30.465;30.5;29.92;30.085;3837175
30.29;30.445;30.1;30.375;3547174
30.6;30.765;30.345;30.375;2876897
30.375;30.61;29.955;30.22;3434179
29.99;30.135;29.635;29.82;5001608
29.53;29.74;28.88;29.065;8982554
29.175;29.19;28.22;28.355;8532222
28.55;29.085;28.465;28.975;4889983
29.005;29.34;28.895;29.2;3847255
29.01;29.27;28.695;28.73;3977406
28.945;29.24;28.45;28.51;4061263
28.35;28.665;28.255;28.27;4635211
28.19;28.38;28;28.01;4520460
27.955;28.27;27.885;28.21;3888393
28.105;28.22;27.86;27.95;4302034
28.375;28.385;27.42;27.42;4922747
27.6;27.69;27.23;27.42;5163135
27.14;27.785;27.105;27.71;3393538
27.8;28;27.52;27.92;3343103
27.91;28.18;27.81;27.92;3262917
27.93;28.035;27.05;27.17;5016227
27.13;27.24;26.22;26.225;9433883
26.525;26.705;26.26;26.485;4398127
26.435;26.48;26.03;26.32;5643081
26.48;26.945;26.31;26.5;4522956
26.655;26.85;26.05;26.395;5166892
26.74;26.87;26.435;26.615;4066744
26.645;26.875;26.52;26.615;2142413
26.88;27;26.51;26.925;3239265
27.16;27.29;26.95;27.03;4730273
27;27.22;26.85;27.195;4133326
27.3;27.665;27.2;27.56;6483473
27.56;27.9;27.43;27.555;3569951
27.825;28.18;27.395;27.45;5378019
27.55;27.68;27.215;27.47;4141618
27.36;27.375;26.645;26.735;4997147
26.9;26.98;26.515;26.97;4735878
27.1;27.35;26.955;27.17;4475124
27.29;27.41;27.15;27.375;2647126
27.2;27.56;27.105;27.42;3205340
26.9;26.94;26.445;26.685;9701666
26.835;27.335;26.75;27.335;6280114
27.48;27.58;27.095;27.47;4324642
27.64;27.935;27.61;27.89;5981827
27.99;28.2;27.845;28.09;4007677
28;28.51;27.99;28.32;4327718
28.16;28.43;28.12;28.19;4375140
28.16;28.31;28.015;28.1;3407399
28.275;28.34;27.94;28.135;3256252
28.15;28.215;27.96;28.07;4141063
28;28.07;27.8;27.9;3023984
28.09;28.18;27.715;27.9;6582247
27.8;27.945;27.42;27.715;3855124
27.7;27.83;27.465;27.76;3710768
27.9;27.95;27.515;27.74;4091198
27.85;28.63;27.78;28.47;6325647
28.42;28.56;28.225;28.27;3635494
28.415;28.81;28.35;28.74;3586882
28.915;29.235;28.9;28.95;4825388
28.75;28.85;28.315;28.6;5694983
28.76;28.85;28.625;28.85;3397207
28.99;29.045;28.715;28.83;3443449
28.775;29.075;28.67;28.8;3281775
28.75;28.805;28.3;28.48;3370698
28.695;28.775;28.43;28.72;4099689
28.89;28.99;28.725;28.95;3713203
28.88;28.96;28.53;28.6;3203710
28.8;28.835;28.54;28.6;3574272
28.67;28.875;28.44;28.73;3774461
28.525;28.86;28.02;28.145;7270464
28.055;28.165;27.94;28.06;3141510
28.245;28.365;27.92;28.25;3814824
28.34;28.345;27.7;27.76;4000036
27.755;27.9;27.265;27.53;4586058
27.4;27.585;27.305;27.51;3955749
27.78;27.925;27.465;27.665;3991518
27.585;27.7;26.83;26.83;5091414
26.75;26.895;26.1;26.33;7033963
26.51;26.72;26.435;26.625;4320469
26.66;26.895;26.455;26.795;4813557
26.65;27.67;26.505;27.3;6453068
27.39;27.93;26.965;27;9459192
26.81;26.85;25.94;26.175;9290317
25.845;26;25.46;25.51;8767134
24.68;25.395;23.59;24.085;18472196
24.99;25.865;24.3;25.865;15231971
25.435;25.81;25.095;25.73;6268851
25.56;26.41;25.385;26.08;5680445
26.235;26.36;25.75;26.04;3858498
25.815;26.015;24.86;24.965;7424207
24.63;25.215;24.56;25;4512793
25.3;25.98;25.11;25.655;5610176
25.235;25.595;24.96;25.115;7366181
25.315;25.365;24.36;24.76;8618002
25.3;25.465;24.315;25.155;11432272
25.25;25.57;24.76;24.89;3337702
24.2;24.54;23.86;24.275;7226206
24.59;24.98;24.385;24.605;5863219
24.95;25.665;24.76;25.565;6093856
25.65;25.875;25.465;25.585;5133554
25.56;25.655;25.215;25.26;3326321
25.03;25.62;24.685;25.475;5696664
25.2;25.5;24.755;25.43;4780297
25.91;26.11;25.655;25.895;4211894
26.1;26.125;24.955;25.07;6404791
24.5;24.84;24.33;24.56;5867779
24.74;24.875;24.1;24.43;7250136
24.5;24.55;23.94;24.545;6615686
24.125;24.77;24.125;24.75;5407538
24.69;24.85;24.46;24.805;5155165
25;25.335;24.98;25.28;4290255
24.985;25.61;24.935;25.47;5141014
25.54;26;25.43;25.945;5424231
25.835;26.155;25.755;26;4987209
25.72;25.99;25.615;25.845;6742394
26.17;26.39;26.1;26.3;3846136
26.06;26.225;25.825;26.11;3461439
25.89;26.06;25.47;25.605;3451082
25.52;25.64;24.92;25;5855102
24.91;25.145;24.215;24.375;6766647
24.29;24.47;24.03;24.47;4219847
24.155;24.23;23.465;23.53;6853700
23.525;23.655;23.22;23.5;5162814
22.97;23.115;22.64;22.795;6388106
22.84;23.49;22.64;23.27;5906539
23.08;23.285;23.025;23.055;3253387
23.135;24.03;23.13;23.86;4948306
23.6;24.59;23.45;24.59;5534603
24.64;24.89;24.42;24.865;4311820
25;25.165;24.9;24.965;3595335
24.92;25.24;24.86;25.095;2315723
25.055;25.59;25.045;25.59;3116174
25.7;25.7;25.355;25.58;3039365
25.56;25.795;25.27;25.33;3516155
25.385;25.405;24.275;24.32;8316508
24.19;24.77;24.19;24.5;5590827
24.745;24.81;23.96;24.315;4933679
24.465;24.92;24.285;24.315;3709043
24.125;25.36;24.125;25.26;5529801
25.19;25.45;25.09;25.31;2619804
25.495;25.5;25;25.335;2668648
25.395;25.755;25.325;25.525;3649471
25.605;25.745;25.46;25.63;2416751
25.75;26.445;25.64;25.935;6533601
25.815;25.86;25.17;25.49;4520681
25.635;26.29;25.6;26.24;4800247
26.25;26.415;26.055;26.3;3321474
26.18;26.5;26.18;26.44;4929723
26.49;26.96;26.41;26.68;4200342
26.83;26.83;25.965;26.19;4662827
26.6;26.795;26.455;26.79;3249737
27.475;27.485;26.05;26.37;5374118
26.2;26.25;25.615;25.625;4065840
25.485;26.085;25.45;25.98;3421155
26.06;26.105;25.5;25.75;2811110
25.85;25.86;25.285;25.36;3155370
25.585;25.97;25.53;25.97;3357958
25.965;26.125;25.74;25.915;2479035
25.97;26.15;25.17;25.3;4041580
25.245;25.59;24.97;24.97;4303841
25.08;25.18;24.865;25.02;2817385
24.805;24.935;24.41;24.515;4695056
24.51;24.635;24.1;24.3;4918872
24.46;24.525;24.13;24.34;2742862
24.255;24.715;24.17;24.65;3218214
24.69;25.075;24.65;24.84;1949950
24.495;24.675;24.235;24.435;4854924
24.41;25.475;24.225;25.435;5000340
25.25;25.675;25.175;25.54;3219899
25.635;26.445;25.635;25.95;5554863
26.145;26.49;26.09;26.29;3151228
26.255;26.495;26.1;26.285;3540724
26.28;26.84;26.18;26.655;4064827
26.555;27;26.32;26.935;3342986
26.75;26.885;26.595;26.615;3283297
26.835;26.97;26.625;26.765;2772259
26.795;26.795;25.965;26.43;5014092
26.49;26.555;26.005;26.06;3294439
26.06;26.095;25.775;25.885;3229449
26.195;26.195;25.155;25.32;7786835
25.445;25.895;25.3;25.865;4270346
25.81;26.23;25.62;25.925;4157681
26.095;26.12;25.5;25.675;3400043
26;26.09;25.25;25.655;3341144
25.515;26.245;25.46;26.07;4205129
26.255;26.425;26.085;26.19;2490190
26.145;26.43;25.88;26.29;2910733
26.385;26.605;25.92;26.32;4250026
26.2;26.74;25.93;26.26;4578737
26.18;26.59;25.81;25.955;3657705
25.975;25.98;25.43;25.49;3343000
25.65;26.13;25.555;26;3673063
26.12;26.295;25.965;26.275;3751781
26.455;26.975;26.29;26.835;4952633
26.805;27.33;26.625;27.05;4713482
27.155;27.275;26.97;27.185;2335697
26.965;26.99;26.38;26.625;3946166
26.8;27.645;26.765;27.61;3802825
27.66;27.945;27.52;27.6;4167134
27.895;27.98;27.58;27.815;4597940
27.635;27.99;27.52;27.81;2356358
27.84;27.905;27.405;27.59;2706885
27.43;27.825;27.33;27.7;2458519
27.655;28.37;27.515;28.205;3548647
28.105;28.44;28.01;28.175;2225869
28.49;28.5;28.055;28.085;2764389
28.125;28.445;28.07;28.3;3593349
28.15;28.455;27.75;27.805;4303971
28;28.53;28;28.25;3675648
28.185;28.82;28.115;28.68;4787601
28.88;29.02;28.31;28.465;2990766
28.36;28.805;28.36;28.74;2535665
28.645;28.77;27.98;28.095;4215046
28.395;28.94;28.355;28.64;4464434
28.545;28.84;28.32;28.71;3109314
28.7;28.79;28.405;28.705;2830615
28.51;29;28.51;28.87;3221978
27.69;28.365;27.51;27.69;5489337
27.795;27.825;27.21;27.22;4414687
26.94;27.255;26.685;27.025;4272776
26.91;27.685;26.72;27.62;3711872
27.4;27.475;26.85;26.85;3844671
26.73;27.07;26.7;27.015;2269537
27.2;27.785;27.18;27.745;3961367
27.88;28.025;27.59;27.885;3549538
28.095;28.245;27.87;27.945;3862384
27.75;27.955;27.075;27.075;5167515
27.2;27.3;26.94;27.02;4288059
27;27.08;26.7;26.84;3372421
26.545;26.57;26.15;26.465;5058188
26.55;26.86;25.475;25.585;7119989
25.56;25.865;25.325;25.55;6335137
25.845;25.88;25.28;25.65;5423250
25.78;26.41;25.68;26.295;7174906
26.255;26.44;26.08;26.265;3598677
26.265;26.495;26.04;26.335;2742526
26.475;26.945;26.425;26.825;4827443
26.655;27.07;26.47;26.98;3683566
27.18;27.675;26.905;27.535;5466598
27.69;27.72;27.38;27.47;3267469
27.62;27.785;27.45;27.64;3833760
27.685;27.84;27.47;27.71;3404310
27.6;27.66;27.24;27.495;3547333
27.55;27.775;27.455;27.705;3009357
27.775;27.88;27.16;27.18;5264762
27.37;27.96;27.3;27.765;3406847
27.99;28.25;27.75;28.2;2917254
28.195;28.29;28.08;28.16;1984880
28.2;28.27;27.98;28.215;1289676
28.145;28.18;27.91;28.05;397623
28;28.065;27.42;27.59;1616374
27.6;27.725;27.325;27.42;1481381
27.5;27.695;27.41;27.63;1436472
27.7;27.76;27.13;27.24;2051848
27.25;27.26;26.85;26.85;1157073
27.06;27.53;26.9;27.3;2226851
27.54;27.675;27.305;27.595;3234258
27.515;27.575;27.16;27.575;3039510
27.605;27.84;27.345;27.515;2892221
27.42;27.645;27.12;27.215;3484868
27.12;27.19;26.615;26.615;4217652
26.97;27.01;26.735;26.945;3755432
26.875;27.735;26.875;27.705;4314229
27.59;28.145;27.48;28.145;4967732
28.135;28.545;28.03;28.425;4831655
28.425;28.755;28.25;28.44;3115482
28.58;28.98;28.52;28.98;3941183
29;29.6;28.94;29.215;5941206
29.265;30.05;29.195;29.94;8045489
29.94;30.05;29.43;29.655;7187482
29.545;29.935;29.385;29.825;4139246
29.91;30.045;29.45;29.55;3977708
29.67;29.885;29.09;29.36;4528250
29.125;29.49;28.725;29.24;5668619
29.25;29.6;28.94;29.025;4553165
28.98;29.25;28.8;28.975;4574594
29.3;29.565;28.95;29.5;3876637
29.485;29.58;29.25;29.345;3231951
29.27;29.4;28.83;29.07;3813641
29.15;29.205;28.915;29.03;2754905
29.045;29.505;29.01;29.5;2905835
29.3;29.5;29.09;29.26;3340216
29.235;29.675;29.2;29.455;3576934
29.415;29.535;29.14;29.535;3420950
29.475;29.88;29.21;29.72;3279371
29.82;29.89;29.47;29.64;2614174
29.35;29.875;29.35;29.55;2063258
29.595;29.89;29.38;29.725;3244538
29.765;29.86;29.56;29.855;2673675
29.9;30.05;29.605;29.7;4806057
29.7;29.88;29.255;29.345;2617898
29.23;29.33;28.72;28.8;4785856
28.8;28.9;28.275;28.345;3852216
28.215;28.82;28.045;28.805;4420001
28.895;29.25;28.585;29.065;3058206
28.905;29.64;28.905;29.375;3295334
29.255;29.4;28.62;28.75;5254466
28.58;28.64;28.125;28.21;5183745
28;28.8;27.8;28.59;4868731
28.675;28.685;27.765;27.925;6265849
27.82;28.12;27.57;27.57;4129191
27.505;27.795;27.15;27.555;5606792
27.54;27.76;27.315;27.43;3302843
27.2;27.44;27.01;27.29;3765724
27;27.585;26.81;27.24;5590291
27.4;27.75;26.94;26.94;9817256
26.36;26.78;25.57;26.265;10781130
26.755;26.88;25.62;25.73;8861002
26.085;26.185;25.69;26.1;7083538
26.215;26.64;26.17;26.31;10051007
26.79;27.06;26.565;27.02;4914608
27;27.35;26.825;27.15;5199538
27.075;27.475;27.075;27.465;4508874
27.38;27.845;27.22;27.815;3768439
27.89;27.93;27.69;27.77;2921185
27.775;28.07;27.765;27.895;3362770
27.98;28.1;27.76;28.085;4366041
28.3;28.87;28.115;28.8;5351478
28.88;28.98;28.48;28.75;4852733
28.5;28.68;28.125;28.35;7714020
28.245;28.37;28.085;28.275;4112178
28.125;28.16;27.31;27.73;7658193
27.675;27.82;27.2;27.63;4672112
27.62;27.785;27.265;27.33;5065134
27.335;27.53;27.01;27.425;5884065
27.27;27.435;26.95;27.335;3379788
27.28;27.54;27.125;27.21;4039206
27.335;27.45;27.07;27.38;2788975
27.135;27.285;26.96;27.095;3005373
27.04;27.39;26.99;27.235;4571930
27.105;27.2;26.25;26.48;5093447
26.51;26.64;26.22;26.48;3155017
26.615;27.24;26.555;27.23;3614264
27.285;27.35;27.015;27.155;2815306
27.035;27.38;26.96;27.325;2696152
27.355;27.595;27.275;27.48;2521398
27.715;27.85;27.54;27.77;3855812
27.755;27.835;27.455;27.625;2895343
28;28;27.57;27.73;2037583
27.565;27.89;27.495;27.815;3826024
27.325;27.33;26.62;26.685;5153811
26.855;26.895;26.305;26.48;3229084
26.605;26.775;26.37;26.715;3119436
26.585;26.585;26.015;26.095;4215385
26.12;26.5;26.12;26.265;3222779
26.45;26.47;26.135;26.235;5245513
26;26.18;25.55;26.01;5481576
26.16;26.35;25.79;25.855;3108685
25.7;25.995;25.57;25.88;3191112
25.785;26.245;25.61;25.86;4218917
26.04;26.34;26.02;26.185;3690702
26.305;26.545;26.18;26.41;2959407
26.39;26.595;26.095;26.095;3811555
26;26.055;25.52;25.535;3888085
25.675;25.83;25.53;25.675;2335415
25.52;25.71;25.44;25.65;3244513
25.7;25.77;25.38;25.45;3239091
25.73;25.865;25.29;25.425;3596117
25.38;25.46;25.12;25.245;2506215
25.45;25.61;25.31;25.56;4760900
25.67;25.67;25.11;25.165;3872837
25.05;25.095;24.775;24.775;2535834
24.84;24.915;24.295;24.61;3907634
24.53;24.72;24.3;24.325;3291728
24.33;24.625;24.33;24.55;3256589
24.515;24.615;24.29;24.43;3054432
24.5;24.775;24.42;24.69;3665015
24.685;24.73;24.125;24.13;4035483
24.165;24.28;24.01;24.07;2157285
24.295;24.37;24.12;24.305;3591266
24.24;24.42;23.9;23.96;3990038
23.9;24.275;23.82;24.2;6750681
24.085;24.655;24.005;24.425;9257118
24.02;24.21;23.94;24.135;3243510
24.3;24.64;24.2;24.64;2944432
24.6;24.69;24.435;24.555;2392426
24.41;24.465;23.955;24.03;4418493
24.28;24.645;23.98;23.995;5405934
24.01;24.075;23.77;23.915;3732152
23.99;24.26;23.87;24.12;3711611
24.28;24.78;24.2;24.78;4891645
25;25.26;24.81;25.235;4605266
25.35;25.42;25.105;25.315;3627449
25.39;25.44;25.275;25.335;2226230
25.3;25.3;24.825;24.9;3998463
24.99;24.99;24.475;24.615;4379336
24.765;25.05;24.66;24.88;3735351
24.995;25.01;24.285;24.285;4654906
24.015;24.245;23.555;23.695;4901472
23.435;23.68;22.81;23.325;7038382
23.325;23.54;23.15;23.525;3662968
23.31;23.5;23.21;23.22;2724120
23.2;23.27;22.845;22.87;5636442
22.755;22.775;22.455;22.47;3936960
22.525;22.77;22.515;22.63;3459013
22.77;23.185;22.675;23.185;4706835
23.26;23.79;22.97;23.705;3932396
23.805;23.965;23.61;23.94;3172690
23.64;24.01;23.62;23.735;2931362
23.93;24.045;23.56;23.655;2122337
23.62;23.62;23.195;23.275;2765565
23.245;23.285;22.89;23.19;3117992
22.975;23.005;22.51;22.83;4245511
23.035;23.1;22.02;22.04;4595053
22;22.18;21.8;21.805;5544671
21.675;22.3;21.64;21.91;6334116
22.08;22.265;21;21.01;7591367
20.395;21.045;20.29;20.41;10240753
20.42;21.2;19.82;19.82;8579159
19.94;20.36;19;20.02;14888607
20.98;20.98;19.175;19.175;12053060
19.75;19.92;18.32;19.625;11568858
19.605;20.81;19.05;20.755;8571498
20.915;21.18;20.58;20.9;3887288
20.86;21;20.21;20.44;5781228
20.355;20.845;20.06;20.71;4071011