80;81.9;78.4;78.9;1188070
79.1;79.1;73.3;73.3;1908790
72.5;74.15;70.4;70.8;1399870
71;74;69.65;73.5;980000
72.2;76.7;72.2;75;1082640
75.3;78.75;75.1;76.45;815070
77;77.3;74.4;75.1;878750
74.1;75.2;71.3;71.7;1360740
72.7;73.2;71;72.15;1045500
72.1;76.5;72.1;75;1097620
75;75.8;73.2;75.05;921000
74.95;74.95;70.55;70.55;1113070
71;71.25;69.2;69.9;1223160
71;71.3;68.2;68.4;1395560
68.2;69.7;67.3;68;1061990
68.95;70.5;68.05;68.8;801140
67.5;69.7;67.5;68.6;981240
68.8;70.5;66.9;67.3;1088180
67.35;68.3;66.05;66.25;1709590
67.7;68.85;66.7;67.2;733880
67;68.25;66.15;66.3;815790
66.6;68.8;66.3;68;881690
69.8;69.8;67.85;69.3;871770
69.9;70.4;68.8;69.6;997790
69.9;71.4;68.3;71.4;905460
72.2;72.75;71.1;71.1;758040
71.3;71.7;68.5;68.5;977700
69;69;66.05;66.05;1036160
66.5;67.5;65.65;67.5;796990
67.5;67.5;63.9;67.5;1154710
67.5;67.8;65.5;67.5;597250
66.9;67.45;65;66;812040
66.95;67.3;65.2;67.1;1034470
67.1;67.6;66.2;67;654010
66.25;67.1;65.2;66.3;679880
66.3;66.7;65.4;66.1;479290
66.45;67.75;65.1;66.4;814690
67.25;67.4;66.25;66.7;660270
66.7;67.9;65.55;66.95;907990
67.8;70.6;66.15;69.7;2189170
69.4;70.9;67.5;69.3;1357740
69.9;70.45;68.8;69;1229400
69.55;70;67.05;69.9;697740
69.5;69.5;66.9;67.05;671670
67.5;67.55;64.4;64.75;1157590
65.7;66.25;63.45;65.1;661340
65.8;65.8;62.1;62.6;842860
62.4;62.4;60.35;60.7;1564940
61.8;62.5;61;62.5;762550
63.5;63.8;60.55;62;764060
62.15;63.2;61.2;61.2;612050
62.3;65.9;62;65.9;1287460
65.9;68.5;64.3;67.75;1134170
69;70;67.5;67.5;1511960
68;69;65;66;1314620
65;66.3;64.1;64.1;1233260
64.9;65;63.45;64.25;803110
64.8;67.55;64.2;67.2;1040890
67.4;68.5;65.8;68;1088890
68.9;69.9;65.15;68;1146960
67;67.9;66.4;67;374590
66.5;67.95;65.2;66.2;1023930
66;66.65;64.9;66.15;612240
66.2;66.5;65;66;929690
66.05;67.9;65.8;67.5;1143970
68.3;71.8;66.25;70;1440170
71.9;74.15;70.75;74;1591690
72;74.9;69.35;74.4;2143420
75;75.3;71.25;72.55;1351230
72.5;72.5;69.25;70.8;764290
71;72.35;70;71.65;566650
72.5;74.25;71.9;72.7;805860
73.7;74.45;70.55;73;671060
71.7;72.4;69;69.45;725850
70.8;71.85;67.5;68.6;1138010
65.85;71;65.6;71;1044030
71;73;69.15;72.7;875620
73.1;73.95;71.1;72;875600
70.75;73.2;70.3;70.3;534410
71.9;74.1;70.35;73.65;563790
74.35;75.15;73.85;74.5;2003600
74.9;76.5;72.1;73.1;2195120
74.9;76.4;72.65;74.6;1017860
74.6;75.35;72.5;73.85;917460
74.1;75.8;72.6;75.5;798770
76;77.5;74.5;76.9;942460
76.25;79.5;75.5;79.35;1096020
77.85;78.6;75.6;78.2;421960
77;77.5;74.5;76.1;883430
76;76.8;74.6;76.05;617250
74.65;79.45;74.25;79.2;811740
78.5;78.9;76;76.7;529430
76.8;80;76;79.1;949780
79.7;80.5;76.2;77.35;1126850
76.45;78.4;76;76;455700
75.25;78.6;75.25;78.2;548400
78.4;79.2;76.5;78;1325770
78.6;80;76.8;77.25;812210
77.7;78.9;76.25;77;842610
76.9;79.85;75.7;78.8;2454880
78;79.9;76.1;76.35;1010000
76.2;77.3;74.5;76;740930
76.15;77.45;73.4;74.05;2109170
74.3;76.3;74.3;75.25;1038180
75.6;75.6;73.1;73.85;1358610
74.9;78.1;74.8;76.9;454630
76.75;78.85;76.25;77.2;680240
77.2;78;75.2;78;436230
77;78.8;76.75;77.3;819830
78;78.75;76.55;78.1;705160
78.75;78.75;75.8;77.4;782520
76.35;77.5;75.65;76.6;512620
76.6;79.9;75.9;79.15;1153470
79.5;84.6;78.7;82.6;1929790
83.15;83.9;82.35;82.5;1236890
83.8;83.9;82;82;2372580
81;81.9;80.55;81.4;444860
81.4;84.05;81.1;82.75;899560
83.3;83.5;81.1;82;791570
81.3;81.95;80.9;80.9;602510
81.3;83.9;76.35;83.8;881750
83.7;85.5;82.65;84.9;888480
84.45;89;84.45;86.5;1276360
86.1;89;86.1;88.4;1517790
87.7;90.7;87.2;88.5;1903640
88.85;90.7;87.6;90.7;1379400
90.1;90.1;83.4;84.55;1180439
84.5;84.5;80.25;81.5;1583393
82.8;87.8;82.25;87.35;1404804
87.45;87.7;84.7;86.9;859049
86;89.9;84.55;89.9;680022
87.55;89.5;86.2;87.75;722211
89;89;82.6;84.7;822821
83.4;86.8;83.4;84.95;755551
84;86.6;83.8;84.8;575044
87.15;87.15;83;84.9;950194
83.9;83.9;80.7;80.75;1385944
80.8;83.2;80.2;82.65;600923
83.4;84;80.6;80.75;782541
80.75;82;77.5;78;1030045
78;81.5;77.75;81;963239
82.4;84.5;81.4;83.95;1326361
85;86.5;83.05;86.35;1076795
86.5;87.3;83.6;85.8;1264860
86.8;86.8;81.95;83.45;651730
83.2;88.5;82.55;88.15;767119
86.25;88;86.2;87.1;621782
87.1;88.9;85.75;88.75;622996
88.45;89.5;87.05;87.2;1223851
87.3;88;85.5;86.25;504763
85.65;89.45;85.65;88.65;598968
89.5;89.75;88.25;88.4;467087
89.2;89.8;87.4;87.9;665436
88;88.5;84.2;85;897818
86.8;86.8;83.05;84.2;653846
85.95;85.95;83.5;84.55;490451
85;85.6;83.05;83.2;308181
84.8;85.6;83.9;85.6;678706
86.2;86.45;83;84.6;590358
84;84.5;81.15;81.9;862536
81.7;82.9;80.5;81.9;698160
82.8;83.65;81.3;82.05;1133262
82.9;83.35;81.65;82.7;695138
83;83.35;80.2;80.2;943531
80.2;84.3;80.2;82.55;690074
82.8;84.15;82.8;83.6;728874
83.8;84;81.25;82.3;612202
82.55;84.4;81.5;84.4;965498
83.1;83.8;81.25;81.4;1329298
81.25;83.75;81.25;82.75;722284
81.8;83.6;81.8;82.3;582305
81.95;83;80.3;81.9;852672
81.3;81.8;79.7;80;983242
80;81;77.1;77.6;1594614
78.2;79.6;76.05;76.05;1209811
77.3;77.3;75;75;1137321
75.95;77.65;74.95;76.05;1300434
78.5;79.85;76.8;77.85;2557839
79.05;81.35;78;78;1619034
78.2;81.1;76.5;79.35;5142926
79.2;82;79;81.9;2113856
82.8;85.8;82.1;85.8;1915087
84.9;86.4;83.3;84.75;1200536
84.85;85.85;80.6;81.15;1358271
79;86;79;86;1650557
85.3;87.1;84.5;85.65;624186
86.5;88;85.1;86.6;702549
85.6;87.55;85;85.6;864344
87.4;87.85;85.4;86.25;548149
84.35;88.7;84.35;87.95;1109629
85.5;88.5;85.5;87.65;583910
86.1;87.9;86.1;87.8;339219
86.7;87.5;84;86.8;917156
85.1;86.4;82.4;83.1;1000284
83.05;84.8;79.75;81.05;1180454
82;82;78.65;81.4;1254324
81.4;83.4;81.05;81.5;1308591
81.3;82.9;80;82.35;608814
83.3;85.5;81.85;83.6;833589
81.7;84.25;81.25;83.75;823053
83.25;84.9;83.1;84.9;647665
84.8;85.8;82.1;82.1;571882
82.1;84;79.3;79.3;776448
81;82.55;79.5;80.35;817021
81.5;84.9;81.1;84.6;800983
84;86;82.1;83;664222
83.8;84.75;81.6;84.5;572151
84.85;84.95;82.7;84.3;647661
82.7;84.7;82.35;84.7;661798
84.8;87.8;84.1;87.6;832542
85.8;88;85.8;87.7;435126
88;90;86.8;90;1143085
90;90;89;89.7;545831
90;90;86.5;88;752335
88.95;89.7;86.9;89.7;647450
89.9;90.25;85.25;85.6;1289669
87.6;87.7;85.1;87.3;703456
88;89.25;87.7;89.2;797814
89.4;89.4;87.25;89.3;663962
89.35;89.8;87.85;88.35;886826
88.45;89.5;87.55;88.55;840010
88.15;89;86.1;88.25;735418
87;90.6;86.35;90.6;859658
90.35;95.3;90.15;92.8;1529750
92.8;93.7;89.7;90;941626
90;92.4;88.65;91.15;766821
91.05;93.9;91.05;93.3;734550
92.05;92.3;88.2;89.95;1363794
90;90.6;87.6;89.4;626504
89.4;92;88.7;91.1;724321
93;93.9;91.25;92;827824
91.7;93.7;90.1;90.15;2261757
89.2;93.7;89.2;93.5;817692
93.4;94.1;90.2;91.9;1053597
91;93.9;89.6;89.7;800072
91.2;91.2;84.05;85.5;845694
85.5;87.2;84.25;86.55;939720
85.2;89;85.2;86.45;892518
87;88.45;84;87.8;645671
87.1;90.2;86.05;86.05;1098309
86.5;90;86.3;87;868727
87.8;87.8;84.15;84.65;712625
85.7;87;82.8;83;721190
83.1;85.35;82.7;83.9;984277
85;85.85;82.15;83.6;757100
83.6;89.85;83.6;87.1;1228897
86.2;88.55;85.2;87.75;773169
86.2;88.8;86.15;87;806401
87.75;89.45;86.5;87.1;827598
87.9;89.4;85.7;87.7;670378
88.45;90.75;88.05;88.8;439715
89.35;90.45;89.1;90.15;480236
88.5;91.8;86.9;91.3;716016
92;92.1;88;88.8;544079
88.8;89;83.25;84.8;715052
87;87;82.25;84.2;1034734
84.9;85.5;80.25;81.3;1384303
81.3;83.8;80.3;80.4;1013125
82.5;82.5;79.8;80.8;1193423
81.3;81.8;79.3;80.5;617224
81.4;81.6;77.5;80.5;1352948
80.95;82.55;80.3;82.4;1044596
82;82.3;78.25;79.55;649682
79.1;79.8;77.5;77.8;975467
78;81.1;78;80.5;828495
80.05;80.4;78.05;79.7;868500
80.3;81.3;77.8;78.6;1124482
79.7;81.8;79.2;81.4;1188419
78.5;83;78.5;82.9;846951
83;83.9;80.6;81.65;670183
80;81.5;78.6;80.95;1972739
78.2;81.55;78.2;81.45;899784
81.5;81.5;79.35;81.5;896003
81.9;82.8;81.05;82.1;627305
83.6;83.6;78.5;83;1126812
81.25;82.9;79.5;80;849660
80.25;80.8;78.6;79.05;433755
79;80.6;78.5;79;962329
79.65;81.9;79.35;81.2;640369
81.9;82.8;80.1;81.8;702465
82.5;82.95;81.65;81.9;372451
82;82.4;80.5;81.5;306170
80.45;82.3;80.1;80.1;526483
81.5;81.5;79.5;81.1;630558
81.2;82.7;80.65;82.65;398021
81.85;82.5;80.7;82.15;570681
82.9;84.55;81.65;84.4;1010780
84.5;84.8;83.1;84;421512
79.05;84;79.05;83.5;958715
83;83;80.25;81.75;812465
81;84.5;80.5;83.6;1164897
84.05;84.5;79.85;80;1046994
81.05;82.3;79.25;82.3;3614593
81.8;81.95;80;81.9;1032284
81.4;82.25;80;81.5;1079232
80.4;84;79.85;84;1208120
83.05;83.3;79.85;79.85;745560
80.5;80.9;79.2;80.25;689361
80.9;81.6;80;80.5;667356
81.3;81.3;79.5;81;650704
81;81.6;79.5;80.75;612550
80.1;80.7;79.4;80;519960
80;80.45;78.1;78.1;855178
77.9;78;76;77.35;959385
77.25;77.3;73.6;75.6;1331343
76.05;77.5;74.2;77.5;863957
79.4;79.4;76.2;77;835537
77.85;78.5;74.5;75.45;724149
76.45;78;75.5;76.25;884207
76.5;76.5;73.1;73.75;1183395
73;73.7;68.6;71.15;1736585
72.2;75.2;71.5;73.75;1017644
75.2;77.9;73.9;77.9;782811
77.2;79.8;76.2;79.1;1250771
79;79.2;76.5;77.6;949211
77;78.3;75;78.05;1013965
77.2;79.4;75.6;76.9;1305714
76.9;77;73.85;77;902721
76;76.35;71.9;73.05;708263
72;75.05;70.25;74;1074084
74;78.4;74;77.3;1411305
77.5;78;75.6;77.1;847014
76.45;78.85;76.45;77.95;797614
77.8;81.5;77.05;81.5;816434
80.9;82.95;79.5;80.85;948578
81;81.3;79.5;80.85;459480
79.8;82.35;79.3;81;640703
82.5;83;80.7;82.8;665731
82.5;82.5;75;79.7;1458428
79.5;82.6;79.4;81.9;731217
81.45;82.3;80.5;80.65;813612
80.9;82.2;80.8;81.1;733433
80.9;82.3;80;81;796522
81;82.3;79.5;82.15;1582793
81.75;84.05;80.2;84.05;1975763
83.8;84.3;81;82.05;1743786
82.05;82.5;79.6;80.5;854839
81.3;81.3;79;79;578482
79.5;81.8;77.6;81.8;955458
82.25;83.7;80;80.55;650844
80.9;83;80.5;82.6;711123
81.3;81.95;80.3;81.05;800240
80.1;83.7;80.1;81.5;918640
80.8;81.5;80.2;81;683485
80.1;80.55;78.5;79.15;833330
79.55;80.1;77.65;78.8;1799200
77.6;78.45;76.1;78;1598586
79.8;80.5;76.6;77;1505662
77;79.2;76.7;77.05;1078281
78;78;75;77.05;1095217
78.05;79.4;77.8;77.95;1805327
77;79.8;76.85;76.85;724024
77.4;79.3;77.4;78;438746
78.05;78.6;77;77.75;486688
78.4;79.9;78.05;78.1;478275
78.55;79.8;76.5;76.5;731783
76.85;77.75;75.1;75.5;3613078
76.4;77.7;75.3;76.5;1933130
76.55;79.9;75.8;78.15;1393439
78.45;80;78.25;80;1596453
80.2;81.4;80;80.35;936932
80.3;81;78.5;78.6;868850
79.55;79.95;78.15;78.15;769588
78.3;79.2;77.2;78.35;1018804
78.3;78.4;76.5;76.5;1020636
77;77.9;76;76.5;948470
76.1;78.75;76.1;77.35;1354924
77.3;77.55;73.7;73.7;2036316
74.4;75.4;73.8;73.95;1129665
73.5;76.15;73.5;74.65;1407026
74.8;75.6;73.7;73.8;1270126
74.9;74.95;73.1;73.6;1635974
74.3;76.35;74;76.3;1134048
75.3;77.5;75.3;76.45;867440
76.9;76.95;74.6;76.5;1602238
76;76.45;73.8;73.8;1072133
73.9;76.5;72.85;76.4;1558416
75.4;77.45;74.75;76.25;1567195
76.2;79.9;75.1;79.9;1177580
79.5;79.9;78.1;78.1;693753
79.3;79.3;76.25;77.45;600514
77.5;79.8;76.45;78.4;967134
78.4;78.45;75.2;75.65;1209582
76;78.2;74.65;77.25;1188667
77.25;79.9;77;78.2;810854
75.75;79.75;75.75;79.45;1072915
80;81.8;79.5;80.8;2829869
81.7;82;78.85;79.6;1311794
80.2;80.2;78.55;80.15;567357
79.7;80.85;79.15;80.85;841700
81.05;81.05;78;78.05;1455133
78.1;80.9;77.5;80.9;1135955
79.8;81.2;79.4;80.8;933986
81;82.45;79.55;80.3;939334
79.7;80;79;79.5;731896
79.5;79.75;77;77;966964
78.8;78.8;77.1;78.55;1669884
78.2;81.2;78.05;81.15;1150242
81.7;82.7;80.4;81.75;818230
81.8;83;81.1;82.95;825818
82.7;83.3;81.75;82.5;813767
82;83.2;80.7;81.9;1141354
81;81.65;79.1;80.5;769332
80.1;81.6;79.5;81.05;1046917
80.5;80.9;79.15;80.85;586483
80.3;80.65;79.1;79.2;498381
78.75;79.55;78;78.55;887491
78.9;79.9;76.5;77;756747
78.8;78.8;76.6;78.25;884965
78.8;79.55;77.8;78.8;544024
78;78;77.35;77.55;377499
77.25;77.7;75.55;77.5;901570
78;78;74.05;75;749750
75.1;76.5;74.8;75;749907
75.2;76.4;74.8;76;857790
75;77.55;74.85;75.4;882821
75.85;76.3;74.65;76;572172
76.45;79.25;76.1;77.85;970182
77.7;78.6;77;77;394780
76.55;78.05;75.5;76;1196403
75.5;78.2;75.3;76.2;3277370
75.65;77.4;73.1;73.1;1509284
73;76.8;72.5;74.6;1680633
75.8;77.55;74.25;76.15;1321156
78.6;80.05;78.2;79.6;2489984
79.2;80.65;78.7;79.8;1652417
80.4;80.9;79.15;79.15;1767649
79.9;80.05;77.3;77.3;1491470
77.7;78.7;75.5;77.8;1531810
77.5;78.3;69.15;69.15;2137587
67;75.2;66;74.45;2518235
74.5;76.1;72.6;75.75;897765
75.05;75.75;70;70;1949036
70.05;73.75;67.1;73;2990594
73;73.35;70.65;72.55;1443058
72;72.45;69.8;70.65;1096126
70;70.7;68.3;70.2;1579511
69;70.25;64;66.85;2945914
70;73;68;72.4;1229742
71;75.4;70.2;73.5;1769093
73;75.95;72.15;75.95;1603949
75.1;76;74.05;75.85;1234280
76.15;76.9;73.8;75.7;2237472
76.45;76.45;73.8;75;871519
74.75;76.85;73.6;76.5;1087782
76;79;75.35;79;1910041
80;81.6;78.2;80.1;1910817
78.3;81.4;78.3;80.3;1519525
79.05;82;77.75;82;1169441
81.15;82.4;80.15;80.15;1282789
80;83.4;79.5;83.4;1675037
83.4;83.4;77.5;78.85;2617532
79.9;80.1;78;80;1428951
79.05;79.6;77.5;77.5;743685
78;79.6;77.5;78.45;890700
79;80.9;78.05;80.15;1027060
79.2;81;78.5;79.9;1470509
79.9;80.9;78;78.5;902454
79;80.95;78.65;80.75;657159
81;81.35;79.1;80.5;958124
79.6;81;77.75;79.45;1325703
79.1;80;77.1;77.3;1059532
78.1;79.5;77.5;78.4;952466
77.65;78.35;76.65;76.7;1396780
76.5;76.5;74.7;74.85;1096915
75;77.95;74.75;76.7;1248315
75.4;77.45;75;77.1;558915
77.8;78.35;75;75.65;721170
75.75;78.4;75.75;78;810693
77.2;78.8;76.8;78.05;749996
79;79.8;76.2;79;991322
79.4;80.9;78.75;79.7;1071817
78.2;80.25;77.2;77.55;947354
77.75;78;75.05;75.7;953088
77;78;75.8;77.5;956561
78.1;79;75.45;76.2;1633898
76.8;78;75.1;76.45;1220324
76.65;77.3;74.9;75.45;902616
76.4;78.25;76;77.35;797270
78.5;78.8;76;76.15;799724
76.95;78.25;76.35;77.75;964843
78;78.15;76.55;77;526138
77.5;77.9;75.5;75.5;954492
76.8;77.3;74.2;74.2;1576663
75.45;76.7;74.7;75.15;1283007
75;75.9;74.05;74.05;1209830
74.15;75.45;73.8;75.2;1506519
76.1;77.25;75.5;76.85;1974288
75.85;76.95;75.2;76.95;826179
76.15;77.95;76.1;77.95;1293888
78.15;79.2;77.25;78.9;1254497
79.7;80.35;77.5;79.6;1422241
78.55;79.75;77.9;79.75;1081017
79;79;77.25;78.6;564404
78.6;79.25;77.3;79.25;810163
79;79.6;77.6;77.65;851069
77.7;78;76.55;77.25;898018
76.55;77.4;74.85;74.9;1280199
75.35;77.1;74.2;77;737032
77.1;78.55;76.1;77.2;811266
77;78.9;77;77.7;954929
77.05;77.9;76.2;76.6;810895
75.55;79.35;75.55;78.6;1151612
78.3;79.35;78;78.9;157701
79.5;80;78.9;79.95;543255
80;81;79.8;80.9;978924
80.95;80.95;77.8;77.8;614822
78.75;80.35;77.45;80;890740
80.4;81.9;79.4;79.4;1187934
79.15;80.95;78.9;79.7;662109
79.15;79.4;76.6;76.75;1453204
77.35;78.85;76.65;78.45;1023206
78;78.45;76;76.05;1163164
76.25;77.1;75.8;76.9;803709
76.2;76.65;75.2;75.2;864059
75.15;77.65;75.15;77.5;1145563
76.85;77.05;75.5;76;1005320
76.3;77.8;75.9;77.75;1103184
76.9;77.35;76.1;76.45;784631
76.45;77.5;75.5;77.25;828096
76.95;78.5;76.65;77.75;690152
76.9;79.35;76.8;78.2;1314042
78.9;80.4;78.6;79.55;961616
79.65;79.8;77.45;78.3;948803
78.6;80.45;78.2;78.4;724868
78.5;79.3;77.5;77.5;1666500
77.15;79.3;76.6;78.55;1461061
79.7;79.7;77.5;78.8;1534433
79;79.95;78.2;78.3;698768
78.9;78.9;77.6;78;862885
77.3;77.8;75.8;76.9;1064338
76.7;77.4;75.6;76;1253773
76;77.4;75.35;76.3;1097586
76.65;77.3;75.7;76.2;713850
76.5;77.2;76.3;76.75;589854
77.3;77.5;75.75;76.85;840971
76.7;77.45;76.1;77.3;632737
77.3;78.3;76.35;78.15;901520
77.2;78.35;76.75;76.85;778750
76.5;77.3;76.2;76.9;353564
76.3;77.8;76.1;76.75;2487039
76.8;78.1;76.6;76.7;1078122
76.9;77.65;76.4;77.45;1043474
76.75;77.1;75.65;76.35;974448
77;77.25;75.45;77.1;1190671
77.4;78.65;77.15;77.3;5794708
78;79.3;77.95;79.3;901304
79;80.9;78.7;80.8;1613233
80.2;81;79.7;80.5;1120556
81.05;83.1;80.75;80.75;1593045
80.75;81.45;79.4;79.65;1338889
79.6;81.75;79.25;80.8;1189802
82;82.5;80.6;81.1;1240491
80.55;82.4;80.55;81.65;1295062
81;82.55;80.9;81.2;1181662
81.05;82.35;80.7;82.25;1231074
81.5;82.45;80.4;81.15;1236631
81.5;82.8;81.3;82.1;674645
81.8;82.7;81.4;82.5;843715
82.8;83.8;82.45;83.55;799265
83.75;85.2;83.2;84.35;1289964
84.15;84.75;82.2;82.2;1442008
82;83.9;81.9;81.9;906522
82.4;83;80.8;82.1;1052095
81.85;83.6;81;81.35;783767
81.8;83.4;81.1;83.05;909771
83.55;83.55;81.55;82.1;1798456
82.6;85.1;82.15;84.75;3064057
84.2;84.6;81.55;81.65;1488752
82.1;82.2;81;82.1;1431264
83.1;84.5;82.2;82.35;1986487
82.9;84.9;82.1;84;1440661
84.75;84.75;82.4;82.45;962827
82.85;84.85;82.75;84.35;1109044
84.2;87.25;83.7;87;1405761
87.9;87.9;84.8;85.1;1106569
85.4;86.6;84.85;86.55;1300722
86.6;86.7;85.1;85.5;886823
85.5;86.65;85.45;86.25;1291884
86.8;87.05;85.75;85.75;801012
86.15;87.8;86;86.55;1099850
86.45;87.45;85.8;87;577976
87;87.4;86.05;87.35;814341
86.95;87.85;85.15;86.4;1000623
86.8;87;85.65;86.3;913590
85.55;86.05;84.25;84.8;1009583
84.6;86.2;84.25;85.35;2137072
85.6;86.8;84.35;85.7;1554551
85.45;86.95;84.8;86.95;2220276
86.8;88.3;85.3;85.6;1230607
85.95;87.65;83.2;83.55;1620730
84;86.25;83.1;86;826349
84.8;85.25;83.7;84.5;1094126
83.95;85.65;83.95;85.65;684753
85.55;85.6;83.25;84;577729
83.9;84.5;82.8;82.85;849453
82.6;84.5;81.6;84.4;2608700
84.65;85.85;83.65;85.3;1006611
85.7;85.85;81.5;83.15;2263478
82.7;83.6;81.65;82.35;1024321
82.35;83.6;81.6;82;2146705
81.8;82.9;80.2;81.1;653113
81.2;82.85;80.5;80.55;1240020
80.6;81.85;79.7;79.7;1363757
79.8;81.7;79.8;80.45;1297095
81.4;81.7;77.75;77.8;2064877
78.1;80.25;78.1;79.4;1217982
79.9;80.75;77.8;77.9;1243775
78;79.4;77.6;78;4052696
78.8;79.45;77.8;78.4;1567103
78.6;79.5;76.2;76.55;2863106
76.85;77.85;76.35;76.8;883556
76;76.7;74.1;74.95;2409160
75.95;77.25;74.4;75.6;3256299
76.35;79.2;76;78.55;2331155
77.3;78.1;76.2;77.4;1768188
77.65;78.9;75.7;76.5;1314226
76.25;79.35;75.85;79;1211351
77.6;78.5;76.9;76.9;1296869
77.55;78.3;76;77.15;1126315
76.2;77.3;74;74.75;2668572
75.2;77.75;74.5;76.5;1814088
77.5;79;76.95;78.1;1251494
77.5;77.8;76.1;76.85;1095392
76.35;76.8;74.1;74.55;1548900
74;77;72.8;75.1;1734399
75;75.85;72.7;74.7;1729459
75.25;76.35;75.05;76.15;1602594
73.55;75.7;73.25;75;1907886
76.7;77.45;75.3;76.55;1536661
77.5;79.9;77.15;79;2242456
78.4;80.15;78.4;79.55;1272166
78.25;79.7;77.7;78;1714316
77.6;78.65;76.75;76.75;1584175
77.7;78.4;77.5;77.65;1020320
78.4;80.7;78.2;79.85;1380093
79.15;81;79.15;79.7;1305244
79.15;80.4;78.05;79.4;1356654
78.5;78.7;75.8;75.8;2023339
74.9;77.4;74.2;75.9;2696070
77.65;77.9;74;75.75;1634301
75.3;76.4;70.05;70.15;1796364
72.5;72.5;67;70.1;2493785
68.65;71.75;68.3;70.6;2103603
71.95;74.25;70.6;72.75;1499234
72;72.2;67.25;68.35;1958622
68.2;69.75;66.05;66.05;1920982
66.35;68.8;64.15;65.05;2362976
63;65.9;60.55;64.55;2958406
67.2;68;63.55;66;2013101
65.15;67;63.55;66.4;1280409
67.1;71.6;65.7;71.6;1767648
72.45;72.5;70;71.45;2565115
72.4;74.2;68.7;71.5;1901519
72.2;72.2;66.75;66.75;1691589
67.95;70.55;66.15;69.25;1709611
70.95;70.95;65.05;65.05;1985157
63.95;69.2;61.75;69.2;3029419
69.55;71.6;67.8;68.35;1525350
69.5;71.75;68.7;71.7;1636611
72.2;73.4;70.95;72.65;1381017
72;73.7;71.3;71.8;865741
72.05;74.35;71.6;74;1421103
72.05;73.9;72;72.25;1590434
74.3;76.6;73.6;75.8;1256718
76;77.05;74.75;76.5;1325802
75.5;79.1;75.5;78.4;1217320
78.95;78.95;75.35;76;1099836
76.45;77.9;75.1;75.85;1324357
76.3;77.55;75.4;77;1078047
77.75;77.75;76.1;76.35;674719
76.15;76.85;75;75.1;519025
75.45;76.7;74.25;75.9;1195545
75.25;75.45;73.2;73.9;1091848
73;73.85;71.35;72.7;1344237
73.4;74.6;72;73.55;949756
73.2;73.9;71.9;72.1;596612
71.45;71.65;68.45;68.9;1715447
68;70.75;66.6;70.55;1533505
77.3;77.4;74.15;74.65;5769818
74.75;76.5;73.7;75.8;1252461
76;77.1;74.55;76;1055606
76.95;78.5;76.5;78;1154249
78.35;79.3;77.4;78.95;1667673
77.9;78.75;76.1;76.35;1237047
75.5;76.5;74.5;75.75;1515468
76.9;76.9;73.35;73.95;1251307
75.95;76.45;73.5;74.2;1302839
73;74.95;72;72.4;1490937
72.5;74.8;71.5;72.75;1567674
72;73.85;70.75;71.65;1733075
71.2;73.2;70.3;71.05;1552694
71.05;73.5;68.55;71;2071987
70.3;74.85;70.3;73.5;2250597
74.5;76.95;74.2;76.95;2162690
76.25;77;75.5;76;1145030
73.85;74.05;71.55;73;1835159
73.4;74.45;71.95;74.45;1318802
75.8;77.2;75;77.2;1804847
76.45;78;75.55;75.65;1629954
75.45;77.75;74.35;75.4;1683607
74.4;76.45;73.4;75.4;1538830
75.95;77.35;75.5;76;1800181
76.8;76.8;73.15;73.55;1570878
71.55;75.75;70.65;75.35;2672311
75.75;75.9;72.8;74.3;2172183
74.25;76.1;73.1;75.65;1681207
76.2;78.95;75.35;78.6;1784071
77.25;79.5;75.7;77.4;1820103
78.15;79.3;74.8;77.6;1995433
77.55;77.75;74.1;75.35;1601918
75;76.8;74.6;76;940460
76.45;78.45;75.6;76.1;1434023
76.7;77.5;74.65;74.8;1499890
75.95;77.25;75;76.2;1440293
75.55;76.8;74.55;75.55;886127
77.4;77.4;74.8;75.75;1062109
74.55;76.4;73.5;73.7;1326636
74.7;75.5;73.55;75;1056912
74.05;75.8;73.3;75.2;1917555
74.65;74.9;72.1;73.55;751849
74.55;75.85;74.25;75.4;1097332
74.1;75.7;73.25;74.95;1200023
75.9;75.9;72.4;73.25;1033696
73.95;74.4;70.75;71.5;2038020
71.5;72.85;70.4;70.95;1181406
70.75;72.05;70.2;72;763123
72;72.9;71.05;72.15;841044
71.6;71.9;70;71.25;1086479
71.2;73.75;70.2;73.75;1130390
74.1;74.6;72.55;72.95;881139
73.3;74.6;71.75;72.45;1009314
71.65;73.3;71.6;72.75;648528
73.6;73.6;70.95;71.45;938509
73;74.4;71.65;74;1642431
74;74;70.9;71.25;1284200
71.3;72.45;70.8;71.65;934858
71.5;71.95;70.05;70.35;1089805
70.8;72.95;69.55;72.55;4877276
72.95;72.95;71.3;71.8;851499
71.75;72.65;71.05;71.75;1018093
71.4;72.35;69.25;69.25;1759618
69.5;70.8;68.8;69.6;1458578
69.95;72.25;69.15;71;1787860
71;72.75;68.6;69.45;1522625
69.6;72.3;67.7;70.65;1672880
72.2;72.2;69;69.85;1234314
69.7;71.4;68.75;70.75;1800208
71.35;72.75;69.9;72;1135008
72.1;72.2;70.3;71.25;1549221
71.7;71.7;69;70.5;1097938
69.7;71.6;69.4;70.8;1074618
71.35;71.35;69.7;70.6;1614289
71.4;72.5;71.15;71.55;2823584
71.7;73;70.55;71.55;1524837
71.55;73;70.6;72.85;1627936
72.5;73.2;72.05;73.2;1309741
73.45;73.45;72.35;72.6;369937
72.1;72.8;70.75;71;716056
71.45;71.75;70.1;71.5;935449
71.75;72.55;71.2;72.55;815134
71.7;74.85;71.15;74.85;1003517
74.5;74.75;73.05;74;1388520
73.45;73.9;72.2;73.35;2529521
73.25;74.3;72.45;72.6;975166
72.6;72.8;70.15;70.35;1555289
70.5;71.7;69.85;71.1;989942
71.6;72.8;70.7;71.7;1113655
72;72.7;71.1;71.8;1090706
71.9;72.25;70.25;71.15;1029563
71.1;71.85;68.6;68.85;1869801
68.45;69.6;68.45;68.7;1410653
68.5;68.65;65.7;66.1;2389090
66;68.35;66;67.25;1309350
67.4;68.7;66.3;67.5;2053005
67.5;68.45;65.5;65.6;2050371
66.4;66.85;62.8;63.6;2209120
64;64.55;62.7;64.5;1496849
63.35;63.95;61;61;1623207
61.4;62.1;59.5;59.95;1515034
59.7;62.2;58.5;62.15;3348538
62.05;64.05;62.05;63.1;1537584
62.1;64.8;61.7;64.3;1456231
65;65.2;62.6;63;1215034
63;63.6;60.2;61;1678990
61.05;62.6;60.3;62;893677
61.95;63.35;60.4;60.65;1233728
60.7;61.85;59.95;60.05;830814
60.4;60.6;59.5;60.2;915333
61.2;62.05;60.5;62;1036208
61.4;61.8;59.65;59.65;1238215
59.4;61.7;58.8;60.9;1149703
61;63.45;60.6;61.9;1999705
62.5;62.9;61.9;62.9;612283
63.35;65.65;62.55;64.95;1241141
64.8;65.2;62.25;62.7;1498930
62.2;62.65;59.8;60;2573130
60;60.55;59.35;60.45;1951413
60.45;61.3;59.25;59.35;915465
59;60;58.4;58.9;1778810
59.75;61.3;59.35;59.8;12235361
59.65;60.55;59.25;59.95;1705479
60.45;60.45;59.1;59.9;1949502
60.3;62;59.6;60.9;1157565
60.15;60.8;58.35;59.1;1543907
58.5;59.3;57.15;57.5;2156564
57.4;57.7;56.65;56.85;1397670
56.25;57.4;55.9;55.95;1272784
55.95;56.45;54.25;54.25;1045133
54;54.75;53.4;53.4;1514325
54;54.05;50.15;50.75;2042843
52.05;55.2;51.1;54.75;2179599
55.8;59.7;55.25;59.4;3249142
58.5;63.15;57.15;61.8;1939700
61.6;62.8;58.7;59.95;2406501
60;61.9;59.1;60;1792234
59.95;60.75;58.7;59.4;1193624
59.85;61.7;59.55;60.65;1513898
60.05;60.2;56.15;56.3;1492187
56.3;60.5;54.2;59.65;2137150
59.55;62.2;59.55;59.9;1963292
59.5;59.6;58.15;58.65;1339222
59.65;59.65;57.1;58.6;943032
57.3;57.45;55.1;55.5;1596137
55.9;56.8;55.1;55.4;1441404
56.05;58.2;56.05;58.2;2031740
59;63.15;58.7;61.05;3223536
61.95;64.15;60.3;63.55;1766423
64.9;66.8;64.15;66.1;3618513
65.4;66.75;65;66.4;3688749
65.4;67.3;65.2;66;2909319
65.45;65.65;64.15;64.6;2784401
64.65;66.2;63.85;64.55;2475348
64.2;65.6;64.1;65.25;1869004
65.95;66.6;64.3;64.6;2076798
65.5;65.9;63.95;64.45;1207499
63.9;65;63.25;64.4;963257
64.4;65.1;63.5;64.65;852270
65.9;66.15;63.55;64.3;1306820
63.6;65.25;63.2;63.2;909549
63.5;63.95;62.5;62.55;924629
62.35;63.85;62.35;63.55;1273760
64.3;65.55;62.95;63.25;1553118
63.75;65.35;63.3;64.05;1536058
63.55;64.5;62.9;64.5;1168320
64.75;65.5;63.4;63.65;1188683
63.7;65.1;63.5;65;1148238
64.9;65.8;63.7;63.8;1590297
64.3;64.7;63.15;63.15;1027198
63.35;63.75;62.5;63.75;992774
64.3;64.45;62.7;64.1;861257
64;64.55;63.05;63.4;616685
63.25;64.35;62.2;62.35;1337601
62.1;63.6;61.7;63.35;2752733
63.4;64.65;63;63.4;1192469
62.6;63.25;60.7;60.8;1080195
61.2;62.35;60.25;61.55;1266861
61.95;63.25;60.7;63.25;4809632
63.1;63.9;62.2;62.95;2030086
63.4;63.4;60.9;61.35;1989693
60.85;62.35;60.85;61.1;2573099
60.65;61.4;59.65;61.1;1366256
61.7;61.9;59.85;61.05;1635141
60.3;61.4;60.05;60.15;989983
59.8;62;59.8;61.7;2839426
62.15;63;61.25;62.9;1136082
62.45;63.4;62.35;63.05;1464851
63.4;63.4;61.8;62.75;1664992
62.6;63.2;60.3;60.85;2061719
60.85;62.2;60.75;62.05;1559773
61.85;62.45;61.2;61.85;1592318
61.8;63.05;61.65;62.55;1141472
62.7;63.95;62.5;63.75;1790121
64;64.3;62.25;62.7;1936794
62.7;63.75;62.2;63;1365353
62.85;64.35;62.5;63.9;1442741
64.7;64.8;63.6;64.4;1491908
64.5;66.1;64;65.15;1768861
65.7;66.4;65.15;65.9;2756555
65.3;66.6;64.8;65.6;3428519
65.05;66.6;62.6;63.4;2716128
63.5;64.6;62.2;63.1;4035784
62.7;63;59.85;61.2;4066234
60.8;62.2;60.4;60.7;2024037
61.2;61.45;59.85;60.55;3080771
60.15;62.15;59.9;61.4;3157464
61.55;61.85;59.8;59.8;2299072
60.8;61;59.6;59.9;1769851
60.05;60.35;57.85;59.05;3055132
58.65;59.45;58.55;58.75;1487377
59.25;61.35;59.25;61.1;1616165
60.95;61.2;58.6;59.7;2424908
59.7;60.1;58.6;58.6;2065433
57.8;59.4;56.9;58.75;4538915
58.65;60.2;58.3;59.6;1656293
60;61.75;59.5;61.05;1199398
60.85;61.05;59.35;60.05;1516134
60.15;60.2;58.45;59.2;1812936
58.6;59.45;58.3;58.85;1264488
58.95;59.4;58.4;58.9;1227934
59.4;59.4;57.25;57.85;1616347
57.95;58.3;57.15;57.8;1176657
58.1;58.15;57.25;57.45;1048084
57.25;59.4;57.25;58.6;1649175
58.1;58.85;57.7;57.9;1199054
58.65;59.45;58.25;58.65;1314604
58.3;60;58.2;58.45;2739361
58.3;59.2;57.95;58.5;1739816
58.6;58.85;57.65;58.55;1533095
58.5;58.65;57.55;57.7;1271265
57.9;58.2;56.35;56.55;1317839
56.85;57.85;56.5;57.4;1011230
57.2;57.2;56.1;56.2;969317
56.95;56.95;56.2;56.45;1138022
57;57.7;56.45;57.15;853303
57.25;58.3;56.85;58.05;993918
58.15;58.45;57.75;58.15;820146
58.45;58.45;57.1;57.45;1248840
57.75;58.7;57.2;58.5;1020454
58.75;59.75;58.6;59.1;971863
59.5;60.15;58.85;60.1;1186905
60.35;60.9;60.05;60.5;1392588
60.45;60.65;59.8;60.05;893447
60.5;62.5;60.25;61.95;1922837
61.9;63.15;61.75;62.55;1253380
62.25;62.75;61.65;62.35;851289
62.65;62.85;61.8;62.2;1043884
62.55;62.6;61.85;62;4855377
62.05;63;61.85;62.7;1518779
63.05;64.4;62.95;63.3;1990177
63.95;65.45;63.85;64.8;1483490
65;65.1;63.8;64.7;1259558
66.65;66.65;62.9;63.15;4152071
63.35;64;63.05;63.7;1458889
63.7;64.2;62.35;62.55;1612975
62.95;63.05;62.5;62.9;1006340
63.35;63.4;62.05;62.55;1052851
62.7;63.1;62.1;62.15;1149687
62.05;63.85;62;63.15;1221178
63.2;63.35;61.5;62.35;1283132
62.4;63.2;62.35;62.7;755485
62.95;63.7;62.45;63.4;753908
64;64.15;63.35;63.4;659181
63.5;63.7;62.4;63.5;1002158
63.85;63.95;62.45;62.45;1217842
62.15;62.45;60.85;61.2;1377016
61.2;61.45;60.35;60.75;1140201
60.85;61.45;60.25;60.5;843427
60.1;61.25;59.65;60.65;1755606
60.3;61.45;59.65;61;1291981
60.75;61.5;59.85;60.3;1228988
60.35;60.4;58;58.65;2513760
58.7;59.65;58.15;59.65;1689418
59.8;60.1;58.75;59.4;1273021
59.2;61.4;59.1;61.2;1112205
61.3;61.3;60.3;60.9;741347
61.15;61.15;59.35;59.9;989321
59.85;60.15;58.55;59.1;1644530
59;60.2;58.8;59.95;1210174
60;61;59.65;59.85;1104445
59.4;61.75;59.4;61.25;1098295
61.8;61.85;60.7;61.1;1268389
61.55;62.5;61.25;61.9;1532440
61.65;62.65;61.55;62;1443352
62.45;63.3;62.15;62.3;1010518
62.15;63.25;61.9;62.2;1527866
62.8;63.45;62.4;62.85;1252333
63.1;63.55;62;62.4;1723800
60.65;62.25;60.45;61.4;2366689
61.1;62.15;60.85;61.7;871500
62.1;62.4;61.65;62.1;994972
62;63.25;62;63.2;1316175
64;64.2;63.1;63.7;1385016
63.85;64.95;63.35;64.5;1470647
64.5;64.5;63.1;63.6;1160216
63.65;65.1;63.5;64.8;1094972
64.95;65.2;64;64.35;1046121
64.05;64.65;63.7;64.05;939315
64.25;64.95;63.2;64.25;1247960
64.75;64.95;63.8;64.6;948576
64;64.95;63.85;64.15;799942
63.75;64;63.5;63.8;696355
63.7;64.15;63.2;63.45;1017210
63.6;64.3;63.1;63.45;1550434
63.05;64.35;63.05;64.1;968252
63.05;63.6;62.5;62.7;1324482
63.3;63.3;62.1;62.65;1100542
61.8;62.75;61.75;61.8;1524753
62.35;62.35;60.6;61.65;1304662
61.35;62.55;61.15;62.55;1218676
62.35;63.6;62.2;63.35;1118753
63.2;63.75;62.2;62.45;1838486
62.6;62.9;61.8;62.05;1826586
61.85;62.4;61.4;62;1072894
61.5;62.15;60.8;61.9;10620996
62.5;63.25;61.8;63.1;2098840
63.4;63.8;62.35;62.55;2313282
62.4;63.65;62.3;63.45;1384727
62.8;63.3;62.3;62.65;1365381
62.65;62.85;62.05;62.2;920311
62;62.2;61.25;61.6;807450
62.05;62.2;61.2;61.9;1731149
61.9;61.9;60.95;61.55;1041105
61.65;62.25;61.5;62.2;1134500
62.2;62.7;61.6;62.2;1138591
63;63.15;62.15;62.3;1079341
62.1;62.75;61.5;62.4;1167690
62.65;62.65;61.65;62.35;1698082
62;63.65;62;63.55;1521846
63.7;63.85;63.05;63.7;1392806
63.25;63.95;62.9;63.6;1082333
63.7;64.25;63.55;64.05;860939
64.15;64.75;64.1;64.65;412769
64.65;64.9;64.4;64.7;676979
64.95;65.15;64.75;65;820002
64.75;65;64.2;65;517100
65;66.05;64.8;66;490256
65.65;66;65.3;66;865879
65.6;66;64.95;65.35;1131087
65.7;65.7;64.7;64.85;1116586
64.85;65.5;64.6;64.9;1327013
65;65.5;64.1;64.5;1259438
64.3;64.4;63.5;63.7;1095581
64;64;62.95;63.2;1218700
63.35;64.35;63.2;64;1550807
63.6;64.75;63.3;64.45;1237848
65;68.5;64.55;66.55;4422606
67.3;68.05;66.85;67.7;1663505
67.85;68.15;66.6;66.75;1352844
66.65;68;66.65;68;1202321
69.9;69.9;67.75;67.75;2926753
68;68;66.15;66.55;2539149
65.5;66;63.85;65.25;3432537
66.15;66.15;64.1;64.55;2039342
63.85;65.3;63.85;65.1;1329986
64.85;65.35;64.45;65;1082919
65;65.6;63.65;63.65;1294284
64;64.85;64;64.55;762449
64.1;64.8;63.65;64;791020
63.5;64.75;63.5;64.5;1165520
64.85;66.15;64.5;65.55;1601289
65.6;66.25;64.9;65.55;1156046
65.95;66.5;65.5;66.05;896831
66.15;66.15;65.35;65.95;937766
65.85;66.35;65.35;66.2;840443
66.25;66.3;65.15;65.5;883627
65.3;65.95;64.9;65.3;862167
65.4;66.9;65.4;66.7;822085
66.55;68.1;66.5;67.65;1490674
67.8;67.95;67.3;67.65;939148
68;69.4;67.8;68.95;1276044
69.35;69.35;67.35;68.1;1507458
68.1;68.45;66.9;67;869491
67.05;67.25;65.75;66;1922057
66.15;66.15;65.75;65.9;1437569
65.75;66.5;65.5;65.8;1070339
66.25;67.1;66;66.15;1194626
65.9;67.5;65.9;67.2;1054378
67.5;67.6;66.5;67.2;919910
67;67.35;65.65;66.25;1243196
66.1;66.6;65.6;66.4;858460
66.35;66.55;65.2;65.85;936502
66;66.15;65.5;66.15;535632
65.65;66.1;65.45;65.55;851561
65.4;65.85;65.15;65.45;972308
65.1;65.3;63.55;63.8;1996389
63.25;64.3;62.2;64.3;1631122
64.3;64.3;62.2;62.45;1496207
62.2;63.7;62;63;1332243
63.15;63.9;62.55;63.8;1238852
63.55;63.8;61.3;61.65;1859676
62.1;62.35;61.3;62.15;1165294
61.45;61.85;60.1;61.15;1588697
60.75;61.4;60.25;60.3;1451266
60.2;61.2;60.1;60.6;1371716
61.15;62.25;60.95;62.1;1734623
62.55;62.85;61.25;61.6;1484215
61.45;62.3;61.2;62.05;876124
62.15;62.6;61.7;62.3;1128644
62.5;63.2;62.05;62.3;1284219
62.85;63.25;61.9;62.65;1196157
62.95;64.25;62.25;64.15;1186827
64.05;65;64;64.65;1250823
63.8;64.95;63.6;63.65;1715735
64;65.1;64;65.05;1442557
65.2;65.25;63;63.85;2038883
64.35;64.9;64;64.55;941429
63.95;64.45;63.3;64.1;832068
63.7;64.6;62.8;64.15;673608
64.2;65.4;64.2;64.85;1674728
64.95;64.95;63.7;64.55;730095
64.75;65.1;64.45;64.75;715321
63.95;65.05;63.85;64.45;713500
64.25;64.65;63.6;64.65;1042801
64.75;65.75;64.5;65.15;907462
65.65;65.7;64.35;64.85;2403881
64.6;64.8;64.1;64.5;774948
64.1;64.35;62.75;62.95;1402223
62.9;64.1;62.3;63.15;1778687
63.2;64.45;62.8;62.9;1697266
62.55;63.4;62.55;63.35;596010
63;63.6;62.5;63.3;2765218
63;63.75;62.6;63.55;837324
62.95;63.8;62.95;63.05;1159648
63.3;64.3;63;63.6;1919427
63.1;63.45;61.9;61.9;1588329
62.1;64.8;62.05;64.7;5199066
64.3;64.6;63.7;63.85;1890892
64.25;65.05;63.7;64.9;1794240
64.05;64.3;62.85;63.65;1268801
62.6;63.4;62.4;63.1;4857931
63.55;63.75;62.65;62.9;1049749
63.65;64.95;63.2;64.35;1041550
64.05;64.55;63.6;64;550888
64.5;64.5;63.25;63.4;663528
63.95;64.6;63.4;64.05;1577513
63.65;63.7;63.05;63.4;822994
64.05;64.4;63.6;63.85;847845
64.3;64.95;64.25;64.7;1760467
64.9;65;63.5;63.55;1935562
63.65;64.1;63.45;64.05;277089
63.75;63.95;63.1;63.35;785549
63.65;64.1;63.3;63.4;1100206
63.1;63.5;62.85;63.15;996937
63.25;64.2;63.1;63.9;1349090
63.9;64.5;63.75;64.3;670694
64.15;64.4;63.35;63.6;966531
63.5;64.35;63.5;63.95;941557
64.15;64.4;63.75;63.95;559758
64;64.1;63.65;63.9;493385
63.75;64;63;63.4;942080
63.4;64.4;63.25;64.1;942910
64.6;64.9;64.4;64.85;935899
64.65;65.35;64.55;64.95;1068485
65.15;65.8;64.65;65.8;2367345
65.9;66;65.15;65.95;969174
65.6;66;65.1;65.3;1056463
65.85;66.85;65.55;66.5;1484950
67;67.25;66.3;67;1151472
67;67.4;66.7;66.7;1030680
66.9;67.45;66.6;67.3;859888
67.2;67.4;65.95;66.15;1960171
66.05;66.5;65.6;65.65;1695514
65.8;66;64.75;65.2;1468925
64.9;65.35;64.15;64.45;914820
64.5;65.05;64.5;64.75;452234
64.65;65.05;63.7;64.05;1016102
64.05;64.85;63.85;64.35;833273
64.2;65.35;63.85;64.6;1186486
62.5;62.8;61.25;61.75;4666541
61.5;62.2;61.05;61.45;1463592
61.55;61.85;61.05;61.05;1428190
60.65;61.25;60.35;61.2;1422852
61;61.4;60.3;60.5;1061634
60.5;60.95;60.25;60.25;729647
60.3;60.8;60.2;60.2;862183
60.15;61.05;60.15;60.75;781789
61.05;61.25;60.5;60.65;1179287
60;60.2;59.2;59.5;1604374
59.4;60.15;59.35;59.65;874543
59.75;60.1;58.85;59.1;877617
59;59.65;58.95;59.55;718800
59.55;59.95;58.55;59.05;1242962
59.05;60;59.05;59.85;1134605
59.4;60.1;59.1;59.55;1154496
59;59.3;58.6;59.2;1241495
59.5;59.9;58.75;59.15;1085690
58.75;58.85;57.55;58;1815401
58.4;59.15;58.15;58.55;965273
57.5;57.7;56.7;56.95;1824512
57;57.35;55.85;56.3;1149755
56.05;56.65;56;56.55;995174
56.55;56.7;55.35;56.05;1365201
56.15;57.1;55.15;55.65;1434064
55.25;55.5;54.6;54.95;1408984
54.6;55.95;54.3;55.6;1188739
55.75;57.3;55.35;56.2;1782536
56.1;57;55.3;56.3;1749500
56.85;57.45;56.2;56.35;1789000
56.45;56.45;54.9;55.8;1941529
56.2;57.05;56;56.75;1015470
56.75;57.15;56.4;56.7;861771
56.95;57.1;55.55;56.1;1525633
56.5;56.55;55.9;56.4;1005126
56.6;56.6;55.15;55.9;1924139
56.2;56.2;54.85;55.35;1518993
54.9;55.1;54.25;54.65;3085612
55.9;56.2;54.5;55.4;2659847
55.45;55.65;54.9;54.9;1669261
55.1;56.2;55;56;1737116
56.2;56.85;56;56.6;1283040
56.7;57.75;56.7;57.35;1917504
57.5;57.6;56.65;56.9;1351788
56.6;56.75;55.8;56.35;1375779
56.35;56.8;56.15;56.25;727137
56.25;56.9;56.25;56.85;1154796
56.8;57.05;56.55;56.75;998206
56.7;57;55.95;56.55;1544891
56.6;57;56.1;56.25;1194801
56.45;56.8;56.1;56.35;1257074
56.3;56.35;55.1;55.7;1982191
55.45;55.7;54.65;55.1;1909677
54.8;55.05;54.05;54.3;1598623
54.15;54.25;52.9;53.2;2722005
53.3;53.55;52.6;53.25;1581741
53.25;53.25;52.65;52.75;806466
52.6;53.75;52.45;53.1;1666578
53.5;54;53.25;53.5;1543512
53.85;54.15;52.5;52.75;2650182
53.05;53.9;52.85;53.7;1883065
54.1;54.4;53.8;54.25;1527886
54.3;54.35;53.6;53.95;1201446
53.95;53.95;52.8;53.4;1786871
53.2;53.65;52.65;52.9;1887567
52.45;52.45;52;52.3;2475995
52.3;52.5;51.6;51.75;1291902
51.65;52.3;51.5;52.15;1583470
52.3;52.7;52;52.25;1589170
52.05;52.35;51.85;51.95;1135380
51.75;52.7;51.65;52.2;1506093
52.4;52.55;52.1;52.2;933641
52.7;53.75;52.7;53;2115702
52.5;53.6;52.25;53.2;1407428
53;53.3;52.3;53;2852960
53.1;53.65;52.85;52.9;1279212
52.2;52.55;51.65;52.25;1523354
52.15;52.4;51.8;52.15;1043437
52.4;53.15;51.85;53;1385762
53.15;54;53.15;53.45;1656837
53.5;54.45;53.25;53.45;1781884
53.45;54.3;53.45;54.1;861200
54.25;54.9;54.05;54.5;1414756
54.9;55.45;53.8;54.8;1376575
54.35;55.25;54.35;55;1080832
55.6;55.9;54.95;55.2;1273133
55.35;56;55.2;55.5;1219478
55.7;55.9;55.25;55.7;927365
55.9;56.1;55.5;55.65;1345746
55.6;56.1;55.3;55.95;754543
56.1;56.55;56.05;56.2;1031347
56.45;56.7;56.2;56.35;822031
56.15;56.9;56.05;56.15;1290640
56.15;56.85;55.9;56.75;1530155
56.4;56.65;55.3;55.65;2144610
55.7;56.1;55.1;55.45;1464340
55.15;55.3;54.65;55;964286
55.2;55.4;54.8;55.25;1491764
55.5;55.5;54.45;54.8;1231497
54.8;55.55;54.75;55.5;847105
55.25;55.5;54.95;55.25;762434
55.3;55.95;54.8;55.2;980125
55.3;55.4;54.4;54.4;1187401
54.4;54.8;54.35;54.6;1426274
54.85;55.45;54.65;55.1;1392070
54.85;55.4;54.25;54.55;1503429
54.15;54.3;53.85;54.25;1044448
54.2;54.7;53.95;54.5;899780
54;54.95;53.95;54.6;1265823
54.3;54.8;53.95;54.45;1322414
54.65;54.95;54.5;54.55;1393864
54.8;55.55;54.7;55.15;1745533
55.5;55.9;54.85;55.75;2002447
55.55;56.2;55.45;55.6;1216978
55.5;55.85;54.75;55.05;1695791
55.2;55.3;54.45;54.5;1909982
54.45;54.6;53.9;54.35;1894720
54.05;54.9;54.05;54.5;1194125
54.9;55.4;54.65;54.95;1292660
54.8;55.8;54.8;55.6;907091
55.4;55.85;54.35;55.75;243769
55.45;55.75;55.25;55.4;1219851
55.45;56.2;55.35;55.75;788330
55.95;56.05;55.3;55.75;688413
55.95;56.45;55.7;55.9;636391
55.75;56.2;55.75;55.85;373571
55.85;56.9;55.85;56.45;940839
56.55;57.25;56.35;56.9;1442178
56.4;57.25;56.3;56.95;1442140
56.95;57.4;56.8;57.3;1332426
57.4;58.1;57.3;57.85;1673330
58;58.05;57.15;57.6;1220943
57.85;58.05;56.85;57.05;1660029
57.05;57.15;55.85;56.2;1552939
56.4;56.4;55.5;56.1;1537640
55.7;56.7;55.7;56.25;1390606
56.15;56.9;56;56.7;931037
56.4;56.5;55.85;56.25;1031059
56.7;56.7;55.9;56.1;1112317
55.55;55.85;55.45;55.5;1089617
55.25;55.5;54.7;55.2;1646285
55;55.25;54.5;55.2;1394863
55;55.55;54.75;55.15;1384285
55;55.6;54.95;55.5;1093708
56.3;56.9;55.85;56;2572336
56.6;57.1;56.3;56.75;2015438
57.35;57.85;57.25;57.45;1851789
57.3;57.9;57.3;57.9;1126347
58;58.05;57.35;57.65;1442011
57.7;57.95;57.35;57.75;951360
58;58.45;57.35;57.8;1085921
58;58.2;57.55;57.95;1081778
57.7;58.75;57.55;58.65;1564308
58.65;58.65;57.9;58.35;1182397
58.45;58.45;57.75;57.9;744283
57.9;58.45;57.7;58.45;717063
58.2;58.5;57.6;58.15;726078
57.9;58.35;57.9;58.25;708997
58.1;58.3;57.35;57.6;1395367
58.5;59.8;58.25;58.9;3515565
59;60.1;58.9;59.55;2850219
59.75;60.1;59.5;59.75;1278203
59.55;60.2;59.2;59.8;1218513
59.5;60.2;59.05;59.45;1360216
59.5;59.55;58.75;58.85;1129304
59.25;59.6;58.3;59.05;1778258
59.05;59.4;58.75;59.15;888779
58.9;59.95;58.8;59.65;1202155
59.5;59.75;59.1;59.75;889882
59.25;59.4;59;59.2;1084603
59.55;59.9;58.95;59.9;920689
59.75;60.15;58.75;59.2;2108847
59;59.45;58.95;59.2;1069502
59.45;59.75;59.2;59.6;1336114
59.35;60.25;59.25;60;1902875
60.4;60.7;60.2;60.65;1370460
60.6;60.7;60.2;60.45;1042466
60.5;60.6;60.2;60.45;856387
60.3;60.6;59.8;59.8;1361094
59.75;60;59.3;59.45;1178462
59.55;60.1;59.5;60;1636789
59.8;60.3;59.75;59.85;1019712
59.8;60.2;59.25;60;1065419
59.55;60.1;59.45;59.8;966477
59.75;61.05;59.6;60.7;1294265
60.2;61;60;60.6;1171882
60.6;61.65;60.3;61.4;1613173
61.7;62.15;61.6;61.75;1399858
61.55;61.7;60.2;60.85;1713600
60.3;60.55;59.9;60.2;1216826
60.6;60.75;60.25;60.45;1707078
60.8;61.25;60.6;61;1873330
61.15;61.6;60.45;61;1175373
61.1;62.2;60.75;61.15;1820872
60.95;61.6;60.75;61.15;1287715
61.15;61.55;60.95;61.2;985198
61.45;61.65;61.15;61.5;967044
61.25;61.5;60.8;61.3;680325
61.05;61.05;59.9;60;1660368
59.3;59.45;58.35;58.9;2092497
59.45;59.8;59.15;59.4;1361438
59.6;59.8;58.75;59;1149401
58.8;59.95;58.8;59.15;1050458
56.1;56.85;55.75;56.35;5414860
55.95;56.7;55.75;56.5;1533938
56.9;56.9;55.85;56.4;1044083
55.85;56.4;55.15;55.7;1820951
56;56.2;55.4;55.7;1259764
55.1;56.2;55.1;55.6;1287006
55.7;56.15;55.6;55.95;746293
56.05;56.6;55.9;56.15;1209103
56.25;56.75;56.05;56.75;995798
56.9;57.75;56.6;57.5;1200001
57.45;57.65;56.95;57.25;1382958
56.95;57.4;56.85;57.35;1532058
57.15;57.5;56.95;57.25;752999
56.4;57;56.15;56.5;1275819
56.9;56.9;56.25;56.7;1027456
56.55;57.3;56.35;57.2;1270725
56.9;57.55;56.9;57.3;583150
57.55;57.55;56.8;57.5;1279693
57.2;58.15;57.2;58.1;1453209
58.1;58.65;58.05;58.1;1081493
58.05;58.3;57.75;57.95;1034672
58.1;59;58.1;58.8;1218039
58.85;58.95;57.8;58.1;928554
58;58.15;57.5;57.75;707056
57.8;58.85;57.55;58.6;1789123
58.8;59.55;58.75;59.4;1918598
59.3;59.5;58.95;59.45;912755
59.65;59.65;58.85;58.95;1394925
58.95;60.7;58.95;60.6;2415017
60.55;61.25;60.2;60.8;1637797
61.05;61.1;60.55;60.85;851237
60.8;60.85;60.25;60.4;972805
60.6;61.35;60.35;61.15;1160873
61.05;61.1;60.25;60.3;1109080
60.15;60.75;59.85;60.55;1053280
60.8;61.5;60.65;61.2;1337366
61;61.2;60.4;60.9;1221252
60.65;60.85;60.15;60.25;1287732
60.4;61.45;60.4;60.4;1238018
60.65;60.85;59.7;60.15;1417756
59.95;60.75;59.9;60.35;1867349
59.95;60.3;59.25;59.55;1608808
59.85;60.4;59.65;60.05;1044956
60.05;60.4;59.85;60;1171854
60.15;60.6;60;60.2;1125197
59.8;59.9;58.9;59.15;1053094
58.6;58.85;58.35;58.55;973737
58.45;59.4;58.4;59.2;950553
59.3;59.75;59;59.4;943366
59.2;59.8;59.1;59.35;1268378
59.2;60;59.2;59.95;1125194
60;60;59.25;59.7;668196
59.85;59.85;59.1;59.35;1069616
59.65;60.1;59.25;59.5;1171885
59.1;59.35;56.2;58.6;3490764
59.25;59.55;58.65;59.45;1332170
59.7;60.75;59.7;60.15;1792779
61.1;62.9;61.1;62.3;4769571
62.45;62.65;61.7;62.25;1319633
62.05;62.2;61.65;61.65;1565934
61.8;62.4;61.75;62.2;1601030
62.35;62.65;61.95;62.3;973711
62.5;64.05;62.4;64.05;3080587
63.5;64.15;63.3;64.1;1642557
64.35;65.45;64.05;65.25;2965075
65.15;65.25;64.2;64.7;1089709
64.65;65.6;64.4;65.3;1326260
65.55;65.55;64.35;64.6;1060680
64.8;65.2;64.65;65.15;1125832
65.2;65.85;65.05;65.8;1240580
65.95;65.95;64.65;65.1;1136379
65.1;65.6;64.85;65.45;613502
65.45;65.7;65.05;65.7;698110
65.4;65.8;64.9;65.4;1085393
65.1;65.6;64.6;65.2;1025972
64.65;65.15;63.9;64.05;1507556
64.4;64.6;63.8;64.05;1027027
63.75;65.2;63.65;65.15;1104560
65.2;65.8;65.2;65.65;995573
65.45;65.45;64.25;64.5;1836110
64.15;64.65;63.35;63.6;995723
63.85;63.9;63.4;63.5;422573
63.9;64;62.15;63.15;1133637
62.85;64.1;62.65;63.8;1618718
64.2;65;63.8;64.3;2099822
64.5;65.6;64.3;65.6;1262003
65.35;65.6;64.8;65;1000041
64.75;65.6;64.25;64.75;1209762
64.5;65.2;64.2;64.75;1263700
64.35;64.35;63.65;64.2;955157
64;64.5;63.55;63.55;748302
63.15;64.15;62.85;63.65;767400
64.05;64.8;64.05;64.1;1215563
63.85;65.7;63.85;65.05;1932813
65.35;66.3;65.35;66.2;1958213
64.5;64.5;62.75;63.75;4447250
63.55;64.35;63.55;64.15;1129816
64.1;65.4;64.1;65.2;1288576
65.5;65.6;64.5;65.5;1713912
65.2;65.6;64.7;65.4;1059258
65.4;65.7;65.05;65.7;698265
65.5;66.2;65.5;65.8;905206
66;66.35;65.65;65.9;1458647
65.9;66.3;65.65;65.9;999881
65.7;66.7;65.7;66.2;1373213
66.3;67.45;66.3;66.8;1955892
66.45;67.45;64.65;66.5;947864
66;66.2;64.85;65.8;2162804
64.8;65.45;64.05;64.05;2162074
64;64.3;62.95;63.2;1982379
63.7;64.3;63.65;64;1111999
64.7;65.95;64.7;65.45;1544369
65.2;65.4;64.45;64.7;1098823
64.75;65.45;64.25;64.75;1171950
64.8;65.1;64.1;64.4;953419
64.95;65;64.4;64.45;1386512
64.4;64.75;64.1;64.55;1269850
64.55;65.9;64.15;65.65;1316294
65.05;65.65;64.75;64.9;1048635
64.25;64.75;63.6;63.9;1770962
64.1;64.25;63.4;63.7;930370
63.9;64.55;63.7;63.95;691578
63.7;64.8;63.7;64.4;1076279
63.85;64.2;63.45;63.6;1002271
63.15;63.4;62.65;62.95;1456816
62.7;63.1;62.3;62.95;1357250
62.95;63.2;62.05;62.7;1393041
62.65;63.3;62.3;62.45;1104567
62.05;62.75;61.75;61.8;1315776
62.4;63;62.1;62.45;1370630
62.05;62.75;61.65;62.2;1068555
62.15;63.05;62.05;62.95;862706
62;62.3;60.9;61.15;2162265
60.8;61.3;60;60.5;2015051
60.15;60.75;59.65;59.9;1188461
59.55;60.35;59.4;59.8;1082459
60.25;61.4;60.25;61.35;1373930
61.4;61.4;60.25;60.65;1187233
60.35;60.85;59.4;60;1576814
60;60.65;59.6;60.45;1615677
60.1;61.1;59.8;60.8;1100417
60.8;61;60.35;60.45;830088
61;61.25;60.2;60.55;1421672
60.75;60.75;59.55;60.4;1271537
60.55;60.85;59.8;60.3;1244938
60.9;61.1;60;60.85;915890
60.9;61.45;60.5;61.25;762578
61;62.4;60.9;61.8;1422077
61.85;62.4;61.25;61.95;1729371
62;62.45;61.3;61.5;1132825
62.1;62.7;61.75;61.85;1218779
62.35;62.5;61.9;62.25;728843
62.2;62.3;61.4;61.6;1054471
62.1;62.3;61.85;62.15;833301
61.95;62.7;61.85;62.15;1051247
62.3;62.4;61.8;62.1;612171
62.4;62.45;61.7;61.9;1355670
61.9;61.9;61.25;61.45;1122212
61.25;61.95;61;61.3;2151913
61.5;62.3;61.2;62;1048129
62.1;62.25;61.55;62.25;834171
62;62.25;61.4;61.6;808286
61.8;63.4;61.65;62.65;1396198
62.7;62.8;61.65;62;1030535
61.4;61.95;61.3;61.7;1102517
61.35;62;61.3;61.85;553940
61.8;62.2;61.3;61.55;1136577
61.4;62.25;61.35;61.95;1006605
62.05;62.4;60.95;61.15;1724048
61.4;61.95;61.2;61.65;1365876
61.75;62.85;61.75;62.35;2689624
62.35;62.8;62.1;62.3;1004600
61.95;62.5;61.9;62.25;1327385
62.3;62.55;62.1;62.3;1410408
62.35;62.75;62.15;62.4;1029324
62.45;62.65;61.8;62.3;450119
62.15;63.6;62;63.1;930618
62.8;63.25;62.55;62.75;708726
62.7;64.2;62.65;63.7;2724889
63.55;63.65;62.45;62.8;688082
63.1;63.7;62.8;63.35;647162
63.5;64.1;62.4;62.6;1244454
63.35;63.45;62.65;63.05;1306862
63.1;63.35;62.3;62.8;1269040
62.85;63.2;62.4;63.2;1109738
63;63.75;63;63.3;1512387
63.3;64.35;63.3;64.05;1919020
65.05;66.3;64.95;65.15;2786365
65.9;65.95;64.3;64.6;2038168
64.65;64.8;64.05;64.8;3165444
65.6;66.5;65.05;66.15;2877197
66;66.6;65.35;66.35;1896739
65.4;66.6;65.2;65.95;2222481
66;67.05;65.6;66.6;1729388
66.5;66.5;65.55;65.55;1466916
64.95;65.2;64.55;64.75;1470114
64.7;65.05;64.3;64.65;1039886
65.1;65.15;64.55;64.85;1058783
65.1;66.35;65;65.75;1506232
66.3;66.75;65.3;66.45;1644360
66.1;66.3;65.7;66.1;641041
66.45;66.9;65.9;66.8;1425319
67;67.1;66.2;66.85;1072219
67.2;67.2;66.4;66.4;1442687
66.65;67.1;65.75;66;1306062
66.05;66.7;65.9;66.15;878117
66.4;66.4;65.15;65.6;1187121
65.35;66.15;65.15;65.85;698118
65.95;67.05;65.95;66.4;1100561
66.25;66.75;65.85;66;1036830
66.35;67.05;65.6;66.95;1352441
67;68.1;67;67.9;1926610
68.3;69.4;68.05;68.9;2502655
69.2;70.25;67.75;69.6;2896892
69.45;70.75;69.4;70.7;1776116
70.35;71.35;69.8;71.3;1167213
71.1;71.75;70.45;71.2;1859274
72;74.55;72;74.5;3573694
74.5;76.25;74.3;76.25;3056863
76.4;76.45;74.1;75;2156512
75;75.5;74.55;75.5;1377001
75.15;75.15;73.9;74.25;2041286
74.2;75.1;73.65;75;1235518
75.25;75.25;73.55;74.05;1416155
73.9;74.6;73.2;74.05;1437442
73.8;74.95;73.8;74.5;1518824
73.85;75;73.65;74.85;1235705
74.65;74.95;73.45;74;1696980
74.3;74.65;73.45;74.5;1679478
74.4;75.5;73.8;75.5;1126841
75.5;75.9;74.15;75;1022576
74.95;75.4;74.25;75.15;1118474
75.2;75.55;74.45;74.75;1131964
74.65;74.95;73.8;74.6;1229282
74.3;75.8;74.2;74.35;1878181
74.7;75;74.1;74.25;1117722
74.6;74.65;73.55;73.75;1222139
74.3;74.85;73.7;74.3;1662743
74.5;74.6;73.2;73.65;1068748
73.6;74.2;72.75;73.2;1074483
73;73.4;72.4;72.6;841225
72.85;73.4;71.9;72.65;1319459
72.85;73.25;72.4;72.75;1005153
73.3;73.9;72.9;73.6;1259499
73.25;73.4;72.5;72.7;946845
72.7;73.7;72.35;73.05;1087712
73.55;73.7;72.45;72.6;1170876
72.8;73.2;72.1;72.5;834490
72.6;72.8;71.7;72.2;1136878
72.35;72.35;71.2;71.25;1222690
71.2;71.7;70.7;71.1;839825
71;72.2;70.75;70.8;1550431
70.65;71.75;70.6;71.15;1159790
71.3;72.8;71.05;72.6;1557704
72.4;72.45;71.6;72.2;938038
72.9;73.6;72.7;73.35;1185693
73.5;73.7;71.25;72.85;2239328
72.9;74;72.9;73.9;1208785
73.2;74;72.5;73.45;1002767
73.7;74.3;73.45;74.1;921740
74.45;74.8;74.2;74.6;904874
74.4;74.75;73.25;74.3;1336779
74;74.15;72.95;73.5;1110715
73.5;74.25;73.05;74.15;933301
74.1;74.45;73.4;73.55;1350910
73.6;74.6;73.5;74.2;975512
73.9;74.75;73.9;74.65;676916
74.85;75;74.4;74.6;558796
74.35;74.55;73.8;74.4;750891
73.5;73.5;72.6;72.65;1047937
72.45;73.05;71.9;72;1801516
71.5;71.8;69.2;70.55;2424577
70;70.35;69.25;69.9;1420542
69.9;70.5;69.1;70.05;2484340
70.05;70.35;66.7;67.85;1590121
67.45;69.75;67;68.9;2369588
68.9;69.35;67.6;68;1487483
67.9;68.75;67.05;67.9;1682081
67.8;70.7;67.8;70;2064342
69.15;69.7;68;69.2;1230411
69.2;70.25;68.1;70;975205
70.6;71.6;70;71.55;1115194
71.25;71.5;70.6;71.05;560384
71;71.3;68.65;68.75;1532762
68.2;70.15;67.65;69.85;1192137
69.85;70;68.4;69.55;914382
70.7;71.1;68.75;69.6;1492417
69.7;69.7;68.3;68.45;994041
67.95;68.75;67.1;67.25;1440784
67.65;68.3;67.15;67.95;1202892
66.35;66.85;65.6;65.65;2230853
66.45;67.95;66.05;67.2;1258449
67.2;67.85;66.6;67.05;1002510
65.85;66.85;65.8;66.3;1535682
66.15;68.6;66.15;68.25;2066679
68.35;69.6;68.35;69.2;2201073
69.95;70.15;67.95;68.05;3241620
68.05;69.75;68.05;69;1151044
68.5;70.25;68.35;70.1;1057121
70.25;70.9;69.2;70.7;988781
71.55;71.6;70.1;70.7;1285194
70.85;71.8;70.55;71.2;944888
71.2;71.55;70.7;70.8;910420
71;71.9;70.8;70.9;1141865
70.45;71.25;69.6;70.85;1002221
71.65;71.95;71.05;71.9;1076001
72.7;73.9;72.2;73.85;1568662
73.7;74;73;73.6;916492
73.45;73.6;72.55;73.4;1018651
73.15;73.15;71.65;72.15;1306923
72.45;73.1;72.05;72.75;782956
72.55;72.85;71.8;72.3;825173
72.25;74.35;72;74.15;1024494
73.95;74.45;73.05;73.45;1464882
73.55;73.95;72.75;73.1;989450
72.75;74.2;72.4;73.65;2645785
73.05;74.85;72.6;73.7;1249601
73.8;73.9;72.15;72.8;1388501
72.7;73.2;71.65;72.3;1266267
72.35;74;72.2;73.8;1322521
73.9;75;73.8;74.85;1116387
74.55;75.4;74.15;75;1020194
75.3;76.35;74.9;76.2;1047348
76.3;77.9;76.25;77.6;1560828
77.9;78.85;77.85;78.4;1875342
79.05;79.3;77.4;77.9;1844348
77.4;78.85;77.3;78.8;1214461
78.75;78.9;78.2;78.45;815366
77.85;79.8;77.8;78.75;1758914
78.95;80.8;78.8;80.55;1730266
80.55;80.85;78.65;78.8;1841537
79.35;79.55;78.65;79.4;948745
78.25;79.5;78;78.9;1067564
79.2;79.35;77.05;77.3;1638174
77.8;78.25;77.15;78.1;1407554
77.3;77.75;76.6;77.5;1016952
78.05;79.15;77.3;77.7;1250737
78.55;79.7;78.35;79.6;1415486
79.5;80.1;78.65;79.75;1159624
79.55;79.7;78.3;79.15;1269707
79.45;79.6;77.85;78.4;1195541
78.6;78.65;77.45;78.1;1108493
77.7;78.15;77.05;77.5;591889
77.95;78.1;76.95;78.1;859828
78.5;79.25;77.25;77.65;1067335
77.4;79;77.35;78.55;996086
78.5;78.65;77.7;77.95;699845
77.6;78.25;76.65;77.8;746541
77.85;79.1;77.75;78.3;1115615
78.5;80.4;78.15;80.1;1528611
81.5;84.05;81.25;81.7;4255759
81.5;82;79.95;80.05;2506089
80.35;80.7;79.6;79.75;853895
79.25;79.4;78.05;79.2;1452416
78.8;79.1;77.7;77.75;1532411
77.5;78.65;77.15;78.2;1056741
78.4;79.15;77.45;77.85;761677
77.05;77.85;76.75;77.7;958107
77.55;78.85;77;78.6;1323583
79;79.55;78.35;79.45;1012188
79.65;79.9;78.05;78.8;1494651
79.05;80.25;78.8;79.85;3363445
79.75;80.65;78.9;79.4;1092796
79.15;79.6;78.35;78.85;1126939
79.1;79.75;78.75;79.4;1046405
79.4;80.6;79.4;80.3;1376500
79.35;79.75;78.8;79.25;1018200
79.3;79.8;78.35;78.75;858773
79.45;80.35;79.1;79.8;1122771
80;80.1;79.3;79.95;717682
79.8;80.3;79.65;80.1;798929
80.05;80.6;80;80.1;660546
80.25;80.25;78.95;79.2;1071092
79.2;79.35;78.4;79.05;832141
79;80.2;79;80.2;874509
80.85;80.9;80.25;80.7;1099120
80.65;80.7;79.6;80.1;837175
79.65;79.9;79.25;79.4;575876
79.6;79.95;79.2;79.5;521609
79.3;79.45;77.9;78.55;1386156
77.75;78.2;77.3;77.65;1819194
76.25;76.65;75.1;75.85;4010023
75.8;75.8;74.55;74.95;2102822
74.75;75.35;74.55;74.65;1793901
74.9;75.85;74.7;75.75;1859470
75.5;77;75.25;76.6;2546010
76.6;77.05;75.4;75.6;1710282
75.85;76.9;75.55;76.5;1061836
76.3;77.3;76.2;77;1122958
77;77.8;76.8;77.5;1040427
77.8;78;77.4;77.6;1262832
77.75;77.8;75.9;76.15;1212304
75.85;76.55;75.55;75.85;865642
75.8;76.65;75.45;76.2;846909
76;76.55;75.75;76.45;686513
76;77.2;75.8;76.6;1632573
76.6;77.4;76.05;76.8;875583
77.05;78.3;76.85;78.3;1199050
78.4;78.75;78;78.45;1127628
78.2;79.4;78.05;79.4;1129628
79.4;79.45;78.3;78.8;790527
78.55;78.75;77.5;77.75;995189
77.95;79.2;77.8;79.1;869739
79.3;79.45;78.65;79;826509
79;79.6;78.9;79.45;656621
79.7;79.9;78.75;78.95;889394
78.7;79.4;78.35;78.6;1048504
78.2;78.75;77.8;78.45;719578
78.25;78.9;78;78;819764
78.4;79;78.3;78.6;827569
78.65;78.8;77.8;78;736586
77.75;78.25;77.2;77.5;1156835
77.4;78;76.5;76.5;1497200
76.65;76.9;75.65;75.95;1367193
76.2;76.65;75.8;76.65;850662
76.8;77.05;76.1;76.1;1189235
76.45;76.8;74.4;74.6;1608126
74.95;75.25;74.35;74.65;946689
75.15;76.9;75.05;76.65;1805588
76.95;77.2;76.2;76.7;1058878
76.4;77.05;76.1;76.55;844192
76.15;76.5;75.2;75.6;1310971
76.2;76.2;75.6;75.6;1331800
75.75;76.6;75.5;76.4;985083
76.2;77.7;76.05;77.4;1368796
77.55;78.25;77.55;77.9;971544
77.95;78.7;77.55;78.7;1597261
78.5;79;77.7;77.7;1055974
77.5;77.65;76.9;76.9;1105955
77.25;77.5;76.25;76.25;1001010
76;76.6;75.95;76.1;708265
75.8;75.9;74.9;74.9;1000632
75.1;76.6;75.05;76.1;696869
76;76.3;75.35;75.65;598859
75.8;76.25;75.4;75.9;496234
76.7;77.3;76.55;77.1;909000
77.15;77.3;76.55;76.95;778972
76.45;77.45;76.45;77.15;741938
76.95;76.95;76.2;76.2;959207
76.15;76.45;75.2;75.5;1095086
75.65;76.15;75.1;75.1;1199089
74.95;75.35;74.55;75.05;1065165
75.45;76.1;74.65;76.05;1573260
76.05;76.25;75.3;75.75;915434
75.85;76.5;75.7;76.35;914197
76.05;76.55;75.4;75.45;1165759
75.6;76.55;75.45;75.75;1540608
75.95;76;74.7;75.15;1362300
74.8;75.5;74.3;75.35;2108750
75.5;75.75;74.25;74.25;1697849
75.2;76.95;74.9;76.95;2737108
77.5;78.3;77.45;77.75;1944410
77.65;78;76.95;77.75;1291943
81.4;81.55;79.85;80.6;4336155
81.1;81.85;80.3;81.3;1983438
81.2;81.75;80.8;81.45;1083888
81.05;81.65;80.9;81.1;957562
81.85;82.25;80.95;81.8;1340862
82;82.05;81.3;81.4;1143657
81.25;81.4;80.2;80.45;948661
80.7;80.95;80.45;80.55;935803
80.5;80.75;80.05;80.7;911706
80.8;81.1;79.75;79.85;928668
80.4;81.05;80.3;81;763751
80.3;80.5;79.65;80.1;803137
80.35;81.8;80;81.8;1951345
81.8;81.8;81.3;81.65;1131713
80.5;81.45;79.65;80.6;1787414
80.95;81.25;79.6;80.05;1695451
80.45;82.01;80.45;81.89;1331995
81.97;81.97;81.05;81.57;1100455
81.8;81.99;81.19;81.8;1152382
82;83.17;81.94;82.3;2068659
82.11;82.43;81.45;81.85;1012344
82.26;83.24;82;83.17;1314096
82.73;82.73;80.25;80.69;1819161
79.5;80.5;79.1;79.13;2184486
79.09;79.8;77.16;77.45;3266277
77.8;78.42;76.82;77.95;2256191
76.51;78.1;76.51;77.67;1600330
78.22;78.45;77.1;77.7;1517828
77.68;78.84;77.25;78.58;1845736
78.73;78.96;77.81;78.55;1718631
78.26;79.4;78.01;79.07;1000755
79.15;79.5;77.89;78.18;1487748
78.99;79.09;78.05;78.05;1378761
77.1;78.02;76.4;76.63;2417396
77.7;77.84;76.65;77.71;1678454
77.23;78.69;76.99;78.35;3327200
78.78;79.75;78.7;79.6;1212037
79.32;80.42;79.13;80.26;1110897
80.56;80.56;79.76;79.88;795579
80.85;81.2;80.11;80.95;1265788
80.66;81.12;80.3;80.96;861379
81.16;81.2;79.23;79.83;1052449
80.38;80.88;80;80.42;945617
80.02;80.2;79.23;79.62;1034958
79.92;81.18;79.92;81.1;984973
80.9;82.3;80.36;81.73;1733288
81.99;82.66;81.42;82.45;1167339
82.95;83.1;82.21;83;1132748
83.19;83.19;82.37;82.87;788348
82.6;83.12;82.35;83.12;630248
83.22;83.94;82.75;83.84;1005439
83.83;84.53;83.4;84.03;1322554
83.93;84.63;83.8;84.5;1368063
84.54;85.7;84.09;85.6;2177730
85.71;87.29;85.65;87.09;1790302
86;86.55;85.4;86.3;1924448
88.5;89.2;86.93;87.52;3506261
86.45;87.35;85.95;86.98;2170188
87.62;87.81;86.61;87.67;1919601
87.67;88;87.01;87.65;1218235
87.83;88.2;87.29;87.9;1257466
87.91;88.71;87.88;88.12;846647
88.51;88.68;87.87;88.28;1037353
87.9;88;87.2;87.68;1535198
87.27;88.56;87.26;88.12;1109865
88.15;88.5;87.23;87.95;1543181
86.89;87.32;86.21;86.67;1460096
86.66;86.88;86.28;86.59;1190142
86.7;86.86;86.27;86.7;462949
86.66;86.69;85.75;86.02;616027
85.54;86.49;85.19;86.14;1483915
86.05;86.05;85.22;85.36;1133517
84.54;86.48;84.07;86.28;1948699
86.28;86.39;85.36;85.57;855657
85.13;85.93;84.48;85.53;1507468
85.17;85.8;84.8;85.5;962756
85.9;86.13;85.6;85.75;656026
85.61;87.36;85.51;87;1330504
87.26;87.26;86.55;86.64;781403
86.49;86.84;86.01;86.73;944144
86.79;87.4;86.56;87.14;998062
86.55;87.5;86.52;86.9;1044106
86.5;88;86.5;87.71;1045053
87.71;88.28;87.66;88.1;272990
88.4;88.45;87.62;87.62;1341742
86.91;87.84;86.6;87.65;1038881
88;88.45;87.46;88.3;2111001
88.01;89.62;87.86;89.38;1282406
89.15;89.65;88.54;89.23;1304294
89.19;89.19;88.36;88.85;954746
88.52;88.56;87.29;87.49;1496945
87.64;88.1;86.13;86.23;1189013
85.65;86.78;85.12;86.51;1588890
87;87.26;86.49;86.8;933632
86.44;87.27;85.86;87.08;1228222
86.75;87.49;85.91;87.21;1438106
87.51;88.72;87.02;88.24;2128494
88.7;90.24;87.91;90;2284053
89.99;90.12;88.39;88.47;2239099
88.21;88.85;86.87;87.42;1728806
88.03;88.04;87.13;87.37;1313223
86.41;87.28;86.12;86.8;1519124
86.56;87.14;86.23;86.6;806366
86.09;87.2;85.97;86.91;1069396
86.5;86.5;85.7;85.75;1034937
85;85.99;84.85;85.84;1184606
86.78;86.94;86.13;86.4;795593
86.76;87.97;85.88;87.8;1352204
87.34;87.82;86.81;87;1086798
87.7;87.92;86.15;86.37;1380976
86.15;86.67;86.1;86.67;729561
86.51;86.93;86.08;86.6;904610
86.4;87.1;86.05;86.61;1159355
86.6;86.96;86.25;86.47;1028834
86.68;87.35;86.4;86.8;1529919
85.95;86.59;85.25;86.33;1207756
86.26;88.74;86.26;88.74;1566156
88.5;88.5;85;85.06;2872787
84.7;85.5;84.31;85.03;1456829
84.73;85.59;84.6;85.12;1554078
84.25;84.56;83;83;1872866
83.5;84.23;83.29;83.96;1194230
83.56;84.19;82.7;82.76;1400272
82.9;84.4;82.9;84.35;1161133
84;84.69;83.75;83.96;1513360
83.46;84.8;83.02;84;1663751
84.01;84.34;82.19;82.38;1964785
82;83.41;81.11;82.51;2386514
82.07;84.84;81.97;84.38;2170881
84.76;85.3;83.99;84.41;1715805
82;83.31;81.17;82.52;1882991
83.11;83.92;82.49;83.06;1140669
83.12;83.46;82.02;82.6;1247919
81.5;82.46;81.19;82.02;1101187
82.67;84.43;82.67;84.4;1463532
85.2;88.09;85.13;87.75;2920484
87.5;88.85;86.17;88.39;3081598
86.5;88.36;84.81;85.6;2733875
85.4;86.21;84.63;86.01;1847810
84.98;85.45;83.84;84.28;1533769
83.01;84.46;82.89;83.99;1589324
82.4;84.57;82.2;83.1;2754578
82.57;86.5;82.14;83.57;3287177
84.33;84.41;83.58;83.78;918754
83.65;83.8;82.43;83.62;1233352
83.9;85.19;83.73;84.44;1166827
85.01;85.01;83.83;83.84;1134255
83.2;84.6;83.2;84.55;938824
85.06;85.4;84.61;85.17;799186
84.7;84.96;83.01;83.01;1053346
82.42;83.85;82.3;83.19;1093620
83.72;84.71;83.21;84.39;1317721
85.42;86.56;84.62;85.98;1582849
86.34;86.5;85.48;85.72;737073
85.42;86.4;84.95;86.2;821450
85.86;86.44;84.72;84.84;1146025
84.96;85.27;83.65;84.55;1275410
84.05;85.04;82.9;83.04;1127562
83.15;84.3;82.89;83.68;1220669
84.32;85;83.64;84.94;1145116
85.15;87.42;84.92;86.92;2172706
86.39;87.4;85.55;87.11;1235470
86.62;88.3;86.22;88.22;1324646
88.01;88.4;87.46;87.75;1289453
86.97;90.05;86.97;90.05;1625372
91.9;92.9;91.21;92.82;2828369
92.49;93.03;92.21;92.45;1563854
92.15;93.2;91.88;92.53;2125190
91.96;92.99;91.65;92.25;1291891
91.63;92.5;91.51;92.08;1288573
92.33;92.52;91.53;92.2;1210065
92.5;93.49;91.58;93.24;1340333
92.87;93.15;91.7;92;1457368
91.17;94.44;90.81;94.41;1657653
94.6;94.6;93.29;94;1299699
93.5;94.9;93.38;94.71;852782
94.09;94.45;93.41;93.54;1314729
92.39;93.15;91.86;92.85;1367411
92.75;93.33;92.06;93.1;877066
92.78;93.34;92.44;93.17;781452
93.4;93.44;92;92.33;1222828
91.85;92.57;90.64;90.71;1472972
90.5;90.63;89.1;90.54;1536460
90.54;91.34;90.26;91.15;998623
90.54;91.07;89.37;90.93;1280757
91.19;92.57;90.2;92.5;1235163
92.41;92.48;91.01;91.39;1098795
91;92.4;91;92.19;1215127
90.5;91.66;90.5;91.17;1260550
91.86;92.59;91.47;92.45;1018586
92.1;92.53;90.89;91.44;855426
89.64;89.98;87.9;89.36;2281893
89.27;89.44;87.99;89.2;1330147
89.74;90.9;89.36;90.46;1113550
90.25;90.3;89.5;89.86;963732
89.64;91.15;89.47;90.64;918266
90.77;90.84;88.94;89.77;1014594
89.38;90.96;89.33;90.39;1583758
89.85;91.41;89.71;91.34;861540
91.38;91.38;90.02;90.72;794915
90.51;90.95;89.03;90.13;1158595
89.06;89.95;88.82;89.6;962179
89.53;89.8;87.93;88.52;1073267
87.72;88.4;86.5;87.5;1353174
86.99;88.55;86.64;88.3;758215
88.31;89.86;88.02;89.45;875036
91.07;92.4;89.46;91.36;2068696
91.3;93.73;90.86;93.1;1736009
93;94.54;92.37;93.58;1580223
93.84;94.3;92.01;93.14;1951886
92.04;93.67;91.28;93.45;1351385
93.49;93.71;92.4;92.85;1089019
92.63;94.87;91.94;94.69;1046089
94.9;95.18;92.8;92.86;1185263
92.11;92.8;91.23;92.44;1109588
92.97;95.49;92.61;95.49;1592721
95.4;95.79;93.58;94.19;1440098
93.83;95.8;93.83;94.93;1431850
94.93;96.15;94;95.61;1268393
95.6;95.72;93.3;93.72;1576487
94.86;95.4;93.87;95.02;1314930
94.75;96.18;94.4;95.35;1145068
95.99;96.35;95.25;95.87;1193462
95.18;97.35;94.7;97.1;1168025
97.27;97.37;95.6;96.09;951769
94.91;98.53;94.89;97.72;1354337
97.04;97.2;95.42;96.02;1473490
96.5;96.67;94.95;95.92;926198
94.97;96.78;94;96.2;1389520
95.77;96.45;94.8;95.63;1185874
96.16;96.16;94.31;94.94;1105509
95.24;96.99;94.5;95.73;1115200
96.95;98.5;95.9;98.4;2837032
98.4;98.48;97.51;98.26;142121
98.5;99.97;97.11;99.21;666674
98.71;99.49;97.95;98.75;582555
98.75;98.75;97.55;97.98;159655
98.05;99.26;97.02;97.31;897893
96.17;97.01;95.52;95.86;1156582
95.66;96.11;94.49;95.14;1381501
94.36;96.26;94.36;95.19;1436315
95.3;97.23;95.3;96.71;1236707
95.98;96.88;94.13;94.35;2098701
95.06;95.19;91.5;91.5;2266653
89.3;89.49;86.38;86.95;3259771
86.81;89;86.63;88.09;1425274
88.12;88.39;84.72;85.2;2236401
84.87;85.89;83.4;84.7;2654208
85.82;86.44;83.82;84.12;1500183
84.6;86.24;84.11;84.78;2036782
83.66;84.47;78.22;78.22;3002878
75;81.41;74.25;80.11;4563416
81.52;81.6;75.1;76.01;3081248
78.86;84.01;78.86;84.01;3380315
87.08;89.5;82.35;82.89;4420867
81.5;82.66;80.67;81.43;2719010
81.64;82.58;79.26;79.91;2532117
80.14;81.73;78.81;80.78;1779496
80.78;82.71;80;82.46;2368034
83.95;84.46;82.59;83.45;2216033
84;84.18;82.58;83.05;958799
83.05;83.06;80;80.44;2018312
79.18;82.7;79.18;82.7;1580271
82.1;82.59;80.1;80.85;1721405
81.18;82.25;80.7;80.93;1148452
79.74;82.03;79.66;81.52;1289672
82.48;85.79;81.56;85.79;1982752
84.7;86.97;84.12;86.6;1784327
87.8;87.89;82.09;83;3753979
83.37;84.09;81.36;82.76;1814798
83.45;84;82.72;83.56;818115
83.06;83.95;81.94;82.38;1280952
81.02;81.8;79.49;79.77;2253590
80.78;81.32;79.91;80.09;1708555
80;81.18;79.37;80.26;1086750
81.25;81.8;80.66;81.11;996099
81.45;82.11;80.03;80.6;1377155
80.66;81.98;80;81.64;1135142
81.03;81.69;79.33;79.58;1446162
78.85;79.52;77.87;78.72;1600448
77.5;78.32;77.14;77.38;1540961
77.4;78.22;76.55;77.02;1278210
77.8;78.77;76.63;78.26;1718600
78.4;78.4;76.27;76.84;1829392
76.1;77.33;75.72;76.77;1835298
76.47;78.39;76.2;77.23;1668113
77.64;79.16;76.75;78.18;1224991
79.45;79.45;77.53;77.9;1097393
76.62;77.23;75.56;76.82;1581521
76.65;79.23;76.4;78.79;2611499
76.59;77.79;75.76;75.76;2033049
77.02;78.43;76.34;78.42;1628940
78.95;80.4;77.63;79.63;1641567
78.9;80.25;78.29;79.6;2051632
81.6;82.45;81.03;82.26;1652426
81.49;82.49;81.49;82.21;1323645
81.66;82.73;81.5;82.05;1141059
82.07;82.07;79.94;80.06;1672039
78.9;80.57;77.16;80.44;1894734
80.18;82.47;80.18;82.47;1404883
83.05;83.2;81.84;82.15;1022054
82.01;82.3;80.87;81.1;1090429
81.6;81.79;80.04;81.47;1039691
83.4;85.19;82.44;83.17;1993710
82.9;82.95;81.81;82.55;985195
82.31;82.61;80.62;81.51;835884
81.72;81.9;80.17;81.18;992167
81.85;81.95;78.5;78.76;1384780
78.01;78.9;77.58;78.26;1178492
78.96;79.83;78.1;79.61;1030788
74.6;75.3;73.45;73.75;6453949
74.89;74.89;73.45;73.99;2163069
74.45;74.9;73.9;74;2432226
74.33;74.6;72.76;73.17;1953781
73;73.64;72.47;72.55;1580349
73.09;74.81;72.98;74.81;2742693
74.79;74.8;73.35;73.83;1555238
72.99;74.72;72.68;74.33;1548610
74.73;75.9;74.63;75.15;1340865
75.16;75.77;74.55;75.29;1129096
75.52;76.75;75.05;76.21;1306917
77.62;78.5;76.3;77.45;2131646
77.27;77.85;76.89;77.59;547670
77.44;78.2;76.77;77.54;1381133
77.99;78.6;77.65;78.26;1098273
77.85;79.55;77.16;79.2;1730212
78.58;79.36;77.51;78.5;1117876
78.81;79.57;78.43;79;567089
79.65;79.65;77.1;77.46;1685655
77.94;78.23;76.7;78.05;1346102
77.55;78.72;77.14;78.2;1076004
78.82;78.9;77.45;77.85;1232119
77.75;78.2;77.3;78.19;1318766
78;78.94;77.25;77.25;1320254
77.44;78.7;76.76;77.7;1566253
76.91;77.54;76.8;76.88;1325466
77.01;78.23;76.5;76.67;1093590
76.5;77.5;76.5;77.23;452706
77.23;77.3;76.26;76.35;834473
76.73;78.54;76.49;77.85;1001588
78;78.8;77.72;78.47;887254
79;79.35;78.07;78.22;1002766
77.97;78.38;76.68;76.75;832818
76.75;78.54;76.7;78.12;1101300
78.7;78.7;75.76;75.97;1691904
76.89;77.5;76;77.4;1215361
77.5;77.91;75.07;75.07;1581640
75.07;75.41;74.09;74.09;1446199
73.71;74.81;73.59;74.38;1257571
74.27;74.78;73.5;73.74;1224844
74.1;75.3;73.75;74.99;1434217
75.08;75.22;74.3;74.79;1016306
74.71;75.09;73.19;73.92;1374776
73.99;74.48;73.4;73.47;1205931
73.57;74.13;72.5;72.96;1333463
72.53;73;71.83;72.56;1654539
72.98;72.98;70.83;71.25;2193201
70.98;71.94;70.53;70.81;1325174
70.74;70.75;69;69.39;2182234
69.17;70.5;69.03;70.25;1331799
69.5;70.37;67.85;67.85;1789202
67.5;68.3;66;67.43;1906410
67.42;69.25;66.24;69.1;1580568
68.36;69.45;67.69;68.54;1783189
68.51;68.8;66.7;66.75;2345463
66.15;68.52;65.75;68.16;1852531
68.44;69.4;66.52;66.71;972737
67.12;67.83;66.07;67.47;777991
66.34;69.25;66.1;69.12;2250784
69.4;70.38;68.94;69.95;1191054
68.41;69;66.59;67.25;2592049
68;68.02;64.58;64.58;1968837
65.29;66.13;64.7;65.28;1065211
63.55;64.73;62.7;64.09;2327178
64.55;66.81;63.6;66.27;1541561
66.8;67.35;65.5;66.3;2077016
61;65.09;60.62;64.93;5607380
63.7;64.84;62.21;63.95;2155388
63.66;65.51;63;65.28;1253936
66;66.7;65.26;66.07;1288439
66.82;66.98;66;66.75;1180980
66.14;66.71;65.69;66.14;1270047
65.67;66.15;64.99;65.21;1390272
64.84;66.8;64.27;66.43;1105926
66.67;67.7;66.65;67.06;1117664
67;68.11;66.01;67.4;1189327
66.96;67.85;66.39;66.65;699830
67.05;68.05;66.27;67.82;1074070
68.18;69.83;68.06;69.55;1515998
70.11;70.62;68.88;70.35;1118181
69.66;70.09;68.44;68.77;1178994
68.67;71.67;68.35;71.34;1306445
71.5;72.76;71.28;72.73;1149485
73;75.1;72.72;75.1;2294922
74.16;74.74;72.72;72.99;1915024
70.78;71.08;69.11;69.65;2702096
69.65;71.67;69.65;71.67;1192059
71.31;72.66;70.36;71.63;845449
71.6;71.6;70.25;70.31;1152576
70.39;70.87;68.75;69.32;1324621
68.41;69;67.76;68.07;1014683
68.16;69.26;67.97;68.88;730583
68.92;69.32;67.85;68.85;492055
68.36;69.77;67.61;69.35;733306
69.15;69.44;67.95;68.9;862253
69;70.32;67.64;69.81;1115090
69.6;69.65;67.01;67.91;2516687
67.51;69.47;67.24;69.14;1073434
69.2;70.53;68.71;69.9;1543004
69.67;69.78;68.52;69.49;1186791
68.45;70.3;68.35;69.62;1835877
69.09;70.07;68.95;69.05;2181607
70.43;71.5;70.24;71.32;1824402
71.14;71.92;70.65;71.12;1188358
71.08;72.88;70.25;72.57;1685218
72.27;73.4;71.09;72.8;1315728
73.77;73.88;72.49;73.85;1137874
72.21;73.89;71.36;73.7;2022015
72.59;74.95;72.59;74.17;3054955
75;75;72.52;73.11;2328648
73.42;76;72.05;74.93;2448335
76.51;78.5;75.06;76.08;3784866
76.5;76.56;72.49;72.49;2487982
72.5;72.5;69.96;70.43;2324468
70.46;71.07;69.2;70.51;1332097
70.87;73.54;70.29;73.32;1678806
72.24;73.5;71.23;72.58;1687656
72.77;72.77;70.99;70.99;1993135
70.03;72;68.12;69.25;3293071
69.85;70.8;69.3;70.36;1549160
70.26;70.35;68.2;68.45;1745781
68.46;68.95;67;68.27;1864246
65.01;66.99;63.39;64.57;2862571
65.97;67.41;65.22;66.66;2103068
63.72;67.9;63.46;64.91;3599756
66.35;66.45;61.5;62.16;2145280
58.62;61.35;57.22;59.27;4849868
62;68;60.82;68;3739345
68;68.5;64.12;65.23;4690666
65.23;65.79;61.95;62.65;2710369
59.58;63.72;59.51;60.83;3074802
63.53;63.58;60.5;63.31;3025728
63.5;66.44;62.01;66.2;1905333
66.76;66.78;63.5;64.24;1718534
62.94;63.44;61.02;61.43;1663901
61.92;63.02;60.27;62.97;1445724
60.8;63.6;58.61;62.84;2796773
60.1;60.5;57.21;57.21;3775652
58.29;59.17;54.5;57.64;3051410
60.5;61.76;59.1;60.95;2953250
62.94;63.9;59.05;60.81;2500925
53.74;59.5;53.32;59.02;6276054
59.1;59.74;57.78;59.2;1782902
60;62.48;59.35;61.93;2152196
60.97;62.97;60.27;61.75;1754340
60.4;62.71;59.82;60.09;2256206
60.21;63;60.2;62.42;1773985
63.54;64.35;62.55;62.94;1037056
62;62.17;59.91;60.17;1398656
60.9;61.7;59.26;59.92;1745168
60;62.1;59.89;61.75;1601600
62.6;63.9;62.04;62.54;1260662
62.24;62.49;60;60.24;1187159
60.29;62.52;59.5;62.52;1421776
62.55;63.49;61.88;62.35;1350379
60.5;61.71;59.83;60.11;2535597
60.88;60.88;58.61;59.88;1876753
61.96;65.99;61.24;65.99;2759778
64.88;67.9;64.35;65.94;1898469
65.71;65.71;62.51;63.74;1746375
65;65.7;63.74;64.91;1127957
64.31;64.67;63;63.66;1555900
63.49;64.8;61.04;61.4;1754570
60.63;62.53;60.29;61.94;1474242
61.12;62.99;60.9;62.84;1417783
62.79;64.32;62.12;63.02;1634772
62.59;62.84;60.04;60.04;1829172
64.2;64.2;62.18;62.77;1646164
61.96;63.83;61.6;61.79;1878291
62.21;62.25;60.51;62.1;1151144
61.69;61.99;60.6;60.92;1060022
59.57;61.45;58.26;61.14;1389372
62.11;62.7;60.21;60.58;1203791
60.82;61.71;60.06;61.34;1141038
61.42;62.37;60.5;61.73;1052726
62.29;62.46;61.1;61.86;1067188
61.75;64.13;60.6;63.4;2123308
62.92;63.22;61.62;61.65;1016976
62.18;62.7;61.29;61.37;686698
60.65;62.45;60.65;62.11;191571
62.27;62.5;61.42;62.22;479701
62.2;62.52;61.01;62.52;601690
63;63.5;62.3;62.3;300318
63.55;65.04;61.85;65.04;758790
65.25;65.4;63.25;63.9;1032633
64.27;64.88;63.8;64.33;1065642
64;64;62.08;62.4;980972
62.17;62.6;61.04;62.29;717532
62.32;62.32;60;60.7;879011
60.45;61.16;60.35;60.97;761573
60.26;60.49;58.2;59.88;2046835
60;60;56.6;57.23;1757096
57.5;58.17;56;57.03;1544029
57.93;58.96;53.3;53.81;4153322
54.4;55.8;53.3;54.71;1650157
54.83;55.88;53.06;53.45;1491672
53;54.44;52.94;53.96;1838094
54.21;54.47;51.75;51.97;1742963
52;52.15;50;50.96;1936788
50.79;53.17;50.63;52.75;1404323
52.47;52.47;51.37;52.25;963310
52.78;53.84;52.42;53.75;1340439
53.75;53.76;52.42;52.55;982822
52.55;53.07;51.8;52.1;1237668
51.46;52.915;51.16;52.62;929211
52.88;53.635;52.16;53.37;769353
53.59;54.24;52.795;53.905;1138335
53.385;53.905;52.445;53.8;1104009
53.875;55;53.55;54.95;1333337
54.68;56;54.44;55.755;1240385
54.5;55.305;53.555;53.555;1298414
53.29;53.965;52.3;53.505;998358
53.4;53.4;51.745;52.545;1291607
52.825;55.1;52.33;53.45;1571162
53.365;53.545;52.42;52.855;651374
51.255;54.88;51.2;53.165;2524160
53.36;53.36;51.795;52.37;1350554
52.72;53.35;51.97;52.355;1351324
51.575;52.285;51.075;51.09;1675693
51.58;52;50.1;50.33;1223587
50.315;51.08;50;50.49;1535577
50.88;51.9;50.21;50.705;1196368
51.245;51.7;50.28;51.065;1365725
50.705;51.32;50.1;51.32;1806545
50.485;50.925;50;50.105;1387476
50.11;50.215;48.96;49.25;1494147
49.56;49.7;48.1;48.935;2308909
48.69;48.81;47.355;47.355;1657158
47.45;48.21;46.475;46.955;1655662
47.21;47.81;46;47.55;1386431
47.48;49.66;47.075;49.485;1758959
49.27;50.47;48.6;49.995;1652151
49.605;51.11;49.3;50.9;1216465
51.38;52.05;50.955;51.18;1428686
51.625;52.165;51.34;52.165;1406669
51.75;51.885;50.905;51.515;1115671
51.395;51.81;50.83;51.27;885551
51.53;51.66;49.92;50.24;1143925
50.37;50.37;49.15;50.19;1980237
50.47;50.765;49.675;50.72;1306582
51.075;51.4;50.58;51.2;1221642
50.94;52.12;50.81;51.805;852402
51.77;52.28;51.23;52.28;801462
52.34;52.5;51.3;51.64;679611
51.18;51.18;50.04;50.04;928172
50.585;51.805;50.205;51.8;1045023
51.465;52.325;50.865;52.23;718964
52.51;54.29;52.51;54.08;1254950
53.83;54.2;53.1;53.475;1050306
53.93;54.34;52.4;52.975;977589
53.24;53.505;52.505;53;915912
52.715;53.15;52.3;53.03;778461
53.02;53.78;52.145;53.66;918824
53.525;54.3;53;53.33;954769
53.23;53.74;52.9;53.73;833208
53.95;54.98;53.31;54.8;1045191
54.56;55.61;52.01;52.53;2509655
52.3;52.95;50.89;51.76;1725107
50.825;50.9;49.54;50.445;1510941
50.35;50.49;49.29;50.27;1112892
50.52;52.69;50.235;50.95;1391101
51.095;52.2;50.335;52.015;1038765
51.31;51.685;50.72;51.6;925653
51.395;52.165;50.865;51.76;980478
52.24;52.695;51.66;52.55;959255
53.26;54.95;52.8;54.22;2092404
55.32;56.24;54.475;56.24;1242648
56.6;56.93;55.53;55.75;1518832
55.525;57.06;55.17;56.75;1341073
56.75;58.5;55.65;56.445;2256025
57.07;57.6;56.485;56.985;967111
57;57.45;56.395;57.07;1108193
56.795;57.65;56.655;57.34;873727
57.63;57.93;55.74;55.865;1661747
55.945;56.115;55;55.6;901113
55.82;56.17;55.05;55.685;1034597
55.04;56.815;55;56.815;715654
56.77;57.58;56.4;57.315;781165
57.52;57.735;56.835;57.53;806475
57.02;57.265;55.605;55.98;776080
55.95;56.255;55.23;55.93;642208
56.24;57.4;55.2;57.08;747477
56.79;56.8;55.375;56.605;1168391
56.63;57.115;55.865;56.51;803020
55.86;56.085;54.585;55.65;982311
56.24;56.525;55.69;55.79;891082
56.995;57.055;56.3;56.425;853476
55.955;56.645;55.65;56.12;1015767
56.4;56.4;55.205;55.56;994573
55.73;56.075;55.01;55.29;866740
55.36;55.95;54.82;55.21;769455
55.42;55.42;54.2;54.91;668046
55;55.695;53.84;54.38;1025466
55.1;55.75;54.245;54.43;935546
54.41;54.87;54.01;54.66;604380
54.45;54.485;53.71;53.93;830536
53.93;53.95;52.06;52.29;1212458
52.545;53.7;52.36;53.17;941277
53.175;54.115;53.05;53.705;1632559
54.055;54.055;53.055;53.6;934228
53.235;54.29;52.91;53.4;1909814
53.415;53.52;51.85;51.95;1075175
52.06;53.42;52.05;52.86;852532
52.955;53.865;52.435;53.535;765399
53.645;54.24;53.07;54.025;752540
54.285;54.785;53.085;53.44;899493
53.175;54.51;53.175;54.1;516128
54.33;54.38;52.9;53.275;1116055
53.54;55.705;53.235;55.03;1121909
54.85;55.13;53.66;53.745;950553
53.59;54.42;53.37;53.95;644983
53.68;53.89;52.5;52.7;1079291
52.75;53.04;52;52.11;712818
52;52.45;51.45;51.605;869232
51.435;51.55;50.74;51.175;879936
50.92;51.735;50.77;51.195;711055
51;51.98;50.715;51.88;584243
51.895;52.135;51.24;52.12;702831
52.38;53.345;52.225;53.345;876010
53.08;54.08;52.95;53.6;812543
54.08;54.57;53.46;53.83;945205
54.34;54.95;54.06;54.59;739344
54.65;55.79;54.49;55.22;898807
55.48;55.8;54.59;55.46;954792
55.74;56.5;55.06;56.35;1029768
56.07;56.83;55.63;56.25;624431
56.72;56.85;55.45;55.9;729432
55.78;56.57;55.5;55.72;527950
55.56;57.67;55.56;57.28;1036993
57.79;59.25;56.81;58.25;1173920
59.13;62.68;58.82;60.81;2503247
60.7;61.33;60.2;60.4;938981
60.15;60.33;58.58;59.24;1171611
59.34;60.05;58.6;59.18;715333
59.68;60.38;59.15;59.26;859697
59;60.55;58.66;60.26;920900
59.9;60.05;59.2;59.96;632860
60.14;60.45;59.22;59.46;749259
59.51;60.45;58.82;60.35;827998
60.16;60.69;59.75;60.5;802798
60.5;61.27;60.2;60.54;887194
60.24;60.45;58.6;59.15;901276
59.45;59.89;58.62;59.29;583066
58.8;59.17;58.51;59.05;578501
59.5;59.8;58.74;59.65;670691
59.36;61.53;59.17;61.38;1186102
61.51;61.61;60.96;61.31;795785
61.6;64.75;61.59;64.43;1741332
64.65;65.39;64.17;64.72;1354237
64;65.1;63.94;64.69;766378
70.4;71;68.22;69.5;3519380
68.51;68.91;67.3;68.68;1446944
68;68.6;67;67.01;1441654
66.18;67.39;66.18;66.77;1305449
67;67.19;65.45;65.7;1034946
65.35;65.9;65.01;65.56;1225598
66.3;67.63;65.92;67.49;875650
67.75;68.16;67.21;67.66;590667
67.2;67.96;67.12;67.71;919580
67.76;68.11;66.77;67.55;919319
67.65;69.05;67.65;68.92;941564
68.03;68.71;67.66;68.12;763233
68.38;68.66;67.83;68.29;663604
68.62;68.78;67.77;68.16;866891
68.32;68.44;67.55;68.06;800427
67.96;68.27;67.21;67.21;2283284
66.98;68.12;66.94;67.86;596748
68.2;68.34;67.3;67.41;596720
67.21;68.32;67.21;68.29;669207
68.05;68.26;66.4;66.58;1144167
67.24;67.58;66.66;67;688091
67;68.34;66.66;68.27;717692
68.02;68.3;67.48;67.94;843835
68.33;68.84;67.4;67.95;795228
68.22;68.43;66.39;66.54;666326
66.2;66.2;64.57;65.43;909969
65.27;66.13;64.5;66.13;624736
65.97;66.78;65.31;66.78;746042
66.8;66.91;66.25;66.41;650682
65.95;67.13;65.91;67.1;840463
66.81;68.15;66.73;68.07;775538
68.05;68.75;67.84;68.61;783997
68.45;68.49;67.07;67.46;599519
68.15;68.64;67.83;68;857290
68.33;68.57;67.71;67.87;599462
68.29;68.81;67.39;68.03;1084919
68.5;69.61;68.45;69.54;594446
69.58;69.88;68.56;68.7;706523
68.64;69.52;67.87;69.37;543238
68.8;68.91;67.66;68.7;684335
69;70.12;68.95;69.15;1139298
69.57;70.99;69.57;69.8;1164033
70.15;71.41;69.69;70.8;939825
71.03;71.46;69.86;69.86;1029823
69.82;70.66;69.24;70.19;903937
70.91;71.2;69.33;69.67;1322688
69.4;70.95;68.9;70.68;966022
70.32;70.5;69.45;69.53;1218033
69.68;70.47;69.02;70.34;871554
69.53;71.58;69.37;71.43;772731
69;70.72;68.69;70.08;1802358
70.66;71;70.02;70.71;772687
70.48;71.85;70.48;71.07;727230
71.75;72.9;71.65;72.33;809587
71.97;73.38;71.59;72.77;752348
72.58;72.73;71.76;72.72;456509
73.6;74.3;72.72;74.3;666188
73.75;74.21;73.12;73.44;611495
73.31;74.18;72.99;73.18;552637
73.48;73.59;71.77;71.96;872266
72.34;72.83;71.81;72.23;833614
72.9;74.1;72.8;73.79;632493
73.18;74.5;73.15;74.3;741250
74.22;74.75;73.77;74;817084
73.95;73.96;72.03;72.19;851128
71.5;73.43;71.18;72.78;825533
72.59;73.08;72.09;72.26;675794
72.89;73.69;72.64;73.65;797165
73.75;75.36;73.56;74.99;1092387
75.5;76.38;75.23;75.63;1037059
75.22;77.42;74.91;77.22;966158
77.36;77.49;76.32;77.13;637601
76.64;77.15;75.18;75.58;812264
75.5;75.75;74.28;74.6;815565
74.38;75.56;74.11;75.54;708909
75.47;77;75.3;76.44;753633
77.15;77.45;76.39;76.85;459754
77.22;77.45;76.09;77.12;596754
76.95;77.08;75.37;75.8;1139427
75;75.7;75;75.06;863971
74.95;75.73;73.18;73.35;1634446
73.44;76.16;73.44;76.11;1257278
76.1;76.92;75.54;76.5;531473
77.08;77.98;76.9;77.57;616236
77.67;77.96;77.37;77.8;89285
78.1;78.74;78.04;78.49;329892
78.85;79.32;78.1;78.72;470869
78.79;79;77.93;77.93;339231
78.88;78.98;77.97;78;177726
78.38;79.85;78.2;79.83;831369
79.61;79.72;78.13;78.56;860446
78.57;78.91;77.83;77.87;731372
77.94;78.24;76.92;78.08;581670
78.59;78.59;77.48;77.69;698580
78.28;78.65;77.81;78;421561
78.34;78.62;77.03;77.5;951784
77.92;78.77;77.92;78.66;833518
79.05;79.25;78.36;78.5;486577
77.79;78.38;77.25;77.61;1085683
78.61;79.5;78.6;79.24;736137
78.9;80.22;78.86;79.88;811812
79.9;80;78.3;78.36;803575
79.33;80.05;77.82;77.95;939078
77.51;77.78;76.54;77.12;787905
76.59;77.08;76.28;76.59;742761
76;77.62;75.6;77.62;765725
77.5;77.6;76.8;77.11;750171
78.09;78.18;75.71;75.71;966634
76.26;76.93;75.93;76.45;669432
75.78;76.9;75.19;76.55;589994
76.7;77.74;76.28;77.65;694324
77.29;77.97;76.94;77.13;693754
76.85;77.43;75.41;75.43;897069
75.2;75.47;73.04;73.1;1497231
73.47;74.74;73.46;74.74;796587
74.37;75.2;74.29;74.62;861194
75.05;75.8;74.8;75.66;1045461
75.82;76.63;75.35;75.9;863810
76.89;77.33;76.29;76.62;884226
77.06;77.7;76.5;76.75;703646
73.75;74.48;71.9;73.18;3701785
74.2;74.85;74;74.25;1492863
74.86;75.46;74.26;75.09;932908
74.64;76;74.5;76;951152
75.86;75.94;75.26;75.49;536912
76.21;76.44;74.79;74.93;1384218
75.28;76.12;74.83;76.02;918086
76.33;77.31;75.37;75.53;1269960
75.76;76.35;74.86;76.02;985982
76.62;77.73;76.62;77.58;736677
78.5;80.51;78.4;79.67;2259226
79.39;79.6;78.32;78.67;1105972
78.06;78.37;77.6;77.97;987506
78.08;79.28;77.9;79.21;934898
79.01;79.29;78.71;79.03;646076
79.11;79.48;78.82;79.24;660358
79.49;79.89;78.69;79.27;674820
79.06;79.48;78.89;79.13;640356
79;79.26;78.18;78.47;735491
78.6;78.85;77.88;77.99;549222
77.52;78.5;77.31;78.17;879501
78.16;78.97;77.98;78.41;689035
78.51;79.39;78.3;78.99;740143
79.38;79.49;78.29;78.7;1120354
78.64;78.89;77.75;78.88;538709
78.56;79.25;78.15;79.18;486147
78.93;79.02;77.64;78.68;747982
78.86;79.25;78.44;78.93;572508
78.57;78.79;78.14;78.41;606872
78.7;78.84;77.85;78.6;537171
78.84;79.16;78.4;78.51;568537
78.58;79.06;77.44;77.86;809461
78.16;79.63;78.16;78.97;819491
78.95;79.31;78.45;78.45;803653
78.36;78.88;77.33;77.97;864060
77.39;77.61;76.82;77.51;784223
78.09;79.89;78.05;79.89;1158217
80.69;81.61;80.13;81.18;1192612
81.18;82.54;80.92;82;1082147
82.66;82.94;81.59;81.79;1016791
82.37;82.9;81.36;82.29;1122823
81.91;82.23;80.15;80.15;1233752
80.15;81.03;79.42;80.8;792742
80.9;81.58;80.39;81.38;795555
81.4;81.55;80;80;1011359
80.39;81.96;79.7;79.88;1237249
81.5;82.35;80.3;81.72;1912438
82.64;83.76;82.64;83.16;1026160
83.12;83.21;80.5;80.5;1234305
79.8;80.71;78.45;79;1479505
79.18;80.48;79.04;79.99;974562
78.82;79;77.68;78.31;1088216
78.01;78.47;76.99;78.05;547994
78.32;79.5;77.05;77.17;1619407
77.4;77.77;76.3;76.77;1419968
75.58;76.62;74.1;74.3;2014802
72.86;74.5;70.9;71.37;2746806
74.14;76.82;72.51;76.78;2455606
75.21;76.79;74.82;76.52;1009771
75.86;77.24;75.29;76.7;1237263
77.85;78.24;77.08;77.66;888275
77.34;77.53;74.02;74.79;1518919
74.46;74.98;73.91;74.12;997612
75;75;72.81;74.08;1811476
73.4;74.41;72.38;73.25;1378257
73.54;75.91;73.06;74.72;2801410
75.01;75.46;72.5;73.75;2181633
74.25;74.83;73.24;73.65;786883
71.6;72.66;71.46;72.24;1146294
74.49;75.2;74;74.31;1499563
75.04;75.97;74.12;75.97;1409413
76.34;76.78;75.86;76.17;947479
76.19;76.62;76.01;76.37;313863
76;77.33;74.6;77;941294
76.73;77.37;76.04;77.19;599349
78.4;79.29;77.78;78.09;1191604
78.23;78.72;75.48;76.18;1614755
74.84;76.23;74.5;75.44;1057922
75.61;75.73;74.67;75.46;1197554
76.05;76.82;74.97;76.79;1209895
75.92;78.4;75.62;78.19;1095879
78.38;78.55;77.4;78.34;938372
79.1;80.6;79.02;80.55;1235234
79.7;80.66;79.46;79.73;1337727
80.72;80.85;79.88;80.85;1289450
80.9;82.88;80.83;82.03;1703605
82.05;82.41;81.01;81.05;1293552
82.47;82.94;82.19;82.9;972123
82.17;84.28;82.17;83.54;1231623
82.64;83.53;82.32;83.43;1062406
83.67;83.85;81.59;81.84;1135526
82.01;82.59;80.79;81.29;877338
81.32;83.43;80.88;83.12;854723
81.62;82.71;80.74;81.13;1313005
81.49;81.5;80.36;80.97;960861
80.02;80.21;77.53;78.17;1723588
78.69;79.49;77.69;78.29;844112
78.51;78.51;77.49;77.55;505549
77.91;80.28;77.68;79.51;972794
78.84;80.31;78.23;80.23;838884
80.59;81.2;80.16;81.17;717086
81.74;83;80.82;82.8;993034
83;83.2;81.68;82.09;861211
81.99;83.45;80.5;82.76;1812583
82.95;83.83;82.18;83.17;885723
83.46;85;82.75;83.9;1363125
83.9;84.57;82.23;82.52;1321372
82.5;83.5;81.41;82.13;816050
82.73;82.85;80.3;81.55;867493
82.48;83.39;82.13;82.31;788961
81.58;83.09;81.13;82.41;1131692
82;84.29;82;83.37;1028060
83.94;83.99;82.35;83.44;629518
83.63;83.84;82.4;82.75;802080
82.87;83.37;82.42;83.34;681810
83.5;84.14;81.87;81.98;723146
81.55;81.77;79.53;80.52;1099224
80.91;81.3;80.4;81.23;752205
80.95;81.37;80.09;80.99;509887
80.68;81.41;80.08;81.24;577828
81.05;81.33;79.89;80.17;628593
80.41;80.63;77.73;78.44;1318775
79.59;80.36;79.26;80.28;615624
80;80.66;79.44;80.42;631433
79.98;80.18;78.71;78.82;768096
78.71;79.31;77.65;78.52;947185
79.26;79.26;78.18;78.4;742991
78.69;78.87;77.61;78.1;517679
78.21;79.21;77.61;78.3;1095462
77.94;78.96;77.7;78.33;867899
78.56;79.24;76.84;77.22;1207259
77.43;78.13;75.54;75.71;1320919
75.76;77.39;75.52;76.22;815052
75.73;76.49;75.03;75.46;887416
75.72;76.95;75.05;75.77;997006
79;83.38;77.9;78.69;3272442
77.84;78.81;77.04;78;1998829
78.23;78.7;77.43;77.76;427191
76.7;78.9;76.4;78.5;1328194
78.81;80.84;78.53;80.68;1138867
80.13;81.77;80.08;81.22;1178859
81.48;83.24;80.93;81.97;1221991
82.3;82.38;81.52;81.93;404355
81.42;81.81;80.48;81;749341
81.07;82.99;80.73;82.65;1142791
82.38;83.35;82.06;82.87;686439
82.11;83.36;82.11;83.15;598031
83.5;84;83.02;83.28;513933
83.41;83.7;82.81;83.46;652174
83.53;83.86;82.2;83.01;767921
83.08;83.18;82.48;82.97;575340
83.5;83.82;82.09;82.67;1609583
82.96;84.89;82.96;84.89;1285765
84.03;84.89;83.6;83.67;1051651
84.14;84.15;82.35;82.49;759439
83.04;83.37;81.11;82;722138
82.5;84.39;82.42;84.01;2800592
84;84.13;82.85;82.85;835993
82.78;83.1;81.47;82.17;874956
82.63;83.12;81.8;82.16;781394
81.69;84;81.41;82.48;880000
82.38;82.97;80.91;81.35;856920
81.28;81.29;80.1;80.28;581765
80.23;82.9;80.15;82.32;924587
82.74;83.48;82.39;83.35;700370
83.42;83.73;82.54;82.84;460931
82.82;82.99;81.68;82.1;665217
82.5;82.72;81.54;81.66;568829
81.44;81.78;80.18;81.56;782860
82.35;83.8;82;83.4;801590
83.75;84;83.35;83.58;734723
83.95;84;82.99;84;813617
83.91;84.46;83.31;84.4;730189
84.5;84.9;84.12;84.6;917912
84.4;84.94;84.21;84.94;711582
84.62;88;84.57;87.43;1711783
87;87.84;85.68;85.74;1170337
86.17;87.58;86.1;86.79;950585
86.51;87;85.64;86.55;711771
86.5;87.5;85.17;85.25;1049755
85.24;86.19;85.2;85.56;621251
85.29;85.56;84.2;84.36;1121550
84.89;85.82;84.37;85.61;678345
85.53;86.24;85.23;85.47;544793
85.48;86;84.49;84.63;623851
85.45;86.63;85.31;86.46;710169
86.63;86.97;85.87;86.1;411155
86;86;85.39;85.79;345091
85.62;86.69;85.44;86.21;550993
85.74;86.85;85.6;85.89;625335
86;86.76;85.6;86.1;528945
84.83;85.96;83.85;85.33;663258
84.91;86.2;84.52;85.94;452310
85.62;85.79;84.72;84.86;647873
84.62;85.73;84.53;85.73;468179
85.86;87.26;85.71;87.19;734900
87.22;87.42;86.25;87.33;497050
87.5;87.91;86;86.21;595867
85.86;85.95;84.11;84.11;847004
84.16;85.11;84.1;84.92;520437
84.91;85.1;83.9;85;430994
84.3;84.95;83.5;84.66;504981
84.88;85.07;82.05;82.05;991399
82;83.03;81.66;81.93;1095616
81.9;82.64;81.9;82.5;975023
82.92;85.03;82.6;84.78;1220417
84.53;86.1;84.01;84.23;686141
84.19;84.69;83.6;84.35;609006
84.7;86.93;84.5;85.87;940566
85.5;86.15;84.74;85.67;666973
86.08;86.27;85.07;85.65;668015
85.92;86.67;85.46;85.82;643301
86;86.77;85.82;86.4;862641
86.39;86.67;85.85;86.67;558280
86.14;86.68;85.43;85.8;629059
85.86;86.21;85.18;86.1;617698
86.1;86.47;85.32;85.73;1151316
85.86;86.91;85.81;86.27;429853
86.33;86.67;85.6;86.37;577062
86.2;86.85;86.07;86.07;442942
86.03;86.61;85.27;86.45;359435
86.05;86.92;86.05;86.47;71783
86.04;86.33;84.7;85.15;313923
85.67;85.67;85;85;187953
85.1;85.75;85.1;85.49;238219
85.5;85.66;84.01;84.3;351749
84.64;84.64;83.08;83.08;204663
83.1;85.5;83.1;85.5;575140
85.48;86;85.01;85.04;649250
85;85;84.1;84.66;692513
84.87;86.16;84.17;84.57;825148
84.31;85.19;83.7;83.7;625278
83.7;83.81;82.27;82.6;726133
83.1;84.4;82.68;84.24;860883
84.16;84.84;83.52;83.94;822287
84.05;84.18;82.31;83.27;1287001
82.97;83.47;82.5;82.75;786425
82.8;83.5;82.66;83.25;512440
83.63;84.57;83.37;83.91;760045
84.98;85.27;84.16;84.16;1150475
84.22;84.88;82.81;83.14;1161486
83.54;85.29;83.35;84.72;1131789
85.06;85.5;84.26;85.17;540035
85.82;86.3;85.05;85.42;736331
85.85;86.95;85.63;86.43;898558
86.13;86.33;84.63;84.96;931692
84.95;85.62;83.96;83.97;701872
84.02;85.23;83.12;84.8;941229
85.35;87.45;85.16;86.63;996549
86.63;87.4;86.11;86.97;795544
87.03;88;85.39;87.88;1351538
88.2;90;88.2;88.77;1602645
89.27;89.3;87.82;89.15;1121383
88.89;89.45;88.2;88.95;891674
88.4;89.42;88.01;88.36;751744
88.03;89.5;87.77;89.5;896311
84.72;86.08;84.36;85.72;3487506
86.47;86.47;84.3;84.87;1307682
84.82;86.23;84.68;86.11;931858
86.64;86.7;85.23;85.59;911651
85.63;86;84.71;85.52;704073
85.96;85.97;85.16;85.87;772892
85.9;85.93;84.52;84.71;601773
84.5;84.7;82.83;83.42;1192702
83.43;83.98;82.78;83.06;831248
82.51;83.42;82.14;83.07;636731
83.5;84.98;82.87;84.4;921248
84.27;85.15;83.78;84.24;669060
84.51;85.37;83.24;83.6;802927
83.32;84.03;82.52;83.54;690118
84.03;84.18;82.6;82.97;801629
83.32;84.02;82.51;82.68;735791
82.78;83.47;81.84;81.84;651940
82.17;82.8;81.68;82.7;779709
83;83.79;82.38;82.47;831913
81.81;82.81;81.7;82.3;629137
81.85;82.07;81.31;81.64;655470
81;81.49;80.4;80.68;899136
79.05;79.67;77.38;78.72;1913508
78.97;79.09;76.64;76.79;1451725
77.3;78.54;76.65;78.39;1417212
78.58;79.85;78.3;78.51;1464871
79.99;80.59;79.5;80.48;901341
80.74;80.78;79.88;80.03;881399
79.72;80.38;79.19;80.16;702345
80.21;81.47;79.64;81.32;945636
82.5;82.8;81.76;82.17;1046167
81.76;82.27;81.33;82;652725
82.16;82.45;81.24;82.23;565702
82.74;83.1;82.58;83.04;685348
83.04;83.26;82.2;82.2;901832
82.95;83.62;82.53;83.4;741082
83.24;84.19;83.03;83.91;667414
83.75;84.16;82.51;83.62;763812
83.89;84.3;83.17;83.22;584969
83.3;83.99;82.74;82.85;644349
83.42;83.73;83.26;83.51;505953
83.23;83.65;82.63;83.56;456033
83.07;83.55;82.02;82.26;804543
82.38;83.5;82.34;83.09;543676
82.63;83.05;81.71;82.27;752492
82.69;84.12;82.27;83.89;1008392
83.89;84.67;81.56;81.77;1143433
82.1;83.45;82.05;83.2;712284
85.25;86.18;85.2;85.88;1388378
86.06;86.1;85.27;85.68;527546
85.34;85.86;84.77;85.66;743587
85.46;86.37;85.37;86;561377
86.66;86.83;85.58;86.77;912943
85.15;86.02;85.12;85.61;669968
86.39;86.95;85.69;86.2;628568
85.94;86.6;85.52;86.59;653544
86.47;87.43;85.5;85.79;884742
86.21;86.75;85.21;85.89;794718
86.01;86.92;85.51;86.61;803913
86.34;86.74;85.44;85.71;772094
85.98;86.45;85.63;85.89;732045
86.29;86.69;85.7;86.53;696807
85.71;85.81;84.81;85.61;766200
86.06;86.54;85.06;85.27;664687
85.01;85.75;84.82;85.5;733811
85.2;85.45;84.64;84.93;667726
85.4;86.01;85.05;85.77;668243
86.23;87.08;85.57;87.06;920523
87.1;87.41;86.01;86.11;797641
85.43;86.03;85.3;85.52;981712
85.86;86.02;85.28;85.57;758003
85.09;85.68;84.7;85.55;521438
85.52;85.8;84.69;84.99;474284
85.59;86.35;85.47;86.02;596064
85.81;86.45;85.62;85.97;220607
86.5;87.48;86.44;87.43;927379
87.5;87.85;86.54;86.67;687911
86;86.27;85.68;85.8;527116
85.95;86.09;84.93;85.19;782814
85;85.97;84.74;85.75;672550
85.94;86.07;85.15;85.43;560324
85.01;85.22;84.51;84.52;596269
84.28;85.59;84.25;85.41;561446
85;85.49;83.58;83.79;732029
84.05;84.77;83.9;84.47;462889
84.75;86.36;84.64;86.09;1054769
85.86;86.51;85.31;85.4;879733
84.94;85.34;84.2;84.93;1284201
84.57;86.27;84;85.86;1395278
84.17;86.7;84.15;86.39;786404
86.33;87.67;86.29;87.56;992759
87.49;87.98;87.14;87.91;713640
87.49;87.49;85.62;86.44;893259
87.11;88;85.98;86.17;750530
86.17;93;86.05;86.89;658933
87.29;88.3;86.89;87.75;1017857
88.14;89;87.89;88.98;943624
89;89.56;88.39;89.56;868475
89.51;89.9;88.69;89.59;848973
89.33;89.99;89.33;89.71;694450
89.78;89.95;89.46;89.53;874089
89.7;90.25;89.33;89.95;909347
90;90.76;89.56;90.22;1031164
90.34;91.24;89.54;89.67;922190
88.82;89.72;88.02;88.54;848719
87.06;87.9;85.75;87.89;1326443
83;85.41;82.1;84.94;2556806
84.37;85.5;84.27;84.78;870744
84.64;84.99;83.75;84.38;841807
83.49;83.8;82.89;83.37;1058733
83.7;83.81;83.18;83.66;816550
84;84.16;83.33;84.06;744222
84.5;85.23;83.3;84.81;845483
85.28;85.34;84.29;84.62;786812
84.21;85.25;84;84.87;546241
85.04;85.52;84.69;85.48;707484
85;85.41;84.01;84.37;743655
84.2;84.48;83.32;84.3;534332
83.72;84.54;83.05;84.01;733807
84.66;84.95;82.59;82.95;829351
82.41;83.05;81.81;81.9;920862
81.37;82.28;80.81;81.11;1023321
82;82.32;78.76;79.01;1460183
77.22;79.32;76.69;77.11;2032738
76.2;78.34;75.04;75.04;1823899
74.8;76.5;71;76.35;2531774
76.54;78.8;75.55;75.63;2534155
77.71;77.79;72.9;77.22;2027143
76.9;79.66;75.05;79.05;1222888
79.75;80.03;79;79.3;606160
78.89;80.78;78.38;80.73;892663
80.23;82.59;80.05;82;965265