114.13;116.39;113.54;113.54;244186
113.04;113.04;106.56;106.56;368832
105.67;109.6;105.18;107.93;403573
107.84;113.04;106.26;111.08;369691
111.08;111.87;108.23;110.59;442150
111.08;111.08;107.15;108.62;346157
111.08;111.08;100.27;100.36;645152
101.54;103.22;100.46;100.46;554372
101.25;105.18;100.76;104.89;483698
106.95;110.59;105.87;110.59;390340
110.98;111.28;107.15;109.11;397450
110.1;110.1;104.2;105.18;276862
108.03;108.03;102.04;102.23;392767
104.2;107.25;101.25;102.04;471286
102.04;107.05;100.76;107.05;296675
106.07;106.07;99.48;99.97;344791
101.74;102.72;95.84;95.84;543577
96.33;98.3;92.4;93.38;835118
93.88;94.52;93.09;93.38;992731
94.17;97.12;93.38;93.78;308924
94.76;94.86;88.86;88.86;611247
91.52;92.4;86.85;87.29;912895
88.96;89.85;84.44;84.54;851883
86.21;86.9;82.38;85.52;1083717
85.52;89.55;84.34;87.78;809868
89.45;90.04;87.78;88.22;635927
87.98;88.18;84.98;86.5;804910
87.98;87.98;83.56;84.54;661517
85.42;85.42;83.65;84.59;415784
85.52;86.21;84.34;86.06;454073
87.49;87.88;84.29;85.13;375051
86.8;86.8;82.77;83.7;369162
84.93;85.23;80.61;80.61;866315
82.9;82.9;79.5;81;447633
81.85;81.85;78.3;79.6;483092
79.8;80.1;77.6;78;295355
81.9;81.9;77.5;80.9;971103
81;83.75;80.15;82.9;652736
83.5;83.5;77.1;78.25;729736
79.2;80.9;74.5;76.9;907607
77;78.3;75.7;77.4;738242
77.9;79.8;76.6;77.5;980364
78.9;80.4;75.7;79.5;761826
79.5;80.4;77.65;79.3;426156
79;80.3;77.2;78;701633
79.5;80.85;77.9;78.1;656500
79.6;81;78.8;81;528152
80;82.25;79;79.4;270565
80.5;80.95;76.05;77;426311
78.2;78.8;75.2;76;498851
77.9;77.95;76.15;77.3;583446
78.5;81;78;79.8;642580
80;82.2;79.5;81;924068
83;85.9;82.95;84.5;1878911
86.9;86.9;82;82.9;826213
84;85.9;82.5;85;581770
85.5;87.25;84.9;87;689324
87.5;92;87;91.95;1524403
90;91;86.3;89;495369
90;90;86.7;87.9;351051
88.8;88.8;86.1;87.65;249163
87.65;88;84.1;85.1;500488
85;86.25;84.4;85;212355
86.95;90.9;86.1;88;1394930
89.5;90.9;88.45;89.1;1084560
91;91.95;89;91.95;553002
92;94.5;91.1;93;1117845
93.5;94.4;90;93.5;734691
93;94.2;89.4;90;661266
90.5;90.9;88.1;90.9;468776
90;90.5;87.75;87.75;268486
89.75;89.9;86.4;87;651380
89;89;86.5;87;757049
86.2;88.5;86.2;88.05;391595
89;90.7;88.2;89.25;606605
85;88;84.05;86;554702
88;90.4;87.2;88.5;422746
88;89.9;84.4;86.7;1172737
88;92.5;87.7;90.2;1403131
91.95;94.85;90.55;94.5;915405
95;95.8;92.5;92.5;1043387
94.5;94.55;91;93.15;697667
94;94.55;91.1;91.1;556467
93.4;93.4;91.2;92;826304
92.9;93.95;92;93.2;828976
94.2;95.2;87.5;90.35;6512919
89.8;91.75;88.85;91.5;736531
91.8;92.75;90.6;92;413546
92;93.2;91.7;92.55;727221
92;92.85;90.65;91.55;524332
91.5;93.85;90.55;93.85;420345
93.95;94;91.45;92;350759
91;92.5;90.2;92.5;253869
92;96.5;92;96.5;544752
96.55;96.6;94;95.5;388069
93.6;94.6;92.3;93;256325
92.8;93.5;91.1;91.45;504205
90.55;93.85;90.55;92.9;192066
92;93.5;90.3;91.55;453456
90.2;91.45;87;87.2;588754
88.8;91.8;86.6;88;437186
88;88.4;85;85;299351
85.85;87.75;85.8;86.1;904332
85.2;86.5;82.5;83;905859
83.3;85.75;82.75;83;812553
83;84.35;83;83.9;300319
84.3;85;83.65;84;311179
83.9;84.1;82.8;83.3;544398
83.9;84.35;82.75;83.9;432559
84.2;85.3;83;83.05;327435
84.35;84.35;81.85;82.5;347757
82.5;83.8;81.7;82.8;292391
83.3;83.3;80.4;81.4;481219
81.9;82.4;80.8;81.6;269809
81.9;82.3;78.5;80;371312
80.9;81.8;80.2;81;418236
81;82.7;80.15;80.6;406221
80.6;81;79;79.55;381152
79.6;80;77.1;78;419003
77.9;78.3;77.4;78;354189
78;81.05;77.55;79.75;549081
80.9;81.95;80.4;81.7;870219
81.6;82.9;80.6;82.9;390943
82.5;83.7;82.45;82.7;322517
83.3;83.8;80.7;80.8;345848
82;82.4;81.25;81.4;280729
82;83;80.9;83;262034
83;84.95;82.85;84.75;427419
84.75;84.75;82;82.75;522928
82.9;83.4;81.6;82.55;391583
82.5;85.95;82.25;85.95;484596
85.95;85.95;84.1;85.5;231583
85.8;87;84.15;86.5;262618
85.1;91;85.1;89.15;1081265
89.8;89.8;88.1;88.5;350502
90;90;86.7;87.45;266841
87.5;88;85.7;86;281894
86.5;88;86.2;87;166682
87;88.75;86.1;88;201903
87.5;88.5;86.3;87;261609
87;88.5;86.7;88;339473
88.8;88.8;86.25;86.4;305390
86.95;87.8;86;87;259245
86.5;87;84.55;84.7;1041625
85;85.9;83.9;84.8;325156
84;85;83.1;83.6;252418
84.4;86.45;83.15;86;314253
86;86.45;84.15;84.85;237336
85;87.4;84.1;86.5;392504
86.6;88.5;86.6;88.5;454894
88;89.8;87.75;89;414386
89;89.15;87.3;88.8;388696
88.2;88.9;87.05;87.4;324769
87;89.15;86.1;88.3;291690
88.05;89.8;88;89.5;371091
89.8;90;87.55;87.75;214309
87.1;88.9;87.1;88.5;48823
88.7;88.8;87.15;87.65;195564
88.45;88.45;86.5;86.5;177621
87.05;87.35;86.1;86.55;121952
87.5;88.55;87;87.95;171535
88.6;88.6;84.55;85.55;531274
85.65;85.65;82.55;83.05;502415
83.5;85.25;83.2;84.5;256917
85.2;85.9;84.5;84.75;128412
85;85.9;83;84.1;183688
85.1;85.1;83.1;84.6;196726
84.25;84.7;83.25;84;217370
84.4;84.4;83;83.4;195528
83;84.95;83;84.55;246032
85.65;86.65;85.2;85.65;371846
86;88.1;85.8;87.3;489291
88;88;86.55;86.8;230671
87;87.5;84.35;87;543530
88.8;90.8;87;87;902521
88.5;88.5;86.7;87.1;221483
87.3;88.2;85.7;87.1;192097
86.85;87.2;85.2;85.4;361125
85.5;86.25;84.55;84.85;207310
85.35;85.35;84.1;84.6;176807
84.9;84.9;82;82.4;458371
82;82.9;80;81.1;597563
81.4;82;79;79;288682
79.9;80.3;76.9;77.5;465111
77.5;78.85;76.85;78;392963
79.8;80.9;78.7;79.1;538170
79.25;80.05;78.2;78.9;205858
78.1;78.65;77.25;78.15;275359
78.3;79.1;76.7;78;242676
78;78.9;77.6;78;393326
76.4;80.35;76.4;80.35;423838
79.9;80.9;78.7;79.95;474607
79.9;80.45;79.5;79.95;373959
79.3;79.8;78.5;79.8;330630
79.8;79.8;78.05;79.55;232343
79;79.4;77.75;78.55;203911
78.5;80.5;78.5;80.4;331619
78.2;78.45;74.1;74.1;1003092
75.15;77.15;73.85;75.6;482284
73.8;76.4;73.75;75.8;336033
77.5;77.75;74.6;75.2;201053
75;77.2;74.7;76.4;223895
77;77;74.3;75.8;159093
76;77.4;75.45;76.25;173105
77.2;77.3;74.8;76.45;272910
77.2;78;76.25;77.8;148076
77.95;79.65;77.35;79.55;249182
80.15;80.3;78.6;80;306130
79;81.75;79;81.75;321708
82;82.7;80;81;863207
82;82;79.7;81;263140
81;87;81;87;1128079
86.1;87.15;85.1;85.85;253498
86.45;86.45;84.15;84.55;265122
85;85.4;83.6;84.3;192398
85;86;83.9;85;227630
85.9;86.5;84.8;85.8;300835
86.5;88.1;86.2;86.9;306121
86.9;87.45;85.5;85.65;179466
85.15;86;82.7;83.3;421290
83.3;84.3;82.3;82.6;320949
82.45;84.9;82.05;84.45;221810
83.5;86.7;83.35;84.55;199010
85;86;83.25;86;200868
85;85.95;84.3;84.55;122035
85;86;83.2;83.5;128623
83.4;84.75;83.3;83.3;204776
83.3;84.85;82;84.5;350018
84;84.7;83.25;84.7;329776
85;85.2;83.55;84.8;215828
85.3;86.8;85;86.1;401722
86.2;87.6;83.2;86;815303
86.35;86.9;85.4;86.3;212583
86;86.7;85.1;86.25;291973
86;87.8;85.1;85.8;266763
86;86.8;84.35;86.4;427378
86.35;87.3;86.1;87.25;357939
87.4;90.4;87.3;89.6;778990
89;91.5;87.4;90.5;517251
90.1;91.8;89.6;89.6;384152
89.6;91.7;88.75;90.35;494044
89.7;90.85;89.45;90.55;449463
89;91.65;89;90.5;380479
90.1;91.4;90;90;548262
90;90.4;89.5;90.4;355117
90.1;90.8;89.55;90.5;334957
90.4;92.15;90;91.55;668363
90.3;91.2;87.8;87.8;606036
87.8;89.7;86.1;89.6;287709
89;91.1;88.3;90.15;375509
88.65;90.9;88.65;89.85;177835
89.95;90.4;89.3;89.9;124083
89.9;89.9;88.45;89.3;112989
90.9;90.9;88.4;89.5;146936
90.3;90.3;87.6;89.3;205338
90.9;92.3;89.3;92;705561
92.45;92.55;90.1;91.5;703299
93;98.65;92;98;3015587
98.2;101.5;98;101.3;2295702
101.4;101.4;98.25;99.65;1447343
98.65;100;97.8;98.05;824378
96.5;99.1;96.1;98.5;1860545
97.7;98.85;97.7;98.8;605461
99;103;98.25;101;1168799
100.1;103.5;100.1;101.9;1171564
100.6;102;99.85;101;1136790
100.9;101;98.6;98.9;603303
98.6;99;96.7;97.75;712670
98;99;96.25;98.75;673744
98.95;98.95;97.5;98.1;740742
97.5;98;96.1;97.5;903920
96.6;98.75;95.9;98.45;1143550
97.1;98.6;97.1;98.5;816946
98.2;99;97.5;98.5;619864
98.3;99.4;98;99.4;1014158
98.75;103.6;98.5;102.5;1572833
102;103.9;100.5;103.6;1710583
102.7;103.4;101.7;101.9;493433
102;104;101.1;103.6;449721
103.5;106;103.2;106;888119
106;106.4;104.1;105.3;701261
105;105;102.3;103;617526
101.8;105.8;101.8;105.3;436564
105.3;105.8;104.5;105.4;320578
104.3;107.9;104.3;107.1;1000191
107.1;107.6;105.2;105.9;467189
105.3;108.7;105.3;107.8;998832
107;109.6;106.9;109;516258
109;109;107.2;108.1;626788
107.3;108.7;103.3;105.5;894090
103.3;106;103.3;103.9;440270
103;105.9;102.5;105;496059
103.5;104.5;100.7;103.2;1237126
103.2;105.6;102.7;104.4;540956
102.3;106;102.3;106;489857
106.5;108.5;106.2;108.5;1171608
107.5;110.8;106.6;109;1017555
108.4;110.9;108.1;109.5;532446
109.5;110.7;108.8;110;494014
108.6;114;108.4;113.7;1016904
112.8;113.4;109.4;109.6;628901
110.2;113;108.7;110.9;496122
110;112;109.5;111.5;522272
110;110;102.1;102.8;1689403
103;104.2;95.1;101.7;1822291
101.7;101.9;98.6;100.5;541476
100.5;100.6;98.9;100.4;320788
100;102.8;98.1;98.75;488210
99.5;100.3;98.5;99.7;513360
99.05;104;99;102.2;1596060
100.9;101;93.6;95.1;1633218
96;96;90.35;93.3;997970
94.9;99;93.6;98.05;608842
98.75;102.6;96.8;102.6;471598
102.6;102.7;96.75;100.2;545170
98;98.55;96.2;97.9;644291
97;101;96.1;100;653934
100.9;100.9;96.4;99.8;457636
99.8;99.9;96.45;97;554302
96.2;102.4;95.6;100.9;893761
101.2;102.7;98.8;101;761417
102;104.6;100.2;103.9;581791
102.2;103.9;101.2;103.2;234630
104;106.2;102.4;104.6;559446
104.3;104.3;101.7;103;953455
104.3;105.5;100.9;104.9;340286
103;104.4;101.3;104.4;408770
104.9;107.2;102.9;104;547247
103;107.7;101.7;107;1082502
105;109;105;108.6;633746
107.2;108;104.3;105;760755
106;107.3;104.2;106.9;601048
105;105;102.4;103;599802
104;104.7;101.1;104.2;829874
105.2;108.5;104.3;108;637882
107.7;109.5;107;108.3;606155
108.1;110.5;107.3;107.5;546441
108;109.7;105.7;105.8;360832
105.7;107.4;105.2;106.2;229522
106.1;107.5;105.2;107.1;131532
106;108.2;105.3;107.9;161793
107.8;109.8;106.6;109;640678
108.3;110;108.3;109.9;602161
109.2;109.5;108.1;108.4;481940
107.5;109.7;107.1;109;326788
109.8;113;109.1;113;601605
111;112;110.1;112;449844
112.9;113.3;112.1;112.8;305929
112.3;113.7;107;110.8;1696628
109;111.5;107.4;110.4;776344
111;112;107.2;108.6;795556
108;110.4;108;109.7;535291
108.3;110.8;108.2;110;170684
108.8;109.3;106.8;108.8;505248
108.8;110.7;108.2;110.7;141891
109.2;110.8;107.8;108.2;304986
108.8;108.8;103.2;104.8;1050786
105.1;110.2;102.7;110.2;638645
109.1;109.7;107.5;108.7;376190
106.3;108.5;105.8;106.3;493633
107.1;110;106.3;109.8;905924
109.7;110.3;107.4;108.5;337381
107.2;109.4;107.2;108.9;258866
107.7;108.8;106.7;108.3;431173
108.5;110;107;107.9;569646
108.7;108.7;106.8;107.1;272132
107.6;107.6;103;103.8;594268
103.8;104.5;100.6;102;798976
100.7;103;99;99;479508
100;104.8;100;102;1034793
101.7;102;96.25;98.15;1695991
97.9;98.15;96;97.9;1501527
98.5;99.3;98.1;98.1;721044
98.9;99.9;97.8;99.5;726888
98.05;99.4;97.75;98.15;554985
97.3;98.7;96.45;98;541912
98.95;99.65;96.35;98.5;668782
99;101.2;98.5;101;906755
101.8;102.8;100;102;505165
102.3;105.3;102.1;104.9;1022683
105.2;106.6;104.3;106.1;514436
106.3;106.3;104;104.7;409996
104.6;106;103.5;104.9;324189
104.8;106.3;103.3;105.5;365154
105.5;107;104.5;105.5;450166
104;106.1;104;105;461510
105.8;106.5;104.8;105.5;1434590
105.8;106.1;104.5;105.6;359117
105.6;106;104.6;104.9;220725
105;105.1;103.4;103.6;527735
104.8;104.9;103.2;104.5;745346
104;104.1;101.5;102.5;670768
102.2;102.8;101.5;102.3;498653
101.1;102.3;100.8;101.3;479422
101;101;98.05;98.8;554741
97;97.5;95.15;95.2;619674
98.05;98.95;95.6;96;1137145
96.85;98.3;96.5;97.95;1116404
97.95;98.5;97.2;97.9;365627
96.25;98.4;96.25;97.6;412775
97.5;100.2;97.1;99;704227
98.1;100.8;98.1;100.1;917379
99.15;101.3;99.15;100;331869
100.1;101.9;100;100;373520
100.8;101;98.35;100.1;310242
100.4;100.8;99.7;99.7;192648
99.2;101.5;99.2;101;462678
101.8;102.2;99.85;100.2;267107
102;102.5;100.6;101.8;292387
102.5;104.3;101.6;104.3;265706
103.9;104.5;101.9;101.9;209796
101.2;104.6;101.2;104;555057
104.6;104.7;103;103.6;399043
103.1;104;102.2;103;235975
102.5;103.5;102.3;102.6;233311
102.6;104.4;102.1;103.7;266728
104;104.6;102.7;103.4;323292
104;104.6;102.6;102.9;304887
103;103.2;101.8;102.2;160180
101.4;103.1;100.6;101.6;415216
100.7;102.3;100.5;101.6;1121670
102;102.5;98.9;99.9;575461
99.6;101;98.8;99.85;368896
100;100;97.7;98;371641
99;101.2;98.3;100;963902
99.3;101.8;98.3;100.6;632807
101.5;102.6;100.1;100.1;603266
100.2;101.8;98.85;98.85;629770
98;99.3;95.25;95.65;572854
95.7;97.3;90.1;90.5;515334
81.6;95;81.6;93;796519
93;93.55;90.4;91.75;453084
91;93.75;87.4;88.8;929275
87;90.9;86.5;90.1;737897
90.1;90.9;87.3;89.45;665778
87.5;89.6;85.3;86;506170
86;87;79.9;80.25;674728
78.9;79.7;74;77.6;1337009
77.95;82.95;77.7;82.5;754668
81.2;86.55;81;84;604977
83.5;85;82.2;84.9;613150
85.55;87;84.2;87;570325
88;89.8;87.5;89.45;927008
89.8;89.8;86.75;87.4;382608
88.5;89.7;86.1;89.7;377781
88.4;89.8;87.05;87.3;459347
89.8;93.4;88.5;93.4;582719
92.2;95.4;92.1;93.5;693481
93;93.5;91.45;92.4;350485
92.4;95.15;92.3;95;385203
94.9;95.9;93.85;95.5;395903
95.5;97.3;94.95;96.9;420382
97.9;97.9;95.2;97;391966
96.8;98.3;95.6;97.7;501338
98.05;98.5;96.55;97;431023
97.8;98;96.7;96.7;323498
94.2;96.9;94;95.6;391066
95.15;96.9;93.7;95.5;467122
94.4;95.45;93.35;94.85;264579
95.8;98.7;94.6;98.7;456970
98.5;99.85;97.2;97.45;657782
98.8;101;97.3;97.3;771406
98.3;100.7;98;100.7;696051
99.1;100;98.45;99.15;736004
98.3;99.25;96.7;97;580588
96.25;99.7;96;98.7;599472
98.65;98.65;94.2;94.45;1466521
95;95.35;93.85;95.2;480072
94.2;95.9;94.2;95.85;338793
95.25;96;94.5;96;349975
96;96.3;94;95.85;529751
95.9;96.5;94.7;95.55;580722
94.2;95.4;92.8;94.5;545802
94.4;94.8;93.25;94.05;501516
95.05;97.25;94.55;96.55;451463
97.5;98.6;95.8;97.9;440366
98.65;99.95;97.1;99.2;364078
99;100.6;98.55;100;379270
100.9;103;100.2;102.7;579057
103;103;100.4;102.3;594369
102;103.3;101.3;102;444848
102.5;103.4;100.8;101.1;346863
100.8;102.8;100.8;102.5;395048
102;105;102;104.4;480501
104;107.6;103.5;104.2;1154532
103.5;103.7;99.75;100;881875
99.3;101.3;99.25;100.5;431859
100.2;102.5;99.25;102.5;370977
101;102;99.5;100.8;275526
100.8;101.7;99.7;100.9;368623
101.8;104.2;101.5;103.8;551457
104.3;104.9;103.3;103.5;349357
103.9;106;102.7;106;518576
104.7;105.9;103.5;105.9;321691
105.8;105.9;104;105.9;420690
106;106.9;104.8;105.7;372680
105.4;105.4;103;103;601810
102.5;103.4;100.1;100.8;632478
101.5;103.8;100.3;103.8;715603
103.5;105.5;102.8;103.1;637399
102.5;104.2;101.8;102.4;408202
101.2;104.3;101.2;102.7;292735
102.4;103.9;102.4;103.9;296995
102.4;104;102.3;103.2;69661
103.8;105.4;101;105.2;411945
105.5;105.5;102.5;104.9;277047
104.5;105.6;102.9;105.6;239226
105;106.9;104.6;106.6;328309
106.8;106.9;105.2;106.9;306771
106.8;106.8;104.5;105.8;411761
106;107;104.7;105;471563
106.2;107;104.5;106.7;438198
104.6;105.7;103.5;104.1;569142
104.1;105.4;101.3;102.5;743440
102.1;102.9;100.5;101.1;677572
100.6;102;99.75;101.5;451101
100.5;101.2;98.6;98.75;393687
99.25;101.2;98.6;100.5;451354
99.8;100.6;98.8;98.8;352795
98.9;100;97.1;98.4;501986
98.9;100;97.25;99;299770
98;99.75;97.65;98.5;596757
99.6;101.2;99.25;99.45;732460
99.9;100.3;98.4;98.5;387154
97.5;99;97.4;97.9;565768
98.35;99.4;97.25;97.8;1050060
96.95;99.9;96.85;98.05;617243
99.4;99.9;98.5;98.6;466386
100;102;99.5;101.9;729733
102;102;99.85;100.1;656989
100;101.9;99.75;100.9;591250
101;101.7;100.2;100.6;566768
100.1;101.9;99.8;100.1;360929
99.5;101.7;99.5;100.3;270663
101.7;102;100.3;102;558130
102.1;103.7;101.8;103;481777
102.3;104.5;102.3;104.5;486432
104.1;105.4;103.3;104.7;492126
104.7;105.2;103.4;103.7;311244
103.5;103.6;102.3;103.4;140481
102.3;102.8;100.3;102.1;553838
102;102.4;100.9;101.6;308407
102;102.2;100.4;102;477270
101;102;100.1;101;265204
100.1;102.5;98.7;102.5;528465
102;104.7;101.7;103.6;1457976
104;104.5;102.7;103.6;245943
103.6;103.6;99.15;99.5;1010831
99.65;102.4;99.4;101.9;603602
102.2;105.6;102.1;105.4;672062
105.4;105.8;104.5;104.6;501786
103.9;104.4;100.7;102;838822
103;103.9;101.6;102.1;602616
101.6;103.8;101.6;102.8;461437
102.5;103.5;101.9;103.2;513795
102.6;103.2;101.2;101.2;594665
101.1;102.9;101.1;101.9;453038
101.6;103.4;101.4;102.2;323320
101.2;102.7;100.8;101.5;346906
102;102.4;101;102;461292
102.2;104.3;101.5;104;622738
104;104.9;102.6;104;642390
103.4;104.2;102;102;603598
102.8;103.1;102.3;102.7;577713
102.1;103.3;101.5;101.6;300033
102.4;102.4;100.2;101.3;1011030
101.4;101.4;99.95;101;861190
101;103.4;100.7;102.5;1169914
102.5;103.9;102;102.8;814196
102.1;103;101.4;102.3;533787
102.5;103.1;100.9;102;568416
101.5;102.2;100.2;101.3;502679
101.1;102.1;100.4;100.7;356096
101.5;102.2;100.8;102.1;427061
101.4;103.8;101.3;103;707213
103.3;104.3;102.6;103.1;348335
103.1;104.7;102.5;104.6;762157
104;105.3;103.4;105;664529
105.7;106;103.8;104.5;748961
104.6;106.5;104.6;106.5;489248
105.6;107.5;105.5;105.5;547627
106.3;106.8;105.4;106.8;421639
106;107.4;105.6;106;639103
106.6;107.8;105.8;105.8;611295
105.8;108.1;105;107.1;384768
106.3;107.7;103.8;104;649892
104.5;106.2;104.4;105.5;1049647
105;105.8;104.1;105.5;363591
105;106;104.2;105.3;509804
106.5;108.9;106.5;107;848145
108;110.8;107.5;107.9;1458825
108.9;110.2;107.6;109.1;340470
108.7;108.7;105.2;106;554526
106;107.4;105.8;107.4;502645
107.1;107.9;106.6;107.1;238093
107.5;108.4;106.2;107.8;239514
106.6;109.2;106.6;108.3;1062690
108.1;110;107.8;109.7;406588
110.3;110.5;109;109.9;372794
109.9;110.5;108.3;110.1;480011
110.4;111.1;109.6;110.4;1465480
111;111.2;109.9;110.1;195024
110;110.5;109.2;110.2;282326
109.6;110.4;108.6;109.3;635720
108.7;109.3;107.1;107.1;412849
108.1;109.2;106.7;109;726431
108.2;110.6;108.2;109.7;903901
110;111.1;109;110.1;1119882
109.5;110.9;109.3;110.9;727770
110.5;110.9;107.1;107.7;822808
106.9;110;106.9;109.2;504191
107.2;107.8;106.2;106.6;946319
106;106.7;104.5;105.9;581667
106.7;106.7;103.5;103.5;529563
104.2;104.8;103.5;103.6;549827
105;105;102.8;103;447146
103.5;104.5;103.1;103.3;496148
105;106.7;103.7;105;486591
105;105.6;103.9;104.9;830392
105.5;106.2;103.2;104.1;612429
103.7;103.8;100;101.2;1179614
101.9;103;99.75;102.8;446559
103;103.3;101.7;103.3;368024
102.6;104.2;101.8;103.6;503841
102.6;103.9;101;102;441615
101.1;102;99.5;99.5;615639
99.4;100.2;97.7;97.85;725748
99.2;100.8;98.3;99.85;710734
97.5;100.2;97.5;99.55;531476
100.5;100.5;99.2;99.5;533897
101.9;101.9;99.5;101;683867
99.6;102;99.6;100.2;343916
99.8;101.8;99.8;100.5;393899
99.8;101;98.1;100.2;611290
100.7;101.3;99.4;100.1;380959
100.7;102.7;100;101.8;524986
101;102.7;100.6;102.7;311130
101.6;102.8;100.4;100.6;352427
100.5;101.6;100;100;312242
98.1;99.5;96.65;96.65;552350
99;99.65;94.5;97;456824
97.2;97.8;94.3;94.5;382106
96.2;96.25;91;91.6;656018
91;95.55;90;95.35;792096
95.35;96.5;93.3;95;364840
95.25;95.25;92.05;92.05;545207
92.05;93;90;90.05;422465
91.05;91.75;87.5;88;466668
86.45;88.9;85;85.4;749797
88.05;88.55;85;86.75;699805
88;88;74;83;1720783
83.1;90.8;82.5;90.8;993411
89.9;90.8;87.8;89.1;785070
89.3;90.25;88.5;89.8;740232
89.5;89.9;86.55;87;641867
87;87.5;83.05;83.15;810127
84;85.8;80.85;80.85;731912
80;84.8;79;84;880553
85;87.3;84.6;85.6;631924
86.05;88.45;85.2;87.5;497781
87.9;89.15;85.95;88.05;442366
87.1;88;85.15;86.7;281261
87.45;87.75;85;87.55;329221
86.1;86.8;85;85.8;301063
87.95;88.65;86.2;88;248485
87.5;87.5;86.05;86.7;388010
87;88.4;86.5;88.25;519908
89;91.8;88.55;91.35;633792
92.15;95.2;91.35;93.85;746851
94.25;96.5;94;95.85;489271
96.7;97;94;95.25;317890
94.85;96.4;94.05;94.1;200694
95.85;98.55;95.5;98;777649
97;97.8;95;95.25;3519799
94.7;94.7;90.9;93.2;785230
93.4;94.75;90.8;94.35;1050182
94.35;94.85;92.35;92.8;257596
92.8;92.8;89.55;89.55;694445
88.4;90.4;88;89.3;729583
90;90.05;85.5;87.6;1093702
87;88.9;86.05;88.9;715292
88.1;90.8;88.1;89.75;489596
91.35;92.05;90.1;92.05;379593
92.2;93.9;91.2;93.7;429746
92.5;93.8;91.5;92;351711
91.9;92.4;89.35;90.15;492227
91.8;91.8;88.75;89.85;405618
91.6;91.95;88.15;88.6;454063
88.2;89.5;85.15;86;722103
85.5;87.9;85.2;86;795967
85.55;90.2;85.3;87.85;2451108
87.1;89.5;85.1;86.2;1176287
86.65;86.65;81.8;83.5;1465052
81.85;84.95;81.1;82.65;976930
83.1;86.25;83.05;86.25;1030937
86.85;87.6;85.35;87;586739
85;85.5;80.8;80.8;1021826
81.7;82.6;77.1;78.9;1240448
81;81.75;75.6;76.75;1958158
76.5;78.5;75.7;76;981561
76.15;77;71.55;72;960428
71.45;73.45;70.5;71;731607
71.95;72.95;69.9;70.6;901630
72;72;68.85;69.4;522838
69;71.9;67;71;753819
71.4;74.8;70.3;74.5;1319432
74;75.85;72.7;74.6;689626
76;79;75.2;78.7;725555
77.05;81.25;76.8;79.15;788265
81;83.6;79.25;83.45;883758
82;83.5;79.65;81.6;663721
81.85;81.85;79.3;80.25;578183
79;79.3;72.2;74.45;2721418
75;76;70;73.55;1784613
74.7;75.3;72.5;73.5;1035930
71.1;72.4;70;72.4;1608363
73;74.95;72.2;73.15;883308
73;74;70.3;70.35;695026
72.5;75.75;71.9;75.05;1830852
76.95;81;76;80.45;2145016
78.7;79.85;75.1;76;765627
76.8;79.5;76.75;79.5;789208
79;82.15;78;82.15;682680
83;83.5;78.1;78.9;816441
79.5;82.5;77.75;78;1088581
77.3;79.5;76.3;77.35;569800
76.75;78.3;76;77;402410
77.9;79.35;77.4;78.5;348695
78.8;79.6;77.05;78.7;396272
78.95;82.8;77.2;82.8;654951
83;83.05;79.7;80.3;709602
81.2;82.5;80.85;80.85;406952
80.8;81.25;79.5;80.6;499616
81.8;81.95;79.1;80.4;389557
79;83.05;78.6;81.75;741180
81.65;82.7;79.15;80.75;625952
81.05;81.9;79.2;79.6;409229
79.95;81.3;78.4;78.75;490712
78.6;79.95;76.1;78.35;4061275
77.7;79.95;76;76.35;858088
76.4;82;76.35;81.8;1220531
80.6;84.5;79.55;79.85;1141130
80;81.5;78.95;79.5;762674
78.1;79.85;77.1;77.55;616527
77.55;79.25;76.15;76.55;776775
77.15;77.4;73.05;76;582708
76.85;77.4;73.75;74.45;647968
74;75.2;72.3;73.35;719555
73.85;75.75;73.15;73.95;486630
74;75.65;71.5;72.65;1090333
71.9;73.95;70.65;72.35;817736
71.35;73.6;70.9;71.55;773045
72.5;72.7;70.55;71;721471
70.55;71.7;70;70;910901
70.1;71.4;67.7;70.1;783482
70.95;73;70;73;856541
74.8;74.8;70.75;71.7;452347
72.1;72.1;70.55;70.85;68017
70.7;71.75;70;70.65;228866
70.65;71.4;70;70.35;365692
70.55;71.9;70.55;71.8;213327
70.95;75.15;70.5;75.15;436676
74.85;76;73.9;75.05;547192
75.9;76.25;73.9;75;359764
75.1;76;74.2;74.55;458795
73.55;74.7;71.25;71.5;532036
72.35;73.8;70.8;73.8;599075
74;74.7;72.1;73.4;524778
73.4;74.2;72.65;72.75;329377
72.95;73.15;70.2;71.1;798355
71.2;71.6;69.6;70.25;884499
70;71.95;70;70.3;684908
70.4;71.3;67.35;67.35;953081
67.5;68.9;67.35;67.85;606305
67.4;69;63.5;65.1;1783677
65.6;65.8;63.4;63.45;910788
62.7;62.7;57.45;58;2382115
59;61.5;57.85;59.3;1625954
58.85;58.9;55.3;55.75;1085323
56.2;57.2;55.1;55.85;862101
55.85;56.9;55.3;56.15;1156335
57.45;58.25;56.35;58.2;1041735
57.45;59.5;57.1;58.15;1045217
59.5;60.4;58.6;59.8;781713
58.8;59.4;55.95;56;929118
56;56.8;55.4;56.25;850349
56.2;57.65;55.3;55.85;673859
55.8;56.35;54.5;55.3;702148
55.3;55.65;52.95;53.15;652921
52.7;54.8;52.7;54.45;610369
53.75;55.9;53;54.5;729226
54;55.1;53.1;53.8;607768
54.3;54.3;52.5;53.35;1138625
54.3;55.1;53.6;54.9;400491
54.5;56.5;54.15;56.35;1000699
56.2;57.45;55.25;55.25;870759
55.75;56.55;54.25;54.35;934989
53.5;54.6;52.95;53.55;753299
53.5;54.45;52.1;52.4;581207
51.55;52;49.3;49.34;1208283
50.3;50.4;47.33;48.04;3337156
48.55;52.5;48.35;51.85;1744826
52.45;54.6;51.4;54;1526568
54.4;54.4;52.3;52.8;855692
52;52.25;50.8;50.95;838126
50.65;51.7;50.45;51.55;508619
52.45;52.75;49.45;49.57;817864
49.35;51.15;48.75;48.75;1056936
49.48;49.48;46.02;46.05;633761
45.9;47.14;45.61;46.15;1089585
46.92;46.95;43.26;43.26;955315
44.08;47.9;43.4;47.45;1227977
48.73;51.9;48;51.7;1660278
49.68;54.6;49.32;53.95;792984
54.7;55.6;53;54.55;1481976
55.2;56.9;53.75;55.5;674223
56;56;54.1;54.65;490512
54.7;58;54.7;57.65;1001256
57;57;52.25;52.75;846582
51.75;54.8;51.75;54.5;748212
55;56.25;54.35;55.3;858889
54.8;55;53.2;54;717840
54.3;55.45;51.85;52.9;748834
52.15;52.3;50.3;51.3;624624
51.7;52.75;49.26;50.25;732579
51.5;53.15;50.8;52.75;973441
53.4;54.5;52.35;54.4;793418
54.55;56.6;53.45;56.55;1052641
58.1;59.95;57.7;59.4;1263123
58.3;59.15;56.95;57.2;1466464
56.75;58.15;54.55;57.6;2073896
57;57.3;55.05;55.2;950590
56.1;58;55.75;56.9;935948
57.2;58.45;56.3;57.6;658528
57.9;59.7;57.9;59.1;992278
59.85;60.2;55.55;56.3;1060791
56.4;57.85;56.1;57;507986
57.65;58.2;56;57.4;523732
58.55;58.7;56.55;57.4;1021798
56.35;58.1;55.55;56.05;650053
55.5;56.1;55.05;55.15;787118
55.1;56.8;55.1;56.55;711786
57.4;61.8;56.7;59.95;1988418
59.95;60.9;58.7;60.2;1391737
59.5;61.65;59.5;61.5;1209319
61.3;63.6;61.3;63.25;859651
63.5;64.8;61.95;64.7;1082418
64.5;64.8;61.3;61.9;1081372
61.65;62.25;59.7;60.3;776899
60.2;62.6;59.8;61.95;868782
62.35;62.6;59.6;60.2;695050
60.4;61.5;59.75;60.15;439496
59.75;60.8;58.5;59.15;1355515
59.1;60;58.25;59.8;825447
59.4;61.85;59.3;60;755357
60;60;56.85;56.95;604680
57;58.75;56.45;57.6;711736
57;57;53.3;54.25;1964780
55.2;55.3;52.8;54.5;1474380
55.6;55.95;53.9;54.8;1616650
54.9;56.3;54.8;55.5;970118
55.65;55.75;53.35;54.7;844691
55.05;56.25;53.5;54.9;1469768
54.7;55.8;54.45;54.5;415269
54.1;54.7;53.7;54.05;4228166
53;53.7;52.25;53.15;1130111
53;53.75;51.85;53.45;1600953
53.45;55.5;53;55.3;1298455
55.75;55.85;54.1;55.85;1225814
54.5;59.45;54.5;59.1;1924058
58.7;58.95;57.65;58.3;440024
58.05;59.4;58;59.25;2038702
59.85;60.9;58.75;59.85;1124254
56.5;57.7;55.2;56;4459940
56.2;56.75;54.9;56.75;1984648
56.95;58.8;56.2;58.3;1505103
59.4;59.9;56.7;57.2;1600459
57.25;57.7;55.05;55.2;2031527
53.45;55.45;52.3;54.6;3906778
54.4;56.1;54;55.5;3548723
55.6;55.6;53.2;53.45;1664550
53.25;53.7;51.7;52.15;2638629
52.3;52.8;50.8;51.05;2557924
50.3;52.55;50.3;52.55;2967588
52.5;52.55;51.35;51.5;2300122
51.3;52.5;51;51;3011947
51;52.45;50.5;52.45;3284018
54.65;54.65;52.8;53.55;3874217
53.95;56.5;53.35;56.1;2025514
55.9;55.9;54.3;54.55;985486
55;58.6;54.85;58.25;1878897
57.7;59.8;57.7;58.6;1649738
58.55;59.05;57.4;58.5;895115
57.85;58.8;56.3;56.85;1263217
56.35;58.7;55.95;58.3;814340
58.75;60.5;57.6;59.3;1778279
59.05;59.6;58.2;58.85;897174
59.3;59.6;57.9;58.25;1284870
57.8;58;56.7;57.45;978538
57.15;57.9;56.6;57;1246199
57.6;57.9;56;56.25;827540
56.45;56.5;54.5;55.5;1176468
55.3;56.1;54.5;54.9;947858
56.8;58;56.35;57.7;2198924
56.65;57.3;56.3;56.8;712888
57.8;59.45;57.25;59.1;1307621
58.65;59.5;58.25;58.75;1189485
58.45;59.8;58.35;59.5;916823
59.8;60.55;58.85;59.55;1597437
59.25;60.15;58.5;59.5;952230
59.4;60.1;58.1;58.8;819687
59.3;60.6;58.45;60.25;820017
59.7;60;58.8;58.95;1158166
59.55;59.55;58.35;59.05;787227
59.5;60.2;58.5;59.5;954250
59.6;59.85;58.95;59.45;836257
59.7;59.75;58.8;59;702290
59.55;59.65;58.65;59.2;427721
59.15;60.7;59;60.45;745200
60.6;64.05;60.35;63.45;1365589
63.6;63.75;62.35;63.45;743026
63.95;64.5;63.5;64.05;1498155
63.6;63.8;62.3;63.35;881518
63.7;63.9;62.1;62.3;1251905
62.2;63.4;61.9;63.2;701999
63.35;63.35;61.6;61.8;508643
62.3;63;61.35;61.6;1144995
62.05;62.5;61.7;61.8;1751847
61.75;63;60.75;61.2;1270788
61.35;61.7;60.85;61.15;957711
61.55;62.4;61.35;62.15;843300
61.9;62.6;61.75;62.05;666870
62.6;64;62.35;63.65;1797752
62.5;63.5;61.5;63;1781474
62.9;65.7;62.9;64.75;1954568
64.5;64.75;63.3;63.6;861670
64.1;64.1;61.25;61.85;995961
61.75;61.95;59.8;60.15;937337
59.3;61.25;59.3;60.45;672015
61.25;61.55;59.8;60.15;926564
60.5;62.3;60.2;60.95;684989
61.35;61.65;60.5;60.85;666811
61;61.8;60.9;61.45;720524
61.85;62.2;61.1;61.8;540106
62;62.6;60.6;61.1;994162
61;61;58.3;58.65;1560616
59.5;59.5;57.3;58.5;1121967
59.05;59.85;58.55;59.25;1131500
58;58.75;57.45;57.6;1207935
57.3;58.35;56.7;57.55;674263
57.7;58.9;56.85;57.1;774554
57.1;57.7;54.9;55.65;1169109
56.15;57.5;54.95;57.15;1050352
57.3;57.85;55.8;55.9;994104
56.15;58.55;55.9;58.55;846821
58.5;59.2;57.8;58.7;558999
58.75;58.95;56.8;57.7;565291
57.5;58.4;56.7;57.85;838562
58.25;58.9;57.15;58.75;618756
58.95;59.7;58.1;58.6;505669
59.1;59.8;58.8;59.65;341096
60.55;60.75;59.2;60;865139
60.35;61.2;59.85;60.65;1013708
60.65;61.2;59.4;59.75;722484
60.1;60.5;58.85;59.3;742674
59.3;60.05;58.7;59.85;532922
60.25;60.6;57.85;57.85;1041089
58.05;58.7;56.2;56.5;1408677
56.2;58.65;56.15;58;1682839
58;59.55;58;58.65;1271413
59.55;60.6;59.25;59.3;837013
59.8;60.4;58.8;60.25;693707
60.85;61.15;59.95;60.6;594633
60.95;62.45;60;61.25;1034572
61.5;62;60.45;61.6;676690
62;62.3;61.15;61.8;852594
61.65;62.2;61.1;61.55;617929
61.1;61.7;60.6;61.25;524537
61.4;61.8;60.7;61.75;579651
62.15;64.2;62.05;63.5;1429973
63.2;63.7;62.4;62.55;697156
62.3;62.65;62;62.35;345113
62.2;64;62.2;63.8;933881
64.8;65.45;64.45;65.05;1760444
65;66.9;64.65;66.35;1379142
65.55;65.55;63.7;63.7;1083566
64.4;65.8;64.25;64.5;1377561
63.6;64.35;63.1;64.1;920949
64.75;64.75;63;63.65;727195
63.9;66.2;63.7;66.1;1388762
65.95;66.6;65.2;65.75;737407
65.85;66.35;64.6;65.15;1119541
65.5;67.2;65.3;66.95;1437442
66.8;68.25;66.55;68.05;833527
68.25;68.9;66.3;66.45;2710985
67.15;68.5;66.45;67.5;1082076
68;69.35;67.6;68.7;1345099
68.65;69.6;68.25;68.8;1375785
67.75;67.85;66.95;67.6;1347278
67.1;67.55;66.25;67.2;686041
66.5;67.05;66.25;66.25;496079
67.3;67.65;66.6;67.45;874334
67.25;67.6;66.05;66.55;792845
66.85;68;66.35;67.9;845306
68;68.65;67.7;68.1;885714
69.1;69.45;68.2;68.75;821523
68.35;68.7;67.65;68.2;650996
67.9;69;67.5;68.1;1054264
67.6;69.6;67.6;69;934505
69.05;69.5;67.85;69.3;964663
68.7;69.5;68.65;69.15;572550
69.1;69.8;69;69.45;448133
69.2;69.75;69;69.75;163998
69.7;69.9;68.5;69.85;368593
70;70.35;69.3;69.5;397985
69.15;70.9;69.15;70.6;260100
70.9;71.9;70.2;71.9;283482
71.5;71.75;69.75;70.85;933328
70.8;71.15;69.25;69.65;740959
70;70;68;68.25;1262540
69;69.9;68.5;69.5;1022257
70;70.55;67.5;68.55;941256
68.15;69.2;67.4;68.95;676132
69.35;69.4;67.9;68.65;579629
67.9;69.2;67.9;69.05;769788
69.25;69.5;67.9;68.85;748258
68.7;69.05;68.1;69;750455
68.55;69.35;68.2;68.8;610162
68.4;69.1;68.4;68.95;651681
69.3;69.35;67.6;67.7;1447782
67.8;68;66.85;67.65;1416602
67.75;68;67.05;67.4;854936
67.05;68.95;67.05;68.25;1416722
68.25;70.35;68.25;68.9;1731550
68;69.75;66.3;66.7;2151334
65.4;67.5;65.4;66.1;1388627
66.5;66.95;65.75;65.75;963804
66.4;67.1;66.1;66.85;441510
66.45;67.3;65;65.15;971323
65.1;65.9;65.1;65.25;994932
65.45;66.75;65.3;66.35;889539
66.3;67.75;66.3;67.15;776892
67.15;68;67.15;67.4;711266
67.05;67.35;65.75;66.3;849923
66;66.45;65.25;66.4;1165728
66.5;67.4;65.4;65.95;1106210
65.75;66.1;65.3;65.7;759041
65.8;67.25;65.75;67.2;1119719
67.5;68.8;67.4;68.45;1577103
68.75;68.75;67.35;67.45;567450
67.95;68.75;67.5;68.5;874097
68.4;68.75;67.3;67.6;594525
68.25;68.7;67.55;68.4;498493
68.4;68.4;66.1;66.4;968502
66.45;67.4;65.55;67.1;894156
68.5;69.35;67.5;67.55;1481661
68;69.6;67.8;69.3;1088907
69.75;70.25;69.4;70.15;902816
70.35;71.05;70.35;71.05;754532
70.8;70.95;69.65;69.85;876698
70.35;70.8;70.1;70.65;532868
70.65;70.8;69.6;70.2;564784
70.45;70.6;69.85;70.15;542972
70.1;70.15;68.5;68.95;948322
68.5;68.8;67.55;67.85;702553
67.15;67.15;65.75;66.7;1283745
65.6;66.4;65.45;66;1139484
66.05;66.95;64.75;64.75;1327552
64.7;65.75;64.3;64.65;810471
65.35;66.35;64.8;66.15;791437
66.2;66.45;64.15;64.6;753529
65;65.4;64.3;64.45;607813
64.3;64.3;62.3;63.5;915142
63.2;64.2;63.1;63.65;954968
63.6;64.45;62.4;63.25;958116
63.9;64.7;63.2;64.65;850155
65.6;66;65.05;65.95;1011197
65.85;66.8;64.65;66.45;861569
66.4;66.55;65.35;66.45;684577
66.5;66.9;65.45;65.85;1089159
66.2;66.95;65.7;66.9;772797
67.2;69.55;66.9;68.85;1053179
69.25;69.55;68.5;69.2;531072
69;69.8;68.65;69.2;694594
69.55;69.65;68.7;69.2;711121
69.65;69.7;68.35;68.6;508647
69;69.4;68.45;68.9;798005
68.35;68.6;66.3;67.7;982578
67.25;69.15;67.15;68.3;759588
68.4;69.25;68.3;68.55;882171
68.5;68.5;67.5;68.35;472905
68.65;70;68.65;69.35;757382
68.6;69.25;68.45;68.7;1906080
69.4;71;68.5;70.65;1750483
70.65;71.75;70.6;70.95;888586
71;71.9;70.2;71.25;764469
71.15;73;70.95;72.65;1229526
73;73.45;70.55;71.3;1391021
70.75;71.1;70.1;70.2;1129588
69.65;70.9;69.1;69.5;1130618
69.1;70.95;69.05;70.95;533062
69.9;70.6;69.6;70.45;548911
69.7;70.9;69.35;70.55;505445
70;70.3;68.6;69.15;940551
69.05;69.4;68.15;68.8;816908
67.05;67.9;66.1;67.4;1378850
67.4;69.25;67.4;68.05;891716
67.85;68.5;67.4;67.6;641730
67.75;69.1;67.6;68.55;995274
68.1;68.85;67.7;68.05;624715
67.1;67.85;66.55;67.05;749853
67.25;67.95;66.75;67.15;1660311
67.85;69.7;67.7;68.75;1079869
67.95;69.25;67.55;68.7;411931
68.9;69.85;68.25;69.15;638732
69.1;70.15;68.85;70.05;1275753
69.45;70.15;69.15;69.5;1664433
70.5;71.1;70.1;70.7;1016382
70.7;71.5;70.55;71.2;1514055
71.45;71.6;70.35;70.7;2865648
70.85;71.45;70.5;71.35;283989
68.9;69.15;67.95;68.25;822886
68.6;69.8;68.5;69.1;605792
69.1;69.55;68.6;69;539734
69.4;70.85;68.75;70.5;1624683
70.6;71.45;70.6;71.15;595609
71.1;71.55;70.4;71.55;593957
71.75;71.85;69.9;70.1;824945
70.05;70.5;69.65;70.45;431113
70.65;70.8;70.15;70.4;827823
70.2;70.35;69.45;69.75;552387
69.8;71.2;69.75;70.85;746637
71.2;71.65;70.6;71.5;597766
71.05;71.95;71.05;71.5;496427
71.5;71.95;71.15;71.95;1361215
72;72.25;71.05;71.6;575680
71.65;71.65;70.15;70.35;885625
70.65;71.75;69.95;71.5;3382522
72;72.5;71.55;72.45;837276
72.35;72.45;71.6;71.8;429535
71.85;72.5;71.75;72.5;463041
72.45;73.45;72;73.15;1072024
73.05;73.9;73.05;73.3;1108721
73.55;74.3;72.6;72.9;920121
72.6;72.85;71.25;71.55;952381
71.55;71.95;71.1;71.1;462488
71.2;71.8;70.4;71.15;812684
70.95;71.7;70.6;71.3;585115
71.1;71.75;70.4;71.65;715463
71.1;71.9;70.55;70.9;662613
71;71.8;71;71.6;642005
71.8;72.1;71.35;71.8;823796
71.35;72.55;70.65;72.4;739269
72.1;72.5;71.55;71.6;541061
71.6;72.4;71.5;71.9;578177
71.6;72.05;71.15;71.45;525776
71.55;71.65;70.3;70.9;651924
71.3;72.05;70.9;71.6;735944
70.75;72.3;70.6;70.8;971219
70.85;71.35;70.4;71.25;775261
71;71.7;70.1;70.1;441305
70.3;70.8;70;70.4;466364
71;71.05;69.7;69.95;1003069
70.5;71.35;70.2;71.25;734850
70.85;71.65;70.1;71.2;758405
70.5;71.6;70.15;70.9;560196
71.25;71.75;70.6;71.6;870341
71.25;71.5;70.1;70.55;684717
70.9;71.75;70.75;71.05;661823
70.1;70.2;68.15;68.35;1133166
68.45;68.85;66.6;67.45;1020117
67.35;68.05;67.15;67.8;891069
67.75;68.5;67.1;67.65;723290
67.85;68.45;67.05;67.65;1023677
66.95;67.9;66.25;67.55;585399
67.6;67.95;66.4;67.9;521408
67.8;69.05;67.35;68.1;594954
68.05;68.5;66.8;67.8;567394
67.95;68.6;67.25;67.8;403510
67.9;68.55;67.55;68.2;385187
68.95;69.6;68.05;69.1;431670
69.35;69.85;68.95;69.45;370049
69.95;70;67.8;69.45;455645
69.9;70.4;69.7;69.95;420967
70.3;70.95;70.1;70.95;647794
70.85;71.15;70.45;70.85;386464
70.55;71.4;70.05;70.45;1184556
71.2;71.5;70.1;70.9;510647
70.7;71.15;70.25;71.15;607380
71.1;72.25;70.75;71.75;825327
72.35;72.75;72.2;72.25;646273
72.35;73.85;72.35;73.5;1351895
73.4;74.45;73.05;73.4;1665346
74.5;74.5;71.7;72.1;1168956
72.3;72.8;71.6;72.5;668772
72.65;74.4;72.65;74.05;1317937
72.65;72.7;71.8;72.25;1552268
72.3;72.55;71.8;71.9;844041
71.95;72.3;71.8;72;530055
71.95;72.8;71.6;72.6;562983
72.15;72.4;71.15;71.75;625354
71.25;72.35;70.95;71.45;690114
71.1;72.55;71.1;72.25;986675
72.3;72.35;70.6;70.9;1088519
71;71.4;70.05;70.6;590469
70.8;71.25;69.75;70.25;947549
70.05;70.55;69.8;70.3;703707
70.55;72.3;70.55;71.65;922007
72.3;72.7;70.2;70.45;1303205
70.75;73;70.75;73;858082
73.45;74;72.7;72.85;851740
72.55;73.9;72.35;73.85;918853
73.85;73.95;73.1;73.95;859885
74;74;72.65;73.4;787328
73.15;74;72.5;73.6;1092845
73.85;73.95;72.8;73.45;508304
73.5;73.5;71.7;72.85;711107
73.45;73.85;72.5;72.65;691953
71.9;72.75;71.75;72;692923
71.35;71.85;70.75;71.6;827607
71.95;71.95;70.85;70.95;667281
71.55;72.5;71.55;71.7;703213
71;72.1;70.65;71.7;732355
72.4;72.4;70.55;71.65;803567
71.6;72.7;71.35;71.9;430087
71;71.05;69.9;70.15;702029
70.45;70.45;69.35;69.7;643632
70;71.7;69.95;71.35;965858
71.65;72.35;71.55;72.2;785506
72;72.65;71.5;71.55;604277
71.45;72.3;71.45;72.05;296538
71.75;72.6;71.15;72.3;860054
72.95;73.5;72.55;72.9;752513
72.35;72.95;71.9;72.05;552383
72.9;73.5;72.25;72.35;1132596
72.4;72.4;71.8;72.1;405916
72.3;72.3;71.1;71.25;786671
71.1;71.5;70.75;70.95;875675
70.85;72.2;70.45;71.95;1314947
72.2;72.8;71.8;72;693836
72.2;72.75;71.4;71.5;544324
72.3;72.35;71;71.3;1049540
71.3;72.1;70.75;72.1;1055682
71.9;72.05;71.1;71.7;823804
71.8;72.1;70.5;70.7;753037
70.25;70.4;69.8;70.25;545868
70.75;71.3;70.55;70.9;641084
71.5;71.5;69.7;70;669575
70.35;71.5;70.3;70.4;793917
70.2;70.75;70;70.6;415254
70.75;71.35;69.85;69.85;523794
70.5;70.9;70.05;70.65;1030719
70.7;71.7;70.4;71.5;3493913
72;72.25;71.2;71.6;934152
71.4;71.8;70.3;70.5;1002924
70.5;70.5;69.95;70.15;418301
70.3;70.9;70.05;70.5;437077
70.45;70.65;70.05;70.3;566231
70;70.35;68.55;69.2;1343522
69.65;70;68.65;68.85;1198928
69.15;69.6;68.75;69.45;1156046
69.85;70.1;69.55;69.8;959970
69.9;70.85;69.9;70.7;926185
70.8;71.1;70.5;71;913348
70.9;70.95;69.55;69.55;1200404
69.55;70.6;69.5;70.45;897373
70.45;71.65;70.2;71.1;1196284
71.5;71.65;71;71.2;621813
71.05;71.6;70.8;71.4;374738
71.4;71.55;71;71.55;83615
71.35;71.85;71.25;71.5;367306
71.55;71.7;71;71.55;199900
71.8;71.95;71.25;71.45;260099
71.75;71.75;71.1;71.35;251110
71;71.3;70.5;71;176635
71;74;71;72.8;982497
73.2;73.6;72.9;73.2;774511
72.7;73.25;72.5;72.6;748117
72.55;73.95;72.45;73.9;913721
73.75;74.9;73.5;74.15;1059397
74.6;74.6;73.6;74.05;670871
74.55;74.65;73.5;73.75;1083977
74.35;75.9;74.1;74.4;1816277
75.15;75.25;74.4;75.15;1183112
74.5;77.65;74.5;77.3;1873235
77.35;77.7;76.85;77.45;535490
77.05;77.7;76.35;77.5;1073955
77.45;78.7;77.1;78.5;1104499
78.05;79.2;78;78.1;1442298
77.7;79;77.7;78.8;646852
77.8;78.1;76.8;77.1;1463783
77.1;78.5;76.8;78.25;882890
78.4;79.1;78.2;78.75;895090
79.3;79.45;78.5;79.45;1445905
79.25;79.4;78.8;79.05;694504
79.5;79.8;78.95;79.1;853916
78.85;79.4;78.8;79.25;723884
79.5;80.45;79.1;80.15;710484
80.3;80.65;79.7;80.1;733263
80.6;80.6;79.85;80.25;802008
80.25;81.05;79.95;81.05;958428
81.15;81.4;80.15;81;826361
81;81;80.2;80.35;497314
80.35;80.45;79.85;80.05;451609
80;81.3;79.85;81.2;693635
80.9;81.35;80.15;80.35;481640
80.25;80.75;79.8;80.5;580360
80.4;80.55;79.55;80.1;668467
80;80.3;79.6;79.9;603118
79.6;80.1;79;80;1160779
79.95;80;78.55;78.75;727923
78.7;79.1;77.5;77.7;1013661
77.3;77.85;77.1;77.65;824711
76.55;76.95;75.5;76.5;1782868
76.95;78.6;76.7;78.4;1012664
78.55;79.35;78.5;78.7;868277
78.4;79.2;78.1;78.6;972606
78.8;79;77.55;78.45;917774
78.4;78.4;76.65;77.15;951324
77.55;77.9;77.05;77.65;554884
77.9;77.95;76.9;77.9;538008
77.6;78.7;77.55;78.05;795133
78;78.4;77;77.55;620582
77.2;77.65;76.25;76.95;910847
77.35;77.65;76.45;76.5;744839
76.4;77.25;76.4;76.95;429621
77.05;77.65;76.85;77.15;851272
76.9;76.9;75.35;75.5;1174223
75.2;76.25;75.2;75.65;762960
75.85;76.3;75.65;76;613803
75.6;75.9;75.15;75.35;769343
75.35;75.5;74.4;74.9;910848
74.5;75.65;74.35;75.35;958620
75.5;76.2;75.3;75.85;691211
75.7;76;75.35;75.8;640954
75.5;76.35;75.4;75.4;649406
75.9;76.3;74.7;74.7;1163862
74.65;75.55;74.6;75.2;808858
75.15;75.15;74.35;74.75;688128
75.15;75.75;75.15;75.3;644478
75.55;76.95;75.55;75.85;1037951
76;76.4;75.9;76.15;723675
76.05;76.5;75.95;75.95;488710
75.85;76.35;75.6;76.05;472443
75.95;76.2;75.35;75.5;409309
76.05;76.8;76.05;76.05;911290
75.9;76;74.9;74.9;808804
74.4;74.4;72.05;72.15;2125343
71.05;71.45;69.8;70.25;1479503
71;72.1;71;71.2;1361877
71.65;71.85;70.45;70.5;744156
70.25;70.75;70.15;70.3;680832
71.1;71.6;70.6;71.4;712678
71.35;71.65;70.8;71.5;684330
71.5;72;70.95;71.8;693497
71.5;72;70.3;70.45;1118687
70.65;71.1;70.4;70.4;630134
70;70.75;69.95;70.25;670742
70.45;71.1;70.4;70.95;488373
71.3;71.3;70.2;70.55;711954
70.95;71.45;69.85;71.15;1106766
71.15;71.7;70.85;71.25;647197
71.35;71.9;70.75;71.5;827385
71.2;71.6;70.75;71.55;667646
71.6;72.35;71.4;71.9;902639
71.5;72.1;70.5;70.6;1215480
70.85;71.7;70.55;71.6;1021000
71.55;71.6;70.65;71.15;991592
70.85;71.35;70.85;71.25;369944
71.4;71.4;70.55;71;706800
71.6;73.2;71.2;73.2;1506700
73.35;73.95;73.2;73.5;678832
73.6;73.6;73.2;73.2;989734
73.75;73.95;73.3;73.95;685768
74.15;74.2;72.8;73.35;505134
73.35;74;73.1;73.65;677550
73.95;74.35;73.75;74;1274681
74.05;74.35;73.45;73.65;552953
73.75;74.55;73.5;74.4;481732
74.7;74.7;73.8;73.85;889835
71.65;72.5;71.55;72.5;1117332
72.5;72.75;71.95;72.5;697148
72.6;72.85;71.35;71.85;651023
71.85;72.05;71.3;71.55;469531
71.8;73;71.8;72.45;772541
72.35;73.65;72.2;73.5;1252457
73.4;74.3;73.15;73.95;1349203
74.35;75.9;74.3;75.25;1307721
75.9;76.5;75.6;75.8;885920
75.7;75.75;75.05;75.5;703558
75.8;76;75;75.25;663022
75.95;76.4;75.55;76.1;950193
76.05;76.8;75.7;76.6;1120487
76.85;76.85;75.9;76.2;1065861
76.55;76.75;76;76.65;732609
76.8;77;75.65;76.3;1239307
76.2;76.5;75.65;75.9;902068
75.1;75.65;74.6;74.75;957080
74.55;74.7;73.7;73.95;714095
74.15;75;74.15;74.95;537175
75.45;75.5;74.5;75.2;893197
75.5;75.8;74.45;75.35;834431
75.35;76.1;75.1;76;549078
76.1;76.1;75.4;75.75;444470
75.9;76.1;74.95;75.4;718122
75.75;76.6;75.4;76.2;1365651
75.95;75.95;72.45;74.9;1685362
75.95;76.35;75.35;75.85;868760
76.3;76.85;75.9;76.1;990571
76.3;76.3;74.9;75.4;992871
75.45;76.5;75.4;76.15;780695
76.05;77.5;75.85;77.1;1040978
77.25;77.5;76.25;76.45;675348
76.6;76.9;75.9;76.25;496886
76.2;77.1;76;76.6;1303053
76;77.5;75.95;77.05;876460
77.9;79.05;77.4;78.15;2071904
78.05;78.85;77.8;77.9;877492
78.35;78.45;77.4;77.55;701184
77.7;78.95;77.1;77.9;990044
78.2;79.4;78;79.35;1087587
79.5;79.8;78.9;79;1009928
79.4;79.5;77.6;78.1;1017804
78.25;78.55;77.75;77.85;390376
77.9;78.2;77.4;77.65;722193
77.75;78.55;77.4;78.2;1149826
78;78.45;77.9;78.05;586943
77.8;78.2;77.45;77.55;710131
77.9;78.45;77.7;77.7;473007
77.7;78.55;77.7;78.25;692921
78.55;78.8;78.1;78.65;1096635
78.55;78.55;77.8;77.8;826481
78.25;78.4;77.85;77.95;626370
77.55;78;77.4;77.55;251421
77.95;78.35;77.55;77.85;462546
77.85;77.95;77.05;77.4;755296
77.15;77.4;76.15;76.45;690260
76.65;76.95;76.3;76.9;602697
77;77.2;76.45;76.65;403155
76.45;76.5;75.45;75.85;498031
75.6;75.75;74.6;75.2;1417560
74.95;75.4;74.1;75.25;924126
75.25;75.25;74.4;74.45;428117
74.3;74.9;74.05;74.9;354605
75.1;75.2;74.4;74.5;592939
74.4;75.95;74.3;75.05;796028
76.2;77.7;76.15;77.2;1751812
77.2;77.7;76.3;76.55;657964
76.85;77.15;76.4;76.75;422973
76.65;77.35;76.4;77.3;653550
77.25;77.9;77;77.75;848109
73.2;73.3;71.5;72;6692406
72.5;72.5;71.65;72.5;2043651
72.6;72.9;71.7;71.9;1636241
72.25;72.3;70.65;70.75;1573062
70.9;71.85;70.9;71.65;1066530
71.6;72.8;71.2;72.15;1225475
72.25;72.9;72.2;72.7;1092583
72.8;73.7;72.35;73.15;1770300
73.45;74.85;73.45;74.05;1884798
73.95;73.95;73.1;73.15;1143152
72.95;73.1;72;72.15;1202830
72.7;73.05;72.15;72.35;560614
73.45;74.35;73.45;74.1;1385070
74.35;74.4;72.85;73.15;1046945
73.6;73.8;73;73.35;1232922
73.55;73.8;72.6;72.75;750137
73.7;73.8;73;73.2;854269
73.55;73.85;73.3;73.65;601953
73.65;74.65;73.3;74.45;1055506
74;74.4;73.1;73.1;1051675
73;73.2;72;72.6;1223370
72.05;72.6;71.95;72.3;950371
72.35;72.8;72.05;72.3;565538
72.2;72.5;71.7;72.05;1144438
71.75;72;71.15;71.7;961504
71.6;71.75;70.15;70.65;1393617
70.2;71.1;70.2;70.8;802851
71.2;71.25;70;70.3;678946
70.5;71.15;70;70.4;1208421
70.05;70.25;68.6;68.9;1773121
68;69.5;66.75;67.5;3218147
67;67.8;66.5;67.1;1594604
67.05;67.6;66.8;67.6;916870
68.05;68.9;67.7;68.1;1484916
68.1;68.5;67.4;67.7;1013549
67.35;67.7;66.85;67.25;1148703
67.4;67.55;65.75;67.05;1061109
67.5;68.6;67.25;68.6;759299
68.45;68.95;67.75;67.85;899698
67.5;68.3;67.3;67.6;1398547
67.95;68.3;67.7;68;1109754
68;68.4;67.6;68.1;1309161
67.95;68.2;67.4;68;1260063
67.8;68;66.95;67.65;1662339
67.85;68.3;67.75;68.1;1065527
68.4;68.6;68.05;68.35;631398
68.9;69.3;68.65;69.05;694018
69.15;69.8;68.75;69.45;818083
68.85;70.05;68.85;69.65;909526
69.85;69.85;69.2;69.55;1084281
69.8;70.4;69.8;70.05;723093
70.55;71.1;70.35;70.7;1201522
70.75;71.4;70.6;71.15;954713
71;71.45;70.6;71.3;742703
71.7;72.15;71.65;71.95;884528
72.1;72.4;71.8;72.15;652254
71.95;72.55;71.8;72.3;468369
72.4;72.85;72;72;898941
71.7;72.55;71.55;72.45;1128151
72.05;73.2;72.05;72.9;1706940
72.95;73.15;72.15;72.6;1312394
72.8;72.95;72.35;72.6;882792
72.4;73.25;72.3;73;993530
73.15;74;72.95;74;1322915
73.9;74.35;73.35;73.65;1209125
73.15;73.8;72.7;73.8;1122682
73.5;73.95;73.1;73.8;718739
73.8;74.4;73.8;74.1;719561
73.95;74.25;73.5;74.2;932775
74.1;74.7;73.75;74.65;1000843
74.65;75.1;74.25;74.85;1229222
74.95;75.85;74.8;75.6;1335068
75.4;75.6;75.05;75.6;600235
75.1;75.4;74.35;75;813845
74.95;75.8;74.8;75.8;832287
75.75;76;75.4;75.75;856235
75.8;76.15;75.5;76.15;341136
75.95;76.7;75.85;76.55;328031
76.05;77.15;76.05;76.6;539923
76.9;77.05;76.3;76.95;372913
76.4;76.55;75.1;76;609001
76;76.85;75.65;76.5;282151
76.5;77.05;76.35;76.65;736476
77.05;77.75;76.2;77.75;1287486
77.65;78;76.25;76.8;1267153
76.6;77.05;76.4;77.05;1069721
77.1;77.25;76.35;76.75;1250314
76.55;76.75;75.9;76.2;1277642
76.5;76.6;76.1;76.45;977141
76.45;76.6;76.15;76.35;969709
75.95;76.05;75.15;75.6;1154534
75.3;75.85;75.25;75.65;872081
75.05;75.3;74.2;74.65;937242
74;74.5;73.55;74.15;1444785
74.75;77.7;74.75;77.7;2286368
77.5;79.75;77.2;79;3239659
77.6;79.4;77.5;79.05;2033733
78.75;79.45;78.5;79.05;1540052
79.4;80.6;78.8;80.2;1221232
82;85.5;81.5;85.5;5026402
85.8;89.2;85.05;85.55;2697267
85.55;85.8;83.95;85.65;1583523
84.85;86.7;84.35;86.6;1538317
86.55;87.9;85.85;87.45;1326477
87.5;87.7;86.15;86.3;970747
86.6;87;85.8;86.5;853131
88;89.8;87.7;89.5;2341968
90;90.05;88.55;89.25;2108912
88;88.7;86.05;86.5;1908649
87;89;86.7;88.25;1187964
88.25;88.75;87.1;87.45;804963
88.05;88.4;87.3;88.3;1037500
88.35;88.4;86.65;87.85;1079002
87.7;88.2;86.4;87.05;1314911
87.6;88.85;87.5;88.75;1070764
89.15;89.8;88.6;89.4;972489
89.35;89.7;89.05;89.55;440363
89.65;93.7;89.3;91.8;2226423
91.5;93;91;92.2;1319642
94.1;95.3;88.5;89.4;2603261
89.65;90.1;89;90.1;737146
90.5;90.6;89.15;90.2;791210
90.2;90.25;87.75;87.75;1194127
88.3;90;88.15;89.4;999786
89.95;90.75;88.05;88.65;976201
88.95;88.95;87.5;87.9;1070696
88;89.9;88;89.25;1114763
88.75;89;86.55;87.5;1070337
87.5;87.5;85.5;85.7;1771868
86;87.6;85.55;87.5;1073207
87.1;88.25;86.3;88.15;586507
88.95;90.6;88.45;88.85;893411
88.65;89.4;88.2;88.85;931457
88.95;89.65;88.55;88.85;919628
89.1;90;88.3;89.75;1004800
89.5;90.7;89.5;89.95;1776625
90;90.9;89.75;89.95;452072
90.5;90.95;89.5;90.85;691898
90.05;90.45;89.05;90.35;1128920
90.3;91.55;89.1;91.35;1009579
91;91.6;89.85;90.65;880764
90.65;91.1;90;90.3;548899
90.75;90.9;89.25;89.9;710276
90.15;91.8;90.15;91.2;1063816
93;93.9;91.7;92.35;1336770
92.5;93.85;92.5;93.5;964321
93.95;96.95;93.8;96.35;1522505
96.2;96.45;95.15;96.1;977648
96;96.5;95;95.5;1032598
95.55;96.05;94.85;95.9;918637
95.55;96;93.9;94.45;933098
94.35;95.35;93.9;95.3;700477
95;95.3;92.25;92.5;1115191
92.3;92.7;91;91.6;1233109
91.55;92.3;91.55;91.7;593976
91.6;91.85;90.65;91.05;759865
92.1;94.8;92.1;94.55;1888488
94.05;96.95;94.05;96.2;1299118
96.55;99.4;96.55;98.7;1546340
97.85;97.85;96.8;97.35;746466
97.5;98.65;97.5;97.7;651572
98;100.6;98;99.5;1681065
99.5;100.1;97.15;97.65;1524253
97.75;98.8;96.55;97.5;1217187
100;100.1;98.2;98.55;845594
98.8;99.7;98.2;98.5;1369401
98.2;99;97.65;98.55;1007680
98.8;98.8;97.85;98.8;1047161
99;99.8;98.8;99.25;927396
99.25;99.55;98.8;99.5;693179
99.2;101.9;98.9;101.4;1484225
101;104.9;100.2;102.3;1725573
101.4;102.3;98.9;99.25;1329302
99.05;99.15;96.5;96.5;1593819
96.75;96.9;95.4;96.5;1543289
97.4;98.9;92.85;93.15;1605012
94.95;95.1;92.05;93.1;1532793
93;95.1;92.4;94.95;1532489
93.15;94.6;88.65;89.25;2387723
90.65;96.1;90.65;94.75;2008629
93.5;95.4;91.8;92.8;1882603
93.5;94.8;92.75;94;1393408
95.25;95.8;94.3;95.7;1516830
95.7;95.8;94.7;95.35;486034
95;95.4;92.15;92.35;1357900
91.85;94.35;90.85;93.5;2379586
93;95.2;92.5;94.7;1060247
95.65;96.4;94.05;94.7;1049345
94.35;95.15;93.55;93.9;698865
93;93.6;91.95;91.95;1658489
92.65;93;90.6;91.95;1101206
87.7;87.95;84.5;84.8;2324509
86.95;88.7;86.5;88.35;1423475
88.1;88.2;86.8;87.75;964486
86;86.6;83.95;84.65;1722317
84.85;85.8;83.55;84.3;1522979
84.9;87.4;84.65;87.2;1648558
88.8;90;86.5;87.2;2041117
87.55;91.35;87.5;89.25;1449723
88.85;89.85;88;89.75;1037457
90.5;92;88.55;91.95;2008845
95;95.4;93.55;94.05;1941894
94.4;95.8;93.8;94.9;1216144
95.6;95.65;93.55;94.05;837024
94.45;95.5;93.05;94.15;1047596
94;95.55;93.05;94.9;2064654
95.85;98.55;95.25;98.15;1399989
99.55;99.6;97.3;98.15;1265164
98.2;99.1;96.6;97.6;1039097
97.5;97.8;96.15;97.8;595764
97.1;97.7;95.45;95.85;2036096
95.9;96.95;94.75;95.75;1781292
95;95.4;94.25;95;1034592
94.65;96.5;94.35;96.25;704221
95.45;95.8;93.35;94;2038757
94.5;96.35;94.4;95.75;1744268
94.9;94.9;92.35;92.9;1488352
91.95;93.25;90.75;91.25;872438
90.65;91.25;89.3;90;1087291
89.95;90.6;88.6;88.95;1026824
88.95;90.9;88.9;90.9;1371743
92.1;92.8;91.5;91.85;789314
91.55;92.35;90;90.15;809140
90.1;92.7;89.75;92.3;757690
92.6;94.3;92.5;93.9;1020307
94.35;94.8;93.3;93.7;1035292
94.5;94.65;94;94.6;649079
93.9;94.8;92.8;94.75;1027871
94.5;95.1;94.2;94.7;547362
94.45;94.95;93.1;93.55;794308
94.85;97.5;94.55;96.95;1805633
97.45;97.7;95.5;95.9;1152350
96.55;98.5;96.05;98.1;1139927
96.85;97.35;95.9;96.45;782759
96.5;97.4;96.45;96.9;495130
96.9;97.5;96.3;97.1;909629
96.1;96.45;95;95.35;1078818
95.55;96;94.9;95.4;471358
96.2;96.75;95.65;96.6;519737
96.5;97.5;96.15;97.3;527611
97.3;98.75;97.3;98.45;881617
98.4;99.75;98.05;99.6;820556
99.8;100.9;99.25;99.95;971038
99.7;101.2;99.15;100.2;776747
101.1;102.3;100.4;101.6;1163813
101.3;102;99.3;99.6;761125
99.25;99.9;98.3;99.3;943396
99.75;99.9;98.95;99.55;592329
99.5;99.9;98.4;99.9;367133
99.9;100.5;99.3;100;662794
100.2;101.1;100.2;100.9;643265
101;101.4;99.95;100.5;671555
100.4;102.1;100.4;101.5;651178
101.9;103.3;101.8;103;959963
103;103.1;101.7;102.2;515378
102.3;102.9;101.3;102;570201
101;101.5;99.75;100.9;1566612
101.3;101.6;100.1;100.3;722508
99.55;99.7;98.1;99.45;1057540
99.7;101.1;98.95;101;956735
101.3;102;100.7;102;1186297
102;102.4;100.1;101;1031688
101.3;102;100.7;101.3;1481295
101.8;102;101;101.7;519169
101.5;102.1;100.2;101.1;777685
101.1;102.3;100.6;102.1;725628
102.2;102.8;101.8;102.4;669221
101.5;102;100.6;100.9;710617
101;101.8;100.2;100.9;602557
101.3;102.2;100.9;101.8;743151
101.5;101.8;100.2;101.5;1017599
100.9;101.9;100.9;101.7;660549
101.6;102.3;101.3;101.8;463374
101.9;102.7;101.7;102.2;527178
102.2;102.2;101.4;102;416981
102.1;102.8;101.6;102.7;425942
102.8;103.1;102.3;102.9;432196
103;103.5;102.2;103.2;513533
102.8;102.9;101.7;102.7;344439
103;104;102.6;103.7;633263
103.2;105.4;103;105.1;1046952
104.6;106;104.3;105.6;681965
105.2;106.3;105.1;106.1;756777
106.1;106.7;106;106.3;622712
105.6;106.5;105.1;105.3;674633
105.4;106.8;105.2;106.1;914570
105.2;106.8;105.2;106.4;627098
106.4;106.8;105.4;106;949682
106.4;106.5;105.2;106.1;674501
105.9;106.2;104.7;105.7;764812
105.5;106.5;105.4;106.5;568035
106.6;107.1;106.3;106.6;771839
106.5;107;105.3;106;722094
105.4;105.8;104.7;105.4;615122
105.3;106;105.1;105.3;536559
105.1;105.8;104.6;104.9;742627
104.6;104.9;102.9;103.2;1252638
103.3;105.5;103.3;105.1;857413
105.7;106.4;105.4;106.3;641874
106.2;106.4;105.4;106.3;590526
105.8;106.5;105.2;106.5;595797
106.7;110;106.3;109.6;1813278
109.5;110.6;108.5;110.2;893925
110;111.9;109.7;111.4;943841
111.1;111.7;110.1;110.8;730931
111.3;111.7;110.5;111.2;658330
111;112.3;111;112.2;635693
112;112.5;110;110.1;1053561
109.9;110.2;109.3;110;749340
109.9;110.6;109.6;110.3;478422
111;112.4;110.7;110.9;700600
111.2;111.5;110.2;111;442516
110.8;110.8;109.5;110.1;801312
109.5;110;107.3;107.6;1065255
107.1;107.9;106.3;107.2;846424
108.1;109.8;107.6;109.6;1227892
109.6;110.7;109.1;109.7;906168
109.7;110.4;107.8;108.3;1154365
109;109.1;107.4;108.5;878222
108.9;110;107.9;109.9;1025474
109.9;110.5;109.2;109.9;819636
109.2;111.5;109.2;109.9;880985
109.4;110.4;108.3;109.9;593628
109.7;110.7;109.3;110.6;959057
110.9;110.9;110;110.5;725350
110.8;111.1;110.2;110.7;796351
111.4;112.1;111;112;923408
112;113.9;111.6;113.5;1275151
112.9;114.7;112.5;114.3;860362
113.9;114.3;112.5;113.5;883615
113.7;115;113.6;114;1014054
113.5;114.6;112.8;114.3;738001
113.9;114.1;113;113.5;549052
113.7;113.9;113.1;113.9;461467
113.7;114.2;112.7;113.3;455715
113.4;113.9;112.7;112.7;367327
112.8;115.8;112.8;115.6;623939
115.3;115.3;114.1;115;485973
114.6;115;113.4;114.4;487732
114;114.4;112.5;112.5;579668
112.9;113.6;112.4;112.6;610787
113.6;114.4;112.5;112.5;1274633
111.8;112.1;110.9;111.1;747528
111.7;113.1;111.2;112.7;978005
113.1;114.1;112.2;113;682526
113.4;113.8;113.2;113.4;291684
113.4;113.7;112.5;112.9;440036
113.2;113.4;112;112.5;461269
113;114;112.9;113.5;895248
113.2;115.2;113.1;114.7;716899
114.9;116.4;114;114.6;872741
115;116;114.3;115.7;865648
116.2;118;115.9;117.8;865807
118.5;118.5;116.2;117;694723
116.2;116.5;115.3;115.9;672562
116.4;117.3;116.1;116.7;433548
118;118.6;116.9;117.7;560488
117.6;118.3;116.3;117.5;612264
118.9;118.9;117.3;117.5;654453
117.9;119.1;117.3;118.3;520564
118.4;118.4;117.4;117.9;422073
117.9;119;117.6;117.9;549669
118.3;118.4;117.4;117.9;486996
117.9;118.7;116;117;805108
117.4;118.3;116.5;116.8;901126
116.2;116.2;114.3;114.6;779292
115;116.1;114.6;116.1;792873
116.8;117.4;116;117.4;655428
117.4;117.4;115.9;116.3;461549
116.3;117.4;115;115.5;712237
115.99;116.89;115.62;116.45;677964
117.7;118.26;116.3;117.28;879445
118.24;118.25;116.24;117.11;700716
118.25;119.98;117.72;119.59;1433229
121.9;122.9;117.5;117.78;2062991
118.56;118.92;117.5;118.88;957894
118.08;118.08;113.35;113.35;1752988
111;115.84;108.5;113.05;2785845
113;113.87;109.1;110.66;2812980
111.43;112.6;109.02;109.45;1667821
106.7;109.97;106.4;109.52;1697771
111.3;112.25;110.26;111.43;1464273
112;113.3;111.04;112.6;1447597
113.76;114.4;112.2;114.25;1170568
114.24;115;112.65;114.45;1190853
114.54;115.9;113.67;114;1001448
113.99;114.62;113.07;113.11;1103308
110.9;112;110.2;110.5;1906050
112.01;112.67;111.1;112.57;1274971
111.32;113.25;110.81;112.65;1758537
113.5;114.37;112.78;114.1;828103
114.51;114.94;112.54;114.85;1054190
115;116.37;114.25;116.37;843395
117.9;118.48;116.3;117.36;1129504
116.65;118.4;116.62;118.32;1024730
118;119.17;117.12;117.83;1072140
118.03;119.06;117.83;118.4;1030160
117.3;117.85;115.9;116.3;924922
117.16;118;116.48;117.67;713046
117.31;118.9;116.7;117.69;731217
117.3;117.73;116.3;117.41;964266
117.89;120.14;117.23;119.9;1021504
120.86;120.86;118.86;120.2;895926
120.2;120.2;118.5;119.32;716190
119.58;119.67;118.16;119;1320238
118.66;119.53;118.08;118.43;808419
117.83;118.4;116.71;117.75;861410
117.59;117.99;116.62;117.53;696532
118.46;118.93;117.7;118.78;828057
118.5;118.52;116.92;117.81;961517
117.5;117.81;115.3;116.26;1231760
115.1;116.7;114.07;116.66;1243793
116.99;117.72;116.02;117.05;1293060
117.7;117.9;116.5;117.42;970287
117.9;117.9;114.6;115.39;1463931
115.39;116.68;114.9;116.48;1023610
117.39;117.44;116.38;116.68;594623
117.09;118.11;116.93;117.36;1320971
117.62;120;117.6;119.7;1282029
120.45;121.79;120.2;121.51;1347743
125;126.03;123.01;124.47;2060289
124.24;125.7;123.54;125.34;1235347
126;126.5;125.3;126.39;770533
126.3;127.29;125.07;126.93;1436140
127.35;127.75;125.3;126.36;1027122
126.04;126.57;125.29;125.77;1010286
124.4;126.05;123.1;126.05;1128245
126.29;126.49;125.4;126;764672
125.93;126.64;125.3;126.55;756977
127;127.19;125.81;126.76;613289
126.8;127.78;126.8;127.62;521261
127.62;129.54;126.64;129.41;1042405
128.9;131.15;128.57;130.6;1024890
130.6;131.38;129.62;131.24;964447
131.9;132.24;130.68;131.24;917261
130.83;132.24;128.82;131;1057122
128.29;128.29;126.24;126.56;1247211
127.04;127.28;126.54;126.56;285019
126.88;128.42;126.61;128.4;980979
127.69;127.87;126.55;127.34;918778
127.81;128.73;127.08;128.62;921961
129;131.79;128.6;131.51;1336865
131.6;131.98;130.69;131.32;834571
131.32;131.79;130.1;130.43;723671
130.43;130.47;126.34;126.47;1191478
126.76;127.09;123.55;124.71;1204441
123.09;125.92;122.77;125.28;1297091
126.87;126.87;125.28;126.3;625216
126.5;126.5;123.4;124.34;1313933
123.63;125.35;122.5;124.71;944970
126.21;129.97;125.56;129.57;2180570
129.77;132.2;129.1;131.02;1869581
131.5;133.87;130.79;133;1228628
132.78;132.78;131.02;131.55;1825109
132.02;134.47;131.74;133.44;1292841
132.1;132.46;130.6;131.5;1532858
131.91;133;131.49;132.25;1454042
130.95;132.76;130.6;132.4;894894
132.97;133.45;131.7;133.02;1151153
133;133.08;131.46;132.16;1297413
132.94;134.45;132.7;133.42;1288040
134.4;135.4;133.13;135.4;1050696
134.4;136.32;133.82;135.8;945530
136.22;137.2;135.74;135.91;840429
135.91;136.42;135.07;135.91;568801
135.8;135.9;133.55;133.7;1124184
134.42;134.8;133.76;134.8;666958
134.9;135.5;134.51;134.99;556738
134.99;135.5;133.1;133.66;655135
132.5;133.27;130.61;131.77;1036760
131.77;134.54;130.56;134.54;987981
135.47;135.59;133.2;133.81;680562
134;134.64;133.45;133.81;405461
133.74;133.86;131.3;132.7;861370
131.46;132.25;130.77;130.77;540198
132.25;132.25;129.33;131.54;909620
131.01;131.01;126.25;126.75;1605141
126.03;129.31;126.03;129.28;919754
128.28;129.54;127.2;127.35;942273
127;127.46;123.71;125.05;1210308
125.69;126.23;120.78;121.4;1282114
120.25;123.07;120.02;121.15;1255867
121.99;123.61;120.68;121.76;1110520
123.01;125.48;122.67;125.32;1024500
122.43;124.47;121.62;123.2;1156541
126.7;126.7;123.1;125.2;1230941
126.05;126.05;120.1;120.1;1329215
119.27;119.27;116.4;117.81;1796885
119.04;121.25;119.04;120.92;1693933
122.02;122.56;119.78;121.71;1559168
122.5;122.5;115.65;117.3;1729715
116;116.7;111.95;113.12;1848670
114.66;117.4;114.51;116.39;1516566
115.11;116.88;114.39;114.93;870385
113.23;114.65;112.71;114.24;827165
111.66;112.46;108.43;108.43;2388224
108;111.11;106.4;108.95;2691972
110.68;111.33;108.1;109.08;1501002
109.45;110.35;107.2;109.9;1450373
110.84;111.94;110.05;111.04;1684159
113;115.1;112.65;113.48;1750401
113;115.44;112.92;115.09;781865
116.17;116.44;114.54;114.65;710204
114.5;114.96;112.01;112.25;970986
111;112.83;110.68;111.6;1064577
112.93;113.57;111.16;112.95;1112345
114;114.97;113.51;113.99;1206758
114.86;115.54;114;114.61;702783
114.3;115.2;113.7;114.94;1016392
115.05;115.12;112.27;112.28;1243264
113.1;114.18;110.5;111.8;1672452
111.5;112.31;107.3;107.5;1760074
107.88;108.71;105.55;105.9;1353693
107.4;109.57;106.19;109.37;1378147
109.35;110.35;108.1;109.63;1262720
109.66;110.25;108.91;109.78;1561104
109.7;109.79;107.6;108.62;930818
108.92;108.92;104.73;104.77;1751540
104.01;108.39;103.66;108.33;1971110
111.85;113.89;110.91;112.46;2461733
112;112;108.99;109.9;1817913
109.02;110.62;108.27;109.09;5016723
109.1;110.33;108.52;108.52;1827585
108.89;109;104.65;105.73;2127815
106.37;107.6;105.5;106.57;971487
108.3;109.06;107.8;108.49;1461585
108.76;109.7;107.96;108.65;877218
108.64;109.64;106.68;109;1251269
110.29;112.98;110.01;112.43;1973565
113.1;115.2;112.4;115;1485550
114.13;116.72;113.72;115.53;1237132
115.79;117.3;114.9;117.15;1384344
117.2;117.3;116.44;116.62;782652
116.64;116.91;115.5;116.91;635635
117.2;119.36;116.93;118.48;1372757
119.07;120;118.67;118.93;772108
117.55;117.89;115.9;117.61;948050
117.53;118.9;116.99;117.35;633059
116.49;117.81;115.05;115.9;1233813
115.6;118.4;115.2;117.15;1170409
117.43;118.21;115.1;115.52;1284277
115.48;116.2;113.87;114.15;1040034
111.23;112.45;110.85;111.14;1212677
111.47;113.33;110.86;111.35;1057376
111;113.37;110.59;111.57;1082640
112.94;113.2;111.78;112.5;489083
112.69;113.76;110.88;113.21;786237
114;114.5;111.91;113.18;670404
112.99;113.12;110.79;111.46;859550
111.01;112.9;110.45;112.25;726540
112.05;112.8;109.65;110.42;758749
109.38;110;107.82;108.85;1090673
107.85;108.94;107.38;108.28;553018
107.81;110;107.75;109.36;923937
111;112.23;108.6;109.34;1320966
108.12;111.49;107.5;108.75;1996894
109.47;110;106.6;107.97;1013379
109.01;110.7;108.43;110.28;1226442
110;111.41;109.12;110.58;1095047
111.6;112.47;111.1;111.9;1116651
111.81;112.34;109.86;110.35;703612
110;110.03;108.31;108.49;874030
108.51;109.67;104.03;104.34;1557811
104.64;105.87;102.54;105.31;1228529
103.8;103.86;101.53;102.31;1180953
104.35;105.11;102.42;103.1;811234
103.26;105;103.2;104.37;905823
105.59;105.88;102.86;103.49;1212696
102.79;104.15;101.85;103.26;1055036
103.23;104.7;99.51;103.91;2002882
104.95;106.89;104.95;106.52;1169569
106.59;109.49;105.68;108.87;1294289
109;109.35;106.8;107.19;769977
106.91;107.49;103.41;104.18;1348187
105.13;106.39;104.55;105.98;1203439
107.04;107.99;105.87;106.69;892406
108;109;107.11;107.67;690778
110;124;109.13;121.75;6643700
122.65;126.44;121.35;123.27;3432067
121.02;125.37;120.61;124.85;1681583
124.1;124.43;121.5;123.4;1187637
123.26;125.2;122.51;124.68;1173374
123.48;124.3;120.9;121.99;1538865
121.5;122.9;119.9;121.09;1727020
120.94;122.11;119.74;120.52;875422
120.46;122;119.73;120.92;1225319
122;126.15;121.01;126.15;3133989
125.05;127.4;125.05;126.35;414223
125.1;126.3;124.05;124.41;950660
123.6;125.57;123.01;124.2;603290
123.8;124.5;123.1;124.5;130589
123.75;125.45;120.46;120.9;805148
120.11;121.87;117.51;118.89;1140130
119.47;119.47;115.84;116.61;1181834
115.66;116.33;113.9;115.05;1681330
115.08;116.4;114.43;114.55;1472984
113.4;113.75;110.5;111.4;2702712
111.8;114.14;110.04;110.85;1968827
110.75;113.16;110.61;112.68;1436308
112.49;116.55;112.22;115.42;1164296
115.57;117.3;113.55;113.71;1743374
112.43;117.64;109.6;115.02;2603364
115.04;117;113.72;114;1678485
114.49;118.84;113.81;116.45;1768895
114;114.13;109.2;110.5;2395834
105.2;115.57;102.7;113.84;3162189
115.45;116.9;108.22;110.76;3107301
116;119.9;114.08;115;2658257
117.7;117.72;112.1;112.43;1814281
110.47;110.49;105.37;106.84;2599698
107;108.35;104.72;106.1;2026375
106;106.9;102.72;105.5;1390923
105.21;105.99;102.67;105.44;1667515
106.93;111.5;106.93;110.73;2125377
111.4;111.93;109.66;110.16;717856
109.43;109.9;105.58;105.97;1400465
105;107.47;104.9;106.62;1109630
106.84;106.84;103.66;105.24;1177779
106.62;108.39;106.11;106.78;1170653
106.01;107.65;105.37;106.87;790044
108.41;111;107;110.27;1202955
109.8;111.9;107.6;111.5;1178565
117.81;118.3;113.03;113.42;2297287
113.03;114.8;109.9;110.47;1247535
111.95;113.49;111.3;111.84;913307
112.7;114.91;111.14;113.77;843732
112.95;114.5;111.74;112.92;759392
113.74;116.5;113.59;115.39;1200745
113.82;116.99;113.82;115.26;1011854
116.61;117.5;114.82;116.1;780864
116.87;118.1;115.46;117.04;879009
117;117.4;112.2;115.75;1244691
114.78;115.9;114.73;115;864959
114;115.82;114;114.98;1115094
112.59;114.5;112.11;113.28;1001042
113.16;113.78;110.37;111.1;1247743
112.76;114.14;111.7;113.66;981093
113.74;114.26;112.27;112.93;800961
111.03;113.78;111.03;112.93;1078210
112.37;112.37;108.31;109.11;1349240
109.68;111.35;108.45;109.7;1363692
112.21;112.21;109.71;110.9;1181413
109;110.9;108.11;110.46;1266540
109.4;110.51;106.66;107.22;2604721
104.67;105.94;103.55;104.71;2656420
105.63;106.6;103.61;105.04;1763268
105.82;107.4;104.7;105.07;1838838
104.58;106.25;104.15;105.5;1562905
109.51;109.56;108.11;108.58;1232239
108;109.22;107.45;108.94;853983
108.13;110.71;108.13;109.99;930063
110.12;110.35;108.31;109.15;487375
108.6;111.18;108.06;110.16;807273
109.34;113.18;109.34;113.18;1147007
113.97;113.97;112.11;112.75;993933
113.51;114.5;112.4;113.59;931870
114.28;114.28;112.15;112.71;732759
113.8;114;112.86;113.16;544930
112.19;112.5;110.56;111.43;894680
111.43;112.5;110.83;111.71;647804
111.54;111.64;109.06;110.59;855757
111.01;112.2;108.28;109.35;869062
108.5;109.55;107.73;108.98;839472
109.04;110.18;107.63;109;621280
110;113;110;112.23;1023730
113.5;113.57;111.89;112.75;628421
113.49;114.51;112.2;113.55;1253072
113.5;115;111.85;114.42;996455
113.9;113.9;111.63;111.9;1690723
112.79;115.99;112.79;115.37;1586877
114.71;117.7;114.51;117.5;1221649
117.82;120.6;116.17;118;1532885
118.73;121.99;118.22;121.18;1486551
121.2;121.25;118.29;118.89;871125
119.42;119.8;115.14;115.89;1712055
117.14;118;114.6;115.68;1376339
115.68;115.88;113.9;115;597344
114.76;116.2;114.1;114.7;1112897
118.5;121.92;118.5;120.5;2296394
119.8;121.41;119.04;120.54;876287
120.05;120.71;118.4;119.2;1048207
119.21;121;118.72;119.32;497395
120.27;120.49;118.07;118.59;937126
118.99;121;117.65;118.36;957459
118.67;118.74;117.26;117.47;800564
119.81;121.3;118.1;120.81;1347366
121.5;122.74;120.56;122.73;1009180
122.6;123.8;121.02;122.4;1134135
118.6;119;115.53;116;1171269
115.18;117.11;114.7;116.81;732109
116.86;116.87;112.78;112.78;919809
113;113.74;113;113.5;295400
114;115.94;112.97;115.36;882438
116.01;117.24;114.65;115.36;835689
116.43;117.67;115.55;116.52;821201
116.95;117.93;115.5;116.25;832710
116.48;116.48;114.91;115.45;786625
115.33;115.5;113.94;115.17;805685
115;115;112.18;113.2;1035184
113.19;113.87;111.4;111.78;721290
111.78;113.78;109.1;109.69;1267168
109;111.25;108.83;110.31;960445
109.25;112.54;108.77;111.62;1160269
112.4;113.33;107.5;108.79;1589726
109.32;110.88;107.9;108.44;1297618
108.67;108.67;107.01;108.16;930021
108;109.64;106.8;107.89;981126
107.89;108.71;106.4;107.68;1264587
107.14;108.04;104.8;105.74;1359827
104.68;105.34;103.51;103.95;1315441
104.61;104.7;101.25;103.5;1510034
104.08;105.37;103.68;104.21;770706
105.17;105.17;101.35;102.4;1433637
102.5;104;102.1;103.52;1055598
103.09;103.29;100.28;100.7;1210890
100.63;101;96.81;98.52;1727526
97.4;98.4;94.07;97.39;1848439
95.94;95.94;91.78;93.97;2033338
92.25;94.1;90.14;90.38;1718788
89.01;91.5;87;90.43;2695018
90.04;90.34;88.1;88.31;890147
89.35;90.31;88.35;90.02;823860
88.15;89;86.49;87.82;1438921
89.14;91.91;88.68;90.6;1539681
88.15;88.69;85.56;86.4;1919086
86.49;87.4;82.05;82.05;2013347
82.98;84.86;82.98;84.68;1353073
84;84;81;82.14;1514753
82.63;84.98;81.13;84.85;1455330
85.61;89.51;85.5;87.61;2496925
87;88.93;86.39;88.64;1189651
89.14;89.48;87.2;88.79;893802
88;88.7;85.11;87.45;1409250
89.2;89.2;86.57;88.3;1309324
89.65;93.69;85.68;86.07;1859214
85;88.8;84.7;88.28;1465665
88.28;88.54;84.08;84.54;1243467
83.98;86.82;82.6;86.08;1575863
88.98;88.98;86;87.58;1350005
87.38;88.98;86.2;87.8;1645997
81.69;82.43;79.52;80.91;3604270
81.55;82.35;80.06;80.39;976352
81.05;84.5;80.66;83.6;1500538
84.24;86.8;83.8;86.19;1442754
85.19;86.85;84.66;85.03;1241061
84.55;86.6;84.35;85.1;1158724
85.4;88.46;85.22;87.96;976210
88.49;88.49;86.84;87.42;1041242
86.82;87.1;83.9;83.9;1210148
84.52;84.67;81.35;82.54;1283789
83.41;84.28;82.52;83.4;804957
83.01;84.51;82.29;83.14;543005
82;82.11;80.52;80.63;1016183
81.2;81.67;79.53;80.35;1106028
79.1;79.11;77.12;77.98;1471520
78.01;80.48;78;79.95;1009403
80.09;80.09;78.74;79.07;504133
78.91;78.92;77.57;78.56;664157
78.66;78.76;77.46;78.2;859217
78.37;80;77.57;79.59;1054271
80.32;83.37;79.91;82.62;1772431
82.45;82.45;81.23;82.16;565247
81.86;86.34;80.9;85.16;1643557
85.02;85.99;83.62;85.27;1029080
84.97;85.01;82.41;82.58;1404339
81.98;82.2;80;80.73;1555891
84.75;87;84.75;85.67;1989451
85.61;85.92;83.44;83.85;1227972
83.45;84.38;82.73;83.03;831216
82.68;82.8;80.3;80.5;1397759
81.4;82.31;80.16;80.88;1294572
79.8;81.08;78.31;80.6;1321893
79.11;84.92;79.11;81.43;2837744
82.1;82.19;77.45;77.57;1941322
77.15;79.58;76.79;77.74;1360875
81.42;85;80.22;83.98;2517444
84;86.73;81.31;81.67;1486086
81.52;81.67;77.55;79.56;1917295
79.59;80.36;78.01;78.52;1086111
78.02;79.8;78.02;79.6;1020711
78.65;78.66;75.63;76.4;1538979
76.99;77;72.52;72.71;1711475
71.25;74.76;70.08;73.79;1843152
75.17;75.21;70.12;71.27;1504033
70.98;72.17;68.12;68.65;1699550
69.1;70.6;66.2;70.23;1567383
66.72;67.89;63.56;65;1745452
66.25;66.92;58.5;60.03;2620305
57;65.65;55;60.17;2916864
61.42;65.21;59.54;60.25;2421201
56.1;59.85;54.4;55;3643926
59.9;63.61;58;62.65;1913917
66.71;67.8;64;65.44;2669545
65.5;65.65;56.94;57.96;2963301
55.3;58.25;52.22;53.59;2894102
56.1;56.15;50.15;52.57;2781314
54.14;55.44;52;54.73;1395151
56;57.8;55.66;56.55;1193356
54.68;56.14;50.5;50.87;2139871
51;51.52;47.51;48.21;2405176
47;47.19;43.73;46.4;2432276
44.4;44.44;41.52;43.15;2509151
45.01;47.29;41.55;44.45;2122105
47;48.25;46.14;47.26;2107794
49.31;51.79;48.54;50.05;2379168
49.9;51.44;48.82;51.32;1456060
52;52.4;50.83;52.22;1149410
52.89;55.24;52.5;54.24;1933203
54.26;54.5;53.12;54.06;1605341
52.1;52.52;46.61;47.89;2049300
50.5;51.2;42.11;46.5;4120706
48.83;51.8;48.5;49.61;2046023
47.6;49.1;46.75;47.14;1310408
48.09;48.09;43.06;43.83;2507442
43.69;45.16;42.8;43.4;1651102
45.62;45.69;42.92;43.45;1305758
43.55;44.22;42.5;43.07;731842
42.76;43.02;40.88;41.28;1576785
41.33;41.55;37;37.1;2911319
36;36.26;32.26;33.23;3418137
33.7;36.18;32.13;33.46;2699233
34.55;38;34.1;37.28;2028913
37.77;41.95;36.85;40.85;4705497
40.51;41.76;39.62;40.74;1860409
42.06;42.85;41.34;42.41;2128487
42.41;43.35;42.02;43.21;1772401
43.37;43.37;40.4;41.42;1995288
40;43.15;39.71;42.47;1564482
42.61;42.87;40;41.88;1509175
41.83;43.97;41.06;42.56;1786203
42.02;42.3;40.37;41.07;1252101
44.4;44.63;43.18;43.41;1708811
43.45;46.7;42.85;46;2380199
45.89;47.5;45.7;47.27;1659475
47.55;47.55;45.95;47;1781982
44.39;46;43.7;45.38;1621423
46.1;46.23;44.28;44.81;935147
44.55;45.88;43.7;45;1700047
46.44;46.44;43.85;45;1935969
45.13;45.43;44.3;44.8;935014
44.2;45.33;43.92;44.16;1326837
43.97;44.15;42.15;42.15;1221776
42.15;43.15;42.04;42.05;869920
42.05;42.7;41.58;42.4;192091
42.65;42.91;42.2;42.61;467928
42.79;43.6;42.42;43.33;647683
43.93;44.44;43.35;43.35;180854
43.74;46.25;43.4;46.18;652904
46.76;47.29;44.45;47.19;1217222
47.5;52.34;46.6;51.35;2372154
51.12;51.47;50.11;51.22;1422204
50.1;50.65;49.35;49.84;1132951
50.21;51.69;49.51;50.68;1348029
50.31;50.98;48.78;48.86;802400
47.95;47.95;45.21;45.99;1845239
45.85;46.2;40.94;41.82;2387121
41.9;42.7;40.21;41.06;1810804
42.33;43.62;41.96;42.01;1707004
42.65;43.29;40.3;40.95;864869
41.04;41.55;38.2;38.71;1909489
38;39.56;36.5;38.47;2382980
39.38;39.84;36.58;36.96;1740009
36.44;37;33.11;34.04;3573239
34.05;36.56;33.6;36.11;2055834
36.13;36.8;34.9;35.94;1366141
36.52;39.7;36.5;38.63;2077495
38.5;38.58;36;36.72;1300883
36.72;36.72;35.18;36.19;1713208
35.69;36.25;35.1;36.055;809225
36.44;36.95;35.1;36.76;1077896
37.045;40.39;36.7;39.54;2060482
38.895;39.235;37.775;39.045;1192723
39.48;41.88;39.415;41.62;1499084
41.6;42.1;40.465;41.405;1001384
41.165;42.35;40.5;40.705;1387071
40;40.695;39.38;40.13;861959
39.83;39.88;37.515;38.53;1232845
39.38;40.41;39.075;40.1;1418321
39.7;40;38.53;38.755;796873
38.445;38.445;35.795;36.55;1675827
36.89;37.24;35.31;36.65;1206845
36.86;37.9;35.76;36.82;1799355
36.5;38.785;34.94;35.93;5568287
37.8;37.8;34.71;34.765;1405344
34.5;34.59;32.51;33.71;2222694
34.51;35.145;33.71;34.21;1578079
34.45;36.26;34.35;35.885;1398627
35.5;35.68;32.85;34.29;1669921
33.005;33.385;32.355;32.825;2029159
32.79;33.14;30.17;30.5;2552210
30.915;32.6;30.7;32.46;1782853
32.735;32.735;30.145;30.25;1301042
30.17;31.64;30.09;31;1477392
31.69;31.69;30;30.575;1091783
30.575;33.765;30.47;33.595;1677922
33.49;34.995;32.65;34.51;1432946
34.185;35.11;32.56;35.11;1115343
35.59;35.975;32.905;33.515;1452688
34;35.3;33.71;34.6;1306964
34.3;34.32;32.72;33.31;1232033
34.1;34.79;32.81;33.445;1312715
33.99;34.5;33.2;33.6;1789296
33.2;33.43;32.75;33.12;1894384
33.6;34.845;33.12;34.595;1272980
35.685;35.76;33.73;34.66;1129513
34.54;35.7;33.81;35.565;1096469
35.87;35.87;34.615;35.365;849702
35.845;36.87;34.3;34.56;1508895
34;34.135;32.87;32.955;1336731
33.7;34.2;32.62;33.89;1228129
33;33.345;31.91;31.91;5596547
27.95;32.5;27.5;32.215;7562552
31.83;34.36;31.22;33.45;4067590
34.275;36.69;32.8;34;3616740
35.55;35.55;32.29;33.625;3001353
32.75;35.26;32.335;33.67;3423342
34;36.04;33.27;34.92;4203764
34.67;37.685;34.35;36.87;4224380
35.71;36.64;33.83;36.105;3491284
36.6;38.15;36.105;37.94;1653257
38.84;39.3;37.135;39.285;1559771
39.3;39.4;36.81;37.38;989576
37.17;38.38;35.6;37.25;1299476
37.95;41.9;37.3;41.83;2909287
41.44;44.49;41.2;41.73;2250949
42.5;42.5;40.82;41.67;1078229
40.74;41.98;40.125;41.715;933981
40.735;41.13;39.125;39.805;2680817
40.985;41.76;39.9;41.46;2577902
41.805;43.95;41.785;43.22;2877001
43.88;45.4;43.635;45.4;1324327
45.66;45.86;44.475;45.5;2002395
44.7;48.625;44.17;45.94;2980736
47.475;48.5;45.04;45.72;2572660
46.43;47.945;46.015;47.725;1489810
47.8;47.835;44.6;45.62;2081377
45.47;46.81;44.9;45.335;1238897
45.785;46.065;42.34;42.42;1722224
42;44.8;41.5;44.095;1776436
44.41;44.9;43.4;44.19;1137289
43.87;45.455;43.1;44.875;1288102
45.7;48.34;45.5;48.075;2091985
48;49;47.25;48.685;1157924
47.98;48.355;46.94;47.295;778983
47.2;48.28;46.475;46.88;880601
47.425;47.55;45.745;47.095;399066
46.98;46.98;44.77;46.48;1232881
47.155;47.495;46.265;47.3;1003840
46.36;47.43;45.685;47.025;1385628
47.64;48.97;47.505;47.985;2124041
48.88;51.5;48.45;51.115;1194324
50.86;52;50.1;51.5;1286984
51.74;51.96;49.9;50.15;1059820
50.25;51.54;48.77;49.03;1433357
50.765;51.325;50.17;50.46;1441907
50.4;50.435;49;49.4;1030894
50;50.41;48.52;48.83;1083690
49.38;50.29;49.1;49.12;1336448
49;49.895;48.11;49.08;958701
49.14;51.215;48.52;50.69;1662522
50.57;50.57;49.02;49.27;1209759
49.12;49.5;48.035;48.46;905740
48.26;48.36;44.85;46.225;2126838
46.605;47.235;45.055;46.345;1212552
46.7;47.995;46.47;47.19;1113781
47.19;47.385;44.555;44.555;1438854
44.11;45.35;43.805;44.43;1233101
44.65;46.2;43.9;46.14;1094635
45.95;46.05;44.38;45.735;887187
46.025;46.98;45.605;46.535;886494
46.645;48.44;46.34;48.25;1183342
48.97;49.99;47.905;48.25;5053054
46.75;47.74;46.03;46.83;1168268
46.3;46.735;44.6;44.76;1380529
44.58;45;43;44.21;1177675
43.695;43.82;42.56;43.39;1046311
43.4;44.18;42.5;42.71;1018946
42.51;43.185;42.165;42.36;1149501
42.49;43.89;42.395;43.235;1113021
43.15;43.695;42.345;42.88;742850
43.28;44.105;42.54;44.105;1202379
44.19;44.89;43.645;44.475;1011944
44.62;45.885;44.62;45.885;1237006
45.99;46.815;45.19;46.2;1052280
46.795;47.34;46.25;46.88;1058912
47.15;48.34;47.15;47.94;856998
48.18;48.8;47.4;48.685;985806
48.9;48.995;46.66;48.625;1540202
48.75;49.87;47.44;49.585;1031447
49.34;50.5;48.535;49.56;930696
49.7;50.09;49.245;49.85;890469
49.75;50.48;49.01;49.53;814275
49.5;50.69;49.33;50.11;911867
50.33;51.13;49.415;50.76;1176361
50;50.84;48.23;50.68;1956012
50.41;51.9;50.15;51.7;977679
51.8;52;50.21;51.27;926603
50.86;52.56;50.85;51.47;1000079
51.82;52.85;51.15;51.71;655092
51.75;52.22;50.02;51.8;1105638
51.72;52.98;51.16;52.85;953312
52.92;53.58;51.51;51.74;844236
51.75;52.3;51.15;52;793724
52.22;54.19;52.2;53.8;1171704
53.99;54.5;52.8;53.31;866870
52.41;52.71;51.13;51.65;962660
51.9;52.5;51.12;51.84;690268
51.45;52.18;50.93;51.94;614068
53.08;54.5;52.61;54.38;1719203
54.34;56.89;53.92;56.36;1305042
56.86;59.26;56.73;58.8;1590659
58.5;59.93;58.15;59.55;1287865
59.16;59.9;59.15;59.6;1495240
59.22;59.5;58.52;59;1050623
59.3;60.7;59.3;59.9;1230678
59.44;59.7;59;59.31;612263
59.41;59.75;57.28;57.4;1682427
57.03;57.31;56.02;56.9;1521354
57.2;58.4;57;57.17;1201682
57.45;59.3;57.45;58.91;1237249
59.2;60.97;59.18;60.25;814952
60.5;60.8;59.29;59.74;1464113
58.4;59.62;57.85;59.62;1616619
59.99;60.3;58.86;59.55;1464820
60;60.95;59.9;60.46;905071
60.04;60.25;58.86;59.5;902174
59.8;59.98;59.03;59.5;943269
61;62.35;60.7;62.02;1948914
61.6;63.59;61.16;63.57;1888803
63.3;64.48;63.03;64.45;1825690
64.29;64.36;61.46;62.04;1916294
62.48;63;60.66;61.35;2126380
61.09;62.04;60.62;61.14;1011178
60.91;62.1;60.06;60.44;1282655
60.79;61.14;59.04;59.39;1482113
59.35;61.54;58.61;61.5;1297593
61.55;61.55;60.4;61.18;1091252
61.1;61.88;60.3;61.15;1099133
61.46;61.79;59.6;59.8;932085
59.14;59.41;57.12;57.92;1778150
57.86;58.4;57.36;58.05;934976
58.5;60.71;58.22;60.58;1262400
60.5;61.49;60.12;61.13;1061620
62.32;63.1;61.9;63.08;1669444
62.99;63.78;62.44;63.15;718830
63.83;64.73;63.4;63.99;807315
63.72;64.48;63.32;63.89;845961
64.51;65;64.18;64.61;985385
64.5;65.59;64.46;65.37;898470
65.33;66.59;64.31;64.74;1428294
64.8;65.86;64.14;65.03;594577
65;65.5;63.05;63.35;1130469
63.25;63.8;61.29;63.07;983850
62.19;62.63;61.46;62.2;957771
63.08;63.75;61.55;61.7;1058840
61.73;62.25;59.8;60.03;885821
59.67;60.1;58.35;59.16;1106184
58.16;58.59;55.64;55.81;1883304
55.4;58.16;54.88;58;1257797
58.62;58.84;55.03;55.45;1460540
55.39;57.27;55.15;56.29;987262
55.94;56.1;54.35;55.73;1172247
56.28;58.22;56.13;57.69;1155218
56.79;58.41;55.82;58.2;1032166
55.56;56.88;55.26;55.82;2358006
55.5;56.99;55.48;56.83;881858
56.77;57.39;56.37;56.68;832102
57.25;58.65;57.19;57.68;1027029
57.71;58.8;57.51;58.09;872320
57.75;58.2;57;58.08;737870
58.99;60.39;58.89;59.76;1104176
59.55;60.16;58.73;58.88;810830
59.02;59.98;59.02;59.35;928768
59.08;59.36;57.53;57.72;908341
57.9;58.24;56.85;56.96;1011404
57.41;58.35;57.41;58;731293
57.36;58.28;57.12;57.45;778902
57.51;58.1;56.46;58.1;1252095
57.58;57.7;54.07;54.21;2533848
53.53;56.07;53.1;55.71;1471096
55.82;55.91;54.52;54.73;883238
55.34;56.26;55.25;56.14;1124093
56.14;57.09;56.08;56.8;914644
57.48;58.19;56.9;57.28;902170
56.75;57.95;56.14;56.86;1081643
56.48;57.79;56.2;57.42;676842
57.48;58.04;55.52;55.81;1065978
55.65;56.07;54.77;55.11;965353
55;56.31;54.81;55.89;748234
55.8;56.99;55.24;55.39;1104236
56.05;57.05;56.05;56.56;1079666
56.7;56.97;55.76;56.77;685559
56.64;57.08;56.26;56.93;773301
56.46;56.95;56.19;56.68;774824
56.81;57.39;55.75;55.75;1337483
55.95;56.97;55.8;56.97;604484
56.98;57.33;56.8;56.94;708787
57.35;57.95;57.23;57.5;526572
57.12;57.79;57.12;57.18;115230
57.53;57.76;56.62;57;399283
56.88;58.32;56.78;58.15;528495
57.83;58.3;57.65;58.07;345812
58.18;58.3;57.7;57.81;148118
57.8;58.75;57.8;58.42;569098
58.45;59.84;57.81;59.68;1038893
59.45;60.76;59.16;60.76;966715
60.72;60.74;59.63;60.38;686456
60.6;60.9;59.75;60.16;804218
60.57;61.56;60.51;61.01;994229
61.35;61.94;60.6;61.01;1564550
60.85;61.79;60.69;61.54;790746
62.01;62.57;61.6;61.95;1225155
61.9;63;61.3;61.43;944153
61.83;62.01;60.92;61.35;455193
61;61.97;59.93;61.51;762442
61.31;61.49;59.21;59.72;1111163
60.21;60.44;57.6;57.62;1398876
57.34;58.08;56.66;57.29;1088986
56.67;57.78;56.53;56.81;824536
56.3;56.77;56.02;56.53;1334833
55.8;55.82;53.89;53.99;2271741
54.96;55.19;53.6;53.6;2322944
53.87;54.42;53.38;53.89;1377310
53.62;54;53.13;53.45;1097463
53.76;54.73;53.4;54.59;1368998
54.98;55.1;53.69;53.99;1431022
54.48;55.14;51.76;52.05;2174981
51.72;51.88;50.2;50.36;2085669
51.36;51.95;50.31;51.54;1831720
51.28;51.87;51.1;51.6;1929682
51.99;52.13;50.66;51;1827976
51.25;51.52;49.57;50.01;1198985
50.25;50.86;48.56;49.04;1402041
49.335;49.845;49.06;49.265;613377
49.765;50.15;48.56;49.805;1397491
50.55;50.98;50.21;50.69;1378298
50.6;50.94;50.04;50.79;1293724
48.6;50.4;48.5;50.38;2631720
50.27;50.63;49.7;50.38;1078560
50.59;51.14;48.95;49.1;1797541
48.75;48.975;47.555;47.945;2119963
47.845;47.94;46.62;46.865;1836922
47.57;47.9;47;47.63;1445497
48.225;48.6;47.65;48.085;1475709
48.05;48.73;47.72;48.65;1307504
48.24;50.76;48.17;50.67;2330015
50.25;51.32;50.15;51.05;1795301
51.5;53.04;51.37;52.82;2093398
53.34;53.36;52.75;52.83;983058
52.84;53.09;51.5;52.53;1034567
52.14;52.97;51.36;52.73;1359822
52.36;52.73;52.11;52.56;742675
52.65;53;52.29;52.58;640519
52.65;52.7;51.66;51.73;701639
51.99;52.42;51.78;52.21;608999
52.4;53.89;52.3;53.79;1934128
53.65;54.15;53.44;53.6;897600
53.7;53.88;53.03;53.46;1229330
53.1;53.29;52.2;53.19;733926
53.22;54.09;53.15;53.51;962919
53.75;53.79;52.14;52.52;1045066
52;53.19;51.21;52.9;1526732
52.55;52.9;52.09;52.33;1064297
52.5;53.28;52.1;52.33;997052
52.9;53.09;51.85;52.06;824289
52.23;52.73;51.65;52.1;792463
52.36;53.11;52.29;53.01;821137
53.72;54.92;53.65;54.21;1728648
54.46;54.79;53.99;54.22;772591
54;54.08;52.69;53.4;827837
53.87;54.1;53.37;53.77;1027847
54.09;54.2;53.43;53.88;671818
53.75;53.91;52.92;53.28;938525
53.55;53.82;53.06;53.67;1174488
53.85;54.51;53.42;54.22;1336846
54;56.66;53.82;55.33;3217443
55;55.85;54.51;55.01;1138031
55.51;56.51;55.18;56.03;1053139
56.38;57.34;56.15;56.41;1551979
56.39;56.82;54.92;55;1478221
55.12;57.47;55.12;57.15;2003636
57.67;58.93;57.67;58.71;1842903
58.27;58.43;55.87;55.87;1262490
55.2;55.6;53.42;54.22;3519959
54.41;55.77;53.67;55.44;1412801
55.35;55.87;54.43;55;1238551
54.72;55.6;53.9;55;618987
55.34;55.77;52.53;52.87;1617095
51.97;52.2;49.92;50.32;3660794
49.79;51.23;48.3;48.58;2368286
47.5;49.285;46.52;47.19;3231119
52.04;52.36;49.4;50.75;2979375
50;50.7;49.5;50.37;1337888
49.98;51.42;49.71;51.05;1552826
51.61;51.78;50.15;50.94;979129
50.69;51.12;48.775;49.06;2063409
48.35;49.055;47.66;47.8;1586414
48.74;49.39;48;48.615;1324767
48.745;48.745;46.475;46.64;2616912
47;47.335;43.865;45.07;3123869
44.715;45.75;44.06;45.535;2338694
46.195;46.195;44.47;45.23;1146803
44.12;44.12;42.61;43.195;1834011
44.36;45.51;44.105;45.165;2293493
45.39;46.945;45.255;46.94;1447143
47.6;47.74;46.65;46.87;1249689
46.985;47.5;46.33;47.115;377066
46.86;47.375;45.21;47.02;1328642
46.655;47.375;45.8;46.73;892348
47.825;48.28;47.445;47.585;1395246
47.76;48.365;46.03;46.225;1675530
45.445;46.415;45.25;45.89;1172650
46.205;46.405;44.44;45.125;1417825
45.74;46.75;45.08;46.75;1503441
46.85;49.38;46.425;49.155;2453197
49.535;49.945;48.685;49.565;1316772
50.18;50.49;49.765;50.15;1010286
49.83;51.07;49.65;50.75;1235811
51.2;51.2;49.4;50.32;1073906
50.18;51.04;49.77;50.31;890622
50.45;50.74;49.73;50.25;1169325
51.35;51.68;50.86;51.3;1058249
51;51.48;50.12;51.2;906987
50.61;51.4;49.89;50.07;1487123
50.33;50.48;47.97;48.275;1942478
48.03;48.485;46.78;47.13;1549344
47.64;48.25;46.78;47.95;1304758
47.205;47.34;45.22;45.655;2217008
45.725;45.945;44.51;45.075;2047120
42.96;43.06;41.04;41.68;2911113
42.335;42.4;41;41;2069146
41.25;41.485;40.51;40.51;1191222
40.985;42.065;40.7;41.555;1700239
41;41.08;39.45;40.69;2854581
41.235;41.555;40.85;41.385;1419695
41.795;41.83;41.015;41.15;1326204
41.4;42.205;41.085;41.86;1363019
42.13;43.055;41.86;42.87;1406332
43.225;43.4;42.11;42.61;845784
42.315;42.5;40.91;41.175;1630272
41.295;41.655;39.745;39.915;2407062
39.825;40.74;39.67;39.955;1138925
40.06;40.305;39.215;39.905;1248761
40.42;41.47;40.25;41.155;1796208
40.705;42.87;40.705;42.735;1882426
42.845;43.36;42.56;43.12;1196828
43.345;43.655;42.75;43.64;831678
43.75;44.19;43.535;43.78;1438707
43.905;44.195;42.885;42.965;1177471
43.005;44.61;42.885;43.49;1659156
42.73;43.41;41.1;41.8;3240535
42.295;42.68;41.885;42.545;1195227
42.365;42.845;41.92;42.28;1196865
42.195;42.29;41.12;41.315;1890227
41.275;41.675;41.02;41.1;1349869
41.365;41.74;39.8;40.075;1919878
40.695;40.99;40.35;40.48;1055697
40;40.275;39.5;40.145;1901452
39.825;39.98;38.51;38.51;1801708
38.5;38.845;37.88;38.265;1331786
38.51;38.63;37.5;38.42;1676992
38.435;38.655;37.93;38.135;1459811
38.355;39.245;38.18;39.13;1215106
39;39.47;38.765;39.09;966325
39.1;39.15;37.74;38.125;2553343
37.95;38.24;37.515;37.69;1537715
37.8;38.56;37.55;38.125;1308284
37.245;37.25;36.085;36.465;2983234
36.53;37.06;36.27;36.79;2046982
37.345;37.475;36.065;36.29;2373297
36.25;36.5;35.715;36.42;1495924
36.65;36.79;36.145;36.36;494511
35.78;36.355;35.57;36.355;1329224
37.57;38.375;37.045;38.35;2944753
38.2;38.85;38.02;38.635;1467775
38.75;39.47;38.215;38.885;2124869
39.1;39.265;38.41;38.775;945018
38.845;38.955;38.275;38.77;1112266
39.185;39.42;38.335;39.235;1516933
39.43;39.985;39;39.96;1380282
39.75;40.255;39.545;39.84;892699
41.33;41.81;40.645;41.195;2374841
41.395;41.79;41.15;41.5;2240330
41.505;41.8;41.18;41.525;1495643
41.49;41.565;40.81;41.09;1439498
41.485;42.115;41.245;41.575;2688119
41.795;42.18;41.615;42.11;1016040
42.185;43.02;41.97;42.4;1726672
42.66;42.76;41.825;42.345;1679762
42.58;42.795;41.505;41.89;1562747
41.775;42.65;41.44;42.61;1086815
42.705;43.52;42.705;43.245;1175012
43.105;43.36;42.415;43.16;1453613
43.37;43.7;42.32;42.505;1378075
42.275;42.695;41.715;42;1517616
42;42.4;41.065;41.345;1466676
41.255;41.5;40.605;40.775;999302
40.825;42.16;40.625;41.99;1477753
42.415;43.52;42.185;43.35;2339478
43.515;43.515;41.305;41.375;2943253
41.38;41.66;40.31;40.84;2283755
41.07;41.35;40.745;40.99;1056001
40.8;40.915;40.3;40.58;966216
40.935;41.785;40.855;41.785;1072759
41.61;42.065;41.4;41.69;1173585
41.945;42.03;41.6;41.82;1058466
41.685;41.755;41.3;41.475;830081
41.64;42.55;41.47;42.1;1663456
41.905;42.625;41.73;42.625;706383
42.5;42.98;42.32;42.98;1204440
42.95;42.95;42.275;42.335;818683
42.515;42.74;42.25;42.45;730760
42.375;42.45;41.3;41.65;1209563
41.58;42.22;41.26;41.6;916213
41.85;41.905;41.1;41.5;713154
41.435;41.72;41.06;41.06;982775
41.29;41.69;40.89;41.53;784039
41.3;41.615;40.9;41.455;1015331
41.93;43.315;41.62;42.79;2735879
43.37;45.24;43.37;45.24;3526415
44.18;45.94;44;44.525;2677928
44.5;45.24;44.185;44.66;939866
44.895;46.485;44.765;46.14;2113291
45.58;46.195;45.235;45.495;1258576
45.67;45.785;44.32;44.71;1066784
44.175;44.41;43.55;44.06;1217832
43.75;44.205;43.245;44.075;1020560
43.75;43.75;42.75;42.8;1001294
42.7;43.705;42.64;43.56;915470
43.905;44.78;43.905;44.78;986903
44.9;45.525;44.62;45.39;1021396
45.8;45.805;44.67;44.745;731057
43.655;44.165;43.165;43.19;1372718
43.17;43.69;42.51;43.26;948276
43.355;43.77;43.14;43.62;462736
43.255;43.6;42.52;43.42;615602
43.405;44.16;42.405;42.42;1268373
42.33;42.44;41.64;42.05;1217955
42.3;42.895;42.19;42.85;936666
43.015;44.3;42.74;44.18;1253694
44.14;45.03;44.01;44.615;1003215
44.645;44.825;44.265;44.415;531022
44.47;46.48;44.435;45.965;1541410
45.61;46.73;45.265;45.955;1346736
46.11;46.72;46.07;46.635;948109
46.71;46.76;45.63;46.505;1286639
46.595;47.175;46.545;46.745;943850
46.7;47.05;46.52;47.05;666685
46.99;47.2;46.58;46.955;780405
47;47.33;46.635;47.02;804126
47.2;47.31;46.715;46.895;939162
46.975;47.88;46.9;47.525;843284
47.75;48.485;47.71;48.425;846588
48.41;48.6;48.05;48.215;496715
48.245;48.34;47.305;47.5;576772
47.34;47.835;46.935;46.935;105270
46.92;47.395;46;46.95;343174
47.1;47.41;46.95;46.95;304055
47.105;48.06;47.105;47.715;428041
47.8;47.975;47.1;47.265;312965
47.26;47.36;46.705;46.92;140224
47.465;48.135;47.35;48.035;387517
48.075;48.67;47.845;48.42;830888
48.205;48.45;46.82;47.625;1212699
47.585;47.695;46.325;46.605;1139076
46.35;46.5;45.39;45.665;1328589
45.445;45.5;44.445;45.04;1090994
45.06;46.465;44.94;46.365;1060938
45.845;46.45;45.25;45.75;1955521
45.595;45.975;45.41;45.81;1111879
46.195;46.7;45.915;46.285;925675
46.49;46.49;45.81;46;645378
46.64;47.1;46.4;47.025;1012130
47.195;48.13;47.025;47.3;1332782
47.255;47.975;46.67;46.67;1403052
46.765;48.21;46.69;47.825;1359574
47.84;48;47.085;47.92;873367
48;48.19;47.445;47.485;966714
47.635;47.75;45.72;46.015;2828565
45.68;45.88;44.22;44.995;3695384
44.975;45.94;44;44;2704310
43.5;43.6;42.51;43.275;3230852
43.3;45.005;43.3;44.84;2879449
44.855;45.51;43.92;43.935;1562875
43.81;44.085;43.105;43.775;1675364
43.78;44.17;43.26;44.1;1683698
44.12;45.41;44.12;45.17;1536641
45.06;45.285;44.45;45.135;920740
44.99;45.485;44.61;45.12;883066
45;45.445;44.235;45.445;1708739
44.795;46.835;44.005;46.5;3435302
46.74;46.85;45.905;46.325;1492042
46.195;46.465;45.81;45.88;984441
45.705;46.25;45.415;45.715;1001494
45.46;45.995;45.46;45.995;978693
47.02;48.37;46.84;47.895;4945780
47.93;47.945;46.535;46.55;1805627
46.025;46.375;45.17;45.525;1979734
45.265;45.7;44.08;44.505;2812882
44;44.13;43.4;43.7;2198515
43.945;44.43;43.37;44.165;1648021
44.1;44.19;43.455;43.945;1444718
43.95;45.225;43.84;43.91;1858849
43.5;43.65;42.7;43.235;1624533
43.455;44.385;43.1;44.185;1683498
44.195;44.895;43.57;43.615;1442904
43.43;44.325;43.15;43.485;985300
43.605;44.105;43.49;44.085;1167417
44.07;44.1;42.935;43.015;1599965
42.905;43.67;42.74;43.19;1274899
42.995;43.17;42.27;42.28;1483624
42.26;42.9;41.7;42.1;1441168
41.435;41.695;40.42;41.32;2102583
41.5;41.7;40.16;40.16;1925816
40.45;41.095;40;41.065;1784062
41.17;41.765;40.47;41.415;2525007
42.09;42.58;41.5;42.545;1349128
42.455;42.525;41.57;41.76;1281797
41.76;42.645;41.575;42.595;1244916
42.595;44;42.305;43.875;1604095
44.12;44.33;43.79;44.105;1038987
43.99;44.34;43.81;44;691781
44.04;44.39;43.615;44.3;726690
44.55;44.695;44.08;44.445;668285
44.41;44.585;44.015;44.015;665975
44.2;44.785;44.125;44.7;1068366
44.605;44.995;44.55;44.905;780977
44.9;45.375;44.9;45.3;1022359
45.445;45.55;45.055;45.25;894234
45.22;45.66;45.07;45.11;1050953
45.6;46.28;45.6;45.975;1136711
45.775;45.8;45.12;45.145;767820
44.94;45.205;44.56;44.725;1387108
45.08;45.88;45.065;45.68;1090834
45.44;45.995;45.35;45.54;1131454
45.535;45.875;45.23;45.685;719637
45.68;45.785;44.83;45.035;1636506
45.15;45.39;44.985;45.1;762203
45.5;46.43;45.43;46.41;1072932
47;47.92;46.97;47.14;1753383
46.955;47.685;46.62;47.575;768884
47.69;48.44;47.455;47.925;1215561
48.34;48.4;47.85;48.175;967015
48.015;48.34;47.565;47.775;822233
48.125;48.275;47.435;47.44;584495
47.35;47.665;47.11;47.4;1134775
46.6;46.965;45.49;45.675;2495693
45.02;46.54;44.76;45.24;2305479
45.175;45.825;45.005;45.67;1061107
45.58;45.96;44.805;45.07;1348048
45.22;46.09;45.025;45.8;1261512
46;46.245;45.515;45.71;884381
46.05;46.84;46.05;46.65;2030650
46.795;48.32;46.615;47.675;2306684
47.43;47.7;46.905;47.415;1019935
47.125;47.69;46.5;46.565;1093370
47.495;47.88;47.135;47.33;1106668
47.66;48.18;47.075;47.98;1122691
48.005;48.76;47.87;48.105;1562445
47.465;47.77;46.42;46.42;1551663
46.565;46.8;46.17;46.24;1002718
45.9;46.37;45.8;46.165;793943
46.255;46.7;45.865;46.12;865484
46.585;47.35;46.545;47.12;1118104
47.1;47.305;46.83;46.975;359015
47.32;48.22;47.265;47.96;1591619
48.1;48.175;46.945;47.105;966717
46.57;46.655;45.8;45.8;986402
45.83;45.935;44.93;45.615;949340
45.59;45.795;45.24;45.39;688962
45.47;45.93;45.275;45.415;730496
45.32;45.385;44.855;44.955;1007833
45.01;45.58;44.84;45.58;974787
45.595;45.645;44.1;44.265;1444240
44.33;44.59;43.865;43.9;892374
44.23;44.81;43.86;44.66;1274096
44.545;44.545;43.455;43.635;1106191
43.205;43.415;42.815;43.325;1283961
43.155;43.78;42.75;43.325;1477412
42.65;42.82;42.34;42.61;950725
42.695;43.7;42.645;43.685;861163
43.72;43.825;42.94;42.94;829442
42.655;42.805;41.83;42.12;1094473
42.63;43.835;41.82;41.95;1154628
41.95;42.33;41.5;41.53;848465
41.7;42.14;41.245;41.855;989512
42.215;43.27;42.175;43.15;1262243
43.415;44.01;42.915;43.945;1173714
42.94;43.175;42.3;42.395;1868714
42.45;42.6;42.265;42.35;650212
42.29;42.44;41.565;41.81;1288477
41.9;42.035;41.41;41.65;1323056
41.935;42.03;41.585;41.585;1093344
41.955;42.065;41.025;41.105;1434022
41;41.29;39.46;39.79;1766838
39.18;39.28;38.185;39.09;1694319
39.05;39.72;38.715;39.635;1218400
40.225;40.5;39.505;39.605;1936248
39.25;39.4;38.3;38.555;1537790
38.255;38.29;37.375;37.475;2135277
37.575;38.24;37.425;37.995;1188585
38.345;38.865;38.08;38.725;1568914
38.975;39.96;38.225;39.74;2121689
40.5;41.04;39.61;40.12;1456637
39.765;40.34;39.76;39.99;1040413
40.13;40.385;39.84;40.15;1294693
39.765;40.255;39.595;39.69;1944589
38;38.85;37.23;37.68;2587433
37.395;37.79;37.2;37.38;2141681
37.975;38.02;35.65;35.685;2427584
35.5;35.815;34.22;34.325;2240081
33.605;33.935;32.79;33.28;2719469
33.84;33.845;31.63;31.74;3690545
30.555;32.08;30.325;30.865;3546658
30.205;31.24;28.85;28.885;3032520
28.85;29.955;27.12;29.555;3472571
30.295;30.855;27.85;27.955;2841669
28.715;29.23;27.09;29.015;3681180
29.065;29.56;28;29.34;2857650
29.71;29.835;29.035;29.615;1389676
29.5;29.64;28.72;29.24;1186619
29.16;29.495;28.71;29.09;1286214