91.78;93.18;88.2;88.8;615855
90.8;90.8;80.4;80.4;1691700
79;79.8;76;77.68;1563735
77.6;77.6;74.46;76.8;1641215
76.4;76.8;74.02;76.8;1360530
77.6;82.68;77.58;80.04;2381515
81.6;83;80.4;81.6;1157955
81.32;86.4;81;85.2;1444595
85.6;90.94;85;90.4;1284565
91.2;94.56;87.84;94;1059010
93.8;94.8;91.64;93;834585
93.58;93.58;86.26;89.2;927620
86.9;88.14;86.2;88;747945
90.4;90.4;85;88.6;1666055
87.4;87.8;82.74;86.6;1833120
85.62;86.96;84.5;85.8;824065
84.04;85;83.1;84;592380
83.7;85.28;83.64;84;534475
83.82;85.36;83.6;84.2;1080090
84.2;85.2;81.94;84.4;629910
82.98;83.08;81.2;82.2;773295
83.2;83.2;80.4;82.2;743770
83.18;85.8;81.7;85.8;1266095
86;89.4;85.3;88.18;940870
88.28;90;86.5;88.2;718850
88.2;88.4;86.44;87.5;541500
87;90.5;86.8;89.6;661910
88.6;88.82;83;85.98;1074740
84.6;84.6;78.18;78.44;2134190
80;81.86;78.74;81.86;1972905
80.6;81.86;80;81.7;645765
81.6;81.7;79;79.54;738530
81.3;81.4;77.8;80.2;995870
80.4;80.8;78.02;79;1110390
79.6;79.86;72.4;75.24;1922805
73.6;73.6;70.2;73.2;905375
74;74.84;72.28;72.5;1208000
72.84;73.6;72.2;72.8;1003730
74.2;77.58;73.8;74.76;1268805
76.4;79.2;76;78.74;842805
77.4;78;74.9;77.02;1549300
77.98;78;75.98;77.1;901905
76.72;76.9;74.6;76.74;730665
76;76.56;74.2;75.8;801500
73.62;74.8;72;73;1242345
72.98;73.18;70.2;71.3;1451610
70.8;76.8;70.62;75;2170085
74.16;76.8;73.16;74.34;772800
78;78.6;75.44;76.58;2363795
79.4;84;79.4;83.4;2945760
84;88.2;81.98;87.6;1817725
88.2;90.66;86.1;88.84;1332160
88;89.2;87;87;1421165
88.7;88.8;86;87.1;699600
88;88.2;83.62;86.2;1152325
84;84.94;82.6;83.18;751515
82;82.38;80.52;81.2;845610
80.22;83.74;80.04;81.8;1231170
82.6;83;79.9;81.5;956260
82;87.96;80.26;85.6;2506280
86.8;86.86;85.04;86.2;379550
85;88;84.4;86.28;742485
85.38;87.58;84.4;86.44;571225
84.8;85.9;83.96;84;613890
84;87.44;83.2;87.44;1054950
87.36;87.36;84.26;86.2;551460
86.2;89.2;85;88;863865
88;88;83.04;86.2;1200080
87.7;87.7;84;86.24;659470
86;86.54;84.02;86.4;657590
86.4;87;85;85.6;578585
86.42;86.78;84.2;85.76;470270
87;87.8;84.4;86.8;404905
85.4;87.2;84.44;86.5;399260
87;87.8;85.1;86;551460
80;86.6;79.3;85.96;1474040
85.96;86.6;83.2;86.04;1510210
86.2;86.6;83.7;85.3;1046600
85.76;87.8;85;87.8;765615
87;90.88;86.6;89.7;778545
89.6;96.98;89.6;95.2;1326360
95.4;95.4;89.4;90.8;1381685
92.8;93.8;91;92.32;1157110
92.98;94.8;92.4;94.16;671000
94;94.38;90.8;91.6;753565
92.8;92.8;90.02;91.92;378965
92;92.36;88.88;91.52;751130
91.92;91.98;88.58;90.4;513465
90.4;91.6;90.06;91;669350
91;91.64;90.16;90.68;556810
90;90.7;87.04;90.2;648610
90.98;95.3;90.4;92.24;1173165
92.4;94;91;91.44;604595
92.4;94.94;91.5;94.58;795785
94.4;95.96;93.4;94.62;822935
95.4;95.4;93.02;93.86;838150
93.92;93.92;89.78;90.4;1034305
91;91.6;88.84;89.2;601975
90.8;92.98;89.2;89.82;969080
88.9;91.2;88.66;89.4;2354745
89;89.56;87.2;89.4;603790
89.2;89.78;88.2;89.52;519140
89.2;89.4;86.5;89.06;1412205
88.5;89.58;86.8;87.96;1763665
87.24;87.62;85.1;87.44;1705530
86;88.5;86;87.9;471170
88.5;91.2;88.08;90.6;775880
90.6;91.8;89.12;90.4;660700
90.2;92.4;89.42;90;614155
90.76;91.76;89.42;90.58;406985
91;91;85.72;88;1049450
88.76;88.76;86;87.94;635270
87.94;89.4;86.12;87.1;784420
87.6;87.6;85.76;87.12;583445
87.52;88.52;86.88;86.88;471855
89.8;89.8;84;85.9;768810
85.2;85.6;84;85.2;448415
85.62;86.64;83.62;85.16;757265
85.5;86.12;84.1;85;771355
85;89.12;84.4;86.98;1105195
87.2;89.8;86.4;89.5;1064645
88.98;91.46;88;90.96;847065
91.6;91.6;88.12;90.36;597650
90.4;91;89.74;90.88;1127035
89.2;90.6;88.92;89.2;792535
89.4;89.54;85;86.38;1352710
87.9;87.9;84.4;87.15;437375
87.45;87.45;84.2;85.95;546682
87.1;89.35;86.25;86.8;637997
87.8;88.3;85.5;86.4;537686
87;89.8;85.05;88.2;514000
86.75;91.5;86.75;87.9;477883
90.95;92.1;84.05;89.7;1144134
89.9;92;88.85;89.85;1227720
90.4;90.4;87;89.8;809408
91;92.25;90.2;91;696073
91.5;91.5;88.9;89.7;542775
91;91;86.85;88.75;469413
88.75;91.75;88;91.6;699355
91.6;91.6;89.25;91;705813
91.2;91.5;89.05;91.5;1078754
91.5;93;89.55;92;520900
92.9;94.65;91.65;91.8;829236
93.9;94.9;92.65;94.85;1399329
94;94.8;91.9;92.35;377483
92.25;95;90;93.85;699926
93.1;95.75;93.1;94.8;731861
94.8;98.6;93.05;96;749075
95.4;98.7;93.1;93.6;713741
94.8;95;92;92.95;521352
92.65;95.8;92.5;94.6;458233
94.05;96.5;94;96.5;406949
96.75;97;94.5;96.2;470812
96;96.45;94.2;96.45;481714
96.2;97.9;94.6;95.55;530194
97;97;94.2;95.7;379466
95.95;96.4;94.2;95.2;198688
96.2;97.8;95.5;96.1;394449
95.2;96;91;94.5;1469671
93.75;94.5;90.2;92.6;966279
91.5;92.35;88.3;89.75;745363
90.75;90.75;89.15;89.6;745949
90.1;90.25;87.6;90;817382
90;90.35;88.1;89.5;919766
88.9;91.9;88.5;91.45;677500
91.5;92;89.65;90.65;596654
90.5;90.85;88.35;90.2;810791
89.5;90.5;86.8;88.4;1707288
87.4;88.65;85.6;87.4;1208678
87.4;90.4;87.4;90.2;767519
89.8;92.3;88.25;89.3;672664
89.2;90.9;87.2;90.75;652760
90.8;91.4;88.05;88.05;488289
88.05;89.5;87.55;89.15;615100
88.25;90;86.1;87;721029
88.5;88.5;85.6;86;649302
86.9;89.7;85.2;89.4;787780
89.5;89.9;87.3;88;671524
89;90.5;88;89;1437777
89;89.25;86.05;86.05;2993663
86.1;86.3;82.65;84;1404461
84;86.2;83.5;85.4;714706
86.4;86.4;84.5;86;525061
85.95;87.15;83.5;84;1044300
83.1;84.8;81.2;84.55;1200714
86;86;82.05;83.4;731074
82.9;84;81.8;83.15;753768
83;85.4;82.2;85.1;713262
87.2;87.2;83.45;85.3;639421
84.3;88.2;84.3;85.55;1126092
83.6;87.8;83.55;85.55;601445
84.6;87.9;84.6;86.3;604142
85.6;87.5;84.7;85.1;901531
84.65;86.5;84.15;85.15;570193
85.2;85.9;82.6;84.15;535085
84.4;84.45;80;81.1;898027
81.1;83.6;80.7;83.4;947164
82.1;83;81;82.2;728206
83.85;85.1;81.55;83.3;925886
81;81.9;78.25;81.5;1844510
83.5;83.5;79.1;81.6;743761
82.4;83.9;80.05;80.35;2242899
79.8;80.1;78;79;1082149
80;80.9;78.6;80.4;649455
81.5;81.75;79.5;81.4;1448139
81.7;81.9;80.5;81.2;270105
81.2;85;81;83.8;978928
84.5;85.25;80.5;83.05;506017
81.5;84.1;81.5;83.25;396233
84;87.5;83.1;84.45;1124909
83.05;86.05;83.05;84.9;262075
85.8;86.9;85.3;86;737428
87;87.6;85.45;86.6;278046
87.6;88;85.05;85.35;546557
87;87;85.15;86.5;776987
88;88;86.6;87.05;439290
87.9;88;85;85.8;464330
86.8;86.9;85;86;464975
86;86.3;84.2;85.2;490941
84.85;85.95;83.3;83.6;961412
84.4;84.4;79.2;80.5;1096628
80.8;82.1;79.1;81.35;1061892
80.35;82.5;80.25;82;905296
83;83.9;81.5;81.5;697629
82;82.9;80.25;80.5;540267
80.75;81.9;79.15;79.15;501208
80.7;82.2;79.5;81;695039
80.1;82.35;79.5;80.5;1534069
80.5;81.1;76.7;78.15;914173
79;80.8;77.9;79;805472
80.8;81.75;79.6;81;856474
81.65;82.45;78.9;80.1;672665
80.2;80.8;78.7;79.5;697760
79.5;79.5;74.55;76;2378376
76;76.7;72.65;73;1132796
72.95;73;69.15;70.85;1193111
71.9;72.4;68.85;72;1652098
72.05;75.6;72.05;72.6;1325721
73.6;74.3;70.9;72.2;891765
71.5;75.95;71.5;73.5;951167
75.25;77.2;74.75;76.6;882450
76.7;77.15;75.3;77;759855
76.9;77.75;73.9;74.1;686304
74.9;74.9;71.85;72.55;1288066
72.5;74.05;69.85;69.85;997826
70.05;73.85;70.05;73.25;1048281
72.35;74.95;71.8;74;949390
73.7;73.7;69.1;69.1;1274013
69.8;70.3;66.5;67.3;1272386
68.8;69.8;67.5;67.5;1014776
68.2;71.45;68.1;71.45;523963
72;72.45;70.5;71.1;445741
72.8;72.8;68.9;70.5;512733
72.3;72.3;69.2;69.6;472099
69;69;65.2;68.5;1019383
70.1;71.4;68.2;68.5;1362660
69.8;70.5;66.05;66.05;838893
67.2;67.3;63.25;65;913528
65.5;65.85;63.2;64.65;1526156
65;65;62.3;62.75;1084706
63.55;64.4;61.7;64.1;1420915
64.95;68;64.8;67.5;1724805
67.95;69;66.2;67.65;754977
68.4;69;66.1;68.25;1143811
69;72.8;68.5;71.85;1801321
72.9;73.9;71.7;72.3;1532778
72.3;75.5;72.3;72.5;1688338
74;74.2;71;71.7;829830
72.2;72.9;70.9;72.9;937929
73.3;73.5;69.1;69.5;2317667
70;71.5;69;71.5;2326467
69.7;71.25;68.1;69.7;1333023
70.5;71.6;69.2;71.6;1303961
70.5;72.3;70.2;71.45;742292
71.55;71.8;69.6;70.3;705245
71;71.3;68;70;1401731
70.9;70.9;68.1;68.3;750583
68.55;69.4;67.25;68.3;746872
68;68.65;67.1;68.2;863774
68.2;68.95;67.6;68.25;853239
69;69;66.8;67.7;628239
67.7;68;66.6;66.85;438895
66.8;67.95;66.3;67.75;678765
67.1;68.6;67.05;67.3;779892
67.9;68.15;67.1;67.45;243162
67.4;69.85;66.65;69.85;752696
69.55;70;67;67;853885
67.3;68.8;67.3;68;405359
68.35;69.3;66.3;67.2;618890
66.7;67.8;66;66.35;635561
66.35;67.7;66;66.35;706954
66.5;67.7;65.55;65.55;904946
66.5;67.35;65.5;67.35;3244667
67.9;69.5;67;68;1142887
67.65;68.75;66.35;66.75;872252
66.05;66.65;64.1;65.1;1075920
65.7;65.7;63.15;64.05;640382
64.6;64.7;62.75;63.5;772767
63.4;64.3;62.55;64.2;1503094
61.9;64.4;60.75;63.2;2363582
63.4;64.7;62.9;64.1;1772157
63.6;64.55;61.85;61.85;791266
61.5;61.85;57.9;58.5;1406505
57.55;57.9;56;57.5;1254974
57.5;58.45;54.55;56.25;1319845
56.5;57.4;54.2;55.7;1620622
56.5;56.9;55.55;55.55;1230823
55.85;56.85;53.6;53.6;1077556
54.25;57;54.25;56.65;1667219
55.7;56.9;54.75;55.5;1385194
55;55.5;52;52.7;1361445
53.7;54.4;52.8;53.75;1811070
54;57.3;53.05;56.3;2223292
57;59.6;56.2;59.4;1596730
59.6;60.9;57.75;57.9;1244694
57.45;58.8;55.3;58;1108833
57.9;59.2;56.55;57;1271838
57.9;58;55.75;57.75;613906
57.8;57.8;54.55;55.05;873339
54;56.4;52.3;56;1249023
56.8;58.1;56;56.9;1132171
58.85;58.9;57.1;57.4;783756
57.9;59.75;57.5;59;735933
59.8;61;58.8;60.85;797745
61.1;61.15;59.1;60.65;1101337
60.5;61.15;58.9;59.35;824345
58.25;59.35;56.55;59.2;684410
59.75;63.15;59.45;63;1480578
63;63.45;62;62;1341309
62.8;63.5;60.5;60.95;686903
61.8;62.3;60.45;60.5;733877
60.6;62.4;60.55;61.5;1352041
62.5;62.8;61.5;62.15;1259380
63;65.4;62.75;65;1771932
64.85;68.15;64.3;68.15;2179669
68.4;69.9;68.15;69.6;1766594
70;70.5;67.9;68.65;1543356
69;69.2;66.1;66.4;1426197
66.85;67.55;65.6;67.55;1444514
68.75;69.2;68;68.85;561637
68.75;69.5;68.1;68.45;1105556
68;68.5;66.2;68.2;956300
66.85;70.6;66.85;70.6;1792777
70;71.25;68.9;69.5;1092342
68.5;69.4;64.45;64.9;1809040
64.6;65.5;63.45;64.5;2101884
64.3;64.5;61.95;63.9;2054887
65.95;67;65.25;65.9;1333526
65.6;67.75;65.6;67;1237904
67.75;67.75;66.35;67.05;848109
67.9;69.9;67.3;69.9;1861975
69.7;70.25;68.55;68.55;916408
68.65;69.9;68.2;68.55;387135
68.7;69;67.1;67.8;641186
68;69;67;68.25;642321
68.1;69.3;66.8;67.25;1474931
67.25;68.15;67.15;67.3;3187327
66.6;67.25;66;67;1677844
67.3;67.3;65.6;65.95;1023947
65.2;67.65;65.2;66.7;872358
67;67.5;66.4;66.5;2101330
66;66.2;64.6;65.55;1125438
65.6;67.6;65.55;65.6;747944
65.9;66.45;65.25;65.85;1023542
65.3;65.75;63.8;64.15;848294
64.6;65.6;63.95;65.05;1303917
65;66;63.6;63.6;1058677
63.8;64.3;61.9;61.9;1462119
62.3;63.2;61;61;652147
59.5;62.6;58.3;61.35;2017040
61.35;61.9;59.65;59.95;1162969
61.2;61.55;59.1;59.2;1110132
59.9;59.9;58.1;59.9;957549
60.15;60.75;59.15;59.95;995129
60.4;60.4;58.15;58.95;1399159
59.65;60.8;58.75;59.7;1028209
60.25;60.25;57.9;60;1472834
60.05;60.2;58.5;59.5;1285865
59.25;59.45;58;59;1260246
59;59.9;58.5;59;975638
59.2;59.6;55.35;56;1849288
56;56.8;54.9;56.45;1517652
55.1;55.8;53;53;1858215
55;57.1;53.25;57;2155574
57.9;57.9;55.35;55.6;1820801
54.8;56.4;54.8;55.7;1153445
56.75;57.8;56;57.1;1380254
58;58.45;55.9;57.8;915498
57.85;58.45;56.8;58.15;655499
57.2;57.8;56.5;57.4;880531
57.25;57.5;55.5;56.45;1256971
56;57.8;55.55;57.6;890913
57.5;57.6;56.1;57.2;601416
56.4;58.15;56.1;57.1;723139
56.9;57.9;56.2;56.2;589302
56.9;57.45;55.5;55.8;599574
56.7;56.8;55.5;56.5;1575979
56.8;57.8;56.15;57.3;1653480
58;60.4;57.6;60.15;1435560
59.9;61;58.9;60.5;1008213
59.8;60.05;58.15;58.4;882381
58.45;60.3;58.15;59.1;1324753
59.1;59.65;58.1;58.1;802935
58;59.5;58;58.5;733299
58.7;59.15;57.5;58.95;491556
59;59;57.5;57.5;436637
57.15;57.15;55.85;56.1;1018636
56.2;57;55.15;55.65;611247
56;56.7;55.35;56.05;633881
56.5;57.95;56.5;57.25;550718
56.85;57.7;56.65;56.8;311118
56.45;56.8;55.3;55.65;578625
56.05;56.4;54.5;55;685333
54.9;55.55;53.8;55.15;677011
55.45;55.9;54.75;55.1;583268
54.35;56.95;54;55.75;964167
55.9;56.45;55.2;55.7;536864
56.15;58.25;56.1;57.55;1061330
57.1;58.95;57.1;57.2;481599
57.05;58.9;56.05;56.05;1378267
56.05;57;55.15;56.7;4794715
56.3;56.85;54.2;54.2;1234141
54.2;54.9;53.25;53.45;1030055
53.35;53.4;52.35;52.6;1113105
53.05;54.3;52.7;54;985983
54;54.6;52.5;52.65;1295646
53;53.25;49.3;50.85;1635445
50.75;51.5;47.3;49.15;2301348
48.57;49.87;46.8;49.19;2061230
50.2;51.6;43.7;45.34;3074930
41.5;44.6;38.73;43.08;3988783
41.8;43.08;38.4;40.81;3970229
40.75;41.95;36.7;37.96;3932969
36.5;39.93;35.3;37.22;2333157
36.14;37.59;34.63;36.23;3464668
36.55;36.65;34.85;35.47;1426955
35.05;35.79;32.37;32.37;2548277
31.6;32;28.4;28.4;4688057
30;33.2;29.5;33.2;3168667
31.35;35.8;31.11;35.01;3812744
35.35;35.74;33.15;35.25;2554234
34.6;35.39;33.8;34.28;1891755
34.95;36.39;34.6;34.9;2108110
35.75;35.75;33.63;34;1205418
34;34.4;32.27;33.27;1315315
33.15;33.75;31.02;33.55;1681253
35.25;37.45;35.1;37.45;1889241
36.4;36.58;35.6;36.27;2466500
35.95;35.95;34.5;35.3;1560674
34.5;35.33;33.4;34.97;2061520
34;37.17;33.5;36.63;2156735
37.2;38.39;36.75;37.35;2125037
38.1;39.6;36.96;38.83;2722630
37.9;37.9;35.5;36.5;1868312
35.69;38.95;34.85;38.95;4134864
39.5;41.25;39.15;40;2793779
38.39;41.15;38;40.95;2438560
40.11;41;38.8;39;882226
39.49;40.25;39.01;40;553464
40.7;41.8;40.22;41.6;1388128
41.99;44.6;41.31;44.4;2374469
44.7;45.3;41.95;42.79;2494793
44;44;42.01;42.6;1788997
42.1;42.34;39.5;39.5;1251095
38;38.88;37.63;38.22;2928805
38.33;41.5;37.5;39.17;1970829
38.75;39.82;38.44;39.39;544837
40.25;40.25;39.12;39.55;1387470
39;41.45;39;41.37;1369573
41.14;41.7;41.02;41.19;1137720
41.6;41.94;40.83;41.9;1183724
41.95;43.27;41.51;43.23;2469358
41.76;43.1;41.76;42.09;1792262
40;40.78;38.3;40.78;5328961
40.51;44.1;40.51;43.59;3601735
43.59;46.2;43.59;46.2;3139349
45.85;47.74;45.85;46.8;1948069
46.95;47;44.81;45.8;1800616
46.2;50;45.81;49.3;1862291
49.75;49.75;46.34;47.3;1979332
46.83;47.94;46.04;46.05;4467896
46;47.6;45.93;47.09;773485
47.31;47.61;45.85;46.4;1333368
46.9;47.47;46.85;47.42;1610910
47.65;47.69;45.8;46.09;1274530
45.25;46.1;43.7;44.1;1743453
43.95;44.8;43.25;43.56;1875770
43.7;45.69;43.7;45.33;2648541
45;45.1;43.01;44.1;1400496
43.64;44.68;43.62;44.68;803145
45.55;49.45;45.22;48.4;1961831
49.25;49.5;48.31;49.17;1815377
48.71;50.15;48.71;49.65;1178718
48.51;48.99;47.2;47.5;1240649
47.98;48.25;46.5;47.9;1278068
48.69;48.97;47.15;47.15;841797
47.5;47.75;44.8;45.69;2279570
44.65;44.8;43.33;43.7;1417596
43.8;45.83;43.11;45.83;976724
45.1;46.4;44.62;44.85;1664394
45;45.55;44.01;44.85;750936
43.76;44.59;43.5;44.25;1001180
43.2;44.1;42.75;43.62;1415835
43.62;44.95;43.51;44.27;169824
44.3;45.4;44.25;44.92;1202154
45.5;46.2;45.16;45.7;900401
45.68;47.23;45.37;46.6;888078
47.5;48.75;47.22;48.16;1440331
48.18;49.88;48.18;49.27;2541547
49.3;49.66;48.34;48.65;1240074
47.7;48.1;46.45;47.25;2491970
47.06;47.6;46.44;47.58;1133714
46;46.8;45.32;45.9;2016224
45.72;46.28;45;45.35;1435879
45.39;45.48;44.71;45;961608
44.9;46.19;44.03;45.21;1551187
44.71;45.2;43.6;44.56;1373014
44.56;44.9;43.4;44;1419330
43.49;43.89;42.23;43.16;1294249
42.9;44;42.16;43.12;1098765
43.11;44.53;42.58;43.86;1475449
42.7;45.4;42.15;45;2161133
45.62;47.75;45.35;47.14;4117519
47;47.55;46.22;47.01;1438267
47.25;47.96;47.13;47.22;1142685
46.8;47.9;45.63;46.1;1346446
45.2;45.88;44.91;45.79;1311798
46;46.86;45.16;46.7;1394203
46.4;47.77;46.4;47.2;932743
47.09;47.2;46.22;46.9;892228
46;46.5;44.91;45.85;1182172
45.53;45.53;43.8;44;1974253
44;44.6;42.99;44.6;2186914
44.5;45.1;43.56;45.1;1266155
45.2;46.89;45.08;46.83;1163538
46.5;47.19;46.07;46.59;1340158
46.35;48.27;46.24;47.25;1481461
47.6;49.44;47.01;48.99;2111295
48.6;48.89;48.02;48.07;1506440
47.42;48.48;47.42;48;480969
47.77;47.77;45.81;46.3;2748449
47;48.08;46.96;47.85;2584015
48.5;48.6;48;48.25;1471402
47.85;48.95;47.75;48.5;1111582
48.88;51.5;48.8;51.5;2735446
52.3;54.15;51.85;52.5;3898001
52.5;53.9;52.35;53.5;1462804
53.6;54.9;52.7;54;2116380
53.45;54.7;53.4;54.25;1012117
54.35;58.2;54.3;57.8;2804381
58.35;58.75;56.65;58.4;2885656
58;58.1;56.1;57.25;2536672
57.6;60.5;57;59.8;3341351
58.45;60;56.7;59.85;4964585
59;59.7;58.5;59.25;2187862
59;59.05;57.4;58.1;1847844
57.8;58.5;56.85;57.8;1431950
57.35;58.65;57.35;58.3;1160774
58.1;60.1;58;60.1;1535234
59.9;61.6;59.9;60.95;2086700
60.6;60.95;60.15;60.95;1348217
60.4;61;59.65;59.8;1442539
59.25;59.8;58.5;59.35;1896259
59.3;59.85;58.6;59.45;1223056
59.7;60.4;59;59.5;960069
58.85;59.85;58.2;58.5;1465634
58.5;58.55;57.2;57.95;1571753
58.4;58.5;57.8;58.4;2960064
57.9;58.6;57.2;57.95;1141325
57.95;59;56.45;58.6;1792554
58;58.5;56.6;57.05;1138305
56.5;57.35;56;56.6;963337
55.85;56.6;54.7;54.8;1034718
53.8;55.45;53.3;55.05;5568330
55;56.1;54.2;56;1754954
56.25;56.25;54.9;54.9;1125825
55;56.55;54.7;55.6;1142459
56.3;56.75;55.95;56.35;782050
56.3;57.2;56.25;57.2;1652377
57.25;58;57.05;57.1;1224778
57;57.75;56.3;56.8;996538
56.3;56.5;55.55;56.5;799785
56.6;57;55.8;56.55;761142
57;58.2;56.6;57.5;1918883
57.7;58.15;56.3;56.75;1361870
56.9;57.6;55.9;57.5;1553546
57.6;58;57.15;57.25;2154423
57.5;57.55;56.85;57.2;1328463
57.2;58.2;56.75;58.05;3709069
58.25;59.3;58.1;58.7;1396724
58.75;60.1;58.1;58.25;1900298
58.65;58.65;57.6;57.9;930942
57.5;57.8;56.1;57.2;1820164
57.9;58.35;57.65;58.05;1150117
58.15;58.3;57.95;58.3;570310
58.05;58.55;58;58.3;904781
57.8;59.3;57.8;59.3;1396927
59.3;60;58.9;59.75;1297983
60;60.6;57.05;59.15;2824779
59.1;59.7;58.85;59.7;956752
59.7;61.55;59.5;60.5;1829108
60.95;60.95;59.15;59.35;664350
59.45;60.7;59.15;60.7;1299548
60.3;60.95;58.8;58.8;1491112
59.25;59.25;58.1;58.35;1769253
59.5;61.1;59.3;60.8;3884691
60.3;61.45;60.25;60.5;986840
60.45;61.3;59.8;59.9;1992534
59.6;60.3;59.15;59.8;3495431
59.95;59.95;57.5;57.5;1899410
57.5;57.75;56.55;56.75;2933266
56.3;57.85;56.3;57.05;962214
56;56;54.15;54.15;2123801
54.75;55.4;54.15;54.2;2724174
54.3;56;54.2;54.6;2368491
53.55;53.6;52.3;52.5;2225140
53.1;53.85;52.6;53;891662
53;54.7;52.8;54.45;1811884
53.95;54;52.75;53.15;1235996
53.75;53.75;50.2;50.5;1892806
50.2;50.6;47.9;48.64;3355335
49.1;51.3;48.8;50.3;1368554
51.5;51.9;50.5;51.7;1601504
50.45;51.4;49.75;51.4;2029315
50.7;51.4;49.15;49.65;2127865
48.86;49.85;47.9;48.63;2670226
48.82;48.82;46.5;47.24;2363076
47.64;48.5;47.11;48.36;1776089
47;48.49;45.55;48.06;2944790
48.9;50.1;47.79;49;2227536
50.2;51;49.1;51;2095754
50.05;51.7;50.05;50.45;1172762
49.5;50.7;48.73;49.39;1292576
48.8;48.9;46.5;47.3;2408024
48.1;48.5;45.52;46.25;1996451
46.99;47.34;45.8;47.33;2211389
47.33;47.33;45.5;46.88;2026711
46.51;47.97;45.7;46.52;1277790
45;45.4;43.55;43.85;2520521
42.8;44.77;42.02;43.52;2387424
45.2;45.35;41.5;42.09;2108358
42.09;42.91;39.55;39.81;1898886
40.68;41.98;38.51;41.25;3333619
40.54;44.88;40.54;43.4;4192072
44.1;47.11;43.83;46.32;3436084
46.5;46.5;44.2;44.95;2315195
44;44.38;42.32;42.32;2116531
42.32;43.42;40.28;40.96;2253563
40.03;41.8;38.86;41.6;3892369
43.76;44.4;41.8;42.74;2810394
42.68;43.3;40.7;42.5;1491301
43.15;45.76;42.55;45.76;2446115
46.59;46.9;44.4;45.15;2114179
46.21;47.4;44.11;45.1;2233021
45.1;45.6;42.23;42.35;2112409
42.89;43.5;41.9;42.44;1870403
42.75;42.75;39.55;39.55;2238417
38.75;42;38.15;41.55;3531718
41.5;43.29;41.29;42.23;2024817
42.53;44.1;41.11;42;2200292
42.88;43.68;42.35;43.51;1268019
43.47;43.49;42;42.23;736845
42.89;43.2;41.2;42.73;732937
41.47;42;40.84;41.33;1039092
42.6;43.86;42.5;43.15;1053091
43.4;43.75;41.81;42.85;934495
43.1;44.22;41.93;43.99;1193019
43.59;44.35;42.5;42.79;978821
42.69;44.83;42.69;44.35;1316062
43.62;47.19;43.62;46.48;2307508
47.1;47.4;45.02;45.65;913242
45;45.88;44.7;44.75;634568
44.85;46.3;44.65;45.5;1056279
44.6;44.8;43.5;43.93;3970198
43.07;43.9;42.17;42.55;1515717
43.4;43.44;41.8;42.47;1336750
42.4;42.5;41.51;41.8;871321
41.39;41.75;40.07;40.07;1949413
40.57;41.16;39.35;40.85;1897482
41.28;41.61;39.13;39.5;1917552
40.29;41.05;38.7;40.9;1668357
40.6;40.89;40.1;40.36;896429
40.95;42.47;40.61;42.15;1348221
42.6;44.16;42.02;43.75;1553085
44.05;44.7;42.75;43.5;2594526
43.44;43.64;41.62;41.78;1661124
42.1;42.9;41;41.18;1225584
43.2;43.3;41.25;41.57;1535372
40.98;41.51;40;40.36;1924569
40.53;41.1;38.59;38.6;2267374
38.45;39.9;38;38.54;1851349
39;39.46;37.75;38.1;1950163
38.11;39.08;36.25;36.57;3326057
36.01;38.05;35.51;36.1;2517964
36;38.23;35.96;38.23;2450369
37.81;38.98;37.55;38.4;1705186
37.59;38.2;36.31;36.9;2172356
36.9;37.59;35.1;35.75;1547115
37.45;37.45;35.71;36.66;1989515
36.25;37.19;35.26;35.77;1947609
35.57;36.18;34.15;34.75;1766910
34.2;34.83;33.52;34.25;1578132
34.2;35.4;33.12;33.54;2069343
33.63;33.63;31.7;32.48;2366748
31.61;33.96;31.61;33.64;2205818
34.1;37.49;33.8;37.1;3918339
36.5;38.1;36.21;36.93;2275329
37.2;41.3;37.14;41.27;3319315
40.8;42.95;40.4;40.99;2298884
41.5;44.09;41.5;43.4;2187230
44.28;44.3;41.55;42.37;2135986
42.1;43.8;41.4;43.63;1376300
44;45.2;43.5;43.75;1653856
44.39;44.5;42.22;42.29;1738720
42.65;43.87;42.65;43.16;1670787
42.01;43.45;42.01;43.03;1168001
43.99;44.4;43.5;43.95;1796209
43.51;44.77;41.65;41.99;2083088
42.5;44.62;41.4;44.3;1703162
44.45;46.05;43.7;45.33;2691531
44.8;46.17;43.73;45.79;937959
46;47.2;45.88;47.06;1795734
46.25;47;45.95;46.2;1241724
46.9;47.25;44.84;45.64;1593295
45.5;45.75;42.61;43.05;2773318
43;43.66;42;42.2;1428451
42.1;42.73;41.6;41.98;782600
41.41;42.75;40.8;41.75;1871142
41.17;41.94;40.08;41.25;1249063
41.5;43.63;41.02;43.51;2065121
43.77;45;43.7;44.1;1313426
44.16;45.2;43.4;44.14;800045
43.45;44.34;42.71;43.4;1018000
43.22;44.37;42.5;43.68;957262
44.9;46.26;44.8;46.21;1800129
46.34;46.75;44.84;46.29;1456202
46.7;46.94;45.5;46.45;789016
46.5;46.65;44.4;44.78;1991027
45.75;46.85;44.1;46.6;4891442
47;48.5;46.53;47.75;1702803
48.15;48.39;46.85;47.4;1190265
47.74;49.46;46.66;46.7;1927500
46.04;46.95;45.2;45.38;1858567
45;45.39;44.19;44.98;1711642
45.44;45.44;43.05;43.21;1542315
43.2;43.5;41.63;43.25;1741587
42.75;42.75;41.26;42;2394554
41.81;42.45;41.18;42.13;1506411
43.02;43.45;41.9;43.38;1340981
43.6;43.75;42.14;42.65;1728808
42.9;42.9;40.78;41.25;1427566
41.05;42.5;40.7;41.73;1388343
41.65;42.41;40.58;40.92;1632584
40.9;40.9;39.6;39.79;1714380
39.5;40.97;38.68;39.55;1466666
39.8;40.37;38.7;39.88;1045001
40.17;40.88;39.88;40.41;790043
41;41;39.49;39.81;245503
39.47;40.19;38.65;38.72;587940
38.69;39.79;38.6;39.41;1089535
39.85;39.85;38.74;39.15;711554
38.94;41.14;38.85;41.14;876896
41.37;41.78;40.51;41.02;1554833
41.04;41.9;39.72;40.7;1076475
41.05;41.08;39.58;39.67;1140113
39.4;39.91;37.75;38.25;1612740
37.95;38;36.55;37.66;3276440
37.87;39.03;37.8;38.37;1601894
38.83;39.5;37.93;38.05;938623
38.1;39.48;38.1;38.84;1368558
39.5;40.2;37.67;38.23;2065846
38.2;39.37;37.93;38.31;1462217
38.11;38.49;36.92;37.33;1535078
37.28;37.5;36.85;37.21;904607
37.25;37.53;36.31;36.67;2391273
36.83;37.43;35.69;35.74;1872279
37.47;38.18;36.44;36.7;3495050
37.07;38.2;36.35;37.87;3003836
37.58;37.61;35.95;36.22;3744022
36.49;36.94;35.65;35.82;2174965
35.54;37.04;35.25;36.43;2321406
36.7;39.09;36.7;38.7;2647612
38.27;39.83;37.64;39.38;1882316
39.99;40.31;39.53;39.75;1375518
39.4;39.7;38.55;38.69;1502294
38.8;39.74;38.15;39.54;990353
39.2;40.94;38.35;38.6;1925776
39;39.5;38.26;39.25;1895792
39.39;39.39;37.55;38;1452622
38.71;39.07;38.29;38.89;1008946
38.3;39.04;37.9;38.11;1063507
37.54;38.25;37.22;37.67;1225346
37.26;39.88;37.26;39.15;1909185
39.92;40;39.01;39.7;610562
40;40.39;39.1;40.18;1119420
39.86;40.45;39.2;39.29;1017228
39.29;39.98;38.66;38.9;872354
38.61;39.39;38.32;39.11;1062087
39;39.26;38.3;38.3;584509
37.91;38.3;36.57;36.91;1872990
37.4;37.4;36.7;36.7;4141990
36.37;37.87;36.29;37.66;1477683
37.82;38.5;37.08;38.32;1354172
38.51;39.78;38.51;39.48;2258165
39;39.2;38.3;38.78;1740102
38.2;38.42;37.41;38.08;1620619
38.8;38.97;37.97;38.2;2803805
38.2;38.29;37.24;37.45;1403679
37.17;38.03;36.86;37.6;1244770
37.82;37.92;36.7;37.2;1679069
37.01;37.45;35.63;35.85;2250278
36.03;37.93;35.9;37.93;2183781
38.78;40.68;38.2;40.61;3723567
39.15;42.49;39.14;42.07;2725707
42.01;43.45;41.15;41.45;2814491
42.39;42.99;41.37;42.24;1703451
41.05;42.4;40.65;40.7;2522516
41.2;42;41;41.5;2054978
40.9;41.6;39.63;39.8;2192679
39.6;40.24;39.05;40;1618678
40.4;40.8;39.6;40.4;1718385
40.05;40.15;38.8;39.05;2201501
38.8;39.2;37.71;38.01;3021657
37.4;37.4;35.92;36.16;2845115
36.6;36.6;33.97;34.8;3935097
35.4;36.36;34.05;35.05;4022132
35.25;37.43;35.1;36.75;4031477
36.94;37.47;36;36.81;2113938
37.71;39.18;37.71;39;3209021
37.9;38.88;37.42;38.1;4031021
37.7;40.44;37.68;39.56;4632142
39.33;39.95;38.72;38.86;2767904
38.86;40.39;38.86;39.36;2522010
39.17;39.79;38.66;39.4;1383711
39.9;40.6;39.56;39.75;1891493
40.69;41;40.01;40.27;2908082
39.43;40.78;39.43;40.4;1054197
40.08;40.36;38.7;39.54;1702443
40.13;40.54;38.8;39.4;2243858
38.76;38.94;37.55;37.8;2999687
37.76;37.98;36.36;37.39;2617540
36.74;38.53;36.74;38.25;2495753
38.95;39.35;38.37;38.6;2994991
38.8;39.33;37.8;39.1;2116842
38.76;39.3;38.05;38.9;1436464
39.32;39.9;38.83;38.95;1017417
38.4;39.64;38.4;39.6;1447677
39.25;39.99;39.13;39.35;3242767
39.15;39.8;38.17;38.56;1513594
38.41;39.43;38.25;39.38;1245432
39.41;39.89;38.63;39.34;1355016
39.5;40.1;39.12;39.8;1555406
39.69;40.55;39.22;40.01;1880666
39.8;42.57;39.42;42.45;5023766
42.79;44.11;42.7;43;5795809
42.28;42.47;41.72;41.9;1960941
41.82;42.14;41.36;41.75;1619526
41.99;42.22;40.98;42.22;4126005
42.18;42.73;41.83;42.25;2433345
42.74;42.89;42;42.4;1492226
42.05;42.88;42.02;42.1;2096722
42.15;42.74;41.11;42.23;2379645
42.3;43.01;42.12;42.58;2665031
42.79;43.67;42.28;43.12;853321
42.77;43.86;42.35;43.62;1558879
43.64;44.79;43.64;44.47;2678756
44.03;44.4;43.51;44.4;1317701
44.5;44.87;43.9;44.31;1623322
44.02;44.38;43.61;43.93;2182399
44;45.24;44;44.73;1754208
44.75;45.02;44.37;44.85;1789594
44.85;44.95;44.6;44.93;2260188
45.48;45.5;44.5;44.95;2030003
44.95;45.75;44.69;45.24;1708382
45.21;45.48;44.6;44.97;1284283
44.63;45.45;44.24;45.45;2031532
45.62;45.79;45.26;45.68;1779780
45.95;46;45.51;45.9;1588793
46;46.25;45.72;46.01;2322231
45.7;46.1;45.3;45.9;2592004
45.56;45.9;44.57;45;1334682
45;45.16;43.99;44.31;2748611
44.63;44.93;43.75;43.95;2063174
43.32;44.88;43.32;43.92;992504
44.24;44.7;43.95;44.41;1761529
44.44;44.83;42.97;43.19;2424339
43.59;43.85;42.45;42.8;1534919
42.8;44;42.8;43.89;2462106
44.2;44.54;43.08;43.61;1827959
43.91;44.38;43.52;44.09;770397
44.4;46.3;44.3;46.2;1773214
46.2;46.86;45.71;45.84;1753221
45.8;45.98;45.11;45.5;1193518
45.19;45.48;44.55;44.9;1463858
44.59;46.88;44.55;46.7;2023036
46.73;47.5;46.3;47.41;1278160
47.4;49.02;47.1;48.55;2169223
48.62;49.35;47.81;48.14;2140496
47.5;47.9;46.56;47.18;2082515
46.88;47.8;46.88;47.25;1252908
47.5;47.61;46.3;46.5;1123323
46.77;46.98;46.4;46.8;1047882
46.61;47.25;46.26;46.5;917595
45.75;48;45.52;47.69;2486917
47.02;48.19;47.02;47.39;1465799
47.68;48.8;47.5;48.61;1464654
48.57;49.38;47.82;48.22;2319503
48.15;48.93;48.02;48.58;1290821
48.35;49.42;48.13;48.78;1970454
48.45;49.46;48.41;49.14;1435291
49.08;49.89;48.43;48.68;1020219
49;49.24;48.36;48.63;1012623
47.89;48.48;47.5;47.71;1375953
48.37;48.37;47.1;47.49;1242731
47.7;48.1;47.25;47.5;1175291
47.39;48.21;47.24;47.79;729385
48.04;48.39;47.85;48.12;768228
48.49;48.49;47.74;48.03;684034
48.15;48.7;47.64;48.6;735988
48.8;49.37;48.31;48.71;616474
49.03;49.1;48.25;49;552255
49.01;50.5;48.73;50.3;1630503
50.35;51.3;50;51;1386593
51.25;53.8;51.15;53.05;2937660
53.15;54.65;53.1;53.55;2100916
52.75;53.3;52.3;52.85;866573
52.7;53.8;52.7;53.2;1633030
53.45;54.6;53.45;54.3;1542643
54.2;55.7;54.15;55;2197200
55.5;55.7;54.15;54.75;1641301
55;56;54.85;54.85;1092965
55.45;55.85;54.85;55.75;1610654
55.95;56.95;55.6;56.55;1510787
56.45;56.9;54.7;55.25;1680772
55.35;55.5;54.35;55;1367523
55;56.15;54.65;55.3;1233534
56.1;56.8;54.9;55.6;2106660
55.5;55.5;53.7;53.8;1933024
53.5;54.85;53.35;54.3;1295595
54.3;54.5;52.4;53.7;3927827
53.75;54.35;52.95;53.95;946797
54.3;54.85;53.65;54.65;1023128
54.7;55;54.45;54.5;976084
54.8;54.9;53.8;54.8;932251
55;55.4;54.2;54.75;1594152
54.25;54.6;53.15;53.3;1245553
53.7;54.15;52.8;53.75;2190580
54.35;54.6;53.95;54.45;1320637
53.45;54.2;52.9;53.5;1932666
53.05;53.4;51.85;52.6;1786271
52.9;53.9;52.3;53.4;1411195
53;54.25;52.8;53.35;3062665
53;53.4;52.7;53.2;1688583
53.55;54.55;53.3;53.5;1916776
53.4;55.5;53.35;55.4;1590188
55.6;56.65;54.85;56.45;1415999
56.5;56.5;54.75;55.4;1145271
54.8;56.4;54.75;55.85;1145149
56;57.35;55.65;57.3;1335947
56.9;57.4;56.65;57.25;888515
57;58.6;57;58.15;1348126
59;59.05;57.35;57.9;1865120
58.3;59.9;58.2;59.35;2276356
58.75;59.8;58.6;59;1079717
59.6;59.8;58.25;58.35;1072907
58.2;58.95;57.1;57.5;1714575
58.1;58.85;57.65;58.6;1325548
58.55;58.75;57.3;57.7;1609909
57;57.3;56.35;56.85;1671185
57.2;57.35;56.6;57.1;791580
57.85;58.05;57.2;57.75;934183
57.9;59;57.9;58.35;1417286
59;59.45;58.35;59.4;1358597
59.45;60.7;58.85;60.25;1723588
60.25;60.5;59.25;59.45;1064068
59.6;61.25;59.35;60.95;1582483
60.95;61.4;59.8;60.35;1160349
59.9;60.3;59.3;59.65;1093459
60;60.75;59.25;60.1;1137574
60.75;61.55;60.25;60.85;1467862
60.1;61.45;60.1;60.35;840767
59.85;60.25;59.35;59.9;789546
59.9;60.6;59.55;60.4;977831
60.6;61;59.35;59.75;1732659
59.3;60.45;59.3;60.15;1945092
59.2;59.75;57.9;58;1572339
58.15;58.6;57.3;57.6;974134
57;57;56.2;56.8;2005301
57.25;57.25;55.3;56.35;1868686
56.1;56.5;55.55;56.35;1268269
56.4;57.6;56;57.35;1336310
57.3;58.35;57.3;57.6;1452833
57.7;58.25;57.05;57.15;5909831
57.1;57.95;57.1;57.75;963448
57.05;57.6;56.5;57.45;7183691
57.95;59.2;57.75;59;1679555
58.7;59.3;58.5;59.05;1665018
59.1;59.55;58.45;59.4;1416580
59.1;59.3;58.1;59.25;1286454
58.7;58.9;57.75;58;1068288
57.6;57.7;56.85;57.2;1065244
57.65;58;56.65;56.85;1778443
56.65;56.9;55.6;56.5;1475281
56.7;56.8;55.65;56.5;1190168
56.6;57.15;55.95;56.4;860036
57.65;58.2;56.85;57.05;2011087
56.85;57.4;56.6;56.6;1068016
56.6;57;56;56.2;1428306
55.75;56.85;55.75;56.35;1030832
56.8;57.2;56.6;56.95;2031124
56.8;57.1;55.75;55.9;1356598
56.15;56.9;56;56.65;827262
56.3;56.85;56.3;56.5;263828
56.5;57;56.1;56.7;608948
57.25;57.5;56.9;57.45;847413
56.85;57.8;56.85;57.7;535358
57.85;58.35;57.35;58.05;508953
58;58.65;57.7;58.45;947139
58.25;58.85;57.7;58.3;795686
58.85;58.85;57.7;58.2;1439634
58.1;59.8;58.1;59.75;1720002
60;60.65;58.8;59.05;1585540
59;59.45;58.3;58.35;1410581
58.8;59.4;58.55;59.25;1055117
58.9;60.5;58.9;60.05;1831092
59.75;60.3;59.65;60.1;1033254
60.75;61.25;60.4;61.1;1628650
61;61.5;61;61.3;868285
61.55;63.45;61.25;62.3;2645545
62.65;62.95;62;62.75;1719198
63.1;63.2;60.9;62;3443389
61.7;62;60.65;61.2;2206235
61.15;61.35;60.4;60.95;653717
61.7;61.7;60.45;60.55;1544874
59.8;60.3;59.6;60.15;1634384
60.65;60.65;58.9;59.2;1774070
59.1;59.3;57.9;57.9;2009245
58.05;58.25;57.5;57.9;1458771
57.45;57.85;56.6;56.95;2018053
56.5;57.25;56.45;57;1299712
56.9;58.2;56.8;57.55;1423906
58.1;58.4;56.75;57;1538512
57.45;59.15;57;58.8;1516424
59.5;59.75;58.75;59.6;1501580
59.8;60.35;59;59.95;1385035
60.2;60.4;59.2;59.75;1534613
59.5;60.05;58.8;59.3;959467
59.1;59.65;58.9;59.6;493064
59.75;59.9;59.25;59.55;1201509
59.7;61.15;59.35;60.6;1729808
60.25;61.55;60.25;61.5;1544277
61.3;61.55;61.05;61.25;1505644
61.5;62.25;61.3;61.85;870940
61.5;62.5;60.4;60.75;2033732
60.75;61.1;59.9;60.35;1053029
60.15;61;60.15;60.5;792917
61;62.1;61;61.5;1280713
61.45;62.25;61.45;61.85;953370
62.1;62.5;61.6;62.5;1026743
61.75;62.5;60.35;61.95;2640128
61.55;62;61.45;61.95;787764
61.95;62.25;61.05;61.55;1321548
61.6;62;61.35;61.85;532629
61.35;61.9;61;61.15;714152
60.6;61.6;60.15;60.85;1075137
60.3;60.5;57.75;59;2940153
58.05;58.8;57.3;58.7;2384321
58.65;58.7;56.7;57.1;1473109
56.9;58.1;56.75;57.75;1599498
58.2;59.3;58;58.95;1827237
58.8;59;57.9;58;1207162
58.55;58.55;57.5;57.7;1132428
57.1;57.8;55.65;56.5;2098077
56.2;56.95;55.9;56.25;1339505
56.25;56.7;55.2;55.75;1604624
56.1;57.3;56;57.2;1627263
58.15;58.15;57.25;57.85;1692070
57.95;58.75;57.6;58.35;1199590
58.35;59.3;58;59.2;1769884
59.5;60.45;58.7;59.8;2358581
60.1;60.3;59.15;60;1698346
60.25;60.95;59.5;60.35;1377214
60.75;61.65;60.4;61.5;1527572
61.6;61.6;60.65;61.2;1477413
61.15;61.55;60.85;61.25;1287116
61.6;61.85;59.9;60.4;2317227
61.2;61.9;60.9;61.55;1720002
61.45;61.45;60.35;60.95;2047366
60.75;60.85;59.9;60;1707777
60.6;61.05;60.2;60.6;1799580
60.7;60.9;60.35;60.9;726625
61.3;61.9;60.9;61.35;1407974
60.7;60.9;60.15;60.25;3007187
60.4;60.6;59.55;60.15;1900087
60.65;61.15;60.4;60.8;1399305
60.8;61.3;60.45;60.75;1046327
60.75;61.25;60.35;60.85;1056301
60.2;60.65;59.65;59.95;1248232
60.1;60.1;59.25;59.5;1489214
59.5;59.55;58.6;58.8;1463090
58.4;59;58.3;58.85;649214
58.7;59.55;58.5;59;1501169
58.7;59.9;58.7;59.7;700065
59.25;59.8;58.3;58.3;980582
58.6;58.7;57.45;57.9;1271221
57;57.2;56.1;56.4;1720843
56.85;57.75;56.65;57.5;3564479
57.65;58.3;56.8;56.8;2261865
57.6;57.85;56.75;57.25;2338186
56.9;57.2;56;56.35;2223736
55.4;55.9;54.7;55.45;1747823
55.95;56.85;55.75;56.75;1972082
56.65;58.25;56.6;57.9;2442221
57.5;57.7;57.05;57.45;999712
57.95;58.05;57.1;57.6;835690
58.1;58.6;57.75;58.35;1482232
57.75;57.95;57.15;57.7;1025225
58.5;58.85;57.8;58.05;2080621
58.4;58.9;58.25;58.75;983574
58.95;59.25;58.35;58.5;951993
58.45;58.8;58.2;58.7;170234
58.7;58.8;57.35;57.6;1236589
57.85;58.45;57.6;58.1;1713561
57.9;58.2;57.55;57.9;1070653
57.8;58.6;57.5;58.4;1364221
59.05;59.25;58.8;58.8;937661
59.1;59.5;58.55;58.8;1010831
58.8;59;58.25;58.35;624187
58.05;58.5;58;58.35;441576
58.6;58.7;58.15;58.45;1185549
58.35;58.35;57.15;57.5;829076
57.5;58.65;56.95;58.55;1635555
58.65;59.05;58.2;58.95;879749
58.75;59.05;58.45;58.7;1020730
58.9;58.95;58.25;58.65;2809081
58.95;59.05;58.2;58.35;930664
58.45;58.5;57.6;57.75;980039
58.05;58.5;58;58.05;3058728
58.65;60.05;58.6;59.8;2042251
59.85;59.85;59.05;59.35;794892
59.3;60.3;59.15;60;1002008
59.55;60.1;59.5;59.8;1736514
59.9;60.05;59.15;59.45;1211448
59.65;60.4;59.35;59.45;1150669
59.2;59.4;58.45;58.7;1149669
58.95;58.95;58.4;58.65;454294
58.6;58.7;57.95;58.5;858499
58.5;59;58.3;58.5;949348
58.15;59.1;58;58.9;812712
58.55;58.95;58.05;58.65;673649
58.6;58.8;57.55;58.1;705165
58.45;58.65;57.75;58.1;607561
57.85;58.3;57.15;58.15;759130
58.1;58.3;57.35;57.4;705985
57.2;58.2;57.2;57.8;702659
57.5;57.7;57.3;57.3;551839
57.15;58.65;57.15;58.4;1186032
58.85;59.35;58.6;58.9;1027735
58.65;58.65;57.05;57.25;2090576
57.05;57.5;56.4;56.7;1270907
56.65;56.7;55.35;55.65;1787661
55.6;56.55;55.6;56.3;1616478
56.35;57.05;55.85;56;1389766
56.1;57.55;56.05;57.25;1580285
57;57.25;56.2;56.7;1360366
56.15;56.4;55.6;56.05;822182
56.25;56.8;56.05;56.2;1275080
55.8;55.95;54.15;54.25;3362413
54.5;55.05;53.85;53.85;1567349
53.15;53.4;52.3;52.6;2540823
52.6;52.85;51.5;51.8;1538724
51.75;52.9;51.75;52.75;1376252
53;53;51.85;52.35;1188594
52.7;52.8;50.85;51.5;2064280
50.8;51.2;49.9;50.95;3666289
50.6;51.8;50.3;51.6;1564197
51.7;53.2;51.65;52.55;2624309
52.55;52.65;51.75;52.2;1148134
52.75;52.85;52.25;52.55;970692
52.55;52.55;51.65;51.7;1131693
52.25;53.4;52.1;52.95;1620026
52.85;53.8;52.85;53.45;1254230
53.8;53.85;52.9;53.1;744826
53.7;53.9;53.5;53.75;709051
53.95;53.95;53.25;53.65;701508
53.65;53.85;53.25;53.45;450680
53.3;53.65;52.35;52.6;1910201
53.3;53.7;52.9;53.3;849528
53.15;53.85;52.9;53.55;930154
53.75;54;53;53.65;1285916
53.95;54.7;53.65;54.6;769705
54.7;55.1;54.25;54.6;920646
54.8;55.5;54.8;55.45;1667745
55.2;55.2;54.4;54.8;1023520
54.5;54.75;54.05;54.55;934206
54.95;55.85;54.95;55.85;1349647
55.7;55.85;54.95;55.25;1297456
55;55.7;53.85;55.3;2577728
55.4;55.85;55.05;55.75;959723
55.8;56.75;55.4;56.6;1542565
56.2;56.5;55.4;55.65;946512
55.45;55.9;55.4;55.7;924443
55.5;56;54.9;55;1222628
54.65;54.7;53.8;53.95;2008819
53.9;54.55;53.6;54.3;947173
54.6;54.6;53.3;53.8;936658
53.4;54.3;53.4;53.95;891274
54.25;54.8;54.2;54.4;1202964
54.65;54.95;53.65;53.75;1803122
54.05;55.15;53.8;55.05;1531941
55.2;55.9;55.2;55.65;1292251
55.5;56.1;55.15;55.9;1174029
55.95;56.3;55.5;55.8;1171114
55.8;56.45;55.5;56.4;1206111
56.25;57.7;56.15;56.8;2470178
56.55;57;56.15;56.7;818328
56.8;57.05;55.95;56.35;1365215
56.85;57.15;55.75;55.9;1219590
55.25;55.4;54.55;55;2170950
54.75;55.1;54.55;55.05;1120974
55.35;55.35;54.45;54.65;1086872
55.25;55.85;55.15;55.35;1086288
54.7;55.25;54.55;55.1;753166
55.75;55.75;53.95;54.45;1748267
54.4;54.55;53.4;53.65;1591752
52.9;53;52.3;52.5;1330932
52.4;53.4;52.3;53.1;1255889
53.4;54.15;53.2;53.95;1477956
54.05;54.85;54.05;54.3;1403112
54.05;54.55;53.45;53.7;1060374
53.6;54.45;53.55;54.25;629276
54.25;54.9;53.95;54.75;1068858
54.9;55.6;54.9;55.3;1127223
54.9;55.5;54.65;55.25;708989
55.85;56.2;55.4;55.75;1637693
55.7;55.7;55.1;55.6;842176
55.7;55.95;55.3;55.7;708071
55.6;56.1;55.6;56.05;963443
55.95;56.55;55.65;56.3;1198578
56.55;56.95;56.3;56.7;1168392
56.8;57.3;56.3;56.4;955683
56.7;56.7;55.75;56;768810
56.1;56.65;55.7;56.65;1151343
56.3;56.95;56;56.7;1251796
56.8;57.2;56.3;56.3;1372075
56;56.3;55.3;55.45;3088399
55.45;55.55;54.75;54.9;1336598
55.05;55.1;53.95;54.25;1215409
54.45;54.8;53.8;54.3;1442545
54;54.3;53.75;53.85;788621
54.2;55;53.9;54;977074
54.4;54.4;53.3;53.5;1349739
53.6;54.45;53.25;54.3;3904411
54.4;54.65;53.6;54.3;1509605
54.45;54.8;53.05;53.5;1609869
53.1;53.3;52.2;53;1069050
53;54.2;52.75;54.1;1796705
53.8;54.8;53.6;54.25;1511213
54;54.3;52.75;53.4;1538889
53.6;54.4;53.25;53.55;1842234
53.6;54.35;53.45;54.2;1097856
54.5;54.7;54;54.6;1629999
54.45;55.15;54;54.1;2603656
54.15;54.5;53.8;54.3;1316424
54.4;54.45;53.45;53.7;2077336
53.5;53.85;53.15;53.25;1027656
53.55;55.15;53.45;55;2337546
55.35;56.2;55.15;56.1;2111398
56;56.25;55.6;56.1;664130
55.95;56.1;55.65;56.05;156513
56;56.1;55.7;55.75;517656
55.75;56.05;55.6;55.95;267735
56;56.4;55.75;56.4;662014
56.35;56.55;56.05;56.15;434573
55.85;56.35;55.7;56.35;274046
56.3;57.25;56.15;56.6;667503
56.6;56.6;56.15;56.3;715871
55.6;56;55.3;55.45;1362790
55.6;56.2;55.35;55.65;885310
55.5;56.5;55.4;56.05;1165939
56.2;56.2;55.35;55.7;1035103
55.7;55.75;54.85;55;1297237
55.3;55.3;53.7;54;1623205
54.3;54.7;54.2;54.5;1015257
54.15;54.85;54.1;54.8;931945
55.05;55.6;54.8;55.4;844273
55.4;55.45;54.3;54.85;1681410
55.1;55.35;54.55;55.25;1640820
53.75;54.35;53.35;54.3;3355661
53.8;54.4;53.6;54.1;1205397
53.6;53.8;53.1;53.55;1229521
53.35;54.25;53.3;54.05;1677405
53.95;54.15;53.6;53.9;1307272
53.85;54.1;53.7;53.75;2009240
53.9;53.95;53.25;53.35;1397589
53.65;53.8;53.15;53.3;2057948
53.1;54.7;52.95;54.45;2543231
54.6;55.15;54.55;55;2058307
55.1;55.25;54.25;54.6;1131080
54.9;54.9;54.15;54.4;1084251
54.55;54.95;54.5;54.75;974911
54.85;55.55;54.8;55.5;1575167
55.6;55.6;54.85;55;1201164
55.2;55.55;54.9;55.3;1255251
55.45;56.45;55.4;56.15;1985768
56.2;56.55;55.95;56.15;1125815
56.25;56.45;55.75;56.45;973849
56.3;56.3;55.45;56.2;1665858
56.2;56.35;55.85;55.85;981505
55.7;57.3;55.7;57.2;2834477
56.9;57.75;56.55;56.8;1344400
57;57;56.2;56.4;1438234
56.1;56.2;55.2;55.7;1366670
55.75;55.75;55;55.65;976391
55.85;56;55.5;55.9;705521
56.25;56.75;55.9;55.95;857578
55.95;56.45;55.7;56.3;972911
56.5;56.5;55.8;56.45;961878
56.2;56.6;55.9;56.2;906780
56.45;57.75;56.1;57.6;2239628
57.6;58.3;57.5;57.9;1281348
57.65;57.95;57.35;57.9;1247781
58.05;58.15;57.2;57.2;1355492
57.15;57.35;56.8;57;1221005
57.3;57.9;57;57.1;821563
57;57.95;57;57.5;922881
57.8;58;57.4;57.4;784787
57.35;57.65;56.6;56.6;1299620
56.85;57;56.5;56.85;925595
57;57.5;56.8;57.25;1203636
57.25;57.45;56.6;56.85;804691
56.95;57.15;56.25;56.7;963443
56.3;56.85;56.15;56.4;874170
56.7;57.1;56.2;56.85;865055
56.5;57.35;56.25;57.2;906381
56.9;57.4;56.55;57;944272
57.5;58.1;57.35;57.7;1309232
57.6;57.9;57.35;57.45;1080479
57;57.3;56.3;56.6;1058732
56.9;57.05;56.6;57;1533533
57.1;57.9;56.9;57.8;1984397
57.95;58.25;57.35;58;1974760
58.25;58.75;58.2;58.45;1634234
58.05;58.6;57.95;58.45;1022695
58.45;58.45;58.05;58.05;809292
58.6;58.65;58.15;58.45;991647
57.9;58.35;57.85;57.85;885577
57.3;57.55;56.3;56.4;2009493
55.85;55.9;54.75;54.85;2797896
55.3;55.4;54.8;55.25;1483962
55.4;55.95;54.95;55;1547399
55;56.4;55;55.7;2056147
56.25;56.35;55.7;55.75;1030479
55.75;56;55.35;55.95;805784
56.1;56.1;55.35;55.75;1016410
55.25;55.6;54.65;54.9;1352105
54.95;55.25;53.85;54.35;1175047
53.9;54.5;53.7;54.5;1170914
55;55.25;54.6;55;514641
55.4;55.4;54.95;55.05;843006
55.25;55.5;54.75;55.15;803646
55.1;55.85;55.1;55.8;876144
55.7;55.85;55.2;55.75;776151
56;56.1;55.65;55.95;1272184
56;56.15;55.4;55.6;929436
55.25;56.95;55.1;55.95;1752299
56.5;57.3;56.05;57.05;2285985
56.85;57.6;56.75;57.4;2112419
57.1;57.9;57.1;57.7;812530
57.95;57.95;57.05;57.35;1375242
56.9;57.8;56.9;57.65;1510803
57.75;58.15;57.75;58.1;918235
58.1;58.25;57.7;58.1;982630
58.3;58.35;57.95;58;859266
58.15;58.5;57.95;58.35;718493
58.05;58.1;57.65;57.95;1171049
57.9;58.45;57.75;58.4;1204490
58.55;58.55;57.9;58.2;1109744
58.05;58.2;57.65;58.1;501896
58.25;58.3;57.8;58;1086502
58.2;60.75;58.05;60.6;3277140
60.3;62.5;60.1;61;3112865
61.25;61.65;60.95;61.2;1510608
60.9;61.4;60.8;61.15;1051202
61.4;61.9;61.2;61.8;1497302
61.5;61.55;61.2;61.3;1059076
61.3;61.7;60.95;61.6;1155689
61.65;62.25;61.45;62.15;1210412
62;62.7;61.85;62.7;992375
62.4;63;62.15;63;993543
62.9;63.35;62.05;62.25;1498563
62.5;62.85;62.15;62.85;944410
62.75;63.35;62.6;63;1603025
62.7;63.05;62.5;63;1425075
63.25;63.85;62.75;63.7;1300250
63.6;64.35;63.45;63.95;1401134
63.9;64.8;63.85;64.45;1496261
63.7;64.05;63.3;63.5;1270398
63.25;63.35;62.6;62.75;1548313
62.65;63.5;62.6;63.35;891924
63.6;64.35;63.6;64.1;1195625
64.55;64.55;63.55;63.9;1237887
63.9;65.2;63.8;64.9;1082440
64.95;65.3;64.4;65;681641
65;65.25;64.8;64.95;1593666
65.2;65.65;64.95;65.15;949342
64.75;64.85;60.8;63.5;4655163
63.9;64.5;63.7;64.25;1227348
64.5;65.3;64.45;64.95;1221874
64.95;65.35;64.45;64.65;1103227
64.7;65.4;64.7;65.2;1334239
65.5;66.5;65.2;65.85;1262479
66.1;66.7;65.9;66.3;1041267
66.35;66.7;65.65;65.95;709907
66.25;67.3;65.85;67.3;1904543
68;68;66.85;67.2;1037537
67.6;68.7;67.15;68.05;1783573
68.25;68.65;67.8;68.2;969828
68.5;68.85;67.95;68.7;1069752
69.5;69.85;68.55;69;2238928
68.8;69.4;68.7;69.2;906431
69.25;69.45;68.6;69.1;1037831
69.45;69.5;68.15;68.55;981894
68.7;69.1;67.8;68.4;821791
68.4;68.7;68.15;68.45;658755
68.25;68.5;67.8;68.15;1156460
67.8;68.15;67;67.2;1312472
67;67;66.05;66.05;1611861
66.35;67.1;66.25;66.6;825285
66;67;65.8;66.75;1232269
67.1;67.95;66.8;67.8;1235545
67.2;67.45;66.5;66.85;1211017
66.5;66.75;65.85;66;894258
65.8;65.9;65.5;65.5;631791
66;66.7;65.75;65.75;1049335
65.6;65.75;64.65;65.2;1251899
65.4;65.4;64.6;65.25;940422
65.2;65.9;65.2;65.7;949381
66;66.45;65.85;66.35;868792
66.05;66.3;65.6;66.05;1094851
65.85;66.1;65.5;65.95;923050
65.3;65.55;64.8;64.95;1016124
65.05;65.5;64.6;64.65;771879
64.4;64.85;64.1;64.65;425127
65.05;65.2;64.45;64.6;618033
64.3;65.75;64.3;65.5;1089919
65.8;66.4;65.55;65.75;879250
65.55;66.15;65.05;65.5;1000577
65.25;65.7;65;65.65;595425
65.5;66.6;65.5;66.4;924334
66.95;67.2;66.55;67.1;1165605
66.75;67.4;66.15;67.1;1241116
66.9;67.45;66.9;67.4;568073
67.55;67.8;67.25;67.75;705143
67.65;67.75;67.25;67.35;866480
67.6;67.75;67.25;67.45;582061
67.55;68.8;67.5;68.5;1550974
68.6;69;68.3;68.7;1253146
68.4;68.75;67.65;68.6;778916
68.85;68.85;68;68.3;982584
67.7;68.05;67.1;67.2;985389
67;67.1;65.9;66.45;1120689
66.6;67.25;66.1;67.1;780952
67.15;68.65;67.15;68.6;1269381
68.15;68.55;67.75;68.2;803755
68.6;69.25;68.6;68.95;780358
69.05;69.05;68.1;68.2;750201
69;69;68.35;68.6;977151
69;69.1;68.65;68.8;499384
68.75;69.5;68.35;69.4;902700
68.95;69.3;68.5;68.5;966443
68.1;68.25;66.85;67.4;1489112
67.5;67.75;66.4;66.4;1400360
66.8;68.1;66.8;68.05;1173065
67.7;68.9;67.7;68.7;1217080
68.2;69.1;68;68.45;1185669
67.8;68.25;66.95;67.3;1896915
67.05;68.5;66.8;68.35;1532805
68.8;68.9;67.8;68.75;841043
68.75;68.95;68;68.25;1284891
67.5;68.9;66.5;66.8;2613346
67.75;67.95;66.6;66.6;1535321
66.35;67.4;66.05;66.15;1307141
66.2;67.2;65.85;67.05;865322
67.25;67.8;66.95;67.15;981571
66.95;67.35;66.8;67;847277
66.75;67;66.2;66.25;836813
66;66.1;65.3;65.65;1370139
66.15;67.55;66.15;67.55;1016284
67.35;67.5;66.4;66.55;837251
66.5;66.7;65.85;66.25;1011596
66.35;67.4;66.2;67.2;1036848
67;67.55;66.8;66.85;934027
67;68.35;66.9;67.7;1076912
68.1;69.4;68;68.35;2262880
68.6;68.7;68.1;68.25;1056149
68.6;69.2;68.45;68.7;888771
69.55;69.95;69.3;69.7;1051986
69.8;71.1;69.2;70.65;1404481
70.7;71.25;70.2;71;1067763
70.65;70.85;70.2;70.6;1064210
71.1;71.75;71.1;71.2;958061
72.15;72.75;71.45;71.8;1534468
72.25;72.25;71.45;71.95;924005
71.95;71.95;71.35;71.85;758297
72.45;72.75;71.9;72.45;901736
72.35;72.7;71.75;72.1;796603
72.3;73;71.95;72.65;746862
73;73.75;72.7;72.7;1508005
72.7;73.15;72.2;72.9;832480
72.95;73.2;72.4;72.8;1827654
73.1;74.75;72.9;74.2;2097697
74.2;74.25;73.4;73.75;874371
73.75;74.45;73.35;73.95;1073122
74.2;75.7;74.2;75.5;2092058
75.65;75.65;74.5;74.6;1143754
74.45;75.15;73.85;75.15;1132224
74.75;75.05;74.5;74.7;633485
75;75.45;74.4;75;970838
75.05;75.55;74.9;75;995970
75;75.55;74.1;74.3;1384498
74.15;74.85;73.7;74.75;837121
74.7;76;74.6;75.05;1492431
74.9;75.05;74.55;74.9;819751
74.55;74.95;74.35;74.5;792406
74.8;75.7;74.65;75.6;903062
75.65;75.9;75.3;75.65;626005
75.85;75.85;75.2;75.25;438481
75.75;76.2;75.6;75.95;405943
76.05;76.85;75.85;76.35;585406
76.5;76.85;75.95;76.35;490598
76.1;76.25;74.8;75.05;632045
75.6;76.35;75.25;76;438092
76;76.95;75.85;76.2;1240139
76.9;77.45;76.6;77.25;1199752
77.4;77.45;76.8;77.1;1191026
77.3;77.45;76.75;77.1;782294
77.1;77.4;76.8;77.15;1186282
77.45;77.6;76.2;76.7;1404002
77.45;77.8;77.05;77.3;1085785
77.5;77.95;77.35;77.95;847913
77.7;77.8;76.55;77.05;1217038
77.1;77.75;77;77.45;649348
77;77;75.65;75.9;1593735
75.05;75.9;74.65;75.5;1918701
75.8;76.85;75.75;76.7;1513628
76.35;76.35;74.6;74.75;3162028
74.35;74.65;73.1;74.05;2018319
74;74.1;72.85;73.2;1638399
73.9;73.9;72.55;73.1;1721446
73.25;74.5;73.1;74.45;2602260
75.25;76.3;74.55;75.25;2170538
75.25;75.4;73.6;74.1;1911907
73.8;75.1;73.8;74.25;1194411
74.25;75.7;74.2;75.5;1839761
75;76.3;74.95;75.2;1318447
75.35;75.9;75;75.35;1270456
75.75;76.1;75.15;75.25;887966
75.5;75.75;74.25;74.5;1172630
74.25;74.8;73.7;74.4;920303
74.85;76;74.65;75.5;1383376
75.65;75.8;75.1;75.3;885673
75.15;75.4;74.55;75.4;977228
75.4;75.7;74.55;75.05;930624
75.55;75.6;74.85;75.15;1480980
75.4;75.55;74.6;75.15;714580
74.6;75.15;74.6;74.9;1177629
74.85;75.1;73.85;74.1;1316651
74.25;75.65;74.25;75.05;1470156
75.15;76.8;75;76.7;1601405
76.7;77.45;76.5;77.2;1925980
76.85;77.2;76.1;76.85;1366656
77;77.3;76.35;77.2;1054028
77.55;78.15;76.25;76.25;1973372
76.3;76.9;75.6;76.55;1530198
78.2;80.95;78;79.35;5900005
79.7;81.2;79.4;80.6;2587007
81.35;81.35;79.9;80.2;1409322
79.6;79.85;79.1;79.55;994003
79.55;79.75;78.1;78.35;1630742
79;79.4;78.5;79.25;1328961
79.1;80.75;78.7;80.4;1512210
80.95;81.6;80.35;81.15;1235375
80.9;81.1;80.3;81;857271
81.45;81.45;80.35;80.8;775872
80.8;81.65;80.65;81.15;1239697
81.45;81.95;80.8;81.3;1570731
81.95;81.95;81.3;81.45;801210
81.6;81.6;80.3;81.05;1238729
80.6;81.1;80.25;81.05;1138925
81.2;81.3;80.55;80.9;849499
81.05;81.25;80.5;81.1;803163
81.15;81.25;80.5;80.6;736083
80.8;81;80.1;80.55;1156620
80.5;80.9;80.25;80.85;688895
81;81.3;80.75;81.3;1030108
80.9;81.25;79.85;80.9;1262672
80.5;81.55;80.5;81.55;1069698
81.25;81.6;80.75;81.25;1379741
81.7;81.85;81.2;81.5;1149390
81.5;81.75;80.6;80.7;1020049
80.75;80.9;79.85;79.9;1042738
79.8;80.15;79.55;80.05;771046
79.8;79.9;78.7;78.8;1347800
78.45;79.35;78.45;79.05;1599738
79.4;79.7;78.2;78.95;1326941
78.95;79.65;78.35;79.5;1321988
80.3;81.85;80.3;81.85;3236925
83;84.3;82.75;83.6;2962695
83.9;84.75;83.55;84.4;1977733
84;84.55;83.7;84.4;1284046
84.75;85.25;84.4;84.9;1545493
85.35;85.75;84.6;85.3;880284
85.15;85.25;83.85;84.75;1282175
84.75;84.75;82.95;83.45;1835933
83.15;84.6;83.1;84.35;793697
84.6;84.9;83.35;83.55;1193697
83.55;84.15;83.25;83.85;944141
83.85;84.9;83.6;84.9;1065250
84.9;85.95;84.6;85.55;878691
85.5;85.7;84.3;84.85;1052493
84.55;85.4;83.7;83.7;1141915
84.05;85.65;83.9;84.05;2299917
83.25;83.9;81.7;82.05;3076944
81.7;81.75;79.65;79.85;2288598
79.8;80.45;78.8;78.95;3215356
78.8;79.7;75.65;75.65;2407026
74.85;77.7;74.35;77.15;3154186
77.2;79;77.1;78.4;2560098
78.4;78.5;73.9;74.8;2734074
75.15;78.05;75.15;77.45;2184881
76.9;76.9;74;74.6;2809141
74.6;76.7;73.95;76.4;1554430
77.9;78.6;76.95;78.6;1522215
78.25;78.85;77.65;78.2;652584
78.3;78.5;75.75;76.25;2080074
75.7;77.2;74.7;76.7;1486946
76.5;76.95;75.25;76.5;1187102
77.5;79.05;77;77.5;1672999
77.5;77.75;75.9;76.2;984011
75;75.75;73.7;73.9;1831923
74.3;74.85;73.25;74.2;1297628
72.1;72.65;71.2;71.35;3344393
72.5;73.85;72.1;73.4;1864747
73.4;73.6;71.5;71.75;1168852
70.3;70.4;68.75;69.6;2412751
70;71.25;69.15;70.5;2059282
71.1;74.5;71.1;74.15;2407175
75.5;76;72.25;72.5;2869314
72.7;74.9;72.2;73.35;1253158
73;74.35;72.65;74.15;1037543
74.8;74.8;72.75;74.35;1257391
75.05;75.7;73.25;73.85;1178618
73.95;74.5;73.6;74.1;774797
74.35;74.7;73.6;74.2;805782
74.5;75.15;73.75;74.1;920383
73.6;74.5;73.3;74.05;605158
74.75;75.3;74.05;75.3;1076946
76.7;78.2;76.15;77.6;1660701
77.65;78.1;76.8;77.85;781172
77.9;78.05;77.2;77.55;579981
76.8;77.4;75.7;76.1;902941
76.25;77;75.85;76.8;849581
76.35;76.6;75.55;76.3;829586
75.95;77.65;75.25;77.4;1617732
76.9;76.95;75.45;75.9;1158026
76.3;77.25;75.9;76.25;893401
75.65;75.7;74.15;74.75;1328133
73.55;73.9;71.75;72.1;2076586
72;72.25;70.25;71.35;1643189
71.05;72.55;70.7;71.6;1613999
71.7;74.05;71.7;74.05;1385273
74.6;74.8;73.95;74.15;757382
73.95;74.05;72.85;73.45;976389
73.4;75.9;73.3;75.35;1184716
77;77.45;76.1;76.7;1588052
77.05;78.3;76.65;77.55;998614
78.3;78.85;77;78.75;1139907
78.3;79.2;77.25;78.95;930968
78.65;79;78.15;78.65;564852
79.3;79.8;77.3;77.55;1240913
77.9;78.95;77.5;78.85;913978
79.25;79.35;77.5;78.25;972779
78.85;79.25;77.9;79.05;688481
78.05;78.2;76.7;76.95;1078028
77.45;77.5;76.8;77;621782
77.4;77.75;76.75;77;1061151
76.35;76.4;74.6;75.2;1960602
75.9;75.95;74.5;74.75;884227
75.7;75.7;74.1;74.75;1488724
74.5;76;74.5;75.9;1075301
76.05;76.8;75.6;76.6;1184160
76.8;78.2;76.3;77.8;1417686
77.85;78.95;77.65;78.3;1279700
78.25;78.5;77.15;77.55;547946
78;78.25;77.35;78.25;753933
78.2;78.35;77.15;77.45;697979
77.75;78;76.8;77.35;976225
77.4;78.25;77.25;77.95;580177
77.9;78.55;77.5;78.35;482306
78.35;80.2;78.05;79.2;1691587
79.7;81.2;79.65;80.7;1362287
81.1;81.3;79.95;80.35;1220194
80.3;80.8;79.85;80.15;848480
80.8;81.65;80.55;81.3;791209
81.6;81.6;80.4;80.9;1079872
80.95;81.3;80.3;80.4;703024
79;79;76.95;77.75;3480442
77.85;78.4;77.4;77.9;914737
77.5;77.85;76.95;77.8;625915
77.85;78.75;77.5;78.55;1200997
79.15;79.2;78.45;78.95;850947
79.15;79.75;78.1;78.7;1143087
79;79.15;78.25;78.65;2209503
78.95;79.3;78.55;78.95;714463
78.95;79.25;77.9;78.4;844097
78.35;80;78.25;79.45;1117557
79.5;80.95;79.45;80.25;1292627
79.75;79.95;79.05;79.55;1026926
79.95;80.2;78.55;78.8;1191302
79.45;80.45;79.25;80.15;1227883
80.5;81;79.9;81;1209997
80.9;81.35;80.6;80.8;926450
80.95;81.65;80.9;81.25;879302
81.75;82.15;80.3;80.65;883071
80.7;80.9;80;80.75;691080
81;81.05;79.85;80.3;1209386
81;81.8;80.9;81.75;1115609
81.5;81.85;81.1;81.8;579729
81.5;81.7;80.65;80.85;876293
81.25;81.25;80.6;81.25;1075365
80.65;82.1;80.2;82;1186550
82.15;82.5;82;82.3;856789
82.5;83.2;82.2;82.9;995177
83;83.2;82.3;82.65;667542
81.5;81.5;79.8;80.65;2574746
81.05;81.95;80.9;81.55;1239278
81;82.15;80.9;81.85;844392
82.1;82.35;81.3;81.65;831122
82;82.55;81.65;82.25;761684
81.95;82.35;81.5;81.95;1087360
81.9;83.45;81.8;83;1296394
83.65;83.9;82.65;82.85;1346309
83.2;83.3;81.7;82.25;744229
81.2;81.55;81.05;81.5;677576
81.5;82.2;81.1;81.65;738000
81.3;81.7;81.2;81.5;887016
81.15;81.25;79.5;79.7;1910147
79.8;80.75;79.6;80.15;1030372
80.45;81.15;80.2;81;796974
81.45;83.4;81.25;82.9;1676959
82.65;82.8;81.65;82;983444
82.35;82.4;81.5;81.85;1200207
81.45;81.8;80.9;81.3;900095
81.3;83.15;81.1;82.95;1393874
83.35;83.8;82.85;83.1;1460264
83.8;84.3;83.4;83.65;973596
83.95;84;83.45;83.75;885177
83.9;84.4;83.45;83.9;1251232
83.75;84.3;83.05;84.05;881695
83.75;84.45;83.75;84.35;754736
84.5;84.9;83.7;83.85;1275665
84.25;84.4;83.05;83.1;860469
83.05;83.45;81.5;81.9;1756464
81.55;81.8;79.45;79.55;4208770
79.15;80;79.05;79.5;1720882
79.85;80.4;79.55;80.25;1396588
80.5;80.65;77.75;78.3;2060090
78.5;78.7;76.15;76.15;3056869
76.45;77;75.75;76.7;1468610
76.95;78;76.6;77.55;1876288
78.1;78.2;76.4;77.2;1458733
76.85;77.8;76.55;77.3;1296205
77;77.3;76.1;77.25;1195832
78.25;78.9;77.9;78.4;2173319
78.75;78.75;78;78.25;1300064
78.45;79.4;78.15;79.2;1390830
79.5;79.85;78.7;79.55;1774442
79.95;80.35;79.1;80.2;1945096
80.25;80.4;79.5;79.8;1674746
79.4;79.8;78.7;79.2;1205004
79.6;80.2;79.5;80.1;2107680
79.85;80.4;79.15;79.25;1241778
79.5;79.5;78.1;78.15;769037
78.85;80.35;78.2;80.35;987605
80.35;80.7;79.65;80;643639
79.9;80.3;79.6;79.95;476129
80.35;80.95;80.15;80.65;1102865
80.6;80.75;79.2;79.4;1578910
79.1;79.5;78.55;79.45;1432143
79.1;79.35;78.6;78.6;1119231
78.5;78.8;77.75;78.45;1365151
78.6;78.85;77.8;77.8;1414880
77.45;79.05;77.1;78.55;1579958
78.8;79.8;77.8;79.6;1473186
79.8;79.8;78.3;78.8;1478927
79.5;79.65;78.9;78.95;908425
79.35;79.7;77.55;77.65;2377077
77.7;78.8;77.7;78.55;1857350
78.55;79.4;78.5;78.85;1743864
78.55;79.3;78.2;79.1;1083242
79.4;79.6;78.35;78.55;1013191
79.05;79.25;77.45;77.9;1903063
78.35;78.75;77.8;78.1;1509950
78.05;79.6;78;78.55;1795444
78.15;78.75;77.55;77.9;1344980
78.5;79.6;78.5;79.1;1613423
79.55;81.9;79.1;81.5;3688992
81.95;81.95;80.7;80.9;1664014
82;82.55;80.95;81.15;1939607
81.55;81.7;80.7;81.15;1277793
81.05;81.5;80.3;80.65;988146
80.85;81.5;80.6;80.75;1145739
80.7;81.85;80.6;81.3;1112093
81.75;82.9;81.5;81.7;1878717
82.95;83.25;82.55;82.8;2022679
82.4;82.4;81.35;81.8;1415758
82;82.45;81.6;82;1250256
82.65;82.9;81.95;82.85;1163686
86.05;88;85.2;87.7;5648262
87.9;88.6;87.15;87.25;2760519
87.69;88.55;87.42;87.85;1263648
88.29;88.3;86.15;86.96;1492320
87.53;87.7;86.29;86.95;1464635
87.4;88.5;87.31;87.75;1625562
88.25;88.4;87.6;88.2;1137382
88.3;89.2;87.67;88;1600622
87.24;87.45;83.73;84.62;4051743
83.4;84.49;82.07;83.73;3761726
83.25;84.28;81.3;83.25;3235829
84;84.6;82.08;82.81;2221990
81.9;82.88;80.95;82.36;2094229
83.71;83.71;81.6;82.72;1982244
83.06;83.34;82.05;83;1115781
83.4;83.8;82.9;83.41;1551897
82.95;84.49;82.63;83.96;1711049
84.1;84.86;82.97;83.26;1174458
82.63;83.58;82.01;82.25;1423605
81.25;81.4;80.12;80.12;2862911
81.59;81.75;80.14;80.78;2754800
80.51;81.87;80.13;80.81;2049433
82.39;82.4;81.58;82.03;1324555
82;82.6;81.35;82.43;1496208
82.59;82.84;82.09;82.6;1207665
83.99;84.09;83.14;83.76;1299909
83.73;83.89;83.21;83.28;1091375
83.32;83.61;81.8;82.53;1417070
83.2;83.61;82.81;83.06;893386
82.61;82.78;81.37;82.13;1334025
82.21;83.67;82.21;83.06;1135577
83.22;83.85;82.8;83.05;1290055
82.95;83.27;82.36;83.12;1113935
83.8;84.58;83.32;84.28;1963844
84.71;84.72;84.03;84.32;1387963
84.33;85.22;84;85;1096229
85.25;85.5;84.63;85.14;1288910
85.14;85.75;85;85.05;1322734
85.15;85.36;84.17;85.2;1576606
85.54;85.96;84.7;85.76;1210899
86;86.5;85.64;86.36;1366450
86.05;86.36;85.26;86.01;1107548
86.19;86.31;84.36;85;1571063
84.31;84.8;83.42;84.8;2122912
85.15;86.4;85.05;85.77;2035436
86.1;86.4;85.25;85.69;1366905
85.21;86;84.8;85.13;1621097
86.3;87.34;86.3;86.71;2522160
87.76;88;86.4;86.67;1524955
86.4;86.66;85.31;85.72;1406596
85.69;86.3;85.46;85.97;1152741
86.3;87.2;85.6;86.96;1379827
87.49;87.5;86.24;86.68;1005911
86.82;87.89;86.45;87.75;1274289
87.94;88.47;87.5;87.92;872687
87.64;87.88;86.54;86.75;1238019
87.52;87.52;86.41;86.67;1251492
86.85;86.93;85.43;85.62;1469644
85.1;86.21;83.72;86.06;1671181
86.49;86.49;85.21;85.69;1138063
84.6;85.48;84.17;85.19;1826235
84.51;86.34;84.44;85.83;1857824
86.23;86.23;85.23;85.43;615449
85.3;87.05;85.3;86.35;1784245
86.74;86.76;86.01;86.53;842287
86.53;86.82;86.1;86.45;828694
86.99;87.44;86.73;87.02;1164088
86.85;87.49;86.15;86.4;1285951
86.41;86.95;86.16;86.61;1110408
86.92;87.35;86.8;87.14;186563
87.15;87.9;86.9;87.5;1050715
86.75;87.13;85.38;86.3;1743847
86.8;87.9;86.65;87.72;1712159
87.4;87.53;86.55;86.85;1763669
86.9;86.93;85.84;86.49;1194664
86.89;86.89;85.09;85.09;1667100
85.35;85.9;84.6;85;2019716
85;85.45;83.9;84.08;1815042
83.55;84.88;83.25;84.05;1818046
84.91;84.98;84.07;84.63;1343168
84.79;85.1;84.09;84.39;1155820
83.97;84.85;83.52;84.25;1313965
85.18;86.36;84.42;86.3;1717465
86.65;87.38;85.8;86.98;2607085
87.2;87.2;85.8;86.04;1204144
85.66;86.25;84.71;85.01;1422246
85.11;85.99;85.11;85.38;1252011
84.6;85.79;84.6;85.48;1706924
85.2;85.6;84.64;84.84;1152328
84.5;84.99;83.8;84.79;1057578
84.02;84.31;83.51;83.74;1644277
83.5;84.1;82.32;83.53;1853493
84.17;84.76;83.83;84.58;1215292
84.58;85.7;83.75;85.54;1488453
85.25;85.25;84.31;84.59;997590
85.25;85.62;84.75;84.89;1172591
85;85.64;84.3;85.02;1027806
85.05;85.4;84.47;84.74;1014545
84.8;84.96;84.31;84.87;1146814
85;85.24;84.53;85;935718
85.2;85.38;83.77;83.8;1350095
83.2;83.57;82.62;83.25;1832847
83.17;84.08;82.69;84;1505281
84.7;84.91;83.9;84.37;1279849
84.5;84.7;84.01;84.41;1273601
84.16;84.41;83.33;83.99;1514922
83.19;83.59;82.7;82.7;1335669
83.02;83.67;82.81;83.43;1296416
83.2;83.52;82.02;82.12;1571659
82.06;82.99;81.4;82.9;1121270
82.95;84.1;82.3;82.54;1886610
82.5;82.73;81.4;82.08;1574554
82.49;82.49;80.11;80.25;2022831
80.25;82.9;79.04;81.01;3773476
80.83;82;80.31;80.71;2437335
81.61;82.79;81.52;82.76;2175124
81.1;81.84;79.88;81.32;2331634
82.1;82.65;80.56;81.11;1617625
81.5;81.5;79.9;80.21;1282326
79.5;79.8;78.82;79.35;1645716
80.1;81.23;80;81.23;1592695
82;83.92;82;83.5;2505317
83.58;84.4;81.95;82.83;3020898
81.12;83.4;81.12;81.2;2705506
81.54;82.47;81.25;82.2;1617967
81.5;82.07;80.5;80.8;1494724
80.2;80.55;79.24;79.99;1839222
78.8;79.15;77.39;77.49;2839803
77.64;81;77.06;78.9;3519619
79.7;80.23;79.21;79.53;1182283
79.8;80.38;78.61;79.85;1787111
80.2;81.2;80.1;80.62;1591169
81.45;82;80.41;80.41;1096380
79.79;81.12;79.79;80.71;891397
81.12;81.56;81.01;81.23;533928
80.9;81.03;79.41;79.6;1323458
79;79.69;78.5;78.99;1692295
79.87;81;79.27;80.77;1921376
81.36;82.45;81.1;81.99;1760619
82.2;82.33;81.32;81.33;831802
80.97;81.86;80.6;81.63;954399
81.2;81.38;79.61;79.75;1568447
80.17;80.95;79.28;80.87;1398502
80.48;81.22;78.64;78.99;1761343
79.28;79.45;78;78.33;1362951
79;79.41;78.05;79.18;1339509
79.19;80.2;78.85;79.89;1336249
79.84;80.47;79.18;80.2;1430843
79.72;80.59;79.11;80.19;1246691
80.2;80.21;78.89;78.92;1389287
78.86;80.68;78.39;80.5;1514215
82;82.65;81.55;82.29;2031615
81.92;81.92;81.17;81.66;1028591
80.9;83.19;80.9;82.82;2457014
83.2;83.56;82.62;82.69;1278002
82.63;83;81.6;82.55;1414319
82.3;83.4;82.3;83;1127899
83.92;84.05;82.95;83.37;1357349
83.5;84.15;82.59;84.07;1426551
83.76;85.6;83.3;85.12;1916074
85.88;86;85.25;85.55;1117723
85.32;85.55;84.77;85.49;703891
85.1;86;85.1;85.92;917919
85.89;86.11;84.74;85.99;1632850
86;86.37;85.74;86.1;948717
85.77;86.65;85.51;86.21;977898
85.8;86.19;85.21;85.65;871117
85.37;86.65;85.34;85.97;857359
85.3;85.55;84.71;85.5;1361717
87.2;89.18;87.2;87.68;3330687
87.68;88.2;86.15;86.48;1885346
86.64;88.41;86.3;88.15;1739608
88;89.16;86.96;87.07;1779677
87.25;88.46;87.1;87.82;1523574
86.27;86.86;85.89;86.63;1562736
86.63;87.48;85.85;86.07;1638126
85.72;87;84.9;86.03;1709474
86.28;87.81;86.02;87.81;1335943
87.6;88.49;87.1;88.23;1516554
88.47;89.36;88.31;88.93;1245118
88.62;88.67;87.87;88.12;1092359
88.12;89;87.95;88.88;977723
89.18;89.2;86.9;87.72;1387399
86.75;87.67;85.2;86.13;2872044
85.48;86.38;85.31;85.9;1255366
85.91;86.3;85.31;86.07;1001564
85.65;86;83.89;84.4;2133911
83;84.48;83;83.46;1872478
83.32;84.1;81.07;81.77;2675540
81.4;81.65;79.78;80.82;3259480
80.48;81.79;80.08;81.5;1595993
82.06;83.53;81.77;82.82;1714250
83.01;83.23;81.13;81.95;1655864
81.42;81.5;80.39;80.77;2172704
81;81.52;79.04;79.33;2271354
79.52;80.19;78.32;79.69;1875375
78.95;79.2;77.63;78;2092306
78.43;80;78.11;78.97;1548057
79.5;80.58;79.03;80.28;1610644
81.13;81.68;80.18;80.45;1514384
79.65;79.88;78.15;79.74;2465550
80.24;82.46;79.07;82.4;2536332
82.88;83.17;81.67;82.61;1527430
82.62;83.5;82.34;82.94;1299419
83.04;83.65;82.1;82.38;1315080
82.63;83.22;80.83;81.71;1379112
82.39;82.87;81.65;82.6;1092359
82.98;84.38;82.76;83.39;1789472
83.56;85;83.56;84.34;1630745
83.5;85.3;83.5;84.55;1175435
84.7;85.08;84;84.37;1288194
83.5;85.9;83.38;84.7;1186800
83.9;84.03;82.19;82.4;1963265
82.84;83.45;82.2;82.89;988916
82;82.59;81.55;81.8;1572115
81.35;82.72;80.74;80.96;1846046
81;81.5;80.25;81.1;1409033
81.48;82.14;80.81;81.15;1257562
82;82.85;81.36;82;3116507
82.75;82.75;81.81;82.38;151683
83;83.6;82.33;82.59;885061
82.15;83.15;81.89;82.87;778659
83.11;83.33;82.11;82.68;142231
82.98;83.93;81.76;82.1;977565
81.99;82.51;80.93;81.54;1259516
81.79;81.94;78.71;79.11;2465950
78.99;79.63;78.57;79.09;1722923
79.27;80.21;79.14;79.14;1278936
79;79;75.47;76.16;4408419
76.82;76.99;74.9;75.17;2015329
75.11;75.8;72.2;73.17;4474793
72.65;74.25;72.65;73.57;1794116
73.75;73.79;70.42;70.8;3465512
70.4;71.54;69.12;70.99;3793294
71.99;73.2;69.74;69.93;3719615
70;71.7;69.5;70.11;2858872
68.99;69.4;64.78;65.41;5813597
62.3;68.28;61.95;67.49;5350968
68.55;68.7;62.78;64.52;4276146
67.5;70.39;66.54;70.31;4395439
71.39;71.88;69.6;69.78;3165025
68.66;69.48;67.93;68.77;1818288
69.16;70.25;68.8;70.11;1900122
70;70.12;68.56;69.42;1881391
69;69.65;67.14;68.53;2577606
69.16;71.5;69.16;71.17;3204357
72.59;72.96;71.04;71.25;2018285
71.43;71.48;68.6;68.98;2270845
67.8;70;66.5;69.71;4277722
69.36;69.9;68.4;68.95;3839822
69.3;69.97;68.38;68.91;2224658
68.01;69.26;67.52;68;1907427
68.08;70.75;68;70.55;1710676
69.69;70.8;69.1;70.33;1535242
71.46;71.75;70.15;70.5;1620385
70.7;71.31;68.08;69;1822419
69.9;70.39;69.48;70.12;1019935
69.79;71.24;68.94;70.47;1296793
69.5;70;68.8;69.51;1424876
70.35;71.14;69.8;70.76;1705424
70.31;71.14;69.71;70.35;1287368
71.01;72.15;71.01;71.86;1726927
72.41;73.32;71.72;72.89;1671053
72.01;72.78;70.9;71.77;2322822
71.54;72.24;69.6;69.87;1747464
69.81;69.85;67.7;68.23;2327253
66.5;68.6;66.5;67.87;1632502
67.86;68.47;66.62;67.38;1489058
68.02;68.2;67.15;67.96;1550467
67.79;68.23;66.75;67.04;1368493
66.21;67;65.49;66.12;2181456
65.97;66.78;65.49;66.09;1868939
66.44;67.6;65.65;66.11;2188230
67.37;68.4;66.65;68.25;2405989
66.85;67.2;65.2;66.4;2736899
66.25;67.81;65.15;66.21;2007124
64.48;65.78;64.15;64.15;3795218
65.3;65.47;64.42;65.04;2160409
66;66;63.56;64.67;2769498
63.52;65.23;63.52;65.12;2690622
67.68;69.39;67.2;69.34;2879627
68.46;69.8;68.46;69.7;2033479
69.31;70.91;69.12;69.88;1418004
69.9;70.35;68.7;69.49;1417873
69.14;70.68;68.24;70.5;1524944
70.08;73.49;70.08;73.23;2184020
73.96;74;72.86;73.59;1481860
73.59;73.59;71.27;71.71;2199217
71.5;71.99;70.11;71.45;1852127
72.29;72.3;70.82;71.15;1454190
70.9;71;70.03;70.75;1088992
70.4;70.75;69.5;69.65;1225952
69.6;69.6;67.11;68.16;2609886
68.44;68.74;66.14;66.63;2307168
66.01;66.4;65.37;65.86;1816395
66.49;67.75;66.28;66.65;1587329
69.5;70.19;68.69;69.33;3010632
69.85;70;68.53;68.81;1264247
69.45;70.92;69.01;70.61;1950557
70.86;71.09;69.5;70.27;1276346
69.74;70.38;69.09;69.53;1214704
69.71;70.68;69.08;70.53;1474153
70.5;71.2;69.34;70.79;1374321
71.47;73.11;71.21;72.44;2136088
72.4;72.93;71.76;72.08;809075
71.6;72.8;71.54;71.95;1260885
72.01;73.7;71.99;73.42;1587963
74.6;75.76;74.04;74.83;1818382
74.82;75.2;74.21;74.81;569485
75.06;75.65;74.1;74.9;1064972
75.01;75.5;74.77;74.95;1271928
74.2;74.49;73.62;74.3;1291101
73.92;73.95;72.1;73.5;1512434
73.51;74.9;73.5;73.85;740560
73.78;74.88;73.52;73.99;1044971
74.54;75.15;74.09;75.01;1140222
74.99;77.29;74.2;76.85;2776730
77.1;77.35;76.07;76.34;1564406
76.24;77;75.95;76.96;947076
75.7;75.7;73.9;74.3;1261639
74.63;74.67;73.14;73.53;1267990
72.55;74.09;72.4;73.6;946394
73.37;73.96;72.07;72.2;1107983
72.11;72.73;72.11;72.5;414657
72.89;73.2;72.18;72.51;955944
72.6;74.44;72.26;74.04;1391365
74.31;74.63;73.45;74.48;1088212
74.9;75.44;74.74;75.21;1219045
75.34;75.34;73.72;74.37;962223
74.28;75.03;73.86;74.75;1126572
74.25;74.85;73.86;74.53;1267621
74.75;75.18;74.08;74.66;1073203
75;75.35;72.33;72.79;2126312
72.43;72.7;71.64;72.12;942592
71.65;72.04;70.94;71.59;1635302
71.85;72.3;70.1;70.47;1359396
70.79;72.08;70.57;71.58;1166899
71.4;72.46;70.66;72.3;911245
71.55;72.14;70.9;71.66;1171272
72.15;72.89;71.68;72.37;1161921
72.37;72.89;70.93;71.57;1395572
70.9;71.4;70.33;70.36;1336593
70.21;70.64;67.69;68.4;2603087
68.01;68.94;67.82;68.12;1514632
68;68.11;65.87;66.79;2009053
66.85;68.01;66.7;67.95;1306674
67.3;67.54;66.13;66.13;1366356
65.94;66.64;65.01;66.05;1828235
65.78;66.64;64.8;66.58;1519664
66.43;66.8;65.1;66.14;1963894
66.14;67.23;65.61;65.77;1255475
65.1;66.97;64.46;66.82;2116247
66.58;66.6;62.77;63.3;3177152
63.55;64.65;63.31;64.23;1279176
62.9;64;62.1;63.87;2099582
64.44;64.56;63.65;64.45;1292943
63.75;63.9;61.41;62.27;2666147
62.25;62.98;60.8;60.8;1915865
61.8;62.71;61.48;61.9;1289114
60.86;61.24;59.49;60.35;2425969
60.88;63.33;60.19;62.91;2561890
63.51;66.06;63.5;64.69;3195043
64.05;67;63.3;66.75;2475073
67.09;67.71;65.99;67.57;1478350
66.9;67.32;65.45;67.11;1191435
68.07;68.99;67.84;68.25;1248224
69.28;70.6;68.66;70.05;2231866
69;70.39;68.47;69.9;1488173
69.41;69.87;68.25;68.31;1394841
67.17;68.62;66.64;68.03;1362768
71.5;71.8;70.07;71.44;2538568
71.9;71.9;70.15;70.95;1293978
70.49;71.03;69.25;69.64;1286658
69.26;70.12;68.55;69.29;1169979
69.49;71.46;69.33;71.3;1200976
71.5;72.1;70.61;71.92;1161232
71.35;72.09;70.9;71.22;891132
70.71;72.65;70.71;72.65;1194360
72.7;74.41;72.3;74.4;1083816
74.49;74.65;73.33;73.97;1270897
73.78;73.78;71.91;72.14;1485173
71.76;72.7;70.2;70.97;1778601
71.68;73.04;71.31;72.39;1310964
71.81;73.6;71.73;72.92;780995
73.26;73.26;70.16;70.18;1713671
70.12;71.07;69.85;70.55;944281
70.26;70.26;69;69.05;1007155
69.57;71.1;69.27;71.08;901689
70.96;70.96;69.78;69.99;470112
69.99;70.89;69.02;70.67;797299
70.82;70.93;69.61;70.75;866737
70.75;73.38;69.86;72.96;1673919
72.91;73.75;72.48;72.72;966484
72.29;73.39;71.74;73.08;493960
73.2;75.51;72.57;75.51;1898842
74.99;75;73.19;73.21;1479424
73.47;73.47;71.13;71.3;1420432
70.83;71;69;69.44;2255463
70.8;71.54;70.55;71;1901522
71.11;72.57;70.83;71.72;1577788
71.7;71.7;69.13;69.53;1990339
69.24;69.3;66.72;67.34;2512680
68.22;68.68;67.56;68.44;1232259
66.89;67.3;65.32;66.53;2501857
65.5;68.01;65.5;66.61;3478393
67.94;68.15;64.99;65.24;2296708
65.89;66.49;63.9;64.4;3205421
66.25;68.74;66.01;68.14;4181298
67.95;69.5;67.68;68.1;1848116
67.46;68;64.9;65.2;2504169
65.35;65.57;63.21;63.81;2326081
64.13;65.3;63.69;65;2540748
63.79;64.38;62.91;63.51;1585157
63.71;64.14;61.26;61.37;2551433
60.54;62.1;60.14;61.75;2853695
62.35;62.5;61.24;62.5;1487520
62.52;62.76;60;60.37;2229390
60.6;61.17;58.5;60.42;2350969
57.9;58.53;53.74;54.35;4045592
55.76;56.77;54.51;55.34;3022611
52.89;56.38;50.33;52.01;5611122
53.1;54.7;50.4;51.29;3156301
46.7;53.51;45.1;51.53;6849738
53.8;58.18;52.24;58.18;4303597
59.5;59.82;56.4;57.43;3736905
56.75;57;52.01;53.14;3183577
50.64;54;50;51.59;4279836
53.53;55.07;51.52;54.64;3730356
56.27;57;55.2;56.83;2155306
57.3;58.46;55.26;55.57;2119707
53.9;54.37;51.5;51.85;2756854
50.89;52.55;49.51;50.46;3024764
47.94;48.74;45.82;48.38;3894477
45.96;48.04;45;46.8;2680282
47.68;48.97;43.61;48.38;3797493
50.69;51;49.13;50.1;3374159
52;53.57;50.16;51.69;1949182
51.7;52.07;49.66;51.87;1919192
52.22;53.1;51.36;53.1;1266683
53.93;56.87;53.52;56.87;2231481
56.9;56.91;54.1;54.33;2161699
52.4;53.5;49.01;49.64;2939907
50.21;51.55;49.02;49.8;2684259
51;51.6;49.13;49.31;1744438
48.98;48.98;43.74;43.76;4252532
45.39;46.25;42.9;43.74;3382521
43.02;43.7;41.8;42.73;2138710
44.59;44.66;41.01;41.34;2541702
41.16;42.56;40;40.89;2775109
41.41;41.41;39.08;40.87;2303571
41.2;41.55;39.39;39.39;2663479
38.49;40;38.1;39.49;3085868
40.03;41.32;38.55;39.2;2470154
40.2;44.06;39.65;44.06;3109818
43.79;45.96;42.07;45.71;2954550
45;45;41.61;42.98;2830479
43.62;44.85;43.31;44.83;1332841
44.65;44.75;43.3;44.58;1683262
44.92;44.95;43.06;43.32;1846654
42.02;43.46;41.74;42.62;1690094
42.91;44.53;42.15;44.22;1390654
44.18;45.57;42.75;43.57;1940111
43.16;43.42;40.7;41.46;1821883
44.44;45.95;43.88;45.8;2324344
45.58;49.6;45.19;48.81;3410066
48.7;48.9;46.82;48.24;2001684
48.22;49.04;47.2;48.8;1347215
46.85;47.8;46.41;46.66;1796561
47.3;48.09;46.45;46.86;1245059
46.99;47.66;46.27;47.66;1095410
48;48.48;46.29;46.9;1913780
47.45;47.71;46.33;47.42;1351001
46.21;48;45.62;47.02;2235959
46.94;47.46;45.2;45.32;1274516
45.3;46.25;44.72;44.72;996849
44.67;46;44.21;46;366580
46.2;46.45;45.56;45.97;916545
46.31;46.9;45.77;46.79;841204
47.3;47.98;46.23;47.77;375501
47.8;48.4;47.1;48.4;861742
49.02;49.17;48.13;48.86;1199558
48.88;49.9;48.39;49.45;1055701
49.01;49.4;48.1;48.84;1043717
48.61;48.61;46.5;47.12;1348096
47.2;47.53;45.68;46;1601299
45.95;46.15;45.05;45.46;969116
45.03;45.73;43.87;45.73;1410823
45.81;45.85;40.53;40.92;3806998
41.23;42.2;39.87;41;3430982
41.63;42.43;40.61;40.76;2853262
39.75;40.94;39.08;40;1992134
40.05;42.1;40.05;40.74;2332326
40.05;42.46;39.91;41.51;2081149
41.95;42.62;40.7;41.92;1765720
41.92;42.55;39.96;41.07;1901138
40.68;44;40.68;43.94;2173224
43.95;43.99;42.95;43.35;1281744
44;45.83;43.35;45.61;1474660
45.45;45.84;42.85;42.88;1751202
42.88;43.59;41.8;42.81;1641679
42;42.5;41.26;42;1209185
42.12;42.75;41.5;42.33;1535076
42.94;45.8;42.75;45.07;2064922
44.05;44.9;43.495;44.4;1330548
45.91;50.615;45.875;50.02;5774239
49.5;50.6;48.545;49.98;2211214
49.07;49.83;47.2;47.39;1975820
46.98;49.215;46.98;48.82;1559817
48.19;48.47;47.615;48.145;1810125
48.975;49.335;48.365;48.585;1193914
47.895;48.4;47.83;47.83;727630
47.34;47.815;45.905;47.39;1738105
47.37;47.63;46.205;46.85;1299091
46.925;47.93;46.905;47.295;1377273
46.53;46.96;45.35;45.76;1571076
46.5;46.98;45.155;45.245;887863
45.015;46.4;44.34;45.9;1316890
46.795;46.98;45.58;46.25;1233904
46.77;47.4;46.05;46.455;1321183
45.81;45.98;44.32;45.38;1645130
44.085;44.465;43.405;43.405;1469859
43.94;44.45;43.24;44;1324029
44.945;47.24;44;47.24;2726343
47;47.26;45.755;45.755;1758840
46;46.21;44.3;44.72;2263789
44.94;44.94;42.75;43.205;2269050
43.5;46.225;43.16;46.08;1881820
46.03;49.03;45.66;48.22;2550622
48.2;49.44;46.975;49.3;2177447
49.89;49.9;47.985;48.39;1811223
49.095;49.89;48.195;48.95;1389825
48.28;48.44;47;47.69;1660943
48.6;49.36;48.145;49.345;1833719
49.6;50.4;48.73;48.97;1808862
48.235;49.87;47.5;49.015;1826191
49.8;49.87;47.7;48.805;1450687
49.5;49.59;48.57;49.06;1184232
48.89;49.415;47.5;48.865;1277215
49.265;49.32;46.8;47.88;1337373
47.805;48.15;46.465;46.81;1182046
45.68;46.455;44.85;45.34;1422933
45.945;47.29;45.795;47.29;1268973
47.22;48.48;46.18;48.305;1041448
49.01;51.54;49.01;51.29;2212326
51.035;52.865;50.775;51.85;2033020
52.45;53.82;50.6;51.385;1231853
51.5;51.785;50.08;50.48;1013596
49.895;50.57;48.89;50.38;1426218
50.43;52.44;50.38;51.95;1294300
52;54.85;51.235;52.76;1834656
52;53.03;51.77;52.37;1016702
52.94;53.6;51.535;53.065;1070866
53.075;53.8;52.61;53.35;1406519
53.62;53.8;51.1;52.45;1645035
52.99;55.79;52.6;55;4015996
53.5;54.33;52.02;53;4454567
52.5;55.08;51.79;54.35;2908016
54.225;58.035;54.09;57.905;2397728
55.51;57.28;55.21;57.18;1722792
56.705;56.925;54.75;55.51;1378828
56.1;57.3;55.54;57.265;1282424
57.4;57.93;56.515;57.39;1209044
57.68;58.955;57.41;58.955;900753
58.95;59.45;58;58.275;1115933
57.8;59.725;57.7;59.17;1534969
59.785;60.56;58.145;58.535;1396508
59.05;60.99;58.83;60.365;1576074
60.9;60.9;58.8;59;1419364
58.505;59.7;58.25;59.02;840810
58.815;59.2;56.75;57.28;1488539
56.99;57.99;56.1;57.38;1098068
57.665;58.4;57.41;58.02;1080301
58.47;60.035;57.765;60.035;1293656
60.285;61.61;59.455;61.13;1368185
60.465;60.99;59.555;60.07;1045164
59.375;60;58.055;58.37;978988
58.945;59.49;58.215;58.65;892096
58.65;59.07;57.235;58.3;536581
58.25;59.11;57;58.955;898419
59.14;59.9;58.555;59.5;745086
58.7;59.255;57.925;58.575;824279
59.48;59.65;58.41;58.53;990601
59.79;60.495;59.335;60.03;1247870
59.46;61.805;59.405;61.345;1369911
61.79;61.79;60.255;61.045;1528384
61.005;61.7;59.63;59.63;1718554
59.745;60.355;58.73;59;1511941
58.7;59.455;58;58.21;1192647
58.185;58.85;57.59;58.42;1218397
59.195;59.875;58.825;59.23;866100
59.29;59.925;58.99;59.7;705818
59.495;59.84;58.93;59.44;587028
59.14;59.33;57.2;57.55;1223184
57.8;58.24;56.61;57.63;828784
57.28;57.84;55.91;56.305;1388672
56.02;56.505;54.885;55.825;1256516
56.88;57.925;55.61;56.59;2201049
56.83;57.145;54.7;54.725;1290560
54.35;55.93;53.9;55.075;1097973
55.4;56.265;54.625;55.86;1372699
55.68;56.095;54.4;55.065;1169332
55.265;56;53.865;54.155;949659
54;56;53.85;55.6;1176753
55.88;56.03;54.03;54.4;1272033
54.33;56.49;54.15;56.02;1016236
55.74;56.22;54.535;54.61;980146
55;55.33;54.2;54.9;543183
54.3;55.255;53.75;55.125;1019495
55.175;55.92;54.22;54.22;899845
54;54.495;52.75;52.97;931548
53.005;54.2;52.9;53.505;656443
53.015;54.115;53.01;53.48;694489
53.21;54.73;53.06;54.67;641397
54.8;55.2;54.21;54.8;577883
55.305;56.945;54.835;56.945;1181057
56.66;58.5;56.61;57.4;987400
57.85;58.1;57.33;57.73;801137
58.13;58.9;57.88;58.85;1029274
59;60;59;59.76;1086173
59.77;60.36;58.88;60.23;846246
60.7;62.1;59.6;61.85;1159703
61.95;63;61.32;62.54;1098571
63.37;64;60.83;61.3;2003403
61;63;60.6;61.11;1668130
60.52;62.65;60.52;62.24;1116882
62.89;64.35;61.59;64;1186339
64.19;64.68;62.64;63.29;1246987
63.4;65.45;63.35;64.09;1644780
63.62;63.83;62.63;63.11;1137247
62.79;63.57;62.05;62.3;1022231
62.41;63.88;62.3;63.64;1070578
63.18;64.07;62.23;63.7;1127533
63.38;63.6;62.34;62.79;735054
63.1;63.77;61.76;62.2;980351
62.32;63.33;61.84;63.02;715982
62.51;64.25;62.5;63.5;707201
64.15;69.42;63.8;65.62;3039977
65.45;65.86;63.11;63.23;1413576
63.95;64.15;62.43;63.66;783768
62.89;63.62;62.03;63.19;1013947
63.88;64.48;63.45;64.31;741984
63.88;65.83;63.62;65.47;1267486
65.49;66.64;64.15;65.35;1122908
64.61;66.5;64.6;66.25;933255
65.81;69.17;65.65;68.06;2027339
67.5;67.9;65.98;66.75;1003869
66.9;68.12;66.9;67.38;1044909
66.55;67.7;66.33;66.69;531720
67.05;68.8;65.66;65.66;1285876
65.82;65.82;64.11;65.16;1217925
65.18;65.81;64.11;64.43;822293
64.49;66.17;64.33;65.06;1189771
65.49;67.18;65.35;66.67;677582
67.38;68.24;67.16;67.6;1302330
67.59;69.78;67.3;69.57;1271399
69.87;69.87;68.27;69.17;775958
69.29;69.97;69.03;69.4;1001879
68.5;69.38;68.24;69.1;654207
69.01;69.25;68.1;68.6;949535
68.28;69.53;68.21;69.2;996974
69.29;69.97;68.86;69.74;840821
69.6;69.97;68.5;68.5;2282159
67.94;69.07;67.82;68.87;860903
69.1;69.91;68.63;68.89;962079
68.8;69.9;67.67;67.78;1414346
67.78;68.88;66.61;67.79;1421252
67.58;68.75;67.21;68.1;1093884
67.99;69.26;67.3;69.26;846347
69.15;69.47;68.75;69.11;804417
69.47;69.95;68.09;68.73;1213323
69.06;69.63;67.82;68.01;1043808
67.7;67.89;65.54;66.1;1263298
65.51;66.79;65.4;66.64;825705
66.56;68.71;66.31;68.51;1068598
68.81;70.25;68.45;69.59;1397498
70;72.71;69.79;72.33;1938007
72.15;72.75;71.66;72.45;877955
72.62;74.33;72.49;72.94;1246762
72.36;72.77;71.1;71.52;1173012
71.71;73.24;71.71;72.7;1192695
73.13;74.36;72.51;73.36;1004851
73.95;74.42;72.01;72.45;1590060
72.81;75.1;72.53;74.9;1380307
75.5;75.89;73.12;73.49;2168604
73.3;73.8;72;73.44;1533400
73.06;73.24;72.05;72.75;1159423
73;73.5;71.92;72;1072349
72.47;72.86;70.75;71.04;902925
70.9;71.82;70.54;70.95;976388
71.22;71.22;69.47;69.5;1295731
69.56;71.35;69.24;71;1141326
71.35;72.19;70.49;70.65;1607953
70.12;70.6;69.14;70.15;991770
69.24;69.66;68.13;69;1109616
69;70.66;68.91;70.17;1073771
69.6;71.74;69.1;71.27;818121
71.21;73.21;71.21;73.03;1398111
73.4;75.44;73.14;74.9;1687494
74.9;75.3;74.76;75.13;900651
75.48;76.44;74.87;75.22;848976
75;75.42;74.46;74.75;863572
74.6;75.9;74.23;75.2;872431
76;76.8;75.61;76.2;1001974
76.11;76.14;74.1;74.29;1235478
74.57;74.82;73.6;73.74;1000446
73.65;74.12;72.56;72.76;1242474
72.64;73.23;71.53;71.66;1489394
72.7;74.2;72.46;73.84;1033031
74.55;74.7;73.02;73.34;1011484
73.8;74.29;73.21;73.8;735683
73.95;74;70.48;70.48;1336453
69;71.65;68.95;70.92;1416913
70.93;71.4;69.36;69.36;1426468
70.1;71.4;70.1;71.27;1006419
71.5;73.8;71.38;73.3;1416002
74.21;74.6;71.81;72.32;1323345
72.2;74.65;71.9;74.3;1222537
74.1;74.85;73.3;74.54;755269
74.01;74.99;72.41;73.23;1167205
73.19;73.69;71.74;72.25;889548
71.98;72.97;71.75;72.27;727978
72.1;74;71.97;73.62;1020757
74.64;74.64;73.6;74.46;842504
74.81;75.98;74.57;75.85;1258716
75.83;77;75.73;77;1124037
76.62;76.9;75.22;75.73;1121506
76.1;76.89;75.16;75.16;2268552
75.25;77.45;75.25;77.4;964248
77.45;78.77;77.3;78.35;874077
78.9;79.27;77.14;77.46;763453
77.4;77.9;77.1;77.9;117543
77.99;78;77.64;77.91;443670
77.99;79.06;77.83;79.06;629282
78.8;79;78.19;78.28;469258
78.31;78.68;78.06;78.38;242712
78.57;79.09;78.02;78.7;1194088
78.57;78.7;77.95;78.33;863565
78.62;79.09;77.77;79.09;867681
79;80;78.45;79.99;852100
80;81.5;79.6;81.07;1277014
81.5;82;81.17;81.7;942575
81.76;81.95;79.11;79.35;1348479
79.16;80.29;79.15;79.95;918412
80.5;80.6;79.62;80.06;665656
80.31;80.99;79.41;79.41;1592869
79.66;81;79.66;80.81;795435
80.6;82.3;80.36;82.1;1201610
81.56;81.91;79.72;79.89;881974
80.61;80.98;78.25;78.44;1213851
78.5;79.3;76.6;77.77;1456421
77.17;78.84;77.08;77.8;1143009
77.05;79.48;76.7;79.44;1398814
78.63;79.42;77.58;79.06;1239611
80;80.84;78.11;78.11;1318923
78.54;79.99;77.71;79.07;1027263
78.03;79.58;78.01;79.33;803999
79.14;81.2;78.5;81.1;1081405
81.17;82.24;80.95;81.45;1148420
81.4;81.7;77.83;77.96;1636761
77.38;77.4;74.19;74.87;2625236
75.69;76.23;74.95;76.23;1355098
75.77;77.76;75.7;77.05;1392001
77.95;78.71;77.23;77.82;1098841
77.96;78.98;76.58;77.58;1229958
78.65;78.78;75.92;76.42;1367327
77.2;77.86;77.01;77.28;744264
78.08;78.3;76.21;77.5;1067938
78.5;78.87;78.23;78.69;1283196
78.98;79.75;78.69;79.6;1386158
79.15;79.78;78.76;79.55;1212197
79.9;80.7;79.14;80.08;953215
80.3;80.64;78.63;79;885065
79.08;79.39;77.88;78.7;661167
78.39;78.9;76.44;76.76;985516
77.42;79.6;76.79;79.6;1489975
80;81.78;79.82;81.74;1299507
81.79;83.45;81.6;83.12;1126981
82.7;84.49;81.75;84.43;1216536
84.03;84.69;83.61;84.01;1158492
84.5;86.99;84.18;86.97;1607864
86.63;86.9;85.68;85.9;1041605
85.78;86.15;84.55;85.69;1113821
85.8;86.62;85.8;86.42;1225499
85.6;86.15;85.26;85.76;1142369
86.24;86.86;85.76;86.41;821159
86.4;86.46;85.57;85.68;681675
86;86.95;85.64;86.74;831666
86.76;87.1;85.7;86;1021737
85.79;87.68;85.71;87.18;987629
87.2;87.99;86.18;86.62;1380933
86.19;86.81;84.98;86.81;719625
86.6;87.98;86.6;87.54;890320
87.5;87.67;86.07;87.11;898053
86.85;87.8;86.47;87.51;702733
87.04;87.83;86.97;87.2;875646
87.52;87.9;86.7;87.6;616853
87.8;87.94;86.69;86.89;765595
86.9;87.61;86.01;86.54;1300855
87.1;88.65;86.73;88.6;1553142
89;89.4;87.9;88.34;1139493
87.6;87.6;86.34;86.48;1205324
86.46;86.66;84.41;84.95;1291107
85.51;88.39;85.51;88.39;1312614
89.1;89.15;88.28;88.75;1084838
91.55;92.36;89.91;90.05;3009161
90.77;91.42;89.49;90.39;1326562
90.99;91.45;89.78;90.52;1398191
90;90.56;87.27;87.53;2221693
86.9;87.15;86.12;86.72;1608313
86.99;88.17;86.81;88.17;888686
88.39;88.72;86.95;87.6;1059204
87.6;88.93;86.57;87.17;1376164
87.28;89;87.14;88.97;1154024
89.65;90.5;89.61;90.37;1283544
90.31;90.49;86.3;86.3;1348870
86;86.78;84.12;84.86;1775784
85.2;87.4;84.71;86.93;1382892
86.95;87.36;85.52;86.84;1331358
86.17;87.58;85.45;87.28;605217
87.8;87.88;84.02;84.21;1748908
84.5;85.9;83.55;84.01;1985451
83.3;86.17;83.2;83.66;1990207
81.5;82.77;78.26;79.51;3506438
83.99;87.53;82.14;87.53;3370428
86.75;88.29;85.53;88.23;2245727
87.55;91.6;87.3;91.17;2361892
91.59;92.5;90.87;91.65;1293574
91.27;91.44;87.4;88.06;2076069
86.74;88.53;86.44;87.09;1252339
87.97;89.2;87.46;88.89;1186782
87.67;88.05;85.63;86.16;1675038
85.81;86.05;81;83.41;2340921
84.17;84.33;80.28;83.74;2987553
84.14;85.09;82;82.85;981104
80.51;81.89;80.04;81.24;1982624
83.01;85.32;82.68;84.08;1815078
84.76;87;83.87;86.87;1486242
87.55;87.88;85.38;85.92;1258091
85.86;87.2;85.73;86.22;517249
85.59;87.31;83.66;86.72;1266297
86.37;87.74;85.08;87.38;1137341
89.33;90.25;88.62;89.09;1382969
89.2;90.4;86.25;87.27;1757282
85.54;87.99;85.22;86.74;1510396
87.67;87.67;85.61;86.9;1514798
87.98;90.2;86.68;90.2;1743893
89.9;91.92;89.49;91.32;1762299
92.08;92.98;90.76;91.91;1645567
92.02;92.38;90.83;92.08;1410573
91.62;92.74;90.89;91.42;1628089
91.75;92.15;91.18;92.12;1775791
92.15;93.42;92.15;93.25;1350134
93.25;94;92.91;93.39;1478346
94.98;96.96;94.86;96.58;1593285
95.66;96.13;94.46;95.3;1273762
94.46;95.75;93.83;94.28;1112478
94.96;94.98;91.56;92.04;1402317
91.62;92.4;90.11;90.79;1329852
91.53;93.47;90.5;93.27;1026351
92.37;92.37;88.71;89.24;1585795
89.46;90.75;88.92;89.81;1186096
88.73;89.09;84.91;85.2;2504299
85.87;86.9;84.85;84.92;1656938
85.08;85.9;84.86;85.04;672775
85.8;88.83;85.26;87.72;1301189
86.86;87.33;85.76;87.21;1191265
87.97;89.49;87.23;89.07;1186369
89.87;90.43;88.87;89.9;778262
89.76;90.42;88.2;89.38;822033
89.72;92.12;89.36;91.52;996512
92.17;92.17;89.79;91.3;777309
91;92.79;90.3;90.95;1152671
91.49;92.22;89.43;89.48;1395650
88.92;89.64;87.89;88.3;778142
89.15;90.35;87.53;88.86;1205537
89.51;92.17;89.51;90.06;1307795
89.78;93.35;89.19;93.25;1227593
93.19;94.62;92.52;94.1;924123
95.09;95.4;94.16;95.03;1052600
94.5;95.15;91.65;92.26;1637781
95.1;95.3;91.97;92.65;1683912
92.79;93.89;92.01;92.05;1199537
91.83;94.76;91.77;93.62;1460688
93.92;95.6;93.8;95.31;1363989
95.16;95.35;93.81;94.86;665273
94.34;95.77;93.81;95.17;1012649
94.85;97.12;94.8;96.51;997489
97;97.72;95.02;95.63;1058100
96.99;97.4;96.3;97.4;622588
96.89;97;95.02;96.28;820085
95.78;95.84;93;93.18;1010342
92.74;93.88;92;92.93;892037
94;94;91.98;93.64;827457
93.96;94.88;92.46;93.56;656315
94.18;94.67;93.62;94.67;633608
94.2;95.3;93.55;95.09;640761
95.73;96.24;93.32;93.6;988778
93.55;93.72;91.85;92.27;1075152
92.38;93.84;91.97;93.04;654146
92.11;93;91.05;91.72;1110661
91.35;92.01;89.12;90.29;1251596
91.08;92.5;90.72;91.99;1001781
91.65;92.1;89.72;91.67;852255
92;92.25;90.98;91.6;333463
90.2;91.93;89.76;91.77;998390
92;95.8;91.52;95.8;1166801
95.3;96.94;95.17;96.47;853602
96.75;98.47;96.3;98.31;1132279
98.4;98.4;97.05;97.47;651691
97.23;97.35;96.18;97.05;851137
96.98;98.91;96.06;98.42;943892
98.29;98.84;97.54;98.28;832155
98.01;99.36;97.86;98.89;950966
99.48;100.8;99.3;99.91;895145
99.92;101.6;99.51;101.3;1115070
101;101.8;100.4;101.15;799259
100.95;101.75;100.55;101.1;510771
101.85;102;99.98;100.85;1604887
101.3;104.3;101;104.3;999220
104.15;105.45;104;104.95;1166214
104.6;105;102.4;102.55;1128669
103.35;103.75;101;102.1;1049386
101.55;106;101.55;105.8;1047925
106.05;106.55;103.95;104.1;721715
103.55;106.8;102.8;106.5;1261754
106.65;107.5;106.3;106.8;871204
106.05;109.5;105.7;107.6;1202583
107.5;108.55;104.75;105.15;1099792
105;106.45;104.15;105.8;862025
105.9;108.3;105.25;107.9;827819
108.2;109.8;107.95;109.75;1081166
109.4;111.45;108.7;110;946328
110.05;110.5;108.9;109.7;681605
109.95;111.35;109.55;110.4;768474
109.3;110.15;108.3;109.75;878898
110.5;111.45;110.3;110.85;875647
112;112;109.85;111.45;1242652
111.95;112.4;110.7;111.9;952002
111.05;111.85;109.75;111.5;760034
111.25;111.8;108.2;108.85;1191784
108.5;109.6;107.75;108.9;743077
108.85;114.25;108.35;114.25;1480039
113.55;113.8;112.6;113.3;920511
115;119.4;114.5;116;1735966
115.55;116.45;110.9;112.35;1630740
112;114;111;111.95;851513
112.65;114.1;111.85;112.35;667886
112.45;113.5;112;112.6;669997
113.4;114;112;113.35;529752
113.3;115.1;113;114.7;624729
115.25;117.3;114.9;116;851954
117.4;119.8;116.55;119.2;1146174
119.65;120.5;118.6;119.1;897594
118.95;119.05;117.85;118.75;504632
118.2;119.5;117.5;117.7;741361
117.35;118.35;116.4;116.8;823751
116.9;117.9;115.75;117.85;710301
116.1;118.1;114.7;116.1;1024821
115.15;117.1;115.15;116.85;691682
116.55;117.85;115;115;1030669
114.8;115.95;114.65;115.15;672519
116.1;118;116;118;688018
117.85;119.4;117.7;119.4;688630
119.4;121.5;119.35;119.8;875018
119;120.85;116.8;116.8;1355855
117.2;119.1;116.3;118.95;1023068
119.05;121.6;118.5;120.85;797418
119.95;120.85;118.9;119.85;792512
119.8;122.2;117.05;117.05;1272921
117.05;118.15;116.3;116.85;1199270
117.45;119.15;117.4;118.5;1070551
119;122.3;118.5;122.2;1124484
122.3;123.95;120.75;121.7;781109
121.2;121.95;120.2;121.45;629781
121.65;125.95;121.55;124.1;1128501
123.55;123.9;121.7;122;844807
123.35;123.95;119.85;120.7;1086591
120.7;122.55;120.65;121.5;685168
121.8;123.4;121.7;123.2;773793
123.2;123.75;122.7;123.75;528993
123.25;123.25;120.4;121.5;944278
121.9;123.8;121.2;123.55;750764
123.95;124.5;123.1;123.2;1249506
124.4;124.8;123.1;123.4;502072
124.05;125.55;123.75;125.45;611383
124;129.05;124;127.7;901776
127.9;128;126.9;127.35;442708
126.9;128;126.1;128;92200
127.35;127.9;125;125.65;400686
126.2;126.75;124.55;124.65;258229
125.2;126;124.85;125.45;262794
125.45;125.9;122.95;123.35;357498
123.5;124.2;122.9;123.1;133727
124.5;125.35;123.5;124.35;391794
123.95;124.35;121.3;121.55;719318
121.2;121.5;117.65;119.8;1305014
120.1;122.7;119.85;121.9;886936
120.9;121.45;119.1;119.35;882926
119;119.2;116.5;118.95;926443
119.55;122.1;118.95;121.25;1004126
121.25;122.25;119.7;121.05;906222
121.05;121.1;118.4;118.85;990171
118.2;118.65;115.55;116.75;1353461
117.9;118.4;116.1;116.7;705662
117.5;119.65;117.25;118.3;818533
118.75;119.3;114.05;114.4;1390049
115.2;115.2;110.9;112.8;1700348
113;113.9;111.85;112.3;1355025
112.75;113.85;111.6;113.3;854813
113.9;116.95;113.7;115.65;1111953
116.05;117.1;115.6;116.2;808303
116.1;117.25;114.7;114.85;1023868
114.95;115.9;113.75;113.8;882281
114;115;112.35;114.05;976833
114.7;116.45;114.7;116.25;982208
116.25;117.75;115.3;116.2;945720
115.85;116.9;114.3;116.9;895311
114.9;116;112.9;114.05;2383835
114.3;116.4;114.15;116.4;1028269
115.7;119.95;115.6;119.6;1638981
119.9;121.2;118;118.05;895670
118;119;116.7;118.85;666483
119.45;120.5;117;119.4;813673
120.15;120.5;119.15;119.5;567636
119.45;119.5;117.55;118.05;615194
118.15;118.7;116.15;116.9;972701
117.95;117.95;116.05;117.45;751077
117.95;117.95;115.75;116.25;977156
115.9;116.9;114.9;115.3;730005
114.6;115.6;113.25;115;875109
114.9;115;112.1;113.5;1275820
112.5;112.85;110.9;111.2;1260140
112.3;114.5;111.15;114.2;868216
113.95;115.2;113.15;114.25;741561
115.2;117.8;114.35;115.3;1157791
113.85;114.4;112.05;113.15;1178960
114;114.15;112.75;112.95;1008961
113.4;114.05;111.1;111.55;876850
111;114.75;109.25;112.95;1697977
113.65;114.45;112.6;114.3;952436
114.25;115.85;113.6;114.95;1081876
114.15;114.7;112.5;113.1;832321
112.1;112.45;110;110;1256461
107;108;105.2;106.6;2527826
102.65;105.25;97.67;104.25;4499873
105;105.8;100.8;100.8;2336433
101;103.95;99.69;103.65;2816952
104.45;106.75;104;105.5;2335988
106.9;109.15;106.55;109;1656684
109.45;110.75;108.75;108.75;1226251
108.9;109.35;107.3;108.2;979947
108.15;110.4;107.6;110.2;941905
110.8;110.85;109.35;109.7;647627
110;111.4;109.8;110.9;711283
110.8;111.3;108.95;110.25;785237
111.2;112.35;110.9;111.65;733141
111.8;113.15;111.4;111.7;1054900
112.85;113;111.9;113;869782
112.9;112.9;111.1;112.05;816386
112.35;113.8;111.55;113.7;899909
114.5;115.15;113.5;114;843556
114.1;114.5;111.8;111.95;828712
112.35;113.75;110.5;111.2;1011481
110.8;111.55;110.05;111.15;583693
110.3;111;109.45;109.8;818970
110.35;111.95;109.5;111.2;614045
110.5;111.75;110.1;111.2;554501
111.5;112.65;110.9;112;890416
112.3;113.3;109;109.75;834487
113.4;116.55;112.1;115.2;1741551
116;118.55;115.8;117.7;1171446
118.9;119.5;117.9;119.3;684097
118.65;119.95;118.2;119.8;676287
119.95;120.15;118.55;118.75;818992
120.2;120.5;119.1;120;769173
120.25;121.65;119.75;121.25;535038
122.3;122.3;120.7;120.75;450957
120.55;120.6;118.85;120.55;640742
119.8;120.4;117.5;118;1120635
118.4;119.3;116.75;118;917481
118;121.1;117.4;120.2;843545
119.65;120.95;118.1;118.5;671433
118.95;121.3;118.75;120.3;735196
120.95;124.25;120.7;123.05;1286462
121.45;122.45;120;120.95;994051
121.55;122.8;120.2;120.75;664022
120;121.55;119.6;120.7;765381
120;120.5;117.95;118.6;861379
119.5;120.5;118.75;120.25;703926
120.55;120.75;117.9;120.4;932952
119.6;120.4;118.6;119.05;1053171
117.7;117.7;116;116.05;968179
116.6;118.3;116.25;117.7;639241
117;117.85;116.35;117.7;754124
117.6;118.25;115.65;116.5;909866
117.55;119.3;117.3;118.35;844659
118.25;119.15;117.3;118;287283
119;120.95;119;120.9;989456
120.95;121.5;119.5;120.1;755162
118.85;119.25;118.05;118.15;485567
118.5;119.4;117.5;118.25;744048
118.15;118.4;117.1;117.55;442477
117.6;118.4;117.1;117.6;605529
117.15;117.45;115.85;116.15;766582
115.85;116.95;114.85;116.9;749032
117.25;117.65;114.5;114.8;873668
115.15;116.4;114.55;115.45;399524
116.5;117.7;116.25;116.8;668460
116.25;117.2;114.15;115;1021643
114.05;114.45;111.75;113;1583402
112.95;114.3;110.8;112.75;1456289
112;113.2;111.4;113.15;967118
113.15;116.7;113;116.7;929828
116.45;118.85;115.55;118.35;935708
117.75;118.45;113.55;114.65;1130326
116.5;118.45;115.9;116.25;967017
116;121.5;115.2;116.75;763933
117;121.15;116.5;120.6;1227024
121.4;123.1;120.5;122.5;988163
122.5;124.2;121.35;124.1;1010733
123;126.5;122.8;125.85;1011330
125.75;127;125.5;125.5;616449
125.3;128.2;124.8;127.05;922699
127;127.95;125.95;126.8;1226707
127.4;129.45;126.85;128.95;1119472
129;129.95;126.7;126.9;1026135
125.45;126.45;123.65;124.4;1019179
121.45;123.45;119.4;123.45;1508580
123;126.1;122.6;125.75;921442
124.9;125.7;124.1;124.7;512918
124.4;125.5;123.4;124.65;809261
123.65;124.15;121.35;122.4;800370
123;123.65;121.85;123.2;719940
124.2;126.4;123.45;126.15;933607
126.95;129.05;126.35;128.35;1045601
129.1;129.8;128.1;129.25;724758
128.75;130.9;128.2;130.55;837903
129.95;130.95;127.95;130;756277
130.6;132.65;128.45;129.8;1336794
129.8;130.75;126.7;128.8;960457
127.45;129.3;124.9;127.95;1065546
129;131.65;126.9;127.3;1202551
125.95;126.9;122.8;123.05;1397046
120.9;122.8;119.75;121.15;1425424
122.85;123;115.1;115.2;2168750
111;119.5;109.55;115.2;2375103
113.55;116.95;107.15;107.15;2393830
107.6;111.45;102.5;111.15;3143215
112.2;114.45;106.7;106.7;2821994
109.9;111.45;104.8;111.3;2945667
111.4;115.25;109.1;114.75;1479421
116;116.4;114.15;115.35;679424
114.25;115.6;112.85;115.05;915817
114.4;118.2;113.05;116.85;1185439