7.39;7.5;7.2;7.47;119530
7.45;7.45;7.31;7.365;69260
7.01;7.3;6.905;7.3;109500
7.1;7.24;6.865;7.02;147180
7.06;7.16;6.95;7.02;61080
7.02;7.1;6.965;7.02;118630
7;7.095;6.91;7.095;112450
7;7.09;6.95;7.08;16910
7;7.13;6.98;7.08;80280
6.98;7.085;6.93;6.95;147270
6.955;7.05;6.9;6.995;95640
6.9;6.985;6.72;6.985;175710
6.98;6.985;6.74;6.985;130540
6.825;6.975;6.7;6.8;63750
6.715;6.8;6.5;6.55;156690
6.52;6.6;6.5;6.55;93250
6.58;6.58;6.5;6.5;56580
6.6;6.6;6.5;6.5;85130
6.5;6.57;6.5;6.57;15270
6.55;6.565;6.5;6.5;74000
6.6;6.6;6.5;6.5;114850
6.595;6.62;6.5;6.5;55490
6.6;6.6;6.52;6.59;23420
6.62;6.77;6.6;6.6;141400
6.53;6.69;6.5;6.6;73940
6.6;6.675;6.5;6.66;51570
6.51;6.69;6.51;6.61;54060
6.6;6.77;6.515;6.515;90480
6.5;6.55;6.5;6.5;148260
6.5;6.54;6.5;6.535;26480
6.5;6.675;6.5;6.64;65720
6.505;6.82;6.505;6.82;108050
6.605;6.82;6.56;6.68;43370
6.51;6.7;6.51;6.7;70020
6.65;6.66;6.51;6.55;73500
6.5;6.795;6.49;6.62;182160
6.6;6.78;6.6;6.7;52760
6.65;6.8;6.65;6.68;16370
6.695;6.72;6.605;6.675;16570
6.66;6.7;6.65;6.7;19400
6.66;6.66;6.6;6.655;18810
6.6;6.65;6.5;6.53;35450
6.53;6.6;6.5;6.59;38860
6.51;6.6;6.5;6.59;28180
6.5;6.58;6.5;6.5;29280
6.5;6.59;6.5;6.5;54990
6.51;6.6;6.5;6.6;43500
6.5;6.58;6.5;6.5;134440
6.55;6.575;6.55;6.55;20800
6.55;6.58;6.515;6.575;22610
6.5;6.595;6.5;6.55;48740
6.55;6.8;6.55;6.78;156520
6.6;6.85;6.6;6.85;75320
6.7;6.9;6.69;6.9;70320
7.02;7.55;7.02;7.3;325420
7.3;7.35;7.21;7.345;89690
7.295;7.295;7.05;7.2;38770
7;7.2;7;7.1;206790
7;7.05;7;7;20970
7.005;7.16;6.9;7.1;47870
7;7.1;7;7.005;13150
7.005;7.305;7.005;7.3;72430
7.29;7.29;7.1;7.27;49180
7.2;7.8;7.2;7.5;388580
7;7.95;7;7.9;360290
7.9;7.9;7.7;7.81;101240
7.725;7.86;7.715;7.86;86660
7.88;7.88;7.7;7.8;112650
7.75;7.8;7.615;7.8;60920
7.845;7.845;7.2;7.5;79680
7.7;7.7;7.4;7.495;46670
7.52;7.585;7.3;7.5;75400
7.5;7.55;7.335;7.475;26220
7.31;7.45;7.24;7.335;37230
7.315;7.315;7.01;7.05;44930
7;7.09;6.76;7;90720
7;7.39;7;7.34;132820
7.4;7.4;7.045;7.27;77820
7.115;7.3;7.115;7.215;25200
7.3;7.35;7.14;7.205;18180
7.3;7.485;7.2;7.48;98590
7.5;7.595;7.31;7.5;34670
7.5;7.585;7.475;7.5;40240
7.5;7.72;7.5;7.65;63170
7.7;7.86;7.6;7.75;92890
7.875;7.89;7.7;7.82;143230
7.8;7.85;7.735;7.75;56530
7.8;7.9;7.8;7.9;114600
7.85;7.95;7.75;7.8;100940
7.75;7.9;7.695;7.89;27350
7.8;8;7.705;8;119950
8;8;7.825;7.9;60570
7.99;7.99;7.725;7.8;59290
7.79;7.835;7.71;7.8;68320
7.8;7.82;7.65;7.78;63030
7.78;7.895;7.705;7.895;37840
7.77;7.89;7.77;7.8;73160
7.75;7.76;7.55;7.7;25120
7.6;7.66;7.52;7.65;23010
7.5;7.52;7.28;7.305;61120
7.35;7.83;7.35;7.52;28330
7.4;7.55;7.35;7.35;746290
7.45;7.49;7.29;7.3;30280
7.31;7.4;7.285;7.4;10480
7.27;7.4;7.24;7.4;22160
7.4;7.43;7.39;7.4;26330
7.38;7.405;7.38;7.4;23110
7.52;7.52;7.4;7.515;72040
7.42;7.51;7.405;7.45;63180
7.4;7.435;7.35;7.4;10540
7.5;7.6;7.45;7.6;68940
7.5;7.62;7.5;7.58;22340
7.62;7.7;7.5;7.655;22900
7.8;7.8;7.69;7.8;27240
7.8;7.84;7.65;7.83;47380
7.8;7.8;7.5;7.7;34570
7.43;7.69;7.415;7.59;22450
7.33;7.6;7.33;7.5;38600
7.35;7.65;7.35;7.65;11860
7.41;7.645;7.41;7.64;21660
7.51;7.565;7.45;7.5;14960
7.45;7.6;7.45;7.5;9680
7.41;7.48;7.41;7.42;31700
7.45;7.45;7.36;7.41;37770
7.4;7.45;7.3;7.45;255540
7.495;7.495;7.4;7.49;2610
7.28;7.345;7.28;7.285;27920
7.32;7.55;7.32;7.55;25970
7.57;7.59;7.515;7.59;211370
7.74;8.2;7.74;7.83;336180
7.99;8;7.83;7.89;55890
8;8.02;7.77;7.8;42780
7.75;7.89;7.665;7.81;150940
7.885;7.885;7.76;7.8;134440
7.82;7.945;7.77;7.8;218060
7.935;7.935;7.67;7.86;54180
7.9;7.9;7.785;7.86;17770
7.81;7.84;7.7;7.75;87490
7.7;7.83;7.7;7.83;143520
7.75;7.92;7.75;7.92;163190
7.8;7.94;7.8;7.905;21730
7.86;8;7.86;8;51730
8.1;8.11;7.95;7.99;47450
8;8.3;8;8.29;151390
8.2;8.27;8.1;8.2;759370
8;8.135;7.95;8;192310
8;8.16;8;8.16;26620
8.01;8.27;8.01;8.11;169700
8.205;8.27;8.12;8.27;210720
8.27;8.45;8.25;8.45;496030
8.45;8.52;8.305;8.45;190930
8.4;8.45;8.39;8.41;48660
8.4;8.42;8.37;8.4;629240
8.4;8.43;8.31;8.4;21640
8.4;8.4;8.35;8.35;1239940
8.385;8.48;8.33;8.45;100120
8.445;8.5;8.41;8.5;297340
8.5;8.5;8.42;8.5;301050
8.42;8.495;8.365;8.495;88520
8.41;8.5;8.4;8.4;281900
8.4;8.5;8.355;8.355;49220
8.355;8.5;8.355;8.5;105980
8.385;8.495;8.385;8.495;98310
8.37;8.49;8.37;8.425;72250
8.43;8.55;8.4;8.5;264840
8.49;8.55;8.41;8.55;131870
8.55;8.6;8.43;8.545;545980
8.45;8.55;8.45;8.535;39900
8.45;8.6;8.45;8.55;330870
8.6;8.6;8.455;8.5;39750
8.495;8.62;8.455;8.605;113650
8.53;8.68;8.53;8.68;157970
8.7;8.75;8.67;8.7;564720
8.7;8.7;8.665;8.665;120460
8.61;8.75;8.61;8.75;496300
8.8;8.9;8.755;8.9;234760
8.995;9.68;8.8;9.55;524330
9.45;9.5;9.375;9.5;181900
9.365;9.5;9.345;9.5;56190
9.45;9.475;9.3;9.3;103060
9.005;9.3;9.005;9.15;36220
9.2;9.2;8.65;9.05;53980
9;9;8.925;8.99;28670
9.035;9.035;8.51;8.675;104030
8.77;8.77;8.51;8.65;228780
9;9;8.68;8.895;50230
9;9;8.73;8.95;111870
8.92;9.1;8.855;9;393770
9.1;9.1;8.9;8.995;32000
9;9;8.8;8.88;89860
8.9;8.98;8.8;8.825;14550
8.98;8.98;8.85;8.85;79280
8.9;9;8.85;9;26790
8.9;9.05;8.9;9;64060
9.05;9.15;9;9;244650
9.1;9.325;9;9.25;294150
9.3;9.5;9.06;9.5;321220
9.52;9.52;9.15;9.22;240360
9.2;9.4;9.005;9.25;499100
9;9.14;8.905;8.99;172980
9.09;9.09;8.85;8.95;52480
8.9;8.99;8.5;8.6;47280
8.5;8.765;8.45;8.5;819270
8.5;9.18;8.5;8.8;170700
8.9;9.1;8.86;8.905;169790
9.06;9.06;9;9.06;46870
9.025;9.06;9.005;9.05;4610
9;9.06;8.9;8.995;30390
8.95;9;8.9;8.95;58140
9.06;9.06;8.95;9;367330
9.05;9.05;8.95;9;19340
8.92;9.05;8.92;9.05;9190
9.06;9.1;9;9.035;41040
9;9.035;9;9.035;83400
9.035;9.035;9;9.035;86770
9.01;9.07;9.01;9.06;98150
9;9.06;9;9.015;16540
9.06;9.07;9.02;9.07;95500
9.03;9.08;9;9.08;33380
9.085;9.085;8.965;9;121530
9;9;8.7;8.725;50120
8.895;8.895;8.5;8.65;203120
8.7;8.865;8.7;8.82;87670
8.83;8.985;8.8;8.985;73500
8.995;9.03;8.92;9.015;122970
9.04;9.135;9.005;9.1;71140
9.16;9.4;9.16;9.25;188660
9.22;9.375;9.16;9.2;75990
9.16;9.3;9.16;9.3;290030
9.3;9.4;9.3;9.35;220850
9.4;9.48;9.35;9.35;114360
9.265;9.47;9.22;9.22;104470
9.25;9.25;9.12;9.25;16940
9.25;9.3;9.1;9.2;26410
9.3;9.3;9.1;9.2;102690
9.25;9.295;9.13;9.2;49740
9.2;9.385;9.15;9.3;135880
9.39;9.41;9.28;9.36;199770
9.35;9.35;9.2;9.3;27550
9.3;9.345;9.2;9.295;41030
9.3;9.44;9.25;9.36;149370
9.3;9.35;9.25;9.29;94640
9.29;9.29;9.05;9.19;179980
9.1;9.1;9.01;9.1;111380
9.05;9.14;9.01;9.14;304300
9.185;9.23;9.12;9.225;213130
9.195;9.215;9.13;9.21;174710
9.18;9.2;9.14;9.18;203060
9.14;9.19;9.14;9.18;95590
9.15;9.25;9.15;9.25;265290
9.2;9.35;9.17;9.35;91960
9.31;9.425;9.31;9.4;124460
9.38;9.445;9.38;9.445;110100
9.41;9.445;9.23;9.4;136890
9.4;9.4;9.28;9.36;107280
9.45;9.45;9.31;9.4;88770
9.35;9.45;9.35;9.4;61440
9.4;9.45;9.25;9.3;95280
9.375;9.5;9.25;9.365;105980
9.49;9.6;9.315;9.54;142380
9.5;9.53;9.25;9.4;664720
9.3;9.49;9.3;9.49;292660
9.4;9.49;9.35;9.45;28430
9.44;9.49;9.38;9.45;68490
9.41;9.49;9.365;9.47;404510
9.46;9.49;9.45;9.49;68830
9.45;9.57;9.45;9.5;159000
9.48;9.64;9.47;9.62;126450
9.58;9.89;9.55;9.86;197890
9.9;9.9;9.75;9.85;145600
9.78;9.87;9.705;9.85;66150
9.9;9.9;9.755;9.9;84800
9.85;9.9;9.82;9.88;167200
9.85;9.895;9.75;9.895;172910
9.85;9.95;9.8;9.95;281300
9.92;9.92;9.85;9.875;49940
9.85;9.99;9.85;9.9;88390
9.85;9.985;9.8;9.9;82470
9.85;9.895;9.805;9.855;126470
9.8;9.835;9.71;9.75;118080
9.77;9.9;9.77;9.825;73650
9.8;9.9;9.75;9.875;31800
9.87;9.9;9.8;9.9;79330
9.92;9.95;9.85;9.9;56800
9.835;9.985;9.835;9.94;65140
10.1;10.22;10.07;10.22;228090
10.22;10.22;10.06;10.15;167530
10.09;10.19;10.05;10.15;59970
10.15;10.18;10.05;10.15;195690
10.05;10.15;9.99;10.1;247580
10.03;10.18;10;10.1;98810
10;10.1;10;10.1;149830
10;10.2;10;10.1;355750
10.18;10.18;10.05;10.1;74990
10.05;10.17;10;10.1;128770
10.1;10.17;9.8;10;349480
9.95;10;9.75;10;343340
9.91;10.01;9.9;10;103160
9.95;10.1;9.95;10.05;98440
10.05;10.17;10;10.17;137380
10.17;10.19;10.13;10.18;95530
10.15;10.18;10.12;10.18;107560
10.1;10.18;10;10.02;73880
10.03;10.18;10.03;10.04;131630
10.03;10.09;9.8;10.04;129650
9.9;9.94;9.8;9.94;90820
9.85;9.9;9.6;9.8;292040
9.7;9.8;9.55;9.65;301510
9.5;9.79;9.5;9.79;222710
9.7;9.7;9.3;9.5;372940
9.5;9.55;9.3;9.55;249780
9.5;9.7;9.5;9.7;530310
9.6;9.75;9.6;9.74;784080
9.74;9.85;9.74;9.85;263020
9.85;9.975;9.85;9.9;47430
9.9;10;9.9;10;75350
10;10.17;9.95;10.1;144140
10.1;10.17;10;10.1;130670
10.1;10.1;10;10;61410
10;10.08;10;10.05;213390
10.05;10.09;10.01;10.06;239660
10.06;10.1;10;10.01;129550
9.95;10.01;9.9;10.01;93160
10;10.04;9.95;10.02;57790
9.95;10.1;9.95;10.1;69340
10;10.08;9.95;10.08;43290
10;10;9.95;10;53500
9.99;10.09;9.965;10;107200
9.95;10.2;9.95;10.05;279070
10.18;10.18;10;10.05;105460
10;10;9.95;9.98;41050
9.95;10.05;9.92;10;271500
9.95;10;9.915;10;33730
9.95;10;9.95;9.96;21580
9.95;10.05;9.93;9.97;95870
9.96;10;9.96;10;41100
10;10.2;9.95;10.2;319810
10;10.15;9.85;9.98;160560
9.98;9.98;9.81;9.87;111540
9.85;10;9.85;9.88;45550
9.88;9.975;9.87;9.9;60620
9.85;9.9;9.81;9.84;235790
9.83;9.9;9.82;9.865;152180
9.9;9.9;9.805;9.81;87520
9.81;9.9;9.805;9.9;68910
9.805;10.08;9.805;9.91;104540
9.88;10.1;9.81;9.98;123620
10;10.09;9.85;9.97;105410
9.95;9.95;9.845;9.895;51670
9.85;9.9;9.83;9.85;65500
9.89;9.895;9.81;9.85;237730
9.85;9.92;9.85;9.9;189840
9.875;9.93;9.875;9.9;7910
9.85;9.9;9.85;9.895;42490
9.85;9.89;9.85;9.875;45380
9.85;9.93;9.85;9.875;86220
9.87;9.915;9.86;9.875;94370
9.9;10;9.85;9.99;205240
10.05;10.05;9.85;9.95;154840
9.695;9.725;9.6;9.72;131420
9.655;9.7;9.615;9.67;82010
9.67;9.675;9.65;9.67;92360
9.65;9.69;9.6;9.69;179170
9.65;9.7;9.59;9.69;135650
9.65;9.7;9.62;9.7;90200
9.65;9.72;9.65;9.72;219260
9.72;9.81;9.72;9.81;115690
9.8;9.825;9.78;9.81;95740
9.78;9.85;9.78;9.82;123840
9.8;9.875;9.78;9.83;58340
9.8;9.84;9.77;9.84;231630
9.8;9.88;9.78;9.86;149050
9.8;9.875;9.78;9.86;62570
9.8;9.89;9.8;9.89;111860
9.81;9.85;9.785;9.785;77320
9.795;9.805;9.77;9.805;129860
9.78;9.83;9.755;9.8;223270
9.79;9.9;9.76;9.885;37390
9.85;9.89;9.85;9.87;101210
9.875;9.89;9.835;9.86;137230
9.8;9.875;9.76;9.8;182650
9.8;9.865;9.8;9.86;60140
9.9;9.9;9.7;9.8;100230
9.75;9.84;9.745;9.84;96840
9.805;9.9;9.805;9.85;222400
9.8;9.9;9.8;9.9;28290
9.9;9.98;9.9;9.975;349480
9.95;10;9.95;9.98;217740
9.95;9.99;9.9;9.98;204620
9.96;9.99;9.94;9.99;139610
9.97;9.99;9.92;9.95;90940
9.94;9.97;9.9;9.97;274940
9.95;10.02;9.94;9.97;45370
9.96;10.02;9.96;10;33470
10;10.02;9.94;10;46220
9.98;10;9.92;9.995;206980
9.995;10.19;9.93;10.19;279120
10.15;10.19;10.05;10.19;292660
10.05;10.2;10.05;10.2;88310
10.1;10.2;10.1;10.19;29310
10.13;10.19;10.08;10.19;66950
10.15;10.18;10.07;10.13;172540
10.1;10.18;10.05;10.15;143240
10.11;10.18;10.09;10.15;26200
10.13;10.15;10.05;10.15;51550
10.1;10.11;10.06;10.1;23770
10.11;10.2;10.09;10.18;71730
10.2;10.2;10.14;10.14;75030
10.14;10.18;10.1;10.15;75330
10.15;10.2;10.13;10.19;19680
10.15;10.19;10.15;10.19;47370
10.18;10.19;10.15;10.18;54610
10.18;10.19;10.11;10.15;48510
10.14;10.15;10.05;10.15;117060
10.15;10.17;10.1;10.15;36790
10.1;10.15;10.05;10.14;83740
10.13;10.15;10.1;10.14;37470
10.15;10.15;10.09;10.15;48020
10.15;10.15;10.11;10.15;29570
10.14;10.15;10.1;10.15;20470
10.14;10.15;10.08;10.14;49660
10.12;10.14;10.06;10.1;63740
10.1;10.15;10.05;10.14;40930
10.08;10.15;10.06;10.15;17790
10.12;10.15;10.06;10.1;29150
10.11;10.11;10.06;10.1;35930
10.09;10.09;10.03;10.05;75400
10.05;10.15;10.05;10.05;193360
10.03;10.05;9.85;9.95;544290
9.95;10;9.7;9.8;416200
9.25;9.49;9;9.49;388670
9.35;9.6;9.35;9.57;154070
9.57;9.6;9.25;9.5;144290
9.4;9.55;9.15;9.5;180830
9.48;9.5;9.37;9.5;89710
9.48;9.55;9.37;9.5;83910
9.45;9.48;8.65;9;1569350
8.9;8.9;8.65;8.7;699670
8.62;9.1;8.6;9.1;184810
8.9;9.15;8.8;9.05;426880
9;9.3;8.98;9.15;178920
9.05;9.2;8.95;9.1;170080
9.05;9.17;8.99;9.17;89350
9.1;9.16;9;9.1;56060
9.1;9.15;9.03;9.15;82340
9.13;9.13;8.9;9.015;223560
9.02;9.15;8.95;9.15;127880
9.1;9.15;9.055;9.15;59670
9.05;9.16;9;9.16;41380
9;9.155;9;9.15;98540
9.1;9.29;9.05;9.29;120790
9.29;9.49;9.2;9.42;272610
9.49;9.49;9.35;9.39;63320
9.3;9.36;9.205;9.3;43670
9.35;9.35;9.05;9.135;261980
9.19;9.35;9.1;9.3;218890
9.25;9.37;9.2;9.35;104890
9.35;9.35;9.25;9.35;135470
9.35;9.375;9.3;9.375;56790
9.35;9.45;9.35;9.45;64760
9.485;9.485;9.4;9.485;76620
9.47;9.5;9.47;9.49;93080
9.49;9.6;9.49;9.6;70770
9.6;9.61;9.45;9.55;227820
9.4;9.575;9.4;9.46;24110
9.45;9.545;9.45;9.53;42800
9.5;9.675;9.3;9.64;25730
9.6;9.7;9.51;9.56;82090
9.5;9.62;9.5;9.62;140330
9.58;9.68;9.4;9.4;175130
9.46;9.545;9.435;9.5;62530
9.55;9.69;9.55;9.65;57350
9.62;9.7;9.4;9.6;172170
9.55;9.675;9.5;9.54;124230
9.55;9.8;9.48;9.775;197770
9.7;9.85;9.7;9.78;250100
9.7;9.8;9.65;9.8;111540
9.78;9.85;9.65;9.75;47100
9.75;9.8;9.575;9.71;112640
9.7;9.79;9.48;9.68;552780
9.65;9.79;9.55;9.68;38770
9.7;9.745;9.47;9.72;201660
9.7;9.77;9.6;9.72;46600
9.65;9.76;9.6;9.74;63670
9.74;9.76;9.6;9.73;53190
9.72;9.75;9.6;9.7;95830
9.67;9.7;9.6;9.69;29100
9.65;9.7;9.6;9.695;31940
9.6;9.695;9.55;9.695;32930
9.68;9.695;9.55;9.65;44150
9.65;9.695;9.6;9.695;83940
9.65;9.7;9.6;9.7;179040
9.695;9.7;9.5;9.7;134580
9.7;9.7;9.55;9.61;86260
9.7;9.7;9.55;9.61;140010
9.59;9.59;9.48;9.5;154960
9.5;9.6;9.5;9.51;47060
9.5;9.58;9.5;9.5;25370
9.5;9.6;9.48;9.5;53540
9.55;9.66;9.45;9.6;215460
9.6;9.65;9.48;9.65;133170
9.6;9.6;9.5;9.57;43210
9.55;9.65;9.4;9.6;124840
9.55;9.65;9.55;9.65;23730
9.6;9.6;9.45;9.6;261210
9.6;9.69;9.46;9.69;110390
9.65;9.75;9.65;9.71;114120
9.7;9.745;9.65;9.74;70320
9.7;9.74;9.52;9.62;352170
9.6;9.64;9.51;9.55;80310
9.54;9.63;9.54;9.56;54310
9.56;9.56;9.425;9.54;141130
9.45;9.575;9.355;9.495;72750
9.45;9.54;9.42;9.52;75930
9.5;9.5;9.42;9.42;55500
9.42;9.475;9.42;9.44;31050
9.42;9.45;9.35;9.39;93960
9.39;9.47;9.18;9.25;428750
9.2;9.3;9.2;9.25;50860
9.2;9.2;9.17;9.19;71890
9.19;9.29;9.18;9.29;67700
9.25;9.3;9.22;9.3;88590
9.3;9.4;9.225;9.3;41930
9.23;9.295;9.2;9.28;29980
9.25;9.3;9.19;9.3;55870
9.2;9.3;9.16;9.175;32100
9.16;9.2;9.02;9.05;262700
9.05;9.16;9.01;9.16;547240
9.16;9.2;9.16;9.2;58680
9.18;9.18;9.11;9.12;58190
9.1;9.1;9.01;9.1;137750
9.1;9.2;9.09;9.14;35520
9.14;9.19;9.06;9.175;62320
9.18;9.2;9.16;9.2;54940
9.2;9.2;9.18;9.2;57950
9.2;9.2;9.09;9.2;90510
9.2;9.2;9.13;9.2;35830
9.16;9.2;9.04;9.2;20010
9.1;9.1;9;9.1;153910
9;9.2;9;9.095;19420
9.04;9.05;8.95;9.05;174980
8.95;9.095;8.87;9.04;106900
9;9.1;8.8;9.05;157900
8.95;9.085;8.73;9;84690
8.85;9.04;8.8;9.035;26160
8.92;9.085;8.82;9.03;43150
9.085;9.095;8.92;9.07;27410
8.94;9.14;8.94;9.13;54510
9.03;9.185;9;9.15;29420
9.1;9.2;9.1;9.2;29180
9.2;9.2;9.07;9.16;40350
9.1;9.2;9.1;9.195;16230
9.12;9.2;9.12;9.2;31360
9.19;9.2;9.1;9.2;59770
9.1;9.2;9.1;9.18;43750
9.105;9.175;9.05;9.1;48070
9.05;9.09;9;9.07;48640
9.05;9.075;9.04;9.075;25300
9.05;9.075;9.04;9.075;28850
9.05;9.095;9.05;9.095;42620
9.05;9.095;9.05;9.095;39870
9.095;9.095;9.06;9.095;25160
9.095;9.1;9.005;9.1;74350
9.15;9.15;9;9.15;67000
9.03;9.2;9.02;9.2;165370
9.1;9.2;9.1;9.2;39310
9.1;9.2;9.1;9.2;43450
9.13;9.2;9.13;9.2;140030
9.2;9.4;9.19;9.39;89440
9.3;9.355;9.2;9.26;94380
9.22;9.32;9.22;9.28;37350
9.28;9.28;9.125;9.2;46660
9.2;9.27;9.15;9.24;93300
9.275;9.3;9.115;9.24;99620
9.3;9.3;9.15;9.17;21960
9.15;9.32;9.15;9.26;28590
9.39;9.39;9.2;9.27;70460
9.25;9.27;9.2;9.27;64300
9.22;9.27;9.2;9.27;64710
9.2;9.31;9.2;9.3;21810
9.2;9.31;9.2;9.31;29920
9.25;9.35;9.2;9.25;28510
9.25;9.3;9.2;9.26;26870
9.205;9.3;9.2;9.245;30960
9.2;9.24;9.2;9.22;39840
9.2;9.3;9.2;9.23;37710
9.205;9.25;9.205;9.225;10760
9.21;9.275;9.2;9.25;41570
9.2;9.3;9.15;9.27;86430
9.27;9.4;9.15;9.4;411520
9.35;9.4;9.3;9.38;36030
9.32;9.37;9.2;9.28;27540
9.28;9.35;9.28;9.35;20150
9.35;9.37;9.3;9.35;10590
9.3;9.38;9.25;9.28;39440
9.25;9.3;9.175;9.3;65390
9.25;9.365;9.2;9.34;69550
9.34;9.345;9.21;9.26;63320
9.25;9.27;9.19;9.2;18210
9.2;9.25;9.19;9.24;76470
9.2;9.24;9.2;9.205;9720
9.2;9.24;9.19;9.21;21670
9.205;9.24;9.15;9.175;34560
9.175;9.22;9.165;9.2;18230
9.175;9.24;9.175;9.2;102360
9.21;9.24;9.2;9.235;74860
9;9.045;8.99;8.995;115460
9.05;9.12;8.99;9;80870
9;9.12;8.995;9.11;42320
9.1;9.14;9.09;9.14;75900
9.14;9.18;9.105;9.18;32920
9.18;9.19;9;9.08;176380
9.1;9.15;9;9.15;84480
9.145;9.185;9.1;9.17;77160
9.1;9.17;9.03;9.17;71380
9.1;9.18;9.1;9.12;16390
9.1;9.15;9.05;9.1;66730
9.1;9.1;9.01;9.08;56230
9.05;9.08;8.995;9;85370
9;9.05;8.82;8.93;111910
8.9;8.995;8.89;8.98;91660
9;9;8.8;9;138940
8.9;8.995;8.78;8.895;214570
8.84;8.89;8.6;8.695;233660
8.6;8.87;8.6;8.67;113070
8.6;8.71;8.55;8.64;40090
8.67;8.69;8.555;8.69;33940
8.7;8.7;8.35;8.5;68570
8.6;8.795;8.5;8.7;31130
8.7;8.9;8.7;8.9;159080
8.8;8.925;8.795;8.895;73250
8.895;8.895;8.55;8.695;60020
8.6;8.72;8.55;8.665;48260
8.65;8.725;8.575;8.7;58590
8.7;8.9;8.65;8.83;87980
8.8;8.83;8.6;8.81;72580
8.8;8.8;8.65;8.785;43800
8.8;8.8;8.565;8.7;50550
8.6;8.67;8.5;8.6;45560
8.6;8.7;8.4;8.6;134270
8.55;8.66;8.4;8.485;61430
8.4;8.6;8.25;8.3;96930
8.275;8.35;8.255;8.33;58800
8.29;8.5;8.29;8.415;36850
8.3;8.4;8.2;8.2;155640
8.18;8.2;8.005;8.005;110250
7.95;8.065;7.55;7.72;63150
7.65;7.7;7.35;7.675;64370
7.63;7.96;7.63;7.83;46040
7.48;7.85;7.48;7.83;41820
7.8;7.95;7.8;7.9;33390
7.9;7.98;7.75;7.8;34390
7.89;7.9;7.7;7.79;75720
7.75;7.89;7.66;7.745;52100
7.7;7.83;7.655;7.75;52040
7.75;7.8;7.7;7.8;92500
7.7;7.9;7.55;7.9;47780
7.85;7.91;7.7;7.85;81230
7.8;7.95;7.8;7.9;23610
7.95;7.95;7.8;7.895;12220
7.85;7.85;7.75;7.83;9210
7.8;7.83;7.6;7.795;20560
7.6;7.75;7.5;7.55;65340
7.6;7.775;7.55;7.695;14210
7.85;7.85;7.46;7.5;118960
7.45;7.7;7.45;7.7;47430
7.8;7.8;7.55;7.68;28010
7.6;7.69;7.55;7.69;36110
7.6;7.83;7.6;7.83;49390
7.83;7.83;7.65;7.7;36590
7.6;7.75;7.6;7.7;9880
7.75;7.795;7.6;7.795;47690
7.89;7.89;7.55;7.565;33300
7.55;7.645;7.4;7.5;46840
7.5;7.7;7.48;7.7;18090
7.7;7.715;7.65;7.65;32750
7.65;7.655;7.4;7.485;25380
7.45;7.5;7.3;7.5;81510
7.5;7.595;7.41;7.48;79910
7.45;7.57;7.4;7.5;59500
7.4;7.5;7.35;7.47;39000
7.48;7.65;7.45;7.65;32460
7.65;7.73;7.45;7.73;41960
7.75;7.75;7.5;7.6;24610
7.55;7.55;7.36;7.495;50180
7.4;7.49;7.3;7.37;86620
7.37;7.37;7.25;7.35;229420
7.305;7.305;7.16;7.255;74110
7.19;7.285;7.05;7.2;135740
7.15;7.28;7.06;7.2;72930
7.15;7.18;7.05;7.09;203530
7.05;7.1;7;7.09;103720
7.05;7.2;7.01;7.18;277700
7.15;7.37;7.05;7.37;378040
7.37;7.45;7.25;7.37;75530
7.25;7.28;7.01;7.08;244260
7.08;7.195;7.01;7.15;146840
7.15;7.235;7.03;7.19;362410
7.1;7.2;7;7.15;347470
7.1;7.13;7;7.075;252630
7.04;7.1;7.01;7.08;55260
7.05;7.13;7.015;7.08;121780
7.08;7.18;7.01;7.09;108310
7.03;7.1;7.01;7.08;215690
7.06;7.285;7.06;7.185;134990
7.08;7.2;7.05;7.2;95310
7.2;7.6;7.165;7.52;69120
7.45;7.6;7.31;7.45;102200
7.45;7.68;7.45;7.6;38080
7.6;7.8;7.45;7.8;101170
7.8;7.8;7.365;7.7;38350
7.69;7.79;7.5;7.6;49220
7.41;7.62;7.4;7.4;69460
7.26;7.565;7.26;7.37;43370
7.26;7.46;7.26;7.3;34220
7.305;7.545;7.305;7.5;233890
7.45;7.5;7.45;7.5;62220
7.5;7.6;7.41;7.6;51370
7.36;7.6;7.36;7.59;36290
7.585;7.59;7.5;7.59;9650
7.27;7.65;7.27;7.65;19130
7.515;7.8;7.51;7.795;44190
7.7;7.9;7.53;7.61;23110
7.53;7.795;7.525;7.66;20410
7.6;7.7;7.355;7.355;70960
7.4;7.6;7.32;7.6;12450
7.4;7.59;7.4;7.55;27030
7.55;7.59;7.505;7.55;26220
7.555;7.8;7.555;7.8;34510
7.55;7.88;7.55;7.75;27440
7.5;7.835;7.5;7.835;40560
7.7;7.75;7.6;7.745;23570
7.8;7.8;7.6;7.775;59830
7.8;7.87;7.75;7.87;312120
7.8;7.9;7.62;7.9;109900
7.75;7.95;7.75;7.95;24950
7.86;7.945;7.73;7.9;36420
7.6;7.95;7.6;7.95;76570
7.71;8.05;7.705;8.05;42900
8.05;8.275;8.05;8.275;79240
8.2;8.21;7.94;8.135;26960
8.1;8.135;7.905;7.905;29230
7.7;7.875;7.7;7.8;18530
7.665;7.91;7.66;7.91;72480
7.67;7.77;7.47;7.66;201000
7.58;7.66;7.57;7.58;26790
7.5;7.65;7.5;7.6;56290
7.55;7.79;7.55;7.785;78040
7.65;7.82;7.65;7.75;99040
7.65;7.79;7.51;7.79;48920
7.5;7.79;7.5;7.79;44250
7.65;7.785;7.5;7.7;137240
7.65;7.7;7.52;7.57;104950
7.53;7.63;7.525;7.55;76220
7.51;7.75;7.5;7.68;239010
7.6;7.7;7.55;7.68;121170
7.54;7.68;7.54;7.64;85220
7.505;7.75;7.505;7.68;601700
7.555;7.8;7.55;7.785;137410
7.705;7.95;7.7;7.95;54190
8.25;8.25;7.9;8.19;53450
8.09;8.2;8.05;8.1;53870
7.9;8.1;7.9;8.05;62270
8.05;8.065;7.9;8;49840
8;8;7.75;7.88;53830
7.85;7.875;7.705;7.875;73840
7.9;8;7.71;7.9;39090
7.8;7.93;7.705;7.8;115880
7.805;7.925;7.71;7.905;148780
7.8;7.875;7.555;7.66;108680
7.6;7.6;7.5;7.6;83090
7.5;7.58;7.5;7.5;93870
7.5;7.56;7.5;7.5;82710
7.5;7.595;7.5;7.505;43760
7.5;7.545;7.47;7.5;64650
7.45;7.535;7.41;7.45;222530
7.41;7.45;7.35;7.4;98210
7.35;7.4;7.25;7.32;45810
7.3;7.39;7.21;7.26;38130
7.26;7.275;7.19;7.205;65020
7.21;7.395;7.21;7.325;69400
7.26;7.41;7.19;7.41;232700
7.38;7.465;7.355;7.395;114580
7.35;7.485;7.26;7.35;75110
7.3;7.34;7.255;7.335;128700
7.3;7.365;7.26;7.31;90490
7.31;7.39;7.195;7.31;56210
7.3;7.395;7.27;7.3;33760
7.3;7.375;7.19;7.33;113330
7.3;7.39;7.28;7.39;53990
7.32;7.45;7.3;7.4;63860
7.32;7.49;7.32;7.49;58600
7.4;7.5;7.38;7.5;36740
7.43;7.5;7.4;7.5;25510
7.425;7.48;7.35;7.425;48150
7.365;7.46;7.28;7.3;91140
7.26;7.3;7.25;7.295;132760
7.25;7.3;7.23;7.25;21940
7.24;7.24;7.15;7.205;91300
7.205;7.24;7.1;7.1;48110
7.1;7.15;7.1;7.115;30820
7.115;7.15;7.1;7.15;28090
7.1;7.2;7.1;7.15;29400
7.15;7.15;7.09;7.11;59790
7.11;7.125;7.09;7.11;44910
7.05;7.16;7.05;7.105;93750
7.05;7.195;7.05;7.065;53040
7.05;7.05;7.005;7.05;170270
7.01;7.05;7;7.02;98430
7;7.05;6.99;6.99;108730
6.99;7.065;6.97;7;71490
7;7.505;6.99;7.3;191300
7.1;7.48;7.08;7.48;69030
7.3;7.5;7.15;7.295;228700
7.06;7.395;7.06;7.3;131450
7.15;7.4;7.1;7.21;301610
7.21;7.395;7.12;7.3;221890
7.25;7.25;7.05;7.065;36910
7.065;7.29;7;7.16;53970
7.15;7.34;7.105;7.195;51870
7.1;7.16;7.06;7.06;47380
7;7.12;6.99;7.07;156540
6.99;7.07;6.91;7.05;116050
7.09;7.2;6.98;7.18;92600
7.05;7.3;7.05;7.3;70990
7.48;7.48;7.255;7.4;61260
7.4;7.48;7.31;7.48;42420
7.42;7.65;7.42;7.5;165100
7.5;7.5;7.34;7.4;44060
7.35;7.48;7.25;7.4;56810
7.28;7.355;7.255;7.255;18130
7.255;7.345;7.255;7.345;28550
7.28;7.455;7.25;7.44;32560
7.4;7.6;7.4;7.52;36770
7.48;7.6;7.47;7.475;29880
7.4;7.55;7.38;7.55;46640
7.305;7.595;7.305;7.57;42960
7.59;7.65;7.57;7.6;141100
7.6;7.625;7.5;7.55;31410
7.575;7.595;7.5;7.55;52020
7.5;7.69;7.45;7.69;95280
8.03;8.03;7.6;7.7;105980
7.65;7.7;7.55;7.6;229450
7.6;7.65;7.41;7.52;69900
7.525;7.69;7.455;7.52;72440
7.5;7.56;7.45;7.5;107320
7.5;7.645;7.48;7.5;100020
7.455;7.515;7.35;7.5;61280
7.5;7.55;7.4;7.55;38850
7.45;7.65;7.45;7.605;31100
7.54;7.64;7.45;7.61;39830
7.5;7.695;7.45;7.695;73550
7.6;7.7;7.5;7.7;62320
7.6;7.7;7.55;7.7;37500
7.6;7.615;7.5;7.59;17910
7.55;7.595;7.45;7.59;16830
7.505;7.525;7.43;7.5;25500
7.645;7.65;7.5;7.6;32380
7.605;7.695;7.51;7.665;41250
7.5;7.55;7.5;7.55;15000
7.515;7.6;7.505;7.55;35830
7.525;7.63;7.525;7.63;30200
7.65;7.7;7.6;7.69;43400
7.605;7.75;7.58;7.75;104560
7.75;7.9;7.75;7.9;12760
7.85;7.95;7.8;7.95;22670
7.9;8.08;7.8;8.08;30540
8;8.1;7.94;8.07;41900
8;8.085;7.95;8.08;196700
8.1;8.1;7.9;7.99;17450
7.9;8.045;7.9;8;80450
7.94;8;7.92;8;41040
7.955;8.1;7.955;8;59710
7.95;8;7.95;7.95;125990
7.9;8;7.9;8;25000
8;8.03;7.96;8;80160
7.985;8.05;7.98;8;79340
7.955;7.995;7.915;7.95;22240
7.95;8;7.705;7.705;293390
7.71;7.92;7.615;7.75;54560
7.88;7.995;7.7;7.805;108200
7.75;7.99;7.75;7.86;18940
7.89;7.89;7.745;7.86;72460
7.85;8;7.8;8;88580
8;8.02;7.95;8.02;90820
8.02;8.03;7.91;7.92;30390
7.92;8;7.92;8;14980
8;8;7.955;8;37340
7.97;7.995;7.91;7.995;18150
7.95;7.995;7.915;7.995;24020
7.95;7.995;7.935;7.98;34010
7.985;7.985;7.9;7.955;30940
7.925;7.955;7.9;7.9;50900
7.9;7.98;7.9;7.95;23290
7.95;7.99;7.95;7.98;16270
7.95;7.99;7.95;7.97;511970
7.95;8.085;7.92;8.005;102790
8;8.25;7.95;8.18;58810
8.2;8.5;8.1;8.355;115770
8.275;8.4;8.275;8.36;36770
8.3;8.4;8.2;8.335;24780
8.35;8.385;8.25;8.25;23500
8.21;8.42;8.21;8.4;40780
8.3;8.505;8.3;8.42;185020
8.35;8.49;8.35;8.43;41320
8.35;8.46;8.32;8.405;12860
8.33;8.4;8.3;8.37;15380
8.32;8.39;8.22;8.325;68500
8.25;8.37;8.2;8.23;13860
8.27;8.3;8.18;8.18;46310
8.27;8.3;8.21;8.26;36260
8.25;8.3;8.15;8.165;27850
8.15;8.26;8.15;8.18;12160
8.18;8.25;8.155;8.245;11020
8.24;8.395;8.2;8.29;17710
8.29;8.34;8.255;8.26;32330
8.26;8.35;8.26;8.3;14970
8.345;8.5;8.26;8.5;46150
8.5;8.65;8.45;8.65;13290
8.6;8.75;8.52;8.75;45890
8.75;8.92;8.705;8.92;42290
8.99;8.99;8.85;8.915;45020
8.915;8.99;8.9;8.95;45310
8.915;8.95;8.8;8.925;22170
8.85;8.91;8.8;8.89;17640
8.9;8.91;8.755;8.895;54340
8.8;8.885;8.75;8.88;1709140
8.85;8.865;8.75;8.85;38420
8.75;8.85;8.705;8.8;47170
8.7;8.825;8.7;8.8;19920
8.71;8.85;8.71;8.835;32740
8.835;8.935;8.835;8.895;45700
8.875;9;8.85;8.94;66090
8.9;9;8.9;8.94;49490
8.92;8.95;8.9;8.9;38490
8.9;8.95;8.765;8.765;105250
8.75;8.835;8.575;8.575;124740
8.6;8.795;8.55;8.69;94800
8.69;8.8;8.625;8.74;50830
8.74;8.8;8.72;8.78;34530
8.74;8.85;8.74;8.805;120760
8.8;8.97;8.795;8.9;142150
8.85;9.05;8.85;8.985;270010
8.985;9;8.71;8.71;437780
8.7;8.8;8.6;8.66;43290
8.75;8.78;8.65;8.715;28550
8.7;8.84;8.65;8.7;72630
8.65;8.76;8.6;8.65;19950
8.6;8.755;8.55;8.645;24400
8.6;8.755;8.6;8.645;18130
8.645;8.7;8.57;8.63;19880
8.605;8.7;8.605;8.67;38420
8.6;8.72;8.57;8.67;48170
8.67;8.775;8.57;8.725;30280
8.725;9.195;8.725;8.93;200070
8.9;9.13;8.9;9.025;102110
9;9.2;8.955;9.15;108680
9.1;9.2;9.025;9.2;80310
9.15;9.19;8.955;9.18;76180
9;9.2;9;9.2;66650
9.15;9.155;9.05;9.15;79090
9.15;9.175;9.05;9.175;79690
9.105;9.15;9.08;9.12;84740
9.08;9.19;9.08;9.12;34910
9.05;9.13;9;9.13;119190
9.06;9.205;9.06;9.205;182220
9;9.2;9;9.08;51310
9;9.1;8.975;9.07;23210
8.98;9.07;8.98;9.07;54740
9;9.15;9;9.15;26930
9.13;9.19;9.05;9.18;78740
9.15;9.2;9.105;9.195;33060
9.1;9.2;9.05;9.2;54050
9.15;9.2;9.055;9.15;16280
9.15;9.2;9.1;9.2;27040
9.2;9.2;9.1;9.15;35070
9.1;9.15;9;9.14;37700
9.1;9.15;9.02;9.15;37100
9.07;9.2;9.05;9.19;43910
9.08;9.15;9.03;9.1;17910
9.115;9.115;9.02;9.115;9450
9.02;9.145;9;9.125;60840
9.08;9.125;9.005;9.075;22610
9.12;9.15;9.01;9.15;30950
9.05;9.1;9.005;9.05;41610
8.9;9.055;8.9;9.025;99050
8.9;9.1;8.85;9.1;54300
9.06;9.1;9;9.1;21770
9.05;9.145;9.01;9.135;24270
9.1;9.15;9.055;9.15;24680
9.1;9.175;9.055;9.17;57810
9.1;9.17;9.08;9.17;37640
9.1;9.165;9.08;9.14;36260
9.14;9.15;9.005;9.14;47430
9.05;9.175;9.03;9.175;28520
9.1;9.175;9.1;9.175;56680
9.105;9.19;9.05;9.19;54930
9.11;9.17;9.03;9.15;64200
9.07;9.15;9.03;9.065;19620
9;9.085;9;9.085;9950
9;9.095;8.96;9.075;63070
9.05;9.09;8.98;9.03;82690
9;9.09;9;9.09;20620
9.03;9.1;9.005;9.07;25400
9;9.145;9;9.145;53940
9.06;9.1;8.98;9.06;49270
9;9.09;8.975;9;41780
8.96;9.065;8.94;9.065;35900
8.98;9.08;8.95;9.05;781050
8.93;9.05;8.91;9;32840
8.98;9.05;8.9;9;46610
8.95;9;8.9;9;13790
8.85;8.95;8.83;8.95;35250
8.95;8.98;8.8;8.8;39790
8.75;8.875;8.69;8.855;31710
9;9;8.755;8.845;8070
8.755;9;8.755;8.825;26830
8.81;8.82;8.69;8.75;13680
8.7;8.71;8.6;8.65;43940
8.63;8.65;8.52;8.65;68170
8.55;8.66;8.53;8.635;65150
8.6;8.65;8.6;8.61;14120
8.6;8.6;8.57;8.58;169890
8.545;8.74;8.525;8.73;204840
8.605;8.96;8.605;8.72;467000
8.8;8.85;8.645;8.71;141620
8.61;8.685;8.565;8.57;99490
8.64;8.765;8.545;8.545;133600
8.525;8.64;8.525;8.635;81120
8.675;8.74;8.675;8.73;175910
8.73;8.785;8.71;8.785;29440
8.795;8.8;8.75;8.75;19530
8.76;8.8;8.725;8.755;29120
8.7;8.73;8.68;8.7;24630
8.55;8.845;8.55;8.83;157540
8.71;9.045;8.71;9.045;255400
8.855;9.025;8.85;9.025;148260
9.03;9.5;9.01;9.3;508430
9.3;9.395;9.11;9.205;117240
9.1;9.3;9.1;9.25;43420
9.14;9.4;9.14;9.39;35320
9.2;9.315;9.15;9.3;30930
9.18;9.45;9.18;9.45;88700
9.33;9.43;9.275;9.36;73760
9.24;9.33;9.19;9.285;110400
9.2;9.43;9.2;9.4;63450
9.215;9.385;9.215;9.26;17410
9.25;9.38;9.17;9.2;16130
9.17;9.25;9.05;9.195;64350
9.195;9.28;9.11;9.23;601270
9.2;9.25;9.12;9.25;79010
9.25;9.295;9.25;9.295;20450
9.23;9.35;9.165;9.25;43670
9.395;9.395;9.215;9.275;71610
9.215;9.3;9.21;9.26;23400
9.155;9.375;9.125;9.375;69580
9.25;9.375;9.245;9.37;50900
9.33;9.405;9.25;9.32;73030
9.265;9.36;9.255;9.255;35140
9.36;9.9;9.245;9.795;179880
9.79;9.79;9.615;9.74;90520
9.66;9.755;9.66;9.75;87290
9.66;9.92;9.66;9.855;73570
9.805;9.94;9.705;9.94;95150
9.8;9.9;9.69;9.69;56790
9.505;9.7;9.4;9.7;50320
9.5;9.51;9.35;9.5;64130
9.4;9.5;9.2;9.5;80430
9.47;9.49;9.355;9.49;43720
9.41;9.55;9.24;9.5;100760
9.45;9.595;9.45;9.51;46570
9.42;9.7;9.405;9.565;54900
9.5;9.65;9.5;9.645;56380
9.635;9.8;9.56;9.66;54700
9.65;9.735;9.6;9.66;34270
9.74;9.74;9.5;9.695;36030
9.505;9.65;9.505;9.545;23830
9.52;9.61;9.46;9.47;30530
9.435;9.7;9.405;9.53;160610
9.58;9.73;9.505;9.73;39030
9.78;9.795;9.635;9.795;40610
9.66;9.795;9.66;9.79;30600
9.75;9.795;9.605;9.7;98760
9.6;9.75;9.6;9.75;25540
9.655;9.73;9.625;9.72;18450
9.535;9.895;9.535;9.8;78040
9.8;9.8;9.565;9.65;62350
9.6;9.7;9.55;9.55;49310
9.505;9.75;9.505;9.69;85980
9.6;9.695;9.56;9.6;23840
9.57;9.645;9.37;9.45;89350
9.4;9.405;9.17;9.345;98720
9.3;9.345;9.18;9.25;57360
9.295;9.295;9.185;9.225;387480
9.22;9.445;9.21;9.33;23790
9.27;9.39;9.25;9.3;31910
9.3;9.3;9.17;9.225;31010
9.18;9.18;9.06;9.1;52370
9.1;9.24;9.02;9.12;108080
9.12;9.4;9.065;9.25;19900
9.145;9.255;9.055;9.215;38940
9.2;9.225;9.125;9.22;35730
9.2;9.23;9.11;9.185;27890
9.1;9.2;9.005;9.1;35970
9.1;9.105;8.95;8.95;71720
8.95;9.075;8.93;9.03;22250
9;9.03;8.9;8.985;24650
9.04;9.04;8.935;8.985;58460
8.9;9.015;8.855;8.985;19940
8.9;8.9;8.75;8.9;52470
8.85;8.975;8.8;8.9;34480
8.83;9.11;8.8;8.935;28010
8.9;9.05;8.9;8.97;3660
8.95;9.03;8.9;8.97;16530
8.95;9;8.9;8.985;13440
8.9;9;8.8;8.945;46410
8.93;9.14;8.87;9.125;73170
9.1;9.195;9.03;9.125;51630
9.1;9.165;9.01;9.11;86120
9.1;9.185;9.1;9.125;7900
9.2;9.2;9.03;9.1;28830
9.105;9.2;9.1;9.12;78720
8.8;8.88;8.8;8.88;115400
8.82;9.02;8.81;9.015;237100
8.95;9.15;8.95;9.065;39090
9;9.06;8.97;9.005;37020
9;9.105;8.975;9.09;25130
9;9.07;8.95;9.005;38140
8.95;9.055;8.86;8.91;118890
8.9;8.91;8.85;8.85;26160
8.85;8.91;8.815;8.85;22470
8.875;8.91;8.815;8.89;23550
9;9.03;8.9;9.03;62550
8.95;9.025;8.855;9.025;71390
9.03;9.115;9;9.06;124960
9.02;9.2;9.02;9.165;269970
9.1;9.3;9.1;9.245;264300
9.2;9.295;9.14;9.15;50650
9.12;9.14;9.1;9.12;33560
9.05;9.24;9.05;9.24;176170
9.16;9.245;9.16;9.2;48700
9.15;9.25;9.115;9.25;84340
9.15;9.25;9.1;9.2;33030
9.2;9.25;9.15;9.2;1270510
9.15;9.21;9.13;9.21;27190
9.2;9.21;9.1;9.18;25860
9.15;9.2;9.09;9.1;33570
9.11;9.29;9.075;9.2;171220
9.2;9.24;9.15;9.225;382680
9.1;9.23;9.1;9.22;79700
9.15;9.22;9.15;9.2;42010
9.155;9.22;9.085;9.22;62450
9.15;9.19;9.1;9.16;28970
9.1;9.195;9.09;9.16;54880
9.09;9.18;9.05;9.11;58090
9.07;9.165;9.05;9.15;105400
9.1;9.25;9.1;9.13;146040
9.05;9.055;8.94;8.99;35210
9;9.145;9;9.055;29250
8.98;9.125;8.98;9.08;22650
9.15;9.15;9.03;9.12;48190
9.15;9.21;9.085;9.105;47300
9.1;9.235;9.08;9.205;52950
9.24;9.25;9.12;9.205;57500
9.1;9.2;9.1;9.15;47470
9.15;9.195;9.12;9.15;46730
9.1;9.19;9.05;9.185;121990
9.15;9.2;9.11;9.18;140120
9.15;9.19;9.01;9.08;37100
9.025;9.03;8.925;9;59220
8.95;9.08;8.91;9.08;97460
9.05;9.095;8.97;9;45370
9.08;9.08;8.875;9;41270
8.975;9;8.88;8.975;101350
8.935;9.06;8.9;9.02;132000
8.905;9.05;8.905;9;84600
8.975;9.075;8.93;9.075;183810
9.005;9.13;9.005;9.08;173520
9.05;9.1;9.03;9.1;115860
9.05;9.17;9.05;9.15;44920
9.1;9.2;9.1;9.2;33540
9.175;9.3;9.175;9.3;59350
9.25;9.33;9.25;9.33;14750
9.3;9.34;9.225;9.3;121880
9.155;9.3;9.155;9.285;30000
9.3;9.35;9.275;9.35;89380
9.39;9.395;9.35;9.365;21890
9.35;9.4;9.35;9.4;133230
9.375;9.45;9.375;9.45;132920
9.375;9.55;9.375;9.55;128670
9.55;9.59;9.38;9.52;143890
9.5;9.6;9.5;9.57;123110
9.57;9.595;9.565;9.585;124670
9.57;9.6;9.55;9.6;270360
9.55;9.58;9.525;9.58;30090
9.55;9.55;9.475;9.5;32970
9.475;9.52;9.435;9.47;48110
9.45;9.49;9.41;9.445;35820
9.425;9.5;9.415;9.445;198380
9.375;9.385;9.32;9.385;41680
9.35;9.37;9.3;9.35;54110
9.325;9.35;9.25;9.25;58040
9.225;9.225;9.1;9.16;33710
9.1;9.105;9.05;9.1;168340
9.025;9.13;9.025;9.1;52030
9.05;9.24;9.005;9.2;329200
9.125;9.24;9.125;9.15;160310
9.155;9.2;9.12;9.17;270530
9.125;9.2;9.1;9.2;44060
9.2;9.41;9.15;9.4;45320
9.41;9.475;9.4;9.46;187830
9.46;9.48;9.46;9.46;93960
9.45;9.49;9.4;9.41;124130
9.41;9.475;9.39;9.445;136240
9.4;9.43;9.275;9.33;235110
9.4;9.4;9.26;9.35;77440
9.35;9.5;9.35;9.42;175780
9.465;9.5;9.355;9.365;120890
9.35;9.35;9.225;9.295;189160
9.25;9.39;9.25;9.34;65020
9.325;9.4;9.31;9.36;54240
9.325;9.45;9.3;9.45;86780
9.4;9.47;9.375;9.465;41630
9.385;9.465;9.36;9.41;116470
9.33;9.375;9.25;9.375;42490
9.3;9.4;9.3;9.4;34740
9.41;9.455;9.2;9.41;78250
9.4;9.49;9.4;9.49;46990
9.47;9.47;9.34;9.385;135570
9.35;9.43;9.305;9.43;31070
9.35;9.44;9.325;9.4;45200
9.35;9.4;9.305;9.385;149460
9.35;9.38;9.275;9.345;37470
9.325;9.4;9.325;9.325;181270
9.305;9.435;9.305;9.41;72020
9.4;9.47;9.4;9.46;74100
9.4;9.47;9.4;9.45;46590
9.435;9.48;9.435;9.48;46750
9.45;9.485;9.405;9.47;140210
9.375;9.45;9.325;9.42;48430
9.47;9.47;9.295;9.295;132480
9.28;9.55;9.28;9.535;161610
9.45;9.54;9.375;9.43;85870
9.37;9.415;9.325;9.325;156810
9.275;9.37;9.275;9.325;111890
9.275;9.445;9.275;9.445;392100
9.375;9.5;9.375;9.46;756210
9.45;9.81;9.45;9.8;240840
9.72;9.72;9.61;9.65;54530
9.57;9.79;9.57;9.72;83950
9.7;9.775;9.675;9.775;128500
9.78;9.78;9.675;9.715;114040
9.715;9.75;9.7;9.73;58710
9.7;9.73;9.625;9.7;87210
9.625;9.675;9.615;9.655;16400
9.6;9.675;9.6;9.65;59310
9.6;9.6;9.5;9.565;81650
9.475;9.64;9.475;9.605;67460
9.515;9.65;9.5;9.63;89280
9.575;9.78;9.575;9.78;81790
9.7;9.81;9.69;9.75;91750
9.7;9.73;9.675;9.73;31490
9.7;10.96;9.675;10.96;666830
10.51;10.77;10.36;10.72;219970
10.2;10.43;10.15;10.39;92630
10.38;10.42;10.26;10.26;333540
10.17;10.23;10.15;10.15;99590
10.1;10.25;10.1;10.16;129270
10;10.2;10;10.1;77480
10;10.19;10;10.06;42360
10.01;10.14;10.01;10.04;38030
10.03;10.24;10.02;10.11;68050
10.08;10.2;10.08;10.11;22880
10.06;10.09;9.94;10.07;47420
10;10.1;10;10.09;76450
10;10.3;10;10.2;142270
10.17;10.4;10.17;10.25;139860
10.2;10.35;10.2;10.35;408590
10.31;10.39;10.3;10.3;503290
10.11;10.3;10.11;10.3;261440
10.22;10.5;10.2;10.34;355130
10.3;10.3;10.26;10.26;272190
10.26;10.4;10.22;10.24;457640
10.23;10.3;10.21;10.25;99390
10.2;10.3;10.16;10.25;241180
10.27;10.27;10.19;10.21;161250
10.2;10.29;10.16;10.28;197290
10.2;10.2;10.11;10.2;104500
10.12;10.2;10.12;10.18;111750
10.1;10.17;10.06;10.17;78930
10.1;10.2;10.1;10.2;56860
10.2;10.21;10.1;10.2;138980
10.11;10.22;10.1;10.2;134560
10.11;10.2;10.11;10.19;54550
10.1;10.29;10.1;10.26;228470
10.16;10.31;10.16;10.25;214010
10.25;10.35;10.21;10.3;222770
10.39;10.8;10.3;10.7;2683630
10.56;10.74;10.49;10.71;544490
10.6;10.75;10.6;10.62;196850
10.55;10.64;10.45;10.47;475180
10.45;10.73;10.45;10.7;259750
10.51;10.89;10.51;10.75;245900
10.75;11.1;10.75;11.08;237910
10.7;11.5;10.7;11.5;366670
11.5;11.5;11.04;11.18;149490
11.1;11.24;11.01;11.12;95600
10.98;11.24;10.98;11.24;76560
11.25;11.25;11.14;11.16;46880
11.16;11.3;11.15;11.3;72450
11.3;11.39;11.24;11.38;111120
11.4;11.4;11.16;11.26;152260
11.29;11.29;11.05;11.15;84400
11.25;11.3;11.06;11.24;148520
11.1;11.29;11.1;11.11;46600
11.13;11.25;11.05;11.22;111080
11.15;11.2;11.08;11.15;61140
11.09;11.12;10.82;10.9;107830
10.8;11.1;10.8;11.1;245450
10.96;11.19;10.96;11.09;60380
11.18;11.22;11.02;11.22;169750
11.17;11.23;10.97;11.1;64800
10.96;11.04;10.95;10.96;60690
10.9;11.16;10.9;11.15;126280
10.92;11.08;10.91;11.08;54800
10.97;11.1;10.9;11.1;129770
11.07;11.18;11.07;11.18;128100
11.13;11.3;11.1;11.26;147700
11.15;11.23;11.05;11.15;70870
10.93;11.14;10.93;11.14;55930
11.01;11.2;10.99;11.15;62190
11.15;11.28;11.06;11.28;127290
11.2;11.27;11.11;11.27;68110
10.98;11.3;10.98;11.3;75920
11.25;11.36;11.12;11.36;103100
11.4;11.55;11.22;11.55;231730
11.5;11.59;11.46;11.55;227520
11.45;11.58;11.42;11.55;56000
11.5;11.54;11.45;11.48;108570
11.5;11.63;11.46;11.55;83800
11.45;11.55;11.38;11.38;82700
11.5;11.54;11.31;11.49;109020
11.37;11.5;11.37;11.41;173800
11.4;11.49;11.29;11.29;152390
11.33;11.58;11.33;11.44;146390
11.4;11.55;11.4;11.4;111150
11.37;11.39;11.25;11.29;149950
11.1;11.25;11.02;11.17;233250
11.2;11.25;11.15;11.25;53970
11.2;11.25;11.07;11.13;122660
11.2;11.23;11.1;11.17;108930
11.2;11.25;11.17;11.17;138360
11.05;11.2;11.05;11.1;89830
11.07;11.2;11.07;11.2;86260
11.11;11.27;11;11.07;217400
11.14;11.14;11.07;11.14;202390
11.05;11.37;11.05;11.37;243640
11.2;11.4;11.2;11.34;83270
11.25;11.39;11.21;11.39;133030
11.38;11.4;11.26;11.3;104640
11.26;11.49;11.26;11.49;59480
11.38;11.54;11.34;11.54;78050
11.54;11.55;11.3;11.4;122710
11.35;11.43;11.26;11.3;169170
11.4;11.4;11.18;11.29;212960
11.25;11.35;11.21;11.3;141000
11.25;11.3;11.14;11.3;148880
11.2;11.3;11.18;11.3;71830
11.25;11.3;11.16;11.22;200840
11.15;11.48;11.15;11.37;258680
11.4;11.7;11.4;11.7;181620
11.62;11.69;11.51;11.6;72680
11.51;11.7;11.51;11.7;197000
11.62;12.12;11.62;12;317370
11.58;11.75;11.58;11.72;240490
11.7;11.75;11.65;11.7;206820
11.7;11.72;11.61;11.7;200420
11.7;11.8;11.65;11.7;114980
11.7;11.73;11.6;11.66;312950
11.6;11.7;11.59;11.69;70810
11.7;11.7;11.61;11.63;82550
11.61;11.69;11.53;11.69;126410
11.68;11.7;11.6;11.7;66870
11.7;11.75;11.61;11.75;136920
11.75;11.88;11.65;11.88;189490
11.77;11.88;11.77;11.8;60750
11.75;11.85;11.73;11.85;87520
11.75;11.88;11.75;11.82;72340
11.8;11.85;11.71;11.8;39870
11.7;12.05;11.7;12.01;162180
11.9;12.03;11.82;11.82;167890
11.8;11.85;11.7;11.82;200640
11.75;11.85;11.72;11.74;188800
11.8;11.99;11.74;11.93;190770
11.85;12.08;11.85;12.03;220960
12;12;11.78;11.84;110880
11.75;11.84;11.68;11.8;154200
11.7;11.9;11.7;11.9;123870
11.8;11.96;11.8;11.96;253130
11.87;12.01;11.85;11.95;110430
11.92;12.03;11.91;12;220180
11.92;12.12;11.92;12.1;105740
11.77;12.09;11.77;12.05;67140
12.05;12.15;11.92;12.14;186480
12.1;12.1;11.94;12.01;130060
11.94;12.2;11.8;12;201270
12;12.1;11.91;12.05;158660
11.92;12.34;11.92;12.34;188640
12.21;12.32;12.12;12.29;226820
12.11;12.25;12.11;12.23;89820
12.15;12.23;12.15;12.22;138200
12.11;12.23;12.06;12.23;120690
12.13;12.22;12.06;12.22;45270
12.14;12.23;12.12;12.23;111210
12.15;12.23;12.15;12.18;99110
12.1;12.2;12.05;12.06;127310
12.05;12.16;12.02;12.16;119330
12.01;12.15;12.01;12.14;365950
12.08;12.15;12.07;12.15;90340
12.15;12.15;11.96;12;219600
11.95;12.18;11.95;12.17;69310
12.1;12.17;11.93;12.02;133470
12;12.05;11.85;12.02;87410
12.02;12.11;12.02;12.11;164740
12.11;12.15;12.07;12.1;80180
12.05;12.2;12.05;12.15;137270
12.1;12.15;12;12.1;204350
12.05;12.1;12.05;12.1;49820
12.04;12.1;11.96;11.98;104670
12.04;12.1;12;12.06;117460
12.03;12.03;11.88;11.98;98490
12.04;12.04;11.81;11.86;96170
11.9;11.94;11.81;11.85;28430
11.95;11.95;11.72;11.8;44930
11.75;11.76;11.5;11.54;182570
11.52;11.65;11.4;11.43;82010
11.43;11.62;11.43;11.55;33250
11.5;11.7;11.5;11.7;45020
11.61;11.68;11.44;11.44;83420
11.41;11.47;11.3;11.37;118870
11.37;11.4;11.25;11.4;104450
11.3;11.5;11.3;11.42;39910
11.46;11.46;11.31;11.43;25920
11.34;11.52;11.34;11.45;85620
11.4;11.49;11.26;11.28;109220
11.4;11.55;11.26;11.55;115030
11.57;11.75;11.5;11.73;228400
11.66;11.79;11.66;11.79;72070
11.79;12.05;11.77;12.03;202770
11.82;12.13;11.82;12.03;166290
12.1;12.1;11.9;12.03;139050
11.95;12.1;11.9;12.05;77440
11.93;12.07;11.92;12;89880
11.99;12.04;11.85;11.97;81850
11.95;11.98;11.85;11.95;41880
11.9;12.05;11.87;12.01;364390
12;12.38;11.95;12.38;295040
12.27;12.27;12.12;12.24;191190
12.15;12.18;12.08;12.14;121160
12.1;12.35;12.1;12.33;696220
12.15;12.32;12.11;12.24;161620
12.16;12.39;12.16;12.3;540980
12.3;12.5;12.29;12.47;385710
12.38;12.65;12.37;12.62;498150
12.6;12.63;12.55;12.61;340590
12.6;12.62;12.53;12.6;298370
12.54;12.6;12.49;12.55;255520
12.5;12.7;12.49;12.66;166030
12.6;12.69;12.6;12.65;172400
12.57;12.69;12.55;12.66;460920
12.64;12.64;12.47;12.5;228340
12.5;12.6;12.45;12.5;142740
12.5;12.55;12.46;12.55;212310
12.51;12.69;12.51;12.63;165170
12.63;12.69;12.5;12.59;230300
12.51;12.55;12.43;12.54;135130
12.5;12.58;12.45;12.5;189750
12.44;12.51;12.43;12.49;263020
12.5;12.51;12.45;12.51;151180
12.49;12.49;12.22;12.28;173400
12.2;12.35;12.2;12.24;193080
12.4;12.51;12.18;12.51;236770
12.4;12.55;12.39;12.49;238200
12.5;12.57;12.5;12.55;448060
12.55;12.58;12.5;12.53;239670
12.41;12.55;12.41;12.48;89020
12.45;12.52;12.38;12.39;86350
12.31;12.56;12.31;12.55;162260
12.5;12.69;12.5;12.64;189690
12.61;12.69;12.59;12.6;217160
12.55;12.62;12.55;12.62;103420
12.6;12.65;12.5;12.61;176460
12.55;12.68;12.5;12.67;95440
12.67;12.67;12.55;12.61;137060
12.6;12.79;12.55;12.79;210620
12.75;13.1;12.71;13.01;267340
12.95;13.12;12.95;13.06;118630
13.05;13.1;12.95;13;135870
12.9;13.02;12.84;13;179090
12.9;13.05;12.9;13.02;170760
13.02;13.2;13;13.18;297560
13.1;13.37;13.1;13.37;154300
13.2;13.45;13.14;13.39;404330
13.31;13.4;13.18;13.4;197640
13.21;13.4;13.21;13.4;150040
13.35;13.4;13.24;13.39;67340
13.25;13.35;13.2;13.3;162420
13.4;13.62;13.3;13.6;112260
13.6;13.65;13.51;13.65;356150
13.65;13.96;13.51;13.95;579910
13.97;13.98;13.8;13.96;150380
13.9;13.97;13.8;13.94;96360
13.8;14.08;13.8;13.96;376630
13.95;14.04;13.86;14.01;200990
13.92;14;13.86;13.94;96200
13.9;13.93;13.85;13.89;44580
13.82;13.95;13.8;13.95;108270
13.7;13.95;13.7;13.87;262000
13.8;14;13.8;13.99;120090
13.92;13.96;13.82;13.9;122310
14;14;13.85;13.96;73100
13.85;14;13.81;13.96;316920
13.8;13.95;13.7;13.95;225530
13.8;13.9;13.7;13.87;150400
13.82;13.9;13.76;13.9;87960
13.8;13.9;13.8;13.9;137160
13.8;14.05;13.73;14;249960
13.85;14;13.76;14;112090
13.91;14;13.8;14;189690
13.85;14.02;13.85;14.02;160070
13.9;14.07;13.85;14.07;136810
13.96;14;13.92;13.97;22080
13.94;14.07;13.94;14.01;196070
14.01;14.1;14.01;14.09;150130
14.03;14.08;13.97;13.97;102500
13.93;14.04;13.93;14.04;205320
13.92;14.04;13.81;13.81;173200
13.81;14.04;13.81;14.02;194640
14.02;14.06;13.96;14.05;110040
13.92;14.06;13.92;14.02;178600
13.98;14.19;13.98;14.19;259020
14.08;14.19;14;14.14;83030
14.18;14.19;14;14.18;119400
14.01;14.45;14;14.39;445770
14.4;14.45;14.18;14.42;406490
14.45;14.45;14.3;14.41;174630
14.23;14.31;14.1;14.2;66730
14;14.49;14;14.49;133710
14.23;14.91;14.23;14.9;278900
14.95;15.37;14.91;15.37;189260
15.9;15.9;15.24;15.24;395170
15.24;15.53;15.24;15.46;108640
15.33;15.54;15.33;15.41;217640
15.03;15.57;15.03;15.5;239440
15.59;15.78;15.44;15.48;284470
15.26;15.58;15.25;15.5;304490
15.33;15.5;15.33;15.45;125640
15.66;15.66;15.3;15.3;164640
14.12;15.44;14.12;15.4;190420
15.38;15.63;15.38;15.59;278040
15.62;15.62;15.5;15.57;134980
15.51;15.78;15.49;15.78;86510
15.8;15.89;15.57;15.69;180140
15.85;15.9;15.56;15.87;112610
15.9;16.04;15.85;16;122140
15.98;16.13;15.98;16;196020
16;16.04;15.88;16;87510
16;16.05;15.98;16.04;126850
15.9;16.1;15.9;16.08;167770
15.95;16.36;15.95;16.34;157350
16.64;18;16.35;17.47;928550
17.6;17.77;17.47;17.7;204580
17.62;17.8;17.5;17.75;389930
17.76;18.3;17.72;18.08;416390
18.11;18.3;17.76;17.79;305370
17.55;18.02;17.54;17.95;235980
17.9;17.94;17.51;17.55;154530
17.48;17.48;17.29;17.38;216090
17.4;17.8;17.4;17.57;266110
17.39;17.9;17.31;17.77;284570
17.7;19.88;17.59;19.17;1334280
19.31;21.2;19.31;20.21;2296810
20.49;20.67;20.35;20.54;509460
20.5;20.55;20.23;20.32;468010
20.2;21.06;20.08;20.9;721000
20.89;21;20.73;21;529080
21.05;22.58;21.05;22.48;1269280
22.43;22.43;21.87;21.91;884150
21.9;22.5;21.55;22.29;559900
21.86;22.74;21.86;22.72;604160
22.68;22.95;22.27;22.74;718990
22.5;22.65;22.3;22.41;260030
22.45;22.55;22.04;22.19;413760
21.91;22.12;21.62;21.85;403960
21.71;22.19;21.71;22.12;346810
21.81;22.48;21.81;22.28;292600
21.75;22.54;21.75;22.26;352480
21.74;22.08;21.58;21.99;593890
21.7;22.3;21.7;22.1;177420
22.01;22.17;21.65;21.92;290800
21.81;21.84;21.36;21.52;260810
21.1;21.52;21.1;21.32;378980
21.06;21.47;20.7;20.94;342810
21.1;22.4;21.1;22.34;968300
22.24;22.58;21.88;22.5;472890
21.9;22.3;21.67;21.75;431080
21.9;22;21.61;21.73;191810
21.61;21.7;21.4;21.4;340130
21.1;21.2;21;21.16;295470
21.01;21.27;21;21.1;219710
21;21.8;21;21.7;433460
21.64;21.8;21.3;21.56;303660
21.35;21.7;21.21;21.38;310500
21.43;21.7;21.32;21.48;187030
21.09;21.57;21.09;21.4;252860
21.11;21.67;21;21.11;389360
21.01;21.4;20.49;20.63;554780
20.62;21.17;20.62;21.1;244460
20.82;21.22;20.82;21.16;304530
21.25;21.25;21.03;21.17;152290
20.99;21.5;20.6;21.04;419040
20.86;21.25;20.85;21.1;312770
20.96;21.14;20.27;20.5;269360
20.4;20.6;19.03;19.89;661610
19.88;20;19.55;19.64;747360
19.42;20;18.8;19.09;803580
18.28;18.77;18.01;18.3;700040
18.01;18.9;18.01;18.87;656920
18.16;18.37;17.01;17.1;835260
17;18.18;17;17.61;806100
17.59;18.99;17.21;18.35;1202260
18.34;18.82;18.01;18.6;374480
19.51;20.78;19.51;20.6;833030
20.69;20.7;20.11;20.4;320420
20.21;20.4;19.65;19.85;648810
19.55;20;19.35;19.8;686610
19.8;19.85;19.55;19.85;438970
19.7;20.18;19.65;20.01;609310
19.8;20.56;19.76;20.26;741420
19.9;19.9;19.7;19.75;314140
19.51;19.55;19.31;19.5;454360
19.31;19.31;18.84;18.84;460340
18.91;19.1;18.81;18.9;519630
19;19;18.52;18.55;287180
18.2;18.2;17.56;17.76;536710
17.79;17.9;17.31;17.4;764960
17.4;17.99;17.4;17.92;731750
17.93;18.25;17.54;17.71;500000
17.71;18.1;17.7;18.01;417640
17.91;17.91;17.55;17.76;333560
17.76;18.18;17.7;17.99;416310
18.1;18.3;17.76;17.88;269070
18;18;17.52;17.62;272570
17.62;17.78;17.47;17.64;282510
17.61;17.68;17.45;17.5;174730
17.4;17.5;17.35;17.42;270010
17.42;17.74;17.3;17.72;493060
17.78;18.04;17.75;17.99;434720
17.95;18.18;17.95;18.05;318300
18.04;18.04;17.65;17.9;170950
17.94;17.94;17.5;17.64;239860
17.97;19.08;17.97;19.07;1176310
19.15;19.28;18.85;18.97;441920
18.9;19;18.69;18.95;702580
18.92;18.99;18.6;18.75;656140
18.79;18.79;18.55;18.68;238790
18.56;18.7;18.45;18.56;595480
18.5;18.56;18.2;18.3;681100
18.2;18.2;17.92;17.94;336740
17.91;18.13;17.9;17.96;279320
17.96;18.5;17.91;18.49;293430
18.6;18.75;18.47;18.56;348130
18.8;18.8;18.23;18.31;454250
18.32;18.63;18.32;18.63;151810
18.63;18.63;18.45;18.49;153090
18.56;19.04;18.54;18.96;455460
18.97;19.1;18.91;19;534610
18.99;19.1;18.87;19.1;139880
19.1;19.2;19.05;19.19;150460
19.19;19.44;19.05;19.2;367870
19.11;19.69;19.11;19.69;351990
19.69;19.7;19.5;19.56;311820
19.57;19.91;19.56;19.81;209680
19.8;19.8;19.6;19.65;179520
19.7;19.79;19.45;19.5;210620
19.53;19.7;19.43;19.7;94090
19.66;19.7;19.57;19.7;108910
19.64;19.74;19.46;19.5;361950
19.64;19.67;19.56;19.67;87540
19.69;19.7;19.52;19.65;135750
19.6;19.75;19.54;19.74;250860
19.66;19.85;19.61;19.84;135710
19.76;19.79;19.66;19.72;72090
19.69;19.79;19.55;19.66;89310
19.7;19.7;19.55;19.7;148310
19.71;19.78;19.66;19.69;231910
19.7;19.85;19.66;19.85;229240
19.89;20.5;19.89;20.23;304300
20.13;20.23;20.1;20.17;96640
20.1;20.3;20.05;20.1;105980
20.1;20.18;19.91;20.12;174670
20.11;20.39;20.07;20.1;143220
20.09;20.44;20.06;20.4;179080
20.44;20.45;20.05;20.07;291660
20.06;20.33;20.05;20.14;319550
20.15;20.3;19.75;19.84;274420
19.77;19.93;19.45;19.6;434120
19.6;20.09;19.56;19.93;241690
19.74;20.27;19.74;20.17;221380
20.11;20.73;20.09;20.68;489510
20.67;20.75;20.6;20.69;212450
20.66;20.9;20.65;20.89;219480
20.89;21.53;20.85;21.53;593940
21.52;21.52;20.68;20.99;515030
20.96;20.96;20.42;20.56;210050
20.51;20.89;20.51;20.81;345890
20.79;21.43;20.79;21.29;312860
21.16;21.2;20.73;20.9;305230
20.81;21.15;20.81;21.1;208560
21.03;21.49;21;21.44;343710
21.35;21.45;21.07;21.09;201100
21.22;21.48;21.14;21.46;235890
21.4;22.5;21.4;21.84;383250
21.74;21.96;21.7;21.96;266080
21.98;22.4;21.9;22.38;559790
22.31;22.64;22.2;22.52;737200
22.59;23.26;22.53;23.13;566600
22.81;23.33;22.81;23.33;548150
23.37;23.77;23.3;23.48;553540
23.4;23.6;23;23.47;431440
23.41;23.48;22.5;22.5;744830
22.46;22.68;22.2;22.52;658090
22.6;23;22.51;22.78;382800
22.61;22.74;22.41;22.7;252260
22.6;22.69;21.3;21.4;779280
21.79;21.92;21.65;21.69;418730
21.78;21.9;21.69;21.8;285650
21.89;21.92;21.77;21.83;360750
21.75;22.69;21.7;22.52;563280
22.52;22.55;22.19;22.26;394540
22.11;22.39;22.11;22.2;604670
22.15;22.23;21.93;22.09;650280
21.91;22.15;21.6;21.75;473150
21.41;21.8;21.4;21.73;305080
21.56;21.75;21.56;21.66;384950
21.57;22.46;21.57;22.05;393470
21.9;22.38;21.9;22.12;547200
22.2;22.4;22.1;22.25;552280
22.04;22.53;22.04;22.42;350770
22.4;22.78;22.4;22.63;741860
22.6;22.63;22.37;22.53;652510
22.41;22.59;21.7;21.97;979310
21.62;21.74;20.9;20.9;1172210
20.86;21.28;20.86;21.28;521520
21.11;21.44;21.11;21.44;238240
21.24;21.65;21.03;21.45;876110
21.34;21.63;21.29;21.5;708240
21.1;21.18;20.61;21.1;983380
20.63;21.49;20.51;21.15;628814
21.5;21.5;21.03;21.16;894336
21.3;21.49;21.16;21.49;633012
21.6;21.6;21;21.2;485964
21.16;21.21;20.65;20.94;472361
21;21.01;20.65;20.8;363715
20.65;20.92;20.25;20.45;495225
20.35;20.85;20.35;20.8;537654
20.6;20.9;20.54;20.63;470575
21;21.35;20.81;21.15;946516
21.38;21.38;20.48;20.71;2332601
20.64;20.67;20.2;20.23;2018963
20.4;20.89;20.4;20.7;19964641
20.8;21.75;20.72;21.75;9663778
21.78;21.78;21.24;21.5;3758464
21.41;21.5;21.15;21.39;2131205
21.31;21.37;21.04;21.29;2513327
21.3;21.51;21.15;21.5;2512681
21.5;21.92;21.46;21.75;4600432
21.74;21.78;21.6;21.75;1766069
21.61;21.7;21.38;21.7;1704985
21.57;21.7;21.57;21.7;1517822
21.61;21.81;21.5;21.81;1492068
21.56;21.69;21.5;21.66;905868
21.36;21.55;21.19;21.28;856229
21.2;21.54;21.02;21.44;1194567
21.17;21.44;21.13;21.28;760382
21.26;21.93;21.25;21.9;1701925
21.8;22.48;21.73;22.31;2490360
22.03;22.31;21.86;21.97;1101215
21.66;21.9;21.63;21.82;1080712
21.73;22.07;21.71;22.05;1685860
22.12;22.61;22.12;22.4;3211078
22.3;22.39;22.06;22.33;1812843
22.33;22.47;22.09;22.21;1238660
22.07;22.3;22.06;22.19;924958
22.2;22.4;22.2;22.39;977444
22.25;22.54;22.25;22.4;1358453
22.28;22.51;22.25;22.36;1342432
22.52;23.19;22.51;22.78;3987518
22.87;22.95;22.65;22.78;1571702
22.66;22.82;22.47;22.52;1573864
22.46;22.64;21.92;22.2;2341355
22.36;22.76;22.3;22.65;1806731
22.51;22.8;22.48;22.67;1501302
22.46;22.63;22.23;22.23;1483493
22.14;22.27;21.95;21.97;1878839
21.91;21.97;21.64;21.74;2080285
21.79;21.8;21.45;21.59;2375861
21.89;22.03;21.69;21.8;2292462
21.81;21.98;21.72;21.97;1392306
21.86;22.07;21.66;21.78;1650242
21.73;22.08;21.6;21.93;1288895
21.9;21.99;21.7;21.93;874106
21.78;21.9;21.5;21.72;737501
21.7;22.07;21.66;22;856698
21.81;22;21.7;22;1821842
21.86;22.24;21.85;22.24;1569042
22.06;22.12;21.8;22.05;2274521
21.86;22.07;21.42;21.48;1854174
21.41;21.95;21.4;21.86;1118292
21.66;21.99;21.66;21.82;739752
21.75;21.76;21.32;21.49;1054727
21.46;21.72;21.4;21.6;968997
21.56;21.7;21.42;21.59;797964
21.52;21.65;21.22;21.3;754448
21.09;21.34;21.09;21.12;921078
21.05;21.1;20.2;20.3;2402355
19.8;20.29;19.75;20;2349465
20.02;20.39;19.8;20.08;1684578
20.04;20.34;19.82;20;1645369
19.65;19.97;19.45;19.58;1521640
19.6;20.01;19.6;19.84;1059492
19.81;20.04;19.81;19.91;842014
19.96;20.24;19.92;20.17;1863882
20.19;20.2;19.8;19.92;2022204
19.9;20.2;19.9;20.03;5275559
20.03;20.08;19.55;19.62;1473037
19.39;19.39;18.85;18.95;2715199
18.81;18.98;17.43;18.2;13474804
18.32;18.4;17.9;18.12;3971756
18.3;18.59;18.19;18.51;2110105
18.7;18.72;18.42;18.53;2301548
18.69;19.08;18.47;18.54;2156273
18.89;19.05;18.76;18.94;2589238
18.9;18.92;18.64;18.75;2703421
18.79;18.86;18.53;18.6;1405577
18.61;18.65;18.3;18.35;1774948
18.34;18.34;17.89;17.94;2123464
18.09;18.4;18.05;18.24;1512203
18.11;18.37;18.11;18.21;1303917
18.23;18.51;18.21;18.48;2085647
18.5;18.82;18.43;18.74;3111318
18.9;19.03;18.65;18.81;2179685
18.91;19.01;18.69;18.97;1691773
18.98;19.21;18.89;19.21;1513299
19.3;19.33;19.08;19.2;1672709
19.15;19.4;19.1;19.31;1918725
19.45;19.68;19.33;19.4;3208121
19.41;19.72;19.39;19.69;2348202
19.8;19.8;19.34;19.54;2232510
19.54;19.65;19.2;19.45;2956853
19.29;19.53;19.2;19.45;1304224
19.6;20.25;19.48;20.16;3028727
20;20.16;19.79;19.86;1600837
19.68;19.95;19.25;19.86;2246666
20;20.18;19.8;20.18;1727513
20.19;20.48;19.91;20.15;2200382
20.05;20.17;19.91;20.1;1402782
19.9;20.18;19.9;20.08;861971
20.13;20.35;20.1;20.3;1197139
20.2;20.49;19.95;20.45;3067156
20.42;20.82;20.36;20.8;2260768
20.7;20.9;20.61;20.7;1168936
20.7;20.7;20.4;20.51;1453875
20.46;20.91;20.45;20.81;1654905
20.6;20.75;20.1;20.4;1393739
20.01;20.65;19.8;20.54;1711502
20.35;20.44;20.1;20.31;1831333
20.15;20.36;20.1;20.36;1500172
20.26;20.38;20.04;20.29;2173412
20.21;20.24;19.9;20.15;1846551
20.2;20.31;20.13;20.2;1818498
20.11;20.2;20.05;20.14;1638041
20.07;20.15;19.95;20.1;1397084
19.91;20.11;19.59;20.11;4786148
19.9;20.03;19.67;19.7;2848191
19.6;19.88;19.52;19.78;1890356
19.75;19.98;19.75;19.88;471580
19.9;20.05;19.76;20;1447230
19;19.32;18.93;19.28;3339759
19.3;19.57;19.2;19.48;3191288
19.59;19.6;19.25;19.4;2546648
19.29;19.45;19.11;19.12;1657258
19.07;19.18;18.66;18.75;2954241
18.8;18.88;18.5;18.56;3290125
18.58;18.72;18.11;18.13;2005722
18.14;18.3;17.9;18.24;3230747
18.37;18.8;18.37;18.63;1985109
18.6;18.7;18.26;18.41;1062516
18.34;18.35;18.01;18.29;2215775
18.49;18.7;18.4;18.56;1842364
18.7;19.22;18.7;19.15;3818245
19.07;19.28;18.98;19.21;2144327
19.21;19.29;18.98;19.05;1620607
19.06;19.13;18.62;18.83;2330211
18.77;18.85;18.2;18.4;2842461
18.4;18.52;18.1;18.2;1322918
18.1;18.18;17.92;18.11;1615242
18.11;18.26;17.93;18.18;1391897
18.05;18.05;17.74;17.79;2352751
18;18.18;17.9;18.15;1661049
18.08;18.22;17.71;18.08;1428256
18.38;18.38;17.81;17.95;1632977
18.1;18.2;17.91;18.08;1211095
18.01;18.49;18.01;18.39;1651183
18.37;18.45;17.97;18.02;1876475
18.25;18.38;18.04;18.17;1218216
18.16;18.25;18.1;18.16;1152780
18.24;18.29;17.74;17.82;1936167
17.74;17.97;17.47;17.87;2527698
17.99;18.34;17.96;18.31;2544071
18.45;18.97;18.45;18.87;2247841
18.8;18.85;18.68;18.75;1457418
18.77;18.77;18.26;18.34;2025639
18.21;18.39;18.1;18.13;1478096
18.25;18.25;18;18.11;1764325
18.15;18.24;17.69;17.69;1827146
17.65;17.81;17.38;17.58;2103564
17.55;17.75;17.35;17.39;2069655
17.4;17.49;16.99;17.15;2458714
17.13;17.15;16.24;16.34;3375129
16.25;16.29;15.3;15.8;6162867
15.99;15.99;15.42;15.68;2867570
15.78;16.49;15.76;16.35;4021641
16;16;15.11;15.41;6930262
15.65;15.7;15.16;15.26;6253402
15.34;15.34;13.46;13.75;10082136
15;15.33;14.44;14.59;13889696
15.5;15.95;15.08;15.9;6822823
16.14;16.81;16.02;16.7;6142319
16.51;16.57;15.31;15.77;6541502
15.39;15.39;14.6;14.9;6953813
15.12;15.75;15.05;15.5;3618272
15.48;15.56;14.71;14.93;3570385
14.75;15.13;14.33;14.91;4414399
14.41;14.46;13.92;14.05;6338833
14;15.4;14;14.78;8863638
15.4;15.58;15.03;15.34;2985898
15.35;15.45;14.81;14.98;2835749
15.1;15.63;15.03;15.25;2237586
15.37;15.75;15.16;15.27;2649150
15.25;15.34;14.96;15.13;1486178
15.35;15.39;15.19;15.28;550838
15.21;15.24;14.72;14.81;1560420
14.77;15;14.65;14.76;2711216
16.04;16.2;15.44;15.8;6600411
15.89;15.89;15.35;15.63;1981544
15.7;16.05;15.61;15.91;1045691
15.98;16.14;15.67;16.09;2067621
16.08;16.24;15.37;15.55;3092909
15.61;15.69;15.37;15.67;1883623
15.71;15.71;14.82;14.97;4237659
15;15.12;14.61;14.93;2478347
15.01;15.19;14.85;15.15;1541809
15.24;15.29;14.88;15.14;1862960
15.16;15.39;14.94;15.32;2000708
15.12;15.12;14.46;14.71;3331795
14.68;14.68;14.16;14.61;2154864
14.5;14.95;14.5;14.83;2352525
15.25;15.6;14.92;15.48;3542940
15.26;15.48;15.11;15.39;1768730
15.39;15.55;15.24;15.4;1417651
15.26;15.33;14.91;15;3383588
14.91;14.99;14.66;14.79;1696067
14.79;15.04;14.79;15.02;2032299
15.09;15.73;15.06;15.37;3016206
15.35;15.55;15.31;15.55;1716155
15.23;15.59;15.06;15.55;2072670
15.61;16.04;15.61;15.81;2497787
15.81;16.34;15.52;16.21;3638582
16.1;16.6;16.09;16.43;2464572
16.44;16.69;16.36;16.61;1862934
17;17.78;16.96;17.45;8876010
17.5;18.12;17.16;17.6;14704613
17.55;17.69;16.42;16.73;6644586
16.69;17;16.48;16.53;2483984
16.41;16.49;16.22;16.46;2032899
16.34;16.54;16.15;16.31;2058227
16.11;16.14;15.9;16.07;1895318
16.09;16.41;16.04;16.13;1234357
16.13;16.33;15.68;15.9;2815109
15.88;15.98;15.33;15.42;4521900
15.1;15.5;15.09;15.4;1895267
16.15;16.49;15.73;15.82;3937771
15.82;16;15.43;15.56;2072191
15.7;15.79;15.35;15.57;2907563
15.41;15.57;15.05;15.41;2681265
15.52;15.57;15.18;15.27;1357606
15.25;15.49;15.16;15.27;1808618
15.33;15.67;15.11;15.3;2711764
15.25;15.36;14.12;14.22;6088036
14.19;14.38;13.75;14.08;6221764
14;14.05;13.68;13.87;3076309
13.66;13.66;12.76;13.06;7327339
13.25;13.44;12.59;12.7;4672402
12.49;13.05;12.11;12.76;4987514
12.99;13.22;12.26;12.34;5067162
12.28;12.83;12.24;12.65;5761935
12.52;13.22;12.35;13.06;4539301
13.35;13.72;12.97;13.19;4154317
13.14;13.29;12.83;13.04;1923909
12.96;12.96;12.12;12.25;5422689
12.33;12.4;12;12.02;3186144
12.03;12.2;11.71;11.79;5613277
11.65;11.69;10.94;11.33;5046976
12.65;13.51;12.11;13.09;12124706
13.18;14.09;13.1;13.62;7060772
13.6;13.87;12.72;12.97;5271872
12.84;13.19;12.51;13.08;4000416
13.17;13.91;13.01;13.88;5372013
13.88;14.34;13.32;13.45;3898146
13.66;14.13;13.57;13.82;8709949
14.03;14.1;13.73;14.06;2491800
13.84;14.08;13.6;14;4616373
14.07;14.57;13.95;14.54;3282956
14.45;15.2;14.4;14.88;5167943
14.99;15.04;14.81;14.97;2358196
14.8;15.29;14.73;15.22;2339508
15.29;15.29;14.77;14.77;1897761
14.4;14.95;13.99;14.65;4183892
14.38;14.49;14.16;14.18;2417176
14.11;14.28;13.96;14.1;1441108
13.76;13.84;13.53;13.67;2499338
13.51;13.8;13.5;13.6;1920096
13.38;13.44;13.14;13.14;2748173
13.21;13.38;12.88;12.95;2198668
13.14;13.49;13.06;13.21;2911384
13.01;13.36;13.01;13.11;228372
13;13.23;13;13.21;939423
13.06;13.19;12.97;13.1;892096
12.92;13.14;12.92;13.14;226631
13;13.54;12.95;12.98;1908221
12.92;13.03;12.66;12.77;1926075
12.74;12.85;12.27;12.48;1802836
12.4;12.57;12.21;12.45;2084220
12.49;12.66;12.26;12.47;2168590
12.29;12.73;12.28;12.58;2305006
12.7;12.74;12.32;12.49;2823842
12.44;13;12.36;12.92;2619060
12.81;13.27;12.81;12.97;1551939
12.95;13.15;12.26;12.3;2779942
12.25;12.33;12.01;12.05;3621470
12.19;12.27;11.92;12.03;2186637
11.95;11.96;11.21;11.3;4845588
11.01;11.07;10.36;10.63;4690007
10.25;12;10.25;11.95;8516505
12.04;12.1;10.96;11.29;6214870
12.05;12.1;11.4;11.66;4224157
11.8;11.9;11.31;11.37;2802199
11.21;11.21;10.82;11.01;2901755
11.19;11.76;11.1;11.73;3272511
11.62;11.89;11.52;11.66;1753360
11.65;11.65;11;11.33;2960767
11.49;11.79;11.4;11.53;3441349
11.6;11.75;11.48;11.65;1584256
11.57;11.61;11.11;11.2;2474314
11.04;11.29;10.87;11.1;2594702
11.09;11.29;10.97;11.07;3117229
11.15;11.3;10.75;10.82;2639638
10.79;10.8;10.36;10.4;2513884
10.56;11.06;10.29;10.97;2405132
10.96;11.29;10.73;11.11;1941535
11.2;11.35;10.9;11.02;1972455
10.4;10.4;9.16;9.84;12803209
9.9;9.9;9.65;9.84;2183471
9.81;10.19;9.71;10.01;2857154
9.9;10.2;9.72;10.12;4118080
10.2;10.34;9.91;9.99;3289830
9.86;10.06;9.74;9.85;2144714
10;10.27;9.95;10.11;2929587
10.2;10.39;10.11;10.25;3315057
10.3;10.3;10.02;10.19;2973050
10.19;10.25;9.91;9.96;1807793
10;10.05;9.65;9.74;2352862
9.59;9.66;9.42;9.53;2879512
9.58;9.74;9.28;9.37;1409871
9.4;9.87;9.31;9.85;2678437
9.94;9.94;9.31;9.37;2983135
9.18;9.38;9.07;9.11;3231993
9.01;9.06;8.58;8.69;3095437
8.74;9.43;8.62;9.02;6210419
9.4;9.56;9.11;9.33;3475079
9;9.18;8.91;9.14;3782945
9.18;9.42;8.7;8.75;4504328
8.35;8.49;7.87;7.93;6733091
8.16;8.6;8.05;8.56;4560306
8.73;8.83;8.37;8.57;5067439
8.49;9.38;8.44;9.32;8797241
9.6;10.25;9.6;9.95;6204430
9.81;10.05;9.63;9.87;3061053
9.87;10.39;9.85;10.2;2940583
10.21;10.28;10;10.1;2048662
9.91;10.25;9.86;10.19;2003442
10.12;11.03;10.11;10.99;3285879
11.08;11.5;11.08;11.31;4527670
11.26;11.29;10.26;10.26;6705096
10.53;10.65;10.06;10.4;3523962
10.5;10.71;10.45;10.59;1861942
10.5;10.53;10.22;10.36;1371888
10.3;10.3;9.88;9.95;2768436
9.97;10.14;9.84;10.05;2880235
10.06;10.18;9.81;9.93;2363247
9.73;9.82;9.67;9.73;2276941
9.79;9.81;9.56;9.64;1728235
9.78;9.94;9.61;9.89;2505076
9.94;10.09;9.85;9.91;1790000
10;10.49;10;10.43;3303634
10.4;10.54;10.13;10.22;1745832
10.19;10.27;10.04;10.12;1542598
10.11;10.17;9.81;10.08;2061210
10;10.08;9.76;9.96;2565140
10.05;10.48;10.01;10.33;3214542
10.39;10.67;10.36;10.65;2001520
10.54;10.65;10.52;10.6;2559483
10.57;10.92;10.57;10.81;3131323
11;11.31;10.89;11.27;2345440
11.08;11.27;11.08;11.16;947657
11.11;11.22;11.06;11.19;2510670
11.25;11.53;11.15;11.46;1822995
11.31;11.37;11.15;11.2;2530102
11.09;11.1;10.85;10.96;2822911
10.94;11.1;10.94;11.08;1155987
11.03;11.08;10.57;10.71;4177641
10.68;10.89;10.56;10.62;2766144
11.19;12.48;11.13;12.44;11377282
12.5;12.54;11.45;11.5;6181753
11.41;11.54;11.26;11.34;3147418
11.21;11.28;11.02;11.02;2313208
10.97;11.09;10.32;10.46;4322759
10.31;10.37;9.81;10.28;4434852
10.35;10.35;10.03;10.03;2934126
10.07;10.1;9.89;10;1524300
10.1;10.2;10.02;10.1;4045672
9.8;9.98;9.73;9.81;4042897
9.84;9.84;9.55;9.59;2896643
9.75;9.9;9.6;9.78;11563786
9.81;9.81;9.46;9.51;2139762
9.49;9.66;9.39;9.45;2545775
9.58;9.58;9.17;9.37;6234526
9.38;9.47;9.28;9.38;4160322
9.54;9.59;9.07;9.07;3730423
8.97;9.07;8.76;8.9;2914004
8.75;8.96;8.61;8.69;4409784
8.79;8.94;8.51;8.64;3286277
8.72;8.85;8.62;8.76;4075437
8.79;8.84;8.4;8.69;2225739
8.89;9.02;8.75;8.88;2330371
8.88;9.16;8.83;8.96;2311852
8.89;8.92;8.53;8.6;2238310
8.52;8.58;8.25;8.27;2685078
8.38;8.45;8.01;8.15;2369170
8.15;8.25;7.88;7.92;1956694
7.95;8.14;7.88;8.06;2887579
8.16;8.34;8.08;8.33;2476288
8.25;8.25;7.88;7.88;3257485
7.79;7.79;7.23;7.43;6077576
7.32;7.39;7.03;7.05;5160387
7.07;7.08;6.6;6.84;4296209
6.9;7.46;6.84;7.14;7265571
6.92;7.36;6.91;7.28;3563025
7.39;7.39;6.68;6.86;4411689
6.95;7.01;6.64;6.92;4314958
6.67;6.91;6.54;6.67;5622525
6.99;7.03;6.42;6.56;7689529
6.26;6.63;6.12;6.32;7179601
6.35;6.39;5.8;5.83;4802919
5.9;5.95;5.45;5.59;7547003
5.32;5.35;4.93;5.05;10074033
5.1;5.13;4.31;4.79;16227390
5.09;5.56;4.82;5.34;15350329
5.34;5.89;5.31;5.77;8602098
5.8;6.06;5.56;5.63;8363080
5.53;5.6;5.17;5.34;6846623
5.54;5.83;5.34;5.74;5490482
5.95;6.1;5.68;5.74;4812149
5.5;5.65;5.44;5.57;4010426
5.57;5.57;5.21;5.23;3462703
5.09;5.23;4.95;5.19;4428422
5.32;5.42;5.19;5.29;3912550
5.29;5.34;5.13;5.24;3167782
5.16;5.2;5.03;5.11;3387618
5.18;5.18;5.01;5.02;2407392
5.04;5.6;5.02;5.56;7255934
5.69;5.83;5.52;5.74;5891898
5.61;5.79;5.59;5.71;3819917
5.62;6.18;5.6;6.15;7037074
6.19;7.55;6.16;7.33;12911830
7.33;7.34;6.55;6.64;10622542
6.54;6.63;6.14;6.14;6087076
6.24;6.38;6.07;6.3;4417858
6.43;6.54;5.98;6.19;3988219
6.17;6.33;6.01;6.25;2144495
6.12;6.16;5.92;5.94;3398906
5.98;5.98;5.68;5.85;3339270
5.76;5.8;5.55;5.65;4005340
5.71;6.08;5.58;6.07;3783929
6.04;6.04;5.81;5.82;2030731
5.75;6.02;5.67;5.98;3853050
5.9;5.9;5.61;5.69;4632637
5.5;5.67;5.14;5.47;10457479
5.47;5.85;5.47;5.76;7288231
5.68;5.92;5.68;5.78;3643646
5.76;6.14;5.71;6.09;5618425
5.85;5.97;5.76;5.84;4901428
5.55;6.6;5.41;5.7;30507029
3.5;3.86;3.5;3.58;29921727
4.04;4.18;3.81;3.87;22050904
3.81;3.95;3.76;3.81;20662360
3.75;3.82;3.55;3.58;22942905
3.53;3.54;3.28;3.33;19575896
3.36;3.51;3.26;3.49;30877493
3.22;3.31;2.98;2.98;24517633
2.86;2.96;2.41;2.5;50054640
2.7;2.79;2.44;2.49;44020341
2.47;2.79;2.3;2.45;64927782
3;3.09;2.7;3.07;59204576
3.15;3.15;2.92;2.95;16614192
2.87;3;2.71;2.93;15811748
3.05;3.05;2.88;2.92;14619905
2.7;2.9;2.51;2.68;77771164
2.63;2.66;2.5;2.55;30813424
2.5;2.5;1.75;2.2;70867798
1.98;2.32;1.86;2.29;40403878
2.34;2.35;2.17;2.32;16814310
2.38;2.69;2.25;2.35;40781591
2.42;2.69;2.4;2.68;23901377
2.36;2.5;2.13;2.25;28268603
2.36;2.42;2.06;2.2;21945299
2;2.37;2;2.18;16687840
2.32;2.37;2.2;2.25;14404354
2.1;2.25;2.07;2.25;17695612
2.6;2.6;2.35;2.35;15793901
2.48;2.48;2.26;2.29;14087405
2.29;2.33;2.16;2.18;8003870
2.1;2.15;2.01;2.06;10292896
2.16;2.17;1.85;2.1;17086364
2.13;2.14;1.92;2.02;7415846
2.11;2.15;1.97;2.05;10770658
2;2.06;1.94;2.01;6856505
1.99;1.99;1.85;1.92;9783057
1.86;1.86;1.24;1.7;21924068
1.56;1.58;1.42;1.43;15031242
1.5;1.53;1.35;1.43;14205396
1.53;1.55;1.4;1.55;12813537
1.59;1.69;1.55;1.62;9041343
1.57;1.72;1.57;1.71;7539569
1.82;2.03;1.77;1.87;13663929
1.97;2.22;1.93;2.22;16262932
2.26;2.3;2.12;2.26;13924734
2.14;2.21;2.09;2.09;10434499
2.08;2.14;2.04;2.12;6960788
2.2;2.26;2.15;2.15;7876128
2.15;2.18;2.08;2.08;3614490
1.9;1.93;1.8;1.8;11324619
1.8;1.91;1.72;1.73;7343118
1.84;1.86;1.7;1.71;5131027
1.74;1.77;1.58;1.6;8425468
1.62;1.62;1.45;1.55;9501635
1.56;1.57;1.37;1.38;9304509
1.33;1.4;1.28;1.34;10361530
1.39;1.46;1.29;1.37;8185096
1.49;1.49;1.4;1.43;4329232
1.45;1.53;1.43;1.47;5077330
1.47;1.54;1.46;1.53;4296884
1.56;1.65;1.55;1.6;5224610
1.62;1.64;1.46;1.59;7078880
1.61;1.62;1.48;1.5;2758615
1.42;1.51;1.37;1.51;8364395
1.51;1.54;1.47;1.5;3099347
1.52;1.59;1.51;1.51;4673935
1.55;1.55;1.47;1.48;3443983
1.58;1.6;1.54;1.59;4178291
1.59;1.61;1.54;1.56;4301156
1.57;1.58;1.54;1.55;2241310
1.57;1.57;1.5;1.5;3604658
1.46;1.49;1.42;1.48;4234046
1.46;1.47;1.38;1.43;5029597
1.4;1.43;1.39;1.43;2398702
1.44;1.45;1.24;1.26;13958861
1.26;1.28;1.2;1.27;5328377
1.28;1.41;1.23;1.35;7477888
1.33;1.33;1.25;1.25;4546115
1.25;1.28;1.2;1.21;3847979
1.2;1.24;1.2;1.24;1138447
1.25;1.26;1.23;1.25;1257797
1.24;1.26;1.22;1.25;2294660
1.25;1.25;1.24;1.24;1048810
1.25;1.35;1.25;1.34;3811697
1.35;1.41;1.35;1.38;4041728
1.38;1.47;1.3;1.42;6330871
1.43;1.49;1.4;1.45;7237407
1.42;1.46;1.4;1.45;3908103
1.35;1.4;1.25;1.35;8682951
1.35;1.39;1.32;1.39;2998622
1.38;1.4;1.3;1.37;3158906
1.38;1.38;1.27;1.29;3504850
1.29;1.31;1.2;1.21;5227125
1.25;1.26;1.21;1.21;2995859
1.25;1.25;1.15;1.15;5598800
1.15;1.18;1.02;1.02;6382455
1.05;1.14;1.01;1.1;5900189
1.17;1.18;1.09;1.12;4506169
1.13;1.13;1.06;1.09;2480795
1.1;1.12;1.05;1.08;3758355
1.12;1.13;1.08;1.13;2488979
1.14;1.2;1.14;1.18;5430377
1.18;1.18;1.12;1.17;2528821
1.16;1.23;1.14;1.23;4926613
1.194;1.199;1.151;1.172;3240938
1.18;1.194;1.155;1.18;2436544
1.183;1.188;1.151;1.178;2287020
1.152;1.164;1.133;1.154;1872640
1.163;1.215;1.151;1.18;4162225
1.2;1.29;1.2;1.25;6733629
1.25;1.27;1.181;1.19;3354042
1.179;1.179;1.101;1.101;4879166
1.12;1.15;1.105;1.139;2967324
1.151;1.169;1.12;1.12;2153261
1.169;1.22;1.12;1.13;5841948
1.15;1.15;1.011;1.029;7649291
1.045;1.075;1.012;1.04;5692011
1.049;1.066;1.02;1.04;3786973
1.03;1.03;1.001;1.01;2581850
1.069;1.145;1.041;1.07;8099501
1.08;1.085;1.021;1.041;3256522
1.08;1.098;1.027;1.042;3144122
1.07;1.147;1.011;1.133;11864395
1.147;1.147;1.064;1.1;6754785
1.05;1.06;0.96;0.96;19216561
0.988;1.012;0.891;0.901;8102535
0.94;0.95;0.901;0.949;4139279
0.945;0.945;0.846;0.846;6784527
0.86;0.865;0.761;0.824;7043507
0.84;0.84;0.76;0.8;4219711
0.78;0.869;0.78;0.848;3967124
0.86;0.936;0.855;0.887;8088880
0.898;1.095;0.869;1.081;17309437
1.185;1.25;1.032;1.04;19624884
1.15;1.151;1.08;1.138;6610201
1.129;1.25;1.108;1.25;12468401
1.27;1.309;1.156;1.249;9470376
1.29;1.31;1.22;1.23;8440515
1.2;1.27;1.18;1.265;6347258
1.325;1.365;1.301;1.365;9583498
1.42;1.47;1.38;1.41;9850490
1.395;1.45;1.371;1.42;9169821
1.47;1.475;1.421;1.46;6012818
1.473;1.474;1.363;1.393;7099095
1.36;1.36;1.17;1.195;12721467
1.194;1.279;1.194;1.279;4949591
1.31;1.31;1.251;1.288;4839374
1.321;1.372;1.31;1.331;9448757
1.34;1.365;1.315;1.365;5856776
1.39;1.462;1.377;1.433;8979604
1.4;1.45;1.371;1.401;6750020
1.38;1.495;1.355;1.488;8728020
1.5;1.589;1.5;1.581;8835318
1.667;1.879;1.661;1.765;16536423
1.733;1.84;1.733;1.826;8386437
1.875;2.016;1.87;1.93;17310710
2.015;2.016;1.82;1.898;12643455
1.9;1.904;1.675;1.693;10140413
1.64;1.835;1.62;1.751;11215725
1.825;1.84;1.72;1.769;8443331
1.72;1.794;1.71;1.75;4563773
1.79;1.81;1.76;1.785;5114075
1.76;1.828;1.75;1.805;5035810
1.799;1.818;1.721;1.78;4809685
1.78;1.816;1.71;1.765;5198217
1.79;1.806;1.721;1.739;9029748
1.78;1.799;1.76;1.792;5670207
1.799;1.819;1.76;1.783;5437771
1.799;1.89;1.79;1.853;13763633
1.897;1.98;1.87;1.891;13984315
1.95;2.008;1.924;1.941;8584019
2;2.02;1.869;1.89;6822252
1.87;1.94;1.855;1.856;4257564
1.889;1.915;1.602;1.65;12987795
1.48;1.515;1.34;1.426;20713749
1.486;1.51;1.432;1.457;8699342
1.48;1.48;1.4;1.423;7402403
1.474;1.494;1.442;1.463;11586961
1.48;1.569;1.47;1.519;9751027
1.519;1.547;1.501;1.501;3357145
1.532;1.549;1.505;1.51;4621074
1.53;1.53;1.466;1.492;2413596
1.509;1.529;1.47;1.516;4734647
1.54;1.54;1.478;1.483;5810830
1.46;1.479;1.41;1.415;6665651
1.433;1.464;1.425;1.439;7893225
1.463;1.49;1.45;1.48;3686879
1.495;1.539;1.48;1.52;6109309
1.54;1.556;1.508;1.525;5233925
1.531;1.55;1.512;1.521;4493594
1.538;1.563;1.535;1.546;4593316
1.56;1.568;1.516;1.539;3120247
1.535;1.555;1.5;1.511;4004160
1.535;1.549;1.511;1.539;3589505
1.541;1.56;1.527;1.535;3307243
1.547;1.55;1.531;1.539;3280605
1.53;1.53;1.48;1.48;3553811
1.472;1.5;1.421;1.421;4847230
1.42;1.421;1.318;1.323;8161084
1.33;1.399;1.33;1.379;5192597
1.429;1.48;1.385;1.439;5907993
1.467;1.467;1.328;1.33;6274743
1.33;1.39;1.33;1.341;4980138
1.39;1.41;1.34;1.385;3984656
1.423;1.436;1.38;1.404;4851251
1.427;1.428;1.378;1.39;2607768
1.4;1.4;1.36;1.377;3442089
1.396;1.399;1.358;1.379;2699824
1.396;1.396;1.371;1.374;2034328
1.38;1.38;1.311;1.32;3438243
1.33;1.335;1.3;1.32;2463433
1.32;1.32;1.285;1.285;3599430
1.28;1.344;1.256;1.322;5844088
1.304;1.329;1.278;1.282;4729086
1.291;1.316;1.261;1.275;2798504
1.275;1.29;1.251;1.253;2754254
1.26;1.28;1.25;1.277;1804093
1.3;1.328;1.29;1.295;4129597
1.323;1.355;1.315;1.332;5026899
1.348;1.37;1.329;1.359;4482273
1.37;1.38;1.358;1.366;2239025
1.371;1.376;1.353;1.359;2073087
1.37;1.396;1.344;1.379;5940828
1.38;1.39;1.351;1.374;2133033
1.376;1.396;1.352;1.389;2682508
1.385;1.393;1.36;1.366;3037131
1.381;1.389;1.362;1.363;2788005
1.378;1.38;1.352;1.364;1922873
1.36;1.658;1.356;1.638;29283445
1.659;1.948;1.652;1.92;38059563
1.949;1.963;1.69;1.827;18429070
1.78;1.946;1.77;1.909;14791359
1.94;1.992;1.851;1.979;20096281
1.995;2.076;1.926;1.943;20393468
1.972;2.349;1.97;2.25;40231939
2.3;2.5;2.26;2.433;32222436
2.59;2.71;2.467;2.505;35232573
2.275;2.4;2;2.067;40629553
2.03;2.229;1.885;2.179;38210269
2.28;2.339;2.206;2.286;21307686
2.305;2.324;2.216;2.23;9934991
2.2;2.29;2.101;2.262;12569021
2.299;2.321;2.26;2.31;9212504
2.295;2.395;2.261;2.35;11422723
2.4;2.4;2.321;2.322;9109200
2.32;2.339;2.251;2.275;9330595
2.29;2.32;2.18;2.309;8783815
3.3;3.3;3;3.205;71871648
3.348;3.859;3.31;3.427;73988204
3.59;3.675;3.307;3.381;30410104
3.36;3.36;3.142;3.179;23912898
3.15;3.395;3.12;3.25;27333843
3.21;3.299;3.021;3.151;25799315
3.17;3.234;3.06;3.123;14663948
3.15;3.232;3.1;3.2;16635496
3.3;3.37;3.261;3.35;15693152
3.379;3.484;3.355;3.4;16339016
3.399;3.447;3.355;3.432;10201386
3.45;3.479;3.28;3.332;13014851
3.374;3.378;3.301;3.345;8060174
3.28;3.369;3.25;3.359;7499720
3.381;3.45;3.368;3.43;9767688
3.478;3.94;3.455;3.901;43596021
4.059;4.145;3.774;3.802;39975945
3.744;3.935;3.685;3.879;16152633
3.979;3.986;3.812;3.88;8917574
3.949;3.997;3.89;3.938;11045091
4.035;4.094;4;4.03;12563318
3.98;4.115;3.935;3.993;16513289
4.07;4.137;4.035;4.054;13442284
4.08;4.135;4.01;4.115;9272367
4.14;4.14;4.072;4.102;6876323
4.139;4.14;4.05;4.12;7025460
4.14;4.15;4.052;4.052;6257241
3.98;3.98;3.7;3.846;18937295
3.846;3.919;3.703;3.9;8400725
3.979;3.99;3.902;3.96;8963381
4.001;4.069;3.95;4.037;7859673
4.1;4.16;4.09;4.109;8463165
4.081;4.139;4;4.032;8075921
4.1;4.105;4.046;4.058;5050803
4.06;4.088;3.921;3.935;6661818
3.963;4.09;3.96;4.08;7521706
4.1;4.12;3.962;4.04;7179016
4.075;4.085;3.96;3.97;5634244
3.99;4.039;3.81;3.99;10376626
3.99;4.013;3.923;3.95;3873851
3.985;4.468;3.755;4.4;35352188
4.257;4.598;4.25;4.5;29655841
4.6;4.65;4.41;4.499;10307697
4.479;4.568;4.18;4.207;11259950
4.2;4.335;4.016;4.068;14787256
4;4.019;3.752;3.821;18409954
3.758;4.09;3.6;4.034;16981416
4.08;4.129;3.82;3.84;10832497
3.797;3.93;3.726;3.861;7906689
3.859;3.859;3.51;3.65;14943334
3.701;3.81;3.67;3.791;9906196
3.75;3.965;3.7;3.926;9248601
3.989;4;3.78;3.91;10076266
3.972;4.07;3.97;4.05;7646955
4.1;4.1;3.96;4.01;5704464
4.04;4.206;4.022;4.179;9485001
4.199;4.3;4.152;4.262;13898260
3.85;4.13;3.703;4.058;26786355
4.1;4.1;3.98;4.004;11075032
3.982;4;3.91;3.959;6365997
3.98;4.038;3.95;3.979;5671142
3.96;4.016;3.88;3.881;4977832
3.9;3.929;3.771;3.804;7906052
3.81;3.858;3.71;3.733;7814063
3.66;3.806;3.63;3.69;7358733
3.745;3.799;3.713;3.713;4458911
3.72;3.72;3.394;3.449;14565589
3.3;3.69;3.23;3.632;19162744
3.65;3.678;3.513;3.55;8896427
3.65;3.68;3.605;3.636;5959602
3.64;3.676;3.54;3.56;5664777
3.639;3.64;3.561;3.599;4861711
3.56;3.638;3.517;3.57;7347393
3.614;3.617;3.558;3.558;3524029
3.586;3.59;3.521;3.535;4155258
3.521;3.607;3.521;3.555;5678750
3.561;3.588;3.533;3.588;3165872
3.59;3.59;3.46;3.489;4585618
3.516;3.569;3.432;3.461;3868894
3.461;3.49;3.314;3.383;7989756
3.35;3.599;3.343;3.59;10141483
3.568;3.626;3.41;3.41;9178034
3.42;3.44;3.238;3.268;16081979
3.349;3.394;3.286;3.385;6606023
3.405;3.439;3.391;3.439;4506690
3.445;3.475;3.431;3.459;4599078
3.461;3.465;3.41;3.43;1983784
3.465;3.469;3.401;3.407;2485807
3.418;3.534;3.401;3.529;4128487
3.506;3.57;3.486;3.53;2610442
3.559;3.559;3.53;3.547;1235179
3.564;3.659;3.556;3.631;6239275
3.65;3.885;3.61;3.803;12123817
3.86;3.896;3.806;3.859;6354723
3.83;3.877;3.811;3.871;5472387
3.92;3.965;3.853;3.947;10857325
3.973;4.021;3.943;3.962;8475222
3.97;3.97;3.82;3.821;7311253
3.77;3.838;3.705;3.729;10568810
3.811;3.82;3.654;3.71;8926814
3.73;3.743;3.643;3.65;7236853
3.69;3.69;3.592;3.625;3235380
3.601;3.685;3.505;3.656;7058814
3.69;3.725;3.546;3.572;5813278
3.618;3.637;3.496;3.496;4795642
3.47;3.5;3.261;3.372;12699392
3.32;3.43;3.29;3.33;7651976
3.305;3.39;3.28;3.355;5976652
3.34;3.371;3.277;3.311;5411559
3.399;3.4;3.308;3.314;5912084
3.35;3.41;3.286;3.37;5217152
3.351;3.499;3.331;3.499;7969338
3.53;3.578;3.494;3.539;7331000
3.53;3.596;3.481;3.5;8513728
3.529;3.529;3.305;3.32;9286775
3.258;3.291;3.162;3.211;11339796
3.25;3.299;3.061;3.15;10231493
3.1;3.285;3.061;3.262;10075023
3.34;3.388;3.257;3.3;8344963
3.315;3.319;3.191;3.231;6537043
3.255;3.273;3.102;3.168;6100855
3.191;3.214;3.061;3.138;5202079
3.154;3.396;3.154;3.361;9595921
3.419;3.47;3.38;3.45;6462165
3.431;3.508;3.331;3.405;6502142
3.335;3.465;3.325;3.434;4680431
3.479;3.639;3.436;3.601;12179183
3.65;3.669;3.53;3.606;7800617
3.574;3.664;3.57;3.627;8615050
3.78;3.82;3.511;3.567;24706040
3.639;3.644;3.531;3.625;8586034
3.63;3.669;3.541;3.59;7065081
3.561;3.59;3.545;3.58;3687720
3.561;3.616;3.544;3.601;4480608
3.6;3.684;3.577;3.655;6619765
3.669;3.694;3.654;3.674;5492877
3.69;3.69;3.561;3.608;6667496
3.591;3.609;3.5;3.58;5695730
3.56;3.653;3.554;3.653;5237240
3.629;3.66;3.592;3.612;3273998
3.62;3.639;3.582;3.613;5324472
3.613;3.664;3.587;3.634;4652145
3.645;3.765;3.631;3.741;10300480
3.784;3.88;3.766;3.804;11847215
3.797;3.825;3.722;3.741;4426393
3.75;3.809;3.725;3.77;6620503
3.752;3.769;3.652;3.748;5495719
3.75;3.8;3.71;3.774;5846083
3.77;3.815;3.723;3.77;4800322
3.76;3.917;3.752;3.891;14334553
3.9;3.95;3.874;3.93;6012579
3.95;4.029;3.945;4.01;9898162
4.03;4.08;3.971;3.997;9773256
3.991;4.009;3.906;3.995;6371499
4;4.063;3.981;4.041;5003016
4.027;4.12;4.027;4.083;7391193
4.099;4.155;4.08;4.121;8094293
4.098;4.12;3.911;3.997;8796478
4.039;4.08;4.01;4.065;5620982
4.069;4.119;4.062;4.098;5410235
4.081;4.134;4.072;4.091;5865273
4.101;4.137;4.076;4.09;3943434
4.12;4.145;4.113;4.129;4471425
4.097;4.148;4.01;4.021;4686765
3.937;3.988;3.919;3.933;6014822
4.005;4.039;3.94;3.951;5115362
3.984;3.99;3.83;3.921;5413379
3.906;3.969;3.831;3.85;5047078
3.869;3.877;3.827;3.842;3563937
3.892;4.049;3.875;4.048;7907697
4.1;4.11;3.945;3.945;8236495
3.881;3.909;3.661;3.796;12455973
3.789;3.879;3.741;3.846;5456047
3.884;3.945;3.848;3.908;5563560
3.908;3.94;3.841;3.893;2519605
3.929;3.937;3.673;3.687;5461074
3.657;3.687;3.355;3.587;14946505
3.465;3.748;3.453;3.484;11880613
3.375;3.467;3.17;3.191;16857811
3.699;3.798;3.51;3.781;16668277
3.711;3.776;3.61;3.75;7930891
3.852;4.04;3.79;4;17508768
4.015;4.049;3.931;3.97;5077856
3.92;3.931;3.68;3.757;11634410
3.65;3.88;3.612;3.838;8079064
3.873;3.898;3.801;3.816;6648924
3.66;3.777;3.592;3.608;6975628
3.65;3.708;3.372;3.544;9818025
3.509;3.579;3.384;3.564;8811725
3.645;3.65;3.49;3.499;6049551
3.399;3.4;3.25;3.279;9163514
3.404;3.488;3.356;3.414;6015296
3.45;3.617;3.418;3.591;6936312
3.639;3.668;3.574;3.604;5325104
3.595;3.642;3.551;3.611;2439914
3.598;3.639;3.43;3.614;6192604
3.564;3.649;3.527;3.649;4746588
3.7;3.798;3.699;3.715;5050741
3.749;3.77;3.48;3.511;6777685
3.434;3.524;3.382;3.472;4915650
3.499;3.53;3.372;3.431;5198252
3.47;3.568;3.413;3.551;5129158
3.525;3.665;3.471;3.642;6187453
3.653;3.717;3.583;3.605;6924739
3.67;3.698;3.621;3.676;4720833
3.651;3.739;3.601;3.739;4422663
3.75;3.769;3.672;3.687;4552275
3.674;3.816;3.663;3.791;8808311
3.8;3.906;3.758;3.906;5378653
3.939;3.968;3.851;3.875;3770576
3.822;3.846;3.751;3.806;4777849
3.75;3.798;3.683;3.717;4367749
3.723;3.75;3.612;3.631;3792014
3.659;3.749;3.621;3.635;3759711
3.659;3.709;3.607;3.66;2736183
3.631;3.636;3.52;3.531;3136158
3.541;3.669;3.514;3.619;4863106
3.55;3.56;3.411;3.419;5912092
3.449;3.483;3.381;3.423;4623780
3.439;3.439;3.315;3.321;2851812
3.349;3.488;3.339;3.424;3566444
3.421;3.627;3.362;3.599;7845357
3.639;3.779;3.621;3.73;8148928
3.764;3.818;3.751;3.798;4607919
3.683;3.8;3.677;3.758;4366285
3.751;3.815;3.735;3.808;3421183
3.816;3.818;3.732;3.778;4373164
3.762;3.84;3.722;3.767;4950225
3.767;3.788;3.629;3.629;3591564
3.601;3.644;3.569;3.569;3246217
3.579;3.676;3.526;3.676;3536149
3.7;3.745;3.671;3.733;3685293
3.701;3.819;3.68;3.815;4338992
3.813;3.849;3.78;3.819;3905562
3.853;3.9;3.83;3.899;4136863
3.9;4.067;3.899;4.048;11242105
4.06;4.175;4.052;4.171;8240169
4.17;4.216;4.081;4.109;6669803
4.072;4.146;4.021;4.102;4176551
4.149;4.296;4.128;4.296;5987763
4.3;4.348;4.252;4.285;4621641
4.281;4.341;4.181;4.341;5928265
4.338;4.37;4.265;4.29;5713428
4.399;4.469;4.357;4.408;14702281
4.47;4.49;4.422;4.473;4571003
4.452;4.47;4.351;4.405;4242745
4.381;4.392;4.205;4.211;4210450
4.198;4.293;4.158;4.23;4990993
4.269;4.359;4.231;4.357;4587875
4.361;4.399;4.274;4.369;3035851
4.389;4.399;4.351;4.397;2488880
4.381;4.413;4.351;4.373;3066047
4.388;4.41;4.28;4.28;3476220
4.263;4.299;4.111;4.112;4404224
4.121;4.366;4.116;4.33;4634427
4.32;4.322;4.175;4.249;2989055
4.25;4.327;4.124;4.215;4594313
4.309;4.348;4.271;4.342;3558726
4.31;4.328;4.231;4.315;3377210
4.328;4.339;4.28;4.3;1296190
4.24;4.3;4.177;4.3;3271224
4.31;4.436;4.262;4.436;4709186
4.39;4.433;4.374;4.406;5409822
4.401;4.449;4.372;4.422;5212529
4.53;4.744;4.53;4.684;17592359
4.672;4.675;4.526;4.561;6231035
4.52;4.711;4.483;4.711;7889316
4.711;4.77;4.673;4.749;9609789
4.741;4.808;4.701;4.782;7513292
4.838;4.9;4.809;4.818;7066742
4.812;4.815;4.683;4.718;7213720
4.731;4.735;4.621;4.638;9731319
4.64;4.66;4.512;4.56;10912800
4.639;4.669;4.555;4.63;39236067
4.591;4.617;4.502;4.564;8924287
4.527;4.534;4.35;4.35;13202799
4.35;4.455;4.333;4.382;8846925
4.399;4.425;4.205;4.233;9312075
4.181;4.366;4.165;4.354;6789982
4.352;4.38;4.306;4.335;3767936
4.331;4.41;4.271;4.364;4045674
4.372;4.417;4.28;4.3;3884879
4.273;4.322;4.2;4.2;5196753
4.206;4.265;4.153;4.217;4144679
4.22;4.29;4.157;4.253;4253282
4.249;4.391;4.223;4.379;4532973
4.399;4.428;4.321;4.337;4653794
4.328;4.349;4.221;4.228;5874123
4.257;4.334;4.211;4.32;4422565
4.34;4.419;4.32;4.356;4551068
4.32;4.326;4.243;4.282;3323000
4.302;4.358;4.265;4.35;2899645
4.35;4.44;4.303;4.345;5259074
4.339;4.389;4.315;4.359;4133089
4.331;4.408;4.318;4.395;2032890
4.399;4.542;4.391;4.506;7571945
4.459;4.61;4.45;4.549;5285877
4.53;4.567;4.502;4.525;2475592
4.511;4.546;4.492;4.526;2209335
4.539;4.54;4.406;4.443;3440805
4.44;4.46;4.4;4.411;3421931
4.391;4.476;4.353;4.464;3872391
4.488;4.488;4.377;4.4;2710508
4.391;4.444;4.35;4.407;2541457
4.44;4.447;4.34;4.37;2076187
4.361;4.405;4.323;4.355;2900623
4.399;4.415;4.342;4.382;3171244
4.427;4.49;4.414;4.444;4045827
4.5;4.535;4.4;4.423;4187425
4.425;4.485;4.408;4.414;3244660
4.411;4.487;4.411;4.479;2716070
4.36;4.36;3.907;3.931;29338166
3.994;3.995;3.875;3.966;8440579
3.905;4.087;3.861;4.005;7637198
4.079;4.079;3.988;4.071;4261977
4.049;4.049;3.851;3.882;7148346
3.879;3.929;3.835;3.85;5816736
3.895;3.91;3.831;3.845;5185933
3.85;3.857;3.727;3.795;6835623
3.85;3.878;3.692;3.725;5635952
3.69;3.7;3.601;3.623;5286976
3.63;3.658;3.535;3.58;9819819
3.601;3.727;3.579;3.712;6790071
3.697;3.697;3.58;3.646;5809785
3.66;3.719;3.502;3.518;7010073
3.501;3.515;3.351;3.393;9405137
3.449;3.6;3.414;3.6;7274397
3.628;3.717;3.532;3.699;8280863
3.718;3.719;3.636;3.708;5447239
3.71;3.714;3.66;3.693;2244926
3.704;3.722;3.651;3.676;3464230
3.664;3.72;3.64;3.705;3652358
3.718;3.789;3.707;3.763;4467241
3.779;3.779;3.702;3.767;3283570
3.79;3.814;3.766;3.775;3363701
3.771;3.779;3.708;3.73;3482175
3.721;3.725;3.631;3.663;3574203
3.656;3.667;3.602;3.602;3780055
3.621;3.64;3.545;3.551;3834169
3.551;3.628;3.531;3.589;2218223
3.61;3.648;3.602;3.632;1962733
3.63;3.674;3.626;3.649;2048009
3.65;3.657;3.617;3.623;1103421
3.621;3.63;3.589;3.589;635000
3.59;3.609;3.521;3.544;2079772
3.548;3.57;3.52;3.521;1710016
3.529;3.56;3.517;3.517;1300195
3.517;3.55;3.501;3.501;1798385
3.518;3.538;3.5;3.5;1017118
3.562;3.624;3.544;3.615;2485011
3.633;3.696;3.6;3.689;3530480
3.698;3.717;3.611;3.711;3364909
3.725;3.756;3.666;3.671;3923600
3.683;3.689;3.607;3.616;2869368
3.607;3.611;3.514;3.554;4185906
3.569;3.625;3.551;3.607;3080621
3.609;3.766;3.606;3.766;6093577
3.769;3.884;3.751;3.884;8062452
3.875;3.94;3.803;3.899;5708026
3.89;3.917;3.851;3.887;1961548
3.89;3.963;3.885;3.949;3673048
3.96;4;3.918;3.918;4506520
3.902;3.981;3.852;3.874;4684530
3.9;3.998;3.873;3.917;6137553
3.953;3.972;3.871;3.954;3647348
3.951;3.965;3.87;3.898;3837997
3.896;3.934;3.81;3.815;5636588
3.82;3.947;3.802;3.911;5573805
3.911;3.98;3.875;3.898;4055286
3.85;3.918;3.802;3.877;4662014
3.899;3.96;3.861;3.945;4622969
3.959;3.996;3.945;3.958;5314171
3.953;3.975;3.904;3.935;3137452
3.942;3.97;3.922;3.948;3556992
3.951;4.044;3.946;4.027;6100051
4.03;4.105;4.005;4.105;7909753
4.107;4.13;4.071;4.075;4399434
4.071;4.086;3.901;3.952;8334868
3.95;3.971;3.895;3.94;5799339
3.989;3.998;3.921;3.928;5107328
3.926;4.018;3.922;4.018;4761379
4.019;4.17;4.01;4.161;9730054
4.177;4.22;4.115;4.137;6472149
4.137;4.165;4.074;4.134;3944061
4.155;4.193;4.086;4.096;6458557
4.09;4.146;3.96;4.127;8444630
4.341;4.389;4.235;4.304;19530870
4.299;4.355;4.234;4.26;9274920
4.276;4.343;4.241;4.278;5796814
4.27;4.328;4.224;4.319;7479449
4.33;4.36;4.241;4.258;7997573
4.2;4.25;4.154;4.247;7350340
4.268;4.319;4.186;4.241;6769132
4.249;4.307;4.17;4.18;6143843
4.17;4.251;4.14;4.164;7174188
4.189;4.219;4.15;4.219;5401456
4.225;4.235;4.144;4.15;6085989
4.128;4.144;4.1;4.129;5170258
4.069;4.135;4.061;4.099;5302508
4.05;4.219;4.031;4.163;9251373
4.066;4.12;3.891;3.99;14854350
3.99;4.028;3.85;3.874;10553146
3.862;3.945;3.853;3.913;8542320
3.97;4.053;3.937;4.011;10542341
4.065;4.123;4.06;4.106;5060283
4.112;4.159;4.048;4.085;6698128
4.07;4.125;4.04;4.108;5520091
4.081;4.165;4.057;4.143;6219373
4.159;4.159;4.096;4.108;5023678
4.102;4.159;4.088;4.153;4069473
4.166;4.166;4.062;4.08;4769805
4.1;4.121;4.052;4.068;4671096
4.07;4.083;3.991;3.991;6115350
4.03;4.098;4.005;4.087;5386085
4.081;4.099;4.039;4.049;3796450
4.065;4.066;4.002;4.05;3181138
4.06;4.15;3.997;4.149;5966349
4.138;4.2;4.11;4.165;8736210
4.186;4.218;4.132;4.157;3822183
4.141;4.183;4.111;4.131;3208601
4.105;4.111;4.052;4.084;5500438
4.123;4.166;4.075;4.141;5605362
4.129;4.129;4.001;4.029;5729561
4.01;4.019;3.92;3.962;6743860
3.98;3.99;3.798;3.81;10108525
3.828;3.837;3.705;3.8;9038114
3.83;3.851;3.783;3.794;6462013
3.829;3.87;3.787;3.8;5067204
3.828;3.847;3.789;3.815;4867214
3.82;3.889;3.783;3.868;5410068
3.889;3.919;3.868;3.89;5556160
3.891;3.918;3.873;3.882;3885408
3.919;3.94;3.891;3.922;3000784
3.948;3.948;3.892;3.924;5324943
3.915;3.958;3.891;3.899;5895542
3.901;3.915;3.801;3.81;7817902
3.812;3.942;3.772;3.905;8995171
3.891;3.896;3.801;3.815;8620765
3.829;3.899;3.801;3.865;6139419
3.871;3.928;3.86;3.904;5413695
3.904;3.989;3.901;3.911;10483168
3.939;3.944;3.826;3.833;8298823
3.777;3.809;3.731;3.802;7057135
3.781;3.845;3.762;3.766;5196956
3.84;3.849;3.771;3.801;6259162
3.808;3.903;3.782;3.842;7569697
3.842;3.9;3.842;3.85;9344873
3.8;3.818;3.747;3.758;6162146
3.76;3.768;3.693;3.7;8730669
3.68;3.807;3.672;3.79;7604870
3.81;3.884;3.786;3.825;6516590
3.864;3.919;3.839;3.865;6593742
3.865;3.882;3.828;3.84;2159981
3.88;3.915;3.878;3.908;6983197
3.928;3.936;3.857;3.87;6873215
3.616;3.664;3.582;3.605;7099013
3.621;3.637;3.541;3.623;6735433
3.623;3.623;3.56;3.585;6102602
3.588;3.632;3.574;3.579;4845107
3.579;3.593;3.501;3.505;5995343
3.503;3.541;3.464;3.514;6728844
3.527;3.539;3.466;3.47;5100782
3.47;3.506;3.461;3.466;1644957
3.5;3.554;3.492;3.535;4215880
3.52;3.522;3.463;3.5;5799737
3.461;3.506;3.42;3.499;9020838
3.485;3.559;3.461;3.554;8542505
3.521;3.524;3.455;3.5;5301156
3.516;3.547;3.503;3.54;7220412
3.55;3.553;3.502;3.504;5850012
3.5;3.5;3.361;3.383;6895154
3.454;3.458;3.235;3.259;20146238
3.269;3.314;3.233;3.262;7370612
3.285;3.333;3.258;3.319;6472727
3.343;3.403;3.322;3.354;6951947
3.383;3.461;3.37;3.46;6995339
3.473;3.586;3.457;3.585;9042861
3.596;3.598;3.514;3.573;4438534
3.57;3.599;3.533;3.536;5247767
3.521;3.528;3.391;3.412;7170685
3.43;3.499;3.381;3.407;5659517
3.423;3.479;3.305;3.323;7233738
3.321;3.362;3.238;3.256;10870497
3.22;3.325;3.094;3.325;18208725
3.3;3.357;3.213;3.271;9403981
3.231;3.275;3.194;3.231;5918506
3.198;3.2;3.115;3.135;8560712
3.13;3.136;2.99;2.99;8819680
3.02;3.12;3.005;3.089;6889528
3.134;3.21;3.114;3.194;7662950
3.227;3.392;3.136;3.365;12285285
3.45;3.475;3.325;3.363;8054259
3.326;3.339;3.25;3.25;5974376
3.25;3.299;3.182;3.254;5862674
3.225;3.225;3.141;3.163;5126050
3.135;3.211;3.101;3.208;4829515
3.15;3.198;3.122;3.178;5262920
3.299;3.3;3.103;3.109;7417006
3.1;3.147;3.015;3.015;6251485
2.99;3.036;2.905;2.92;9653231
2.972;2.993;2.767;2.767;9945046
2.621;3.147;2.541;3.07;24172431
3;3.172;2.846;2.894;18471174
2.891;3.029;2.85;2.952;17932723
3.04;3.053;2.64;2.683;16539013
2.785;2.905;2.61;2.853;18773694
2.874;3.116;2.781;3.116;8434360
3.169;3.25;3.09;3.114;5575297
3.09;3.106;3;3.063;4913557
3.05;3.215;3;3.082;5655280