38;38.03;36.83;36.83;541752
37.48;37.48;35.52;36.13;1419006
35.1;35.83;34.67;35.33;1430838
35.33;36.45;35.17;36.33;1062270
36.83;37.17;35.7;36.67;1075878
37.33;39;36.83;38.22;1420860
38.22;38.67;37.87;38;1340556
37.75;38.87;37.75;38.5;1012506
38.42;40;38.2;39.25;1041822
39.35;40.75;39.35;40.33;1002162
40.75;40.83;39.23;39.92;593754
39.92;40.25;39.12;39.18;685752
39.17;39.38;38.37;38.77;821748
38.67;38.78;38;38.35;883356
38.08;39.17;37.95;38.65;556122
38.5;38.83;38.17;38.7;888804
38.8;39.17;38.17;38.5;852954
38.58;39.17;38.1;38.42;931566
37.92;39.1;37.02;38.37;3588600
38.05;38.67;36.17;36.67;2078664
36.12;36.77;35.88;35.98;1377450
36.33;36.97;35.87;36.07;831780
36.33;36.33;35.28;35.85;1915902
35.87;37.33;35.87;36.92;2145132
37.33;37.98;36.52;36.92;1129008
37.25;38;37;37.67;611796
37.5;38.07;37.17;37.83;879060
37.25;37.37;34.83;34.83;1852110
34.83;35.15;33.5;34.73;1405530
34.22;34.97;33.23;33.5;751476
33.5;34.32;33.17;33.95;524766
35.98;37.5;35.43;36.02;2470854
37.25;37.28;36.18;36.37;1135224
36.67;36.67;35.67;36.2;416928
36.2;36.67;35.52;36.17;541728
36.17;36.17;35.08;35.63;393054
35.83;36.15;34.85;35.63;688554
36.5;36.97;35.83;36.53;941622
37.67;37.67;36.05;36.83;1104558
36.67;36.67;34.83;36.18;2375640
36.33;36.67;34.9;35.78;934950
36.47;37.27;35.53;35.68;977610
35.92;38.33;35.87;36.42;1068630
36.43;38.63;36.37;38.25;2406222
37.83;39.67;37.83;39.17;1145748
38.83;38.97;38.23;38.23;608112
37.37;37.77;35.93;36;1361334
35.93;35.97;34.2;34.5;1446174
35.28;35.28;34.08;34.63;692952
35.12;35.12;33.4;34.35;1106736
35.2;35.92;34.67;34.83;842550
36.05;37;35.4;36.5;1582152
35.75;36.83;35.75;36.42;724308
36.75;39.5;36.75;38.5;1848366
39.5;39.93;38.53;39.08;1125714
39;39.78;38.38;38.5;285522
38.5;38.83;37.6;38.35;536484
38.67;38.73;37.6;37.7;657744
37.68;38;37.25;37.3;656100
37.5;37.9;36.73;37.4;795186
37.5;37.67;36.32;37.42;1081164
36.7;37.38;36.62;37.17;764340
37.17;37.33;36.87;37.13;323442
37.67;37.67;37;37.13;895626
37.33;37.8;36.92;37.67;531726
38.13;38.63;37.03;38.33;574548
38.92;39.67;38.92;39.33;1115082
39.55;39.55;36.67;37.47;596628
37.83;39;36.82;37.43;417690
36.87;40;36.6;40;1059312
38.92;39.17;38.08;38.5;528330
38.67;39.43;38.33;38.33;441294
37.83;39.15;37.18;37.87;552912
37.17;39.13;37.17;38.63;844062
38.67;38.85;37.72;37.72;652074
36.67;37.47;36.52;37.47;950610
37.67;38;36.62;37.4;752850
37.98;38.12;36.35;36.58;644928
37;37.9;36;37.43;513360
37.83;38.33;36.67;38;579636
39.17;39.33;37.17;37.83;2047770
38.42;38.42;36.83;37.17;416286
37.5;38.33;37.2;37.93;625776
38.28;38.67;37.67;38.48;910230
38.67;38.75;37.53;37.67;1197972
38.13;38.13;36.87;37.67;330660
37.5;37.83;36.67;37.72;494616
37.75;38;37.4;37.78;166020
37.83;38.3;37.2;37.83;556254
37.83;39.32;37.68;38.92;1080642
38.02;38.67;37.83;38.33;620820
37.93;38.33;37.35;37.92;250896
38;38.58;37.52;38;449238
38.32;38.65;37.17;38.33;673590
38.65;38.65;37.52;37.97;262398
38.33;38.33;37.2;37.3;601860
37.33;38;36.68;37.22;577224
37.22;38.17;37.08;37.4;407748
37.67;38.08;37;37.27;1274238
37;37.02;36.08;36.5;727758
37.02;37.83;36.75;36.83;571602
37.8;37.8;36.83;36.92;242082
37.33;37.33;36.6;36.87;1270476
36.5;37.32;36.17;36.93;1305390
36.67;37;36.03;36.67;762576
36.67;37.58;36.52;36.93;430404
37.2;37.67;36.17;37.15;611202
37.33;37.97;37.32;37.32;615768
37.35;37.87;36.75;37.38;646938
37.5;37.87;37.38;37.7;486354
37.68;38.13;37.52;37.68;638328
37.33;37.93;37.25;37.8;280356
37.38;37.92;37.18;37.37;826938
37.37;37.98;36.92;37.62;394662
37.5;38.77;37.5;38.77;810102
39;39;38;38.13;545778
38;38.68;37.85;38.42;366588
38.42;38.77;38;38.15;812238
37.97;38.17;36.33;36.7;1958466
37;37.13;36.67;36.67;387222
36.48;36.83;35.17;35.6;1137960
34.67;36.47;34.67;36.07;614886
36.17;36.4;35.28;36.08;557892
36.17;37.5;36.08;37.05;984756
36.22;37;34.67;35.13;2028972
35.03;35.98;35.03;35.03;859518
35.72;37.6;34.92;37;841578
37.48;37.75;37.17;37.38;307602
37.78;38.25;37.47;38.23;839346
38.33;38.62;38;38.48;808110
35.83;38.83;35.83;38.37;599130
37.67;38.83;37.4;37.4;722046
37.98;38.57;37.5;38.33;734310
38.17;38.92;37.67;37.83;480192
37.83;38.32;36.88;37.4;391122
37.35;37.77;36.8;37.65;821208
37.5;38.47;37.35;38.33;775536
37.87;38.33;37;37.77;646614
37.98;38.32;37.67;38.13;267918
37.52;38.63;37.5;38.13;595410
38.63;39.55;38;39.47;877896
38.7;39.15;37.35;37.65;1155126
37.67;37.97;36.83;37.35;885990
37.92;37.92;36.83;36.83;726558
37.15;37.48;36.5;36.72;654024
36.67;37.23;35.95;36.57;776616
36.63;36.75;36.2;36.33;266514
36.83;37.63;36.67;36.95;435312
37.17;37.33;36.17;36.35;568980
36.67;37.33;36.35;37.08;365952
36.37;37.32;36.33;37.07;333492
36.68;37.33;36.42;36.87;301002
36.77;37.22;36.52;36.52;430176
36.67;37.25;36.25;36.25;572160
36.33;36.5;36.12;36.12;254250
36.32;36.65;36.17;36.33;174330
36.05;36.33;35.7;35.83;514206
36.25;36.32;35.83;35.88;782496
36.25;36.48;35.92;36.23;345714
36.15;36.3;35.93;36.17;353028
36.15;36.17;35.7;35.88;358548
36.13;36.13;35.33;35.33;522726
35.5;36.08;35.2;35.72;856368
35.87;36.55;35.73;35.87;583542
35.92;37.32;35.92;37.13;652368
37;37;36.17;36.6;1224306
34.43;35.92;34.33;35.33;4110186
35.67;35.95;35.25;35.32;1643190
35.67;35.67;34.55;34.65;1097778
34.65;35.15;34.52;34.63;1286580
34.83;35.75;34.42;35.63;1594134
35.97;35.97;35.17;35.3;1295076
36.02;36.5;35.53;35.67;1857378
36;37.92;35.98;37.33;2708124
37.32;37.35;36.83;37;1037370
37.08;37.08;36.1;36.67;1029660
36.67;37.25;36.42;36.67;686850
36.95;37.12;36.38;36.38;555606
36.83;36.98;36;36.05;331140
36.5;36.78;36.02;36.35;474918
36.02;36.15;34.87;35.33;1200438
35;35.45;34.22;35.1;1383144
35.05;35.45;34.67;35;847116
34.67;35.32;33.75;34.58;788934
33.83;35.3;33.73;34.9;733698
35.72;35.72;34.58;35;639798
34.97;35.15;33.85;34.32;715134
34.17;34.42;33.52;34.02;903336
34.17;34.58;34.15;34.18;671328
34.17;34.67;33.33;33.55;1469844
33.58;35.17;33.58;35.02;1033122
35.45;36.05;35.03;35.17;735690
35;35.67;34.92;35.25;862812
35.28;36.02;35.17;35.73;500886
35.82;36.17;35.37;35.75;587874
35.37;36.62;35.37;36;769020
35.85;36.55;35;35.2;918444
34.72;35.8;34.58;34.58;581490
35.32;35.67;34.52;35.32;686556
34.55;35.05;34.17;34.78;818952
34.88;35;33.93;34.3;637296
34.5;34.5;33.38;33.55;1021716
33.55;34.38;33.55;33.6;751344
34.38;34.77;33.83;33.87;574224
33.88;34.45;33.63;34.07;640566
33.83;34.9;33.83;34.78;488034
35.03;35.5;34.92;34.92;991074
35.08;35.67;34.2;35.67;946182
35;35.5;34.7;35.32;517890
35.17;35.17;34.25;34.63;1286418
34.67;35.27;34.13;35.17;331602
35.33;36.23;35.17;36.17;2266080
36.17;36.5;35.7;36.17;1177104
36.42;36.47;35.98;36.47;802092
36.67;37.15;36.33;36.75;606960
36.83;37.27;36.05;36.62;854982
37;37;36.37;36.67;933000
36.67;38.08;36.37;38;1639812
37.83;38;37.27;37.82;960564
37.65;38.5;37.43;37.77;1480770
37.2;38.28;37.12;37.65;585786
37.03;38.3;37.03;38.02;922314
37.87;38.17;37.55;37.9;507636
38.17;38.17;37.17;37.67;569538
37.67;37.67;37.02;37.23;649194
37.17;37.83;36.87;37.08;434502
37.47;37.98;37.23;37.42;695058
37.22;38.25;37.05;37.83;880206
37.85;38.97;37.85;38.5;968412
38.52;39.12;37.9;38.33;1103256
38.35;39.12;38.17;38.35;626412
38.95;39.45;38.27;39.45;3749298
39.05;40;39.05;39.5;1310538
39.33;39.55;38.72;39.55;738702
39.65;39.83;39;39.33;809154
38.83;38.83;37.45;37.83;856866
37.67;39.5;37.67;39.15;1098738
38.9;40;38.7;39.72;631674
39.2;40.08;38.97;39.58;764664
39.4;40.45;39.38;40.25;974664
39.55;40.17;39.08;39.08;587538
38.75;39.37;38.13;38.13;1347570
38.13;39.18;37.87;39.18;1390626
39.17;41.33;38.83;40.92;2863716
40.35;40.65;39.5;39.6;1076568
39.83;42.25;39.77;41.92;2859216
42.2;42.5;41.35;41.43;2166840
41.25;41.67;40.43;40.67;1762428
40.67;41.07;40.1;40.53;1313166
40.53;40.58;38.68;39;756066
39;40.25;39;40.08;466428
40;40.65;39.8;40.05;449592
40.07;40.67;40.05;40.38;275502
41.17;41.25;39.72;40.05;321342
39.83;40.67;39.33;39.67;882168
39.5;42.33;39.25;41.3;1473318
40.83;43.8;40.83;43.33;2356710
42.67;44.67;42.67;43.73;1994364
43.75;44.32;43.08;43.67;1367364
43.5;43.82;42.93;43.82;1087926
43.35;43.65;42.68;43.65;1008798
43.03;43.48;41.83;42.75;1298376
42.02;44.83;42.02;44.35;1671552
44.15;44.38;42.93;43;1520778
43;43.83;42.23;43.33;1706214
43.13;44.67;43.02;44.5;996360
44.83;47.17;44.42;46.67;3126522
46.67;47.17;45.95;46.23;1586100
46.25;46.33;45.45;46.33;993954
46.37;46.65;45.35;45.35;1564218
45.33;46.32;45.17;46.12;1089450
46.25;46.75;45.5;46.43;1400418
45.92;46.25;44.67;45.17;3289278
44.33;45.95;44.33;45.48;721470
45.85;45.93;45.3;45.67;710064
45.35;45.95;45.03;45.67;1196694
45.75;46.47;45.5;46.17;783594
45.55;45.83;45.23;45.45;861714
45.47;45.65;45.08;45.5;591228
45.32;46.3;45.28;46;1045158
45.67;46.13;45.18;45.47;957378
45.25;45.38;44.77;44.98;625860
45.17;45.67;45.17;45.33;433728
45.67;45.73;44.98;44.98;1105692
45.57;46.15;45;46.15;770886
46.17;46.35;45.33;45.68;707436
45.77;46.67;45.53;46.57;1023108
46.83;46.83;46.03;46.33;717612
46.35;48.1;46.33;47.92;1227510
47.58;50.75;47.58;50.37;4252242
50.15;52.32;50.15;51.45;2642724
51.67;52.93;50.83;52;2162670
51.75;53.55;51.5;51.5;4465134
51.02;51.67;49.7;50;1698294
50.17;50.17;48.97;49.12;2005746
48.92;51.45;48.87;51.33;1391406
51.58;51.65;50.12;51.33;1223688
51.83;51.83;50.83;50.92;845586
50.97;51.33;50.2;50.67;1049040
50.43;52.62;50.35;52.47;1244910
52.5;53.67;52.5;53.17;1235874
53;53.23;51.52;52.33;876492
52.25;52.83;51.05;52.47;570324
51.3;51.83;49.52;49.83;1999746
49.83;49.92;45.33;47.75;2626662
47.53;47.67;46.15;47.15;1335366
47;48.15;46.77;47.52;959268
47.55;48.8;46.5;47.47;737310
47.53;48.67;47.53;48.2;793752
47.33;48.63;46.85;47.55;1039728
47.17;47.65;44.17;45.1;1829202
45.75;46.67;45.1;45.68;936336
46.07;46.5;45.75;46.5;715038
46.92;47.45;45.47;47.45;1388514
47.33;47.33;46;46.98;893040
46.67;48.62;46.5;48.62;1219542
48;49.5;46.67;47.83;1664226
48.13;48.25;46.48;47.67;1346820
47.63;47.67;45.83;46.33;874806
46.17;47.03;44.83;45.9;1165158
46.33;47.75;45.67;47.52;1449468
48;49.33;47.2;49.33;1413342
49.47;49.47;48.33;48.63;613674
49.07;50.97;48.68;50.57;1011306
50.83;51.72;50;50.88;927906
50.5;51.65;50.42;51.45;579048
50.35;51.77;50.1;51.72;801972
52.17;52.3;50.07;51.13;1166760
51.75;52;51.03;51.7;1571040
51.42;53.32;51.42;52.35;970152
52.65;52.65;50.75;51.65;1396224
51.55;52.42;51.33;52.1;828822
52.33;52.83;51.65;51.95;1239942
52.17;53.73;52.17;53.73;1590762
53.35;54.33;52.85;52.93;2665824
53;54.07;53;53.65;814260
53.28;53.97;52.45;52.83;890028
53.3;53.3;52.17;52.35;539808
51.87;52.63;51.87;52.32;543282
52.67;53.17;52.33;52.57;490362
52.5;53.25;52.03;52.63;585366
52.32;52.48;51.8;52.32;490842
52.5;52.83;51.85;52.33;887382
52.5;53.97;52.33;53.67;1156014
53.67;53.67;52.53;53.38;1112862
52.85;53.45;52.52;52.9;2227218
52.03;54.33;52.03;54.02;1913640
54.2;56.48;53.85;56.17;3172452
55.68;56.42;55.35;56.1;3026310
55.72;57.67;55.72;57.17;1204104
57.53;58.27;57.18;57.6;1794762
56.92;57.12;55.52;55.52;1329318
55.33;55.75;54.23;54.33;810714
54.35;55.28;53.68;54.92;641886
54.18;55.42;54.08;55.42;485922
55.05;55.5;54.53;55.03;917682
54.85;55.35;54.67;54.87;3726906
54.58;54.87;53.35;54.48;1213968
54.32;54.97;53.58;54.52;1250562
55.17;55.85;54.52;55.85;752652
55.88;56.48;55.67;56;814926
55;55.17;54.27;54.27;6120306
54.67;54.75;53.87;54.45;1199946
54;55.17;54;54.4;1070310
54.17;54.65;53.17;53.23;1481220
53.18;53.78;53;53.47;714774
52.85;53.67;52.35;53.33;2030226
53.33;53.82;52.37;52.37;952542
52.8;52.83;52.1;52.25;575562
52.03;53.58;52.03;52.95;2287920
52.55;52.93;52.38;52.53;1943064
52.83;53.28;52.17;52.45;1465470
52.37;52.82;52.08;52.82;790014
52.03;53.07;52.03;52.83;915570
53;53;52.37;52.43;1325442
52;53.02;52;52.67;770202
52.3;52.92;52.03;52.5;1298922
52.45;53.45;52.45;53.45;1689888
53.85;54.55;53.05;53.8;1756245
53.5;54;53.1;53.85;1409284
53.95;54.25;53.5;53.85;1037577
53.65;54.6;53.5;54.3;857029
54.5;54.5;53.25;53.25;1506732
54;54;52.5;52.7;865677
52.75;53.75;52.75;52.85;831452
52.2;53.4;52.2;53.2;1273133
53.6;53.95;52.75;52.85;3108540
53.6;53.6;52.85;53.1;859450
53.2;53.7;52.7;53.4;470754
53.4;53.9;53.2;53.35;568492
53.7;53.7;52.25;53.1;983805
52.85;53.35;52.15;52.75;1765836
52.7;53;52.35;52.8;595534
52.75;53.35;52.4;52.85;658229
52.85;53.2;52.4;52.6;717379
52.95;52.95;51.9;52.2;597721
52.95;53.6;52.6;53;1991280
53.5;54.3;53.15;54.15;1580154
54.15;54.25;53.65;54;632208
53.75;54;53.5;54;1610947
53.7;54.1;53.2;53.95;939998
54;54.1;53.05;53.7;1019966
53.4;53.8;53.05;53.65;485949
53.65;54.05;53.25;53.55;574702
53.65;53.95;53.25;53.6;366448
53.4;53.95;53.3;53.7;643806
53.25;53.7;52.6;52.7;942796
52.8;53.2;52.25;53.05;811946
53.35;54.6;53.15;54.35;1272745
54.5;55.1;54.5;54.8;820032
54.65;54.9;54.4;54.75;348350
54.5;54.8;54.1;54.35;588122
54.45;54.6;52.15;53;1433401
53;53.4;51.5;51.8;1230789
51.9;52.2;51.05;51.75;814576
51.5;53.15;51.1;52.8;1409771
52.9;53.85;52.3;52.3;2002066
52.8;53.45;52.5;53.1;1629598
52.75;53.4;52.5;53.05;386383
53.3;54.05;53;53.3;652194
53.05;53.7;52.7;53.35;3496043
53;53.1;52.35;52.5;1977775
52.4;52.8;51.9;52.45;937133
52.5;52.5;51.15;51.65;1061208
52.05;52.35;50.75;51.85;1447683
51.55;52.5;51.55;52.05;1132330
52.15;52.7;51.6;51.9;1261427
51.8;52.5;51.4;51.4;1321585
51.35;51.95;49.8;50.65;1393505
51.05;51.2;46;46.91;1536894
43.6;49.59;43.15;47.9;2072390
46.66;47.4;44.6;45;2000903
45.01;45.25;43.14;43.3;1650930
42.32;45.4;42.21;45.18;1713315
44.6;44.9;43.6;44.4;3138914
44.44;44.79;43.45;43.7;1714568
43.03;43.99;38.65;39.95;2121082
38.2;39.91;35.4;38.5;3190635
38.5;41.48;38.5;41;1641861
41;41.7;40.15;41.31;1131139
40.42;41.89;39.11;40;1932726
39.15;39.85;37.51;39.11;1639507
39.64;41.5;39.64;40.9;1551261
41.47;41.86;40.4;41.7;1081522
41.46;42.45;40.12;42.25;1055256
42.25;42.78;41.11;42.18;985273
43.1;43.9;42.7;43.2;1258625
42.43;42.99;41.15;41.28;1795947
41.1;41.63;40;41.56;827465
42;42.36;41.16;41.57;1620115
41.13;43.67;41.04;43.67;1169639
43.67;46.09;43.55;44.88;2151956
45.5;46;45.05;45.12;1345414
45.25;45.6;43.85;44.1;1174408
44.11;45.3;44.1;44.97;766728
45.39;46.89;45.1;46.89;1455517
45.6;46.8;45.33;46.7;1047381
46.1;46.69;44.9;45.55;1465246
45.93;46.87;44.86;46.18;686517
46.9;47.74;46.54;47.12;1104207
47.1;47.6;45.91;46.93;1539774
46.93;47.2;44.82;45.44;1723244
45.12;46.47;44.66;46.2;1233716
46;46.76;45.9;46.3;718980
45.51;45.61;44.51;44.62;1198578
45.1;46.2;44.85;45.15;935641
45.15;45.25;44.15;45.2;767412
45.2;45.5;44.55;44.86;639885
44.52;46.1;44.52;46.03;536621
46.1;46.7;45.72;45.9;524835
45.9;46.82;45.1;46.75;976657
46.5;47.99;46.4;47.2;1322476
46.99;48.2;46.85;47.7;871071
47.7;48.2;46.82;47.1;672244
47.02;48.9;47.02;48.9;705541
48.85;49.87;48.62;49.4;1034053
50;50.7;48.6;49.46;1705176
49.59;50.3;49.2;49.92;1242607
50;51.1;50;50.5;814079
50.5;50.5;49.2;49.69;1032358
49.9;50.3;48.85;49.2;855607
49.88;49.88;49.01;49.49;569943
49.75;50;48.78;49.6;663544
50.2;50.55;49.6;49.81;911149
50.1;50.5;49.6;49.77;868879
49.63;50.4;48.41;48.41;902253
48.41;49;47.61;47.61;1544604
48;48.6;46.82;47.28;1614257
46.53;47.57;46.53;47.1;1034259
47.1;47.1;46.69;47.1;1506165
47.14;47.45;45.38;46.7;1339523
47.23;47.88;46.7;47.38;963557
47.4;48;47.09;47.25;883674
46.8;47.2;46.42;46.42;673573
46.2;47.23;45.72;46.6;738676
47.06;47.06;45.28;45.63;921909
46.1;46.1;44.63;45.08;1288382
45.14;46.1;44.06;44.32;856525
44.93;45.88;44;45.4;538594
45.38;46.85;45.01;46.05;989242
46.1;46.9;45.65;46.01;883906
45.7;46.46;45.53;45.63;820133
45.9;47.4;45.66;47;1045347
47.05;47.06;46.29;46.92;153929
46.23;47.88;46.23;47.79;551677
47.75;48.4;47.31;47.75;552010
47.25;48;47.07;47.43;452385
47.1;47.86;47.05;47.5;1157916
48;48.15;46.93;46.96;1118156
47;47.4;46.51;46.8;1145305
46.5;47.21;46.06;46.6;989026
46.25;46.8;45.43;45.75;1527092
45.6;45.84;44.71;44.9;1162350
45.08;45.7;44.3;45.4;990001
45;45.6;44.32;44.67;1310839
44.28;45.47;44.28;45.25;1024562
45.25;45.25;44.3;44.3;1075813
44.29;45.47;44.29;44.53;1500502
44.47;44.47;43.75;43.95;1310717
43.42;44.2;43.42;43.95;1490182
44;45.3;43.8;44.91;2088863
44.45;45.2;44.45;44.93;912545
44.95;45.2;44.52;44.74;1083298
44.97;45.1;44.34;45;944785
44.8;45.92;44.51;45.55;1265537
45.4;46.47;45.2;45.85;1300471
45.2;45.67;45.08;45.2;1086580
45.39;46.15;45.22;45.83;904385
46.28;46.78;46;46.15;1289135
46.6;46.6;45.28;45.54;1033140
45.05;45.49;44.12;44.61;1138563
44.25;44.84;43.5;44.1;1256709
43.75;44.3;43.5;44.2;1162411
44;45.29;43.99;45.2;1138465
45.1;45.88;45;45.36;983872
45.5;46.09;45.5;45.91;1219167
46.6;47.38;46.6;47.05;2047420
47.1;48.7;46.5;48.6;2052352
48.2;48.67;47.15;47.51;1503411
47.5;47.6;47.02;47.3;673896
47;47.3;46.41;46.5;1508267
46.15;47.12;46.11;47;1254987
47.71;48.64;47.49;48.6;1499990
48.1;48.49;47.96;48.1;947761
48.05;48.69;48.05;48.5;927070
48.6;49.87;48.6;49.1;1740594
49.5;50.3;49.31;50.2;1500849
50.2;50.3;49.56;50.3;938931
50.25;50.9;50.05;50.6;906069
51;51.8;50.85;51.25;1198462
51.25;52.25;51.05;52.15;1892883
52;52.3;51.15;51.3;1040461
52.2;52.55;51.6;51.6;974842
51.95;52.35;51.35;52.05;769289
52.05;52.95;52;52.45;1234655
52.2;52.8;52.15;52.45;1074366
52.45;53.55;52.2;52.35;1508846
52.4;53.35;52.4;53.25;942189
53.05;54.8;53.05;54.3;1570282
54.35;55.3;54.35;54.6;900937
54.6;55.65;54.6;55.55;1416285
55.15;55.35;54.4;55;1455538
54.35;55.6;54.35;55.35;859584
55.9;56.15;55.45;56;1062968
56.5;56.5;55.25;55.8;1003233
55.9;57.1;55.4;56.5;1055535
56.5;56.95;55.65;56;1414908
56.45;57;56.1;56.6;1890226
56.7;58.15;55.7;55.9;2462706
55.3;56.3;55.3;55.5;1912721
55.75;55.75;53.7;54;2137102
54;54.7;53.7;54.25;924928
53.55;54.9;53.4;53.85;679007
53.6;54.5;52.75;52.95;1036552
52.95;53.8;52.4;53.2;997646
52.7;54.55;52.7;53.9;1098937
53.35;54.75;53.35;54.1;899501
54.4;54.85;54.25;54.55;608082
54.35;55.85;54.35;55.5;942984
56;56.45;55.2;55.35;716545
54.65;56.25;54.65;55.7;904522
55.3;56;55.3;55.65;655470
55.4;56;55.3;55.5;712892
55.6;56;55.15;55.5;1000417
55.85;55.85;54.7;54.85;834801
55.15;55.6;53.4;53.6;1584484
54.4;54.4;53.1;53.5;722581
53.5;55.15;52.6;54.95;1493287
54.65;55.6;54.35;55.2;1961746
56.05;56.5;55.55;56.2;897765
56.2;58.1;56.1;57.9;3626756
57.7;58.15;57.4;58;776775
57.85;58.85;56.9;58.1;1498526
58.45;59.3;58.3;58.65;1169590
58.95;59.45;58.55;59.35;714598
58.7;59.4;58.1;58.45;965298
58.35;59.6;58.2;59.3;621625
59.3;60.7;58.7;60.3;1388790
60.7;60.8;59.8;59.8;2463261
59.8;60.25;58.45;58.55;1762266
59.05;60.2;58.7;59.7;950814
60.25;60.25;59.05;59.65;302665
59.8;60.1;59.15;59.8;1080553
58.3;59.65;57.95;59;1122987
59.6;60;58.9;59.25;1394354
59.35;59.95;58.45;59.8;2026753
59.2;60.3;59.2;59.7;485187
59.9;60.3;58.1;59.1;1814400
58.7;58.95;57.25;57.95;1748887
57.65;57.9;57.1;57.3;849130
56.85;57.75;56.5;56.5;1171939
56.35;57.85;56.3;56.45;701942
56.1;56.5;55.2;56.15;829788
56.2;56.35;55.5;55.75;1319820
55.75;56.25;55.05;55.75;765749
55.7;55.8;54.25;54.95;1130313
55.45;55.65;54.5;55;705383
55;56.9;54.7;56.5;757037
56.35;56.9;55.05;55.25;582412
55.3;55.9;53.45;54.5;871517
53.2;54.05;52.1;52.6;1987442
53;53.95;52.7;53.3;892234
54.5;54.5;53.25;53.85;592186
53;54.35;53;54.1;946443
53.5;54;52.25;52.8;1151607
52.4;53.9;51.2;52.95;1457708
53;53.75;50.6;51;2087963
51.95;53.85;51.7;52.7;1258800
51.05;52.35;50.35;51.3;1694052
52.1;52.5;50.8;51.2;1235292
52.25;52.7;51.2;52.55;1348408
51.85;52.5;51;51.2;850051
50.7;51.7;50.15;50.5;801774
50.2;51.4;48.7;49.21;1253156
49.95;50.4;47.12;48;1351916
48.85;50.45;48.5;49.99;949530
49.15;50;47.55;48.11;1542862
48.49;48.98;47.25;47.61;1152158
47.1;47.5;46.76;46.85;1071104
46;46.8;45.5;45.82;811214
47.03;47.34;45;45.65;962370
46.29;46.43;44.2;44.23;760639
45.32;45.32;42.5;43.2;1266740
42.5;44.48;42.3;44;1388423
44.4;46.2;44.2;45.69;1525929
45.8;45.8;43.83;44.26;2188339
44.65;44.65;42.1;42.1;999442
42.1;43;40.8;41.2;1080777
40.18;42.83;40.18;42.65;2140990
44.85;45.67;43.95;45.66;2185794
45.33;47.24;45.01;45.89;1309793
46.92;48.18;46.12;48.15;1839986
49;49;47.2;48.87;1249669
49;49.8;47.2;49.36;1457406
49.61;49.95;47.7;47.97;1126799
47.92;48.6;47.57;48.3;834229
49.03;49.03;45.6;45.6;1179322
45.1;48.3;45;48.23;1138914
48.1;48.1;45.82;46.63;1801147
47.6;47.79;45.6;46.1;980888
46.5;46.9;43.3;44.03;2175303
43.86;44.74;43.63;44.53;895366
44.98;45.9;44.51;45.31;909978
44.31;45.13;44;44.52;810247
45.2;46.52;45;45.73;600186
46.28;46.28;44.55;45.15;633454
45.15;46.9;45.12;46.8;705418
46.59;47;45.75;46.39;911266
46.83;47.9;46.2;46.56;739155
45.7;47.79;45.7;47.53;718852
47.9;48.84;47.17;47.8;751563
47.52;48.73;47.52;47.9;378055
48.1;48.58;47.21;47.84;591930
47.03;47.77;45.8;46.18;4065659
46;46.5;45.55;45.75;702425
45.84;46.62;45.5;45.62;613736
45.5;46.2;45;45.05;527432
45;45.28;42.7;43.09;819752
42.7;43.35;41.8;42.5;1347802
43.5;43.5;41.39;42.06;760708
42.1;42.31;41.1;42.27;1304818
42.32;42.85;41.5;42.61;560452
43.4;44.3;42.66;44.21;592288
44.9;45.33;43.76;44.81;673440
43.75;44.3;42.57;42.66;911884
42.6;43.38;40.8;41.55;770569
41.22;42.37;40.41;40.9;953781
42.02;42.29;40.6;40.92;905089
40.2;40.8;39.51;39.83;1233309
40;40.2;38.85;39.52;942600
39;40.19;38.85;39.26;884885
39;39.7;37.03;37.65;823847
37.19;37.8;36.01;36.37;1094862
35.66;38.24;35.52;36.41;1103459
37.4;39.57;36.97;39.57;2077258
39.82;40.2;38.3;38.45;1248629
37.57;37.95;36.5;37.41;1111093
37.72;37.84;36.61;37.79;1040057
38.66;39.61;38.26;38.5;1178656
38.4;38.8;37.1;37.88;1193962
37.6;38.75;37.23;37.24;979753
36.39;37.16;35.7;36.6;999242
37.3;37.32;34.21;34.92;1023691
35.19;35.4;32.2;33.73;1688869
33.09;36.38;33;36;1528061
36.9;39.89;36.5;39.69;1745163
39.4;40.2;38.12;38.61;984140
39.36;40.5;38.88;40.05;1086297
39.5;41.2;39.1;40;1275837
40.56;43.4;40.56;43;1150815
43.75;44;41.4;42.61;775485
42.67;43.39;42.2;42.64;482151
42.61;44.5;42.61;43.45;1414244
44.7;44.85;40.91;41.05;1310192
42.08;43.45;40.95;42.8;1422638
42.11;43.74;41.5;42.4;1131437
43.75;44.3;42.64;42.64;1219385
43;43.89;40.59;40.91;1533759
41.5;42.58;41.05;41.98;1109768
42.42;43.4;42.05;42.84;1078677
42.8;43;41.52;42.22;643966
42.75;43.77;42.22;42.5;969988
42.51;43.3;41.91;42.94;933891
43.45;43.9;42.98;43.21;756224
43.45;43.95;42.21;42.4;1399107
42.1;42.23;40.55;41.4;2019150
40.85;42.45;40.6;41.87;679383
41.3;42.99;41.29;42.41;1144209
42.78;43.2;42.25;42.91;1015216
43.15;44.42;42.51;43.6;889108
44.5;44.5;43.29;43.61;627655
43.56;44.47;43.56;44.33;464441
43.68;44.48;43.42;44.3;335367
43.75;44.85;43.13;43.3;551520
44.4;45;44.02;44.95;1048999
45.05;46.8;45.05;46.34;1136959
47;47;45.3;45.6;510935
45.55;45.8;44.55;44.76;784837
44.28;45.45;44.12;45.07;5418459
45.21;45.71;43.8;44.45;781839
44.79;45.53;44.15;45.35;970136
45.6;46.1;44.71;45;845984
45.48;45.57;44.02;44.05;645962
44;44.19;43.15;43.65;857926
43.65;44.98;43.2;43.5;1048727
43.5;43.94;42.17;43.1;783823
43.98;43.98;42.35;42.57;652980
42.57;43.56;42.12;43.34;1235817
43.93;43.93;42.93;43.16;741017
42.6;43;41.5;41.67;1330136
41.63;41.66;40.65;40.97;656219
40.5;41.59;40.5;41.17;768139
41.5;41.5;40.37;40.84;981285
40.5;40.7;38.5;39.25;1721093
38.98;40.1;38.2;38.9;1172625
38.8;39.7;38.34;38.95;972292
38.85;39.3;37.86;38.46;1229633
38.7;38.7;37.92;38.4;339511
37.56;38.8;37.56;38;259133
38.45;38.87;37.7;38.39;820354
38.38;39.28;38.25;38.86;437610
39.19;40.45;38.31;40.26;585384
40.41;41.14;39.9;40.21;799170
40.2;41;39.4;40.35;566106
41;41;39.96;40.16;806277
39.65;40.25;39.3;39.6;815138
39.7;40.23;39.13;40.2;2697756
40.2;41;39.75;40.42;737714
40.99;41.25;40.2;40.63;740364
40.55;41;39.86;40.35;854012
40.95;40.95;39;39.37;634520
39.4;40.5;39.2;40.03;832866
39.8;39.88;38.72;38.94;660572
38.57;39.94;38.55;39.2;471254
39.09;39.85;38.72;39.27;913604
39.39;39.39;38.3;38.9;1427941
38.5;39.1;37.54;37.85;795800
37.73;38.3;37.03;37.56;707009
37;37.7;36.58;36.7;965285
36.8;38.25;36.8;37.02;977348
37.23;37.24;36.2;36.48;1435901
36.95;38.48;36.8;37.84;1436481
37.03;39.03;36.84;38.92;1203382
39.5;39.5;38.06;39;853876
38.97;39.34;38.33;38.65;1362698
38.44;39.77;38.01;39.4;673798
39.42;40.21;37.91;38.47;1028386
38.82;38.82;37.3;37.54;619484
37.34;37.61;36.7;37.05;718874
37.85;38.49;37.12;38.15;589901
37.5;37.99;36.9;37.2;982327
36.6;37.69;36.42;37.1;1096012
37.05;38.9;37.05;38.67;1495413
39.2;39.3;39.06;39.27;580882
39.45;39.87;38.65;39.83;826077
39.9;40.35;39.05;39.97;861969
40.24;40.76;39.52;40.26;1165501
39.7;41.27;39.7;41.2;1248297
41.3;41.48;39.8;39.99;1106300
39.5;40.45;39;39.42;1050398
39.74;39.94;38.76;38.9;3520734
39.24;40.2;38.79;40.12;915425
40.25;41.1;40.13;41;1587880
41.2;41.3;40.02;40.47;1189407
40;40.07;37.67;37.89;1687502
37.5;38.5;37.11;37.81;1087593
38.24;38.54;36.95;37.63;908607
37.38;37.5;35.81;35.94;1210828
35.75;36.05;35.21;35.21;531504
35.24;35.99;33.53;34.86;1402332
35;35.14;33.71;33.71;1321783
34.31;36.43;34.16;36.35;1074253
36.84;36.95;35.15;36.5;1638648
35.01;37.8;35.01;37.25;642077
38.07;39.74;37.59;38.68;1408659
39;39.75;37.88;38.53;1172105
38.26;39.32;38.01;38.8;686403
39.01;40.28;39.01;40.01;891434
39.8;39.8;38.21;38.43;861011
38.26;39.35;37.83;39.3;780860
38.87;39.65;37.91;38.15;1134399
37.85;38.45;36.6;36.85;944175
36.65;37.04;35.9;36.98;1056805
36.2;36.5;35.45;35.84;962009
35.65;36.45;34.31;34.7;1500926
35.72;37.8;35.51;37.1;1782212
37.86;39.05;36.99;37.6;1088189
38.25;38.89;37.26;38.1;834433
39.23;40.48;39.05;40;1406612
39.86;39.99;37.88;38.63;1934873
37.8;38.25;36.56;37.9;2575590
37.83;37.83;36.68;37;1528359
37.45;38.6;37.18;37.39;1345735
37.5;38.57;37.15;38.35;960669
39.1;39.63;38.59;39.1;1095204
40.13;40.27;38.88;38.95;1044825
38.95;40.25;38.8;39.82;706131
39.52;40.32;39.24;40.26;619344
40.75;41.92;40.68;41.69;1127878
41.06;41.5;40.21;40.79;1154745
40.42;40.79;39.3;39.74;1126665
39.65;41.17;39.6;40.94;879888
41.5;42.1;40.92;41.24;1216160
41.7;42.18;41.29;41.94;1119514
41.96;42.25;41.23;42.2;819737
42.5;43.25;42.48;42.75;596208
42.75;43.6;42.3;43.3;985179
43.3;43.5;42.22;42.45;1007850
42.4;42.49;40.81;41.42;1198670
41.18;42.17;40.9;41.76;695542
42.48;42.48;40.85;41.96;749329
41.61;41.99;40.5;41.21;926528
40.75;42.2;40.75;41.85;1306059
41.67;41.89;40.37;40.98;1346397
41.4;41.4;39.95;40.45;1363546
40;40.31;38.49;38.6;971922
38.71;39.7;38.49;39.07;1103898
38.45;39.45;37.94;38.19;2714193
38.43;39.34;38.4;39.27;1379633
39.5;39.5;37.61;38.24;1145518
38.19;38.49;37.7;37.79;348916
37.7;38.25;36.4;38.25;2136235
38.5;39;36.7;37.7;3905621
37.41;38.4;37.41;37.93;1179917
37.68;38.85;37.5;38.85;2389959
38.99;39.95;38.99;39.95;2319098
39.35;39.54;38.62;39.54;3378182
38;38.37;37.5;38.23;1628880
38.52;38.65;37.26;37.88;2008287
38.17;38.99;38.17;38.99;1120187
38.94;39.1;38.3;38.49;902123
38.49;39.31;38.13;38.3;1934538
38.87;39.41;38.5;38.79;1467506
39.06;40.75;39.01;40.45;1724717
40.5;40.6;39.75;40.29;1129900
39.95;41.07;39.6;40.91;1178025
41.73;42.41;40.99;41.27;1447309
41.6;41.96;40.69;41.6;1005868
41.6;41.92;40.67;41;1396776
40.8;41.38;40.71;40.85;1361468
40.7;40.78;39.76;39.9;1838058
39.75;40.25;39.6;39.95;1690281
40.45;40.9;40;40.29;1309731
39.76;41.24;39.76;40.86;2071098
41.2;41.85;41.1;41.35;1536337
41.15;42.6;41.15;42.3;1728911
42.34;42.45;40.16;40.39;1474808
41.14;41.49;40.97;41.22;1138670
41.84;42.53;41;41.52;1398279
41.72;41.72;41.21;41.29;1114648
41.6;42.61;41.32;42.57;1365025
42.41;42.57;41.81;42.01;1122714
42.11;42.6;41.62;41.88;1435215
41.65;42.8;41.65;42.2;1819527
42.16;43.17;41.62;43.17;1114957
43.2;43.5;42.64;43.2;754702
43.26;43.75;43.05;43.6;1074682
43.75;43.85;43.25;43.5;1009224
43.51;43.6;42.14;43.08;814940
43;43.24;41.65;41.94;1471695
42.25;42.4;41;41.35;1260183
41.43;41.85;40.87;41;1269929
41.01;41.45;40.31;40.34;1351058
39.1;39.33;37.87;38.98;5369219
38.65;39.39;38.2;39.34;2568122
39.12;39.68;37.99;38.15;2738516
38.37;38.95;37.85;38.22;2355610
38.2;38.87;38.1;38.6;1814097
38.89;39.36;38.26;39.28;1373334
39.11;39.51;38.47;38.88;1353760
38.99;39.49;38.34;38.67;822394
38.97;39.48;38.75;38.96;1034494
38.68;39.17;38.35;38.88;1128482
39.14;39.14;38.2;38.52;789638
38.39;38.74;38.26;38.49;596006
38.77;38.79;38.2;38.36;508195
38.54;38.82;38.12;38.68;857690
38.9;39.99;38.7;39.43;1497046
39.59;39.89;38.99;39.59;840751
39.75;40.01;39.53;39.88;769443
40.17;40.17;39.67;39.94;636016
40.18;40.85;39.95;40.3;1486457
40.35;40.5;39.07;39.27;1335924
39.6;42;39.6;41.6;2589004
41.5;42.4;41.16;41.8;1646274
41.44;41.65;40.96;41.06;534222
41.41;41.5;40.92;41.1;775413
41.22;41.4;40.6;40.69;2206117
40.91;41.3;40.56;41.03;834366
41.03;42.44;41.01;41.57;2166647
41.88;42.58;41.05;41.27;1000067
41.1;41.5;39.95;40.73;2491897
41.04;41.75;40.75;41.2;1683258
41.12;41.49;39.97;40.44;1902491
40.49;40.74;39.78;40.34;1336532
40.33;40.49;39.8;40.01;840516
40.16;40.4;39.45;39.65;1385901
39.65;39.65;38.62;39.08;1497758
38.78;39.65;38.48;38.77;1567849
38.7;39.41;38.41;38.52;1867539
38.92;39.67;38.73;39.32;1110295
39.52;39.91;39.14;39.8;1222723
40;40.78;39.58;39.65;1609640
39.93;39.93;39.43;39.6;1115949
39.55;39.57;39;39.16;1206040
38.94;38.94;38.01;38.45;1381571
38.6;38.66;37.89;37.95;1532512
38.35;38.35;37.4;37.51;1184138
36.5;36.65;36.12;36.46;4122417
36.47;37.15;36.41;37;2920026
37.19;37.75;36.9;36.99;1663354
37.22;37.39;35.51;36.49;2272876
36;36.65;36;36.46;2296404
36.96;37;35.6;35.93;1744741
36.1;36.85;35.93;36.61;3437479
36.8;37.08;36.21;36.75;1416399
37.18;37.18;36.21;36.5;1058780
36.44;37.3;36.16;36.56;2109383
36.83;37.79;36.66;37.79;1706839
37.89;37.93;36.87;37;1294522
37.23;37.64;36.85;37.16;809862
37.5;37.5;36.46;36.92;1718335
37.08;37.24;36.5;36.61;1883125
36.59;37.41;36.46;36.97;1327713
37.29;37.42;36.71;37.1;1846373
36.6;38.14;36.53;37.41;3049865
37.84;37.98;36.47;37.13;1771397
37.23;37.35;36.55;36.57;1121897
36.42;36.69;36.12;36.37;927110
36.34;36.6;36.1;36.25;883331
36.62;36.75;36.27;36.5;768865
36.72;36.89;36.42;36.71;1015849
37.01;37.1;36.25;36.64;1325654
36.7;37.38;36.31;37.08;1880604
36.9;36.92;36.5;36.9;1143513
37;37.38;36.9;37.28;990266
37.38;37.41;36.52;36.84;2017494
36.65;36.89;36.3;36.52;1109326
36.56;36.92;36.22;36.6;1157540
36.66;37.24;36.66;37.14;912344
37.05;37.3;36.75;36.94;779472
36.75;37.1;36.6;36.99;1206182
37.08;37.54;37;37.15;1486477
37.59;38.89;37.59;38.51;2859317
38.65;39.02;38.33;38.71;1464150
38.3;38.47;37.62;37.76;1401196
37.96;38;37.51;37.51;1446821
37.31;37.59;36.94;37.47;1371506
37.59;38.1;36.8;37.33;1710165
37.25;37.59;36.85;37.45;976775
37.54;37.86;37.3;37.61;1237365
37.95;39.2;37.93;38.8;3374826
38.93;39.95;38.54;39.07;2174011
39.16;39.75;38.95;39.6;1071589
39.6;39.96;38.73;39.24;2220749
39.05;39.65;39.05;39.35;826486
39.5;39.8;39.24;39.47;1048930
39.47;39.8;39.31;39.7;947688
39.21;39.98;39.21;39.9;1310238
39.97;39.99;39.33;39.37;706915
39.4;39.88;39.16;39.53;827259
39.65;40.06;39.42;39.59;1379053
39.41;39.76;39.09;39.28;1159457
39.3;39.8;39.1;39.56;1169537
39.65;40.85;39.65;40.69;2227393
41.08;41.8;40.54;40.56;1438833
40.41;40.51;39.91;39.99;1458115
40.21;40.21;39.78;39.95;1259959
39.66;40.18;39.18;39.89;1236131
39.82;40.18;39.8;40.09;783936
39.85;40.2;39.7;39.7;724986
39.79;40.11;39.5;40.09;488483
39.78;39.95;39.37;39.95;366214
39.9;40.23;39.72;40.2;337999
40.37;40.37;39.9;40.05;519263
39.56;40.58;39.56;40.4;449018
40.3;40.87;40.3;40.87;626643
40.7;41;40.7;40.95;952228
40.83;40.93;40.3;40.63;1151713
40.8;41.15;40.2;40.21;1297318
40.71;41.06;40.3;40.84;1384586
40.83;41.11;40.35;40.75;1385997
40.84;41.11;40.51;40.93;883629
41.06;41.65;40.86;41.15;927042
41.4;41.4;40;40.22;2920047
40.2;40.44;39.32;39.5;2261776
39.75;40.51;39.3;40.22;1613044
40.44;40.53;40.05;40.34;727993
40.38;40.38;39.6;39.82;1354686
39.75;39.9;38.81;39.32;2283977
39.28;39.74;38.74;38.85;2528541
38.66;38.99;38.25;38.66;1849342
38.73;38.81;38.41;38.67;1083650
38.9;39.15;38.62;38.63;1675676
38.3;38.68;38.23;38.43;1659842
38.2;38.43;37.84;38.15;1772642
38.34;38.41;37.56;37.71;1267264
37.99;38.42;37.94;38.12;1054336
38.1;38.15;37.51;37.56;1568838
37.65;37.81;36.93;37.68;1951647
37.73;37.95;37.12;37.36;1330726
37.6;37.84;37.3;37.6;1161607
37.65;38.15;37.6;37.89;1044592
38.15;38.42;37.95;37.96;1359487
39.15;40.75;39.15;39.53;4664152
39.7;39.89;39.22;39.52;1374906
39.8;40.35;39.65;39.76;1742045
40.05;40.05;39.59;39.9;729217
39.77;40.5;39.67;40.38;1130704
40.44;40.7;40.2;40.32;998538
40.61;40.9;40.38;40.87;1066503
40.78;40.8;40.25;40.44;747891
40.95;41.1;40.56;40.9;1207924
40.81;40.85;40.04;40.25;1040316
40.2;40.4;39.85;40.16;1782788
40.17;40.35;39.64;39.94;968440
40.2;40.79;40.03;40.05;1278567
40.43;40.67;40.21;40.53;892304
40.9;42;40.9;41.9;2048816
42;42.01;41.66;41.8;1135187
42.03;42.46;41.99;42.26;1594636
42.36;42.87;41.78;42.07;1762357
42.13;43;42.13;42.91;1350300
42.9;42.9;42.1;42.69;1863123
42.7;42.7;42.08;42.54;1140155
42.29;42.29;40.83;41.1;2015706
40.5;41.39;40.25;41.02;954143
41.14;41.45;40.1;40.26;895105
40.3;40.79;40.01;40.23;948269
40.56;42;40.28;41.68;1506529
41.75;41.75;40.9;40.92;780933
41.41;41.41;40.73;40.78;777464
40.51;40.61;39.41;39.91;1486139
39.71;40.13;39.66;39.8;1012350
39.89;40.14;39;39.47;1302110
39.77;40.82;39.77;40.79;1921915
41.05;41.25;40.89;41.09;1174821
41.06;41.7;40.75;41.58;970331
41.33;41.72;41.2;41.45;902036
41.54;42.15;41.29;41.46;1223756
41.35;41.8;40.83;41.44;1235484
41.11;43;41.11;42.9;1485125
42.86;43.34;42.81;42.87;1265341
43;43.1;42.63;42.87;995108
42.75;42.85;42.2;42.76;1191132
42.69;43.11;42.2;42.57;815346
42.29;43.34;42.29;43;1048298
42.57;42.77;42.21;42.53;1383863
42.1;43.5;42.1;43.13;1753332
43.17;43.8;43.01;43.7;1760111
43.85;44.63;43.71;44.29;1893187
44.43;45.33;44.42;44.99;2202026
44.75;45.14;44.34;44.42;4977152
44.8;45.38;44.66;45.25;2450128
45.5;46.58;45.45;46.49;2875449
46.46;46.58;45.5;45.69;1915874
45.9;46.07;45.6;45.78;2660953
45.6;46.13;45.06;45.06;1923002
45.2;45.38;44.5;44.58;1523623
44.87;45.18;44.01;44.82;1652746
45.2;45.5;44.37;45.46;631078
45.35;45.44;44.52;44.9;928995
44.6;45.4;44.52;45.31;622797
45.01;45.26;44.1;44.43;928298
44.23;44.49;43.75;43.98;1513944
43.44;43.68;43.05;43.09;1377393
43.39;44.65;43.17;44.59;3493117
44.65;44.93;44.12;44.12;970826
44.24;44.8;44.2;44.8;926540
44.8;44.9;44.31;44.65;1291354
44.2;44.34;43.6;43.95;873860
44.21;44.58;43.89;44.47;1090781
44.86;46.1;44.51;45.78;990669
45.27;45.27;44.06;44.83;1151973
44.88;45.27;44.42;44.76;623561
45.29;45.65;44.9;44.9;1717570
44.74;44.9;44.4;44.54;3191679
45.38;46;45.2;45.8;3650688
46;46.44;45.8;45.86;3207204
46.29;46.75;45.57;46.23;2104110
46.25;46.9;46.1;46.75;523541
46.83;47;46;46.38;1333461
45.1;45.66;45.1;45.6;1363698
45.37;45.45;44.97;45.36;1308865
45.4;45.8;45.13;45.62;2406379
45.65;46.49;45.65;46.2;1204116
46.31;46.72;46.04;46.52;752932
46.8;46.9;45.93;45.93;1873832
45.69;46.35;45.69;46.23;844718
45.92;46.48;45.75;46.3;816615
46.07;46.19;44.75;44.98;1084307
45.3;45.54;44.87;45.35;1463026
45.66;45.83;45.13;45.18;846304
45.11;45.65;45.05;45.51;1277766
45.1;45.86;45.1;45.73;1362331
46;46.02;45.27;45.73;631385
45.45;45.45;44.86;45;1025078
45.5;45.55;45.1;45.35;6709205
45.95;46.17;45.55;45.9;733189
46;46.15;45.12;45.57;774250
45.71;46.1;45.45;45.68;861460
45.6;45.74;45.19;45.65;1114896
45.81;45.92;45.18;45.77;1259536
45.97;46.05;44.96;45.12;1494508
45.21;45.21;44.7;44.86;922425
44.78;44.96;44.52;44.7;454803
44.63;44.82;44.04;44.28;915374
44.39;44.91;44.1;44.19;1200777
44.55;44.9;44.06;44.82;974571
44.9;44.94;44.35;44.76;1129177
44.8;45.38;44.79;44.9;926398
45.34;45.57;45.2;45.37;796533
45.02;45.47;44.78;45.36;834981
45.32;45.48;44.68;44.78;513731
44.76;45.07;44.46;44.49;673944
44.56;44.68;44.19;44.45;1528412
44.25;44.45;44.01;44.3;568440
44.65;45.02;44.41;44.8;641007
44.23;44.61;44.02;44.25;562676
44.47;44.56;44.01;44.03;461525
44.16;44.39;43.38;43.38;987603
44.3;46.18;44.3;46.1;2526804
46.6;47.5;46.44;46.54;2624965
46.79;47.86;46.79;47.7;1693804
47.56;48.15;47.56;47.95;1099966
47.55;48.25;47.51;48.13;944937
48.08;48.48;47.93;48.41;1129749
48.17;48.4;47.79;48.3;877664
48.45;49.33;48.4;49;1757821
48.48;49.1;47.8;47.98;2260022
47.9;48.07;47.41;47.75;1135912
47.7;47.95;47.55;47.71;762058
48;48;46.74;47.19;972680
47.66;47.8;47;47.65;1148771
47.45;47.95;47.1;47.83;1009164
47.65;48.47;47.31;48.41;1077709
48.3;48.35;47.9;48.11;771234
47.99;47.99;47.42;47.78;1132285
47.81;48.07;47.07;47.58;861241
47.53;47.79;46.92;47.65;837911
47.75;48.34;47.09;48.26;771473
48.1;49.06;48.07;48.75;846311
49.08;49.1;48.64;48.91;634242
49.23;49.38;48.97;49.14;614941
49.25;49.5;48.96;49.5;461771
49.38;49.51;49.02;49.18;347115
49.09;49.9;48.89;49.29;1374989
49.34;49.83;49.34;49.57;721853
49.43;49.43;48.85;49.1;1073125
48.9;49.66;48.58;49.24;1045638
49.34;49.65;49.25;49.46;620798
49.5;49.65;49.3;49.47;715636
49.55;49.85;49.41;49.83;706623
49.45;51;49.45;50.8;1934504
50.75;52.3;50.55;51.3;1368891
51.55;52.1;51.5;51.9;582546
51.95;52.2;51.35;51.6;1105827
51.6;51.75;50.75;50.75;1289059
51;51.65;50.85;51.6;639767
51.85;52.5;51.15;52;906801
52.05;52.3;51.35;51.8;546723
51.8;52.7;51.8;52.7;1002984
52.6;52.7;51.3;51.4;1502894
51.4;51.4;49.69;49.89;2938969
49.7;50.25;49.43;49.86;1266591
49.88;50.1;49.25;49.97;832710
49.94;50.2;49.5;49.69;990735
49.69;50.6;49.6;50.3;912699
50.6;50.6;49.2;49.6;1405665
49.76;51;49.76;51;919192
51.35;52;51.2;51.55;762671
51.3;52.1;51.3;51.75;803512
51.75;52.05;50.45;50.65;1508070
50.55;51.3;50.3;50.35;1077569
50.25;50.85;49.9;50.4;1047841
50.35;50.35;49.6;49.75;1273152
49.6;49.65;47.74;47.75;3214803
47.99;48.44;47.68;47.75;2378368
47.53;47.95;47.23;47.27;1620199
47;47.4;46.9;47.13;1145623
47.15;47.4;46.81;47.3;789590
47.75;48.35;47.7;47.82;1182401
47.5;47.75;47.07;47.66;608190
48.17;48.2;47.55;48.15;838264
48.15;48.45;47.81;47.96;716719
47.44;47.44;46.65;46.85;1000138
46.82;47.35;46.81;47.1;1040793
47.49;47.9;46.9;47.5;934637
48.23;48.68;48;48.29;1336547
47.62;48.27;47.62;48.17;945565
48.09;48.45;47.82;48.25;396403
48.46;48.47;48.05;48.17;758964
48.65;48.76;47.88;48.23;961087
47.74;48.5;47.3;47.6;950792
47.82;48.7;47.76;48.35;1234954
48.35;48.65;48.27;48.37;708266
48.3;49.14;48.3;48.88;1105314
48.87;49.37;48.8;49;647231
48.97;49.53;48.81;49.3;668236
49.4;49.68;49.31;49.44;918813
49.69;49.73;48.29;48.52;804864
48.27;48.27;46.88;46.95;2223780
47.11;47.7;47.1;47.62;1363998
47.5;47.58;47.03;47.15;899463
47.39;47.65;46.95;46.97;832963
46.7;47.03;46.34;46.78;746027
47.11;47.35;46.5;46.65;496967
47.1;47.1;46.15;46.39;765150
46.48;46.75;46.39;46.57;528955
46.44;46.7;46.03;46.32;529844
46.35;47.1;46.35;46.58;1014869
46.94;46.94;45.84;45.99;864466
45.96;46.36;45.82;46.2;1450941
46.55;46.55;45.82;46.21;1455852
45.9;46.36;45.66;45.9;1178778
46;46;45.05;45.25;1025124
45.3;45.35;44.86;44.92;1097175
44.92;45.65;44.65;45.3;1155079
45.28;45.48;44.61;44.85;1110215
45.17;45.3;44.75;44.98;1096591
45.3;45.33;45.07;45.3;1014480
45.65;45.7;45.25;45.5;1219189
45.7;45.85;45.25;45.61;721270
45.8;45.95;45.33;45.75;1240930
45.62;45.94;45.27;45.42;1068291
45.48;46.11;45.36;45.56;919996
45.72;46.02;45.69;45.75;574178
45.86;46.3;45.86;46.2;702138
46.29;46.77;46.22;46.67;535130
46.65;47.04;46.6;46.95;161532
46.65;47.01;46.65;46.93;397286
46.87;47;46.61;46.79;263201
46.85;46.9;46.62;46.71;396432
46.95;46.98;46.52;46.96;323248
46.96;47;46.61;46.7;230268
47;48.08;47;47.98;813583
47.77;49.36;47.76;48.94;1611838
48.4;48.6;48.29;48.29;893849
48.2;49.37;48.2;49.17;618658
49;49;48.06;48.34;1179139
48.64;48.64;47.79;48.13;635858
48.28;48.33;47.56;47.96;1030164
48.1;48.24;47.87;48.01;808182
48.25;48.39;47.45;47.55;727337
47.5;48;47.26;47.81;667607
48.17;48.2;47.56;47.67;614676
47.82;47.85;47.29;47.61;932549
47.95;47.98;47.32;47.51;958372
47.39;47.39;46.95;47.11;914440
47.11;47.31;46.74;46.77;731979
46.46;46.46;46.05;46.21;1229580
46.2;46.95;46.12;46.79;1296554
46.61;46.88;46.61;46.82;749513
46.82;47.39;46.45;46.69;1784442
46.88;47.7;46.7;47.44;1324430
47.98;48.27;47.46;47.73;1051337
47.9;48.29;47.45;48.18;805747
47.99;48.1;47.61;47.76;922498
47.8;48.25;47.56;48.15;707246
48.4;48.97;48.31;48.77;852829
49;49.96;48.85;49.64;2014105
49.6;49.72;49.09;49.4;1307159
49.5;50.4;49.37;49.91;1180504
49.51;50.05;49.37;49.59;742603
49.62;50.15;49.55;50;1246890
50;50.4;49.7;50.2;715685
50.25;50.95;50.15;50.8;948475
50.9;50.9;50.3;50.75;754981
50.75;51.25;50.75;51.1;752200
50.95;51.4;50.85;51.2;730878
51.3;51.3;50.6;51;490198
50.95;50.95;50;50.4;858312
49.2;49.5;47.9;48;3168894
48;49.72;48;49.5;1905713
49.92;49.97;49.5;49.91;1019341
50.3;50.3;49.06;49.48;1181334
49.39;49.69;49.2;49.39;1248474
49.55;49.55;48.65;49.2;1198428
49.01;49.19;48.75;49.02;821554
49.21;49.27;48.8;49.1;651536
48.98;49.78;48.98;49.59;528935
49.47;49.84;49.25;49.48;687237
49.76;49.79;49.16;49.31;633374
49.29;50.5;48.9;49.75;1803254
50;50.05;49.53;49.56;487313
49.55;49.75;49.29;49.69;455506
49.75;49.89;49.46;49.58;621922
49.42;49.5;48.37;48.6;1199582
48.65;48.8;48.43;48.63;549246
48.75;48.9;48.42;48.63;530848
48.74;49;48.51;48.61;406328
48.58;48.78;48.17;48.48;700418
48.17;49.29;48.16;48.85;1095229
49;49.72;48.8;49.54;729526
48.8;49.28;48.67;49.15;1176208
49.1;49.45;48.86;49.18;582531
49.48;49.5;48.82;49.02;733117
49;49.65;48.86;49.65;1052489
49.2;49.46;48.42;48.81;1041001
49.1;49.64;48.81;49.64;970431
49.65;50.25;49.27;49.7;956170
49.86;49.95;49.23;49.86;790344
50.1;50.25;48.98;49.19;951887
48.96;49.82;48.63;49.75;2018213
49.55;49.6;48.38;48.77;2140232
48.7;48.88;47.79;47.92;1819542
47.86;47.86;47.28;47.5;1741597
47.21;47.25;46.4;46.73;1588197
46.18;46.32;45.59;46.11;1500589
46.25;46.6;45.96;46.41;1320494
46.54;46.73;46.02;46.11;794516
46.05;47.1;46.02;46.42;1350648
47.17;47.17;46.35;46.35;887389
46.2;46.76;45.95;46.62;722373
46.72;46.72;46.12;46.53;512320
46.02;46.53;45.41;45.87;1290653
46.34;46.34;45.2;45.4;1113434
45.2;46.2;45.2;45.72;914548
45.82;46.3;45.82;46.02;512972
46.09;46.28;45.51;45.77;600623
46.12;47.18;45.86;46.31;1272225
46.64;46.79;46.2;46.54;609657
46.54;47.05;46.54;46.83;1005164
46.66;47;46.41;46.53;822268
46.4;46.71;45.74;45.94;1146524
45.94;46.53;45.94;46.26;1102914
46.65;46.73;46.29;46.58;680358
46.48;47.4;46.48;47.24;921208
46.9;47.55;46.66;46.86;906633
47.06;47.3;46.6;47.07;921680
47.15;47.8;47.1;47.74;1035256
47.95;48.16;47.65;48.03;731306
48.18;48.37;47.83;48.18;589025
48.38;48.45;48.13;48.26;573747
48.27;48.36;47.51;48;674703
48;48.08;47.58;47.72;1311659
47.97;48.19;47.67;47.98;3206986
48;48.15;47.8;48;830377
47.72;48.29;47.6;48.23;506135
48.42;48.79;48.14;48.68;1800630
47;48.01;47;47.98;1437003
48;48.32;47.63;48.16;1150538
48.29;48.29;47.6;47.78;857352
47.78;47.97;47.55;47.7;521966
48;48.08;47.5;47.67;1055473
47.5;47.92;47.35;47.9;956435
47.67;47.77;47.13;47.3;897875
47.69;47.69;47.37;47.48;656900
47.45;47.71;47.23;47.61;452624
47.4;47.57;47.16;47.45;690923
47.5;47.84;46.91;47.01;1059541
47.26;47.67;47.2;47.48;801192
47.34;48.08;47.34;47.7;1075829
47.64;47.7;47.4;47.4;911921
47.66;48.4;47.45;48.29;840248
48.2;48.98;48.2;48.78;1253477
48.74;49.23;48.73;49.07;745267
48.74;48.74;48.02;48.39;1201977
47.87;48.17;47.7;48.05;829549
48.05;48.52;47.81;48.45;613232
48.45;48.97;48.4;48.93;764615
49.03;49.06;48.59;48.98;992094
48.9;49.4;48.6;49.35;1092125
49.45;49.45;49.19;49.35;412514
49.3;49.34;48.61;49.15;828531
49.25;49.37;48.97;49.29;694689
48.9;48.99;47.3;48.1;1262147
48.6;48.8;48.05;48.68;692798
49;49.37;48.9;49.37;574981
49.45;49.47;49.15;49.47;666022
49.4;49.7;49.31;49.59;989137
49.7;49.9;49.46;49.78;980556
50;50.15;49.75;50.1;814176
49.95;50.45;49.91;50.3;548358
50.45;51.65;50.1;51.65;1840384
51.25;51.7;51.15;51.5;1095422
51.45;52.05;51.35;51.8;742778
51.75;51.8;51.3;51.7;571887
51.75;51.95;51.35;51.65;716218
49.5;51.05;49.5;50.8;1968094
51.05;51.6;50.5;51.3;869983
51.4;52.4;51.4;52.35;1552506
52.5;53.45;52.2;53.1;1453910
52.9;53.3;52.85;53.25;606014
53.35;54.2;53.15;54.05;1068889
53.75;53.9;52.8;53.4;1017118
53.3;53.65;52.65;53.35;1332271
52.9;53.3;52.4;52.85;990821
52.9;53.15;52.75;53.15;550893
53.25;53.25;52.75;53.25;924939
53.25;53.6;52.8;53.15;1210864
52.8;53.3;52.75;53;920202
53;53.1;52.2;52.3;589034
52.45;52.5;51.75;51.9;370773
52.15;52.25;51.4;51.55;817027
51.55;52.15;51.15;51.8;817174
51.7;51.95;51.25;51.55;491831
51.65;51.9;51.4;51.8;755072
51.95;52.7;51.75;52.4;437692
52.1;52.3;51.6;51.8;525148
51.8;51.8;51.15;51.35;670398
51;51.25;50.65;51;515788
50.85;51.5;50.55;50.7;612251
50.15;50.9;50.15;50.6;311060
51;51.1;50.05;50.1;634614
50.3;50.7;50.05;50.3;834761
50.6;50.95;50.45;50.75;913141
50.75;51.15;49.7;50.05;967712
50.1;50.8;50;50.65;439805
50.55;51.1;50.05;50.5;940869
50.45;51.55;50.35;51.3;1026944
51.25;51.4;50.55;50.75;863985
51.05;52.05;50.85;51.9;1459041
52;52.4;51.8;51.85;887598
51.85;52.1;50.9;51.45;921039
51.45;52.1;51.35;51.9;848194
51.65;52.05;51.5;51.9;501481
51.9;52.4;51.6;52.15;626691
51.95;52.05;51.2;51.8;461316
51.9;52.1;51.35;51.95;989981
51.75;52.1;51.45;51.65;628450
51.35;52.2;51.2;52.05;883850
52.75;53.9;52.7;53.5;1635254
54.45;56.45;54.1;56.2;2829780
55.8;56.1;54.7;55.9;1250859
56.3;57.6;56.25;57.4;2020951
57.1;57.4;56.15;56.4;1003372
56.85;56.9;56.15;56.5;1069793
56.45;57;56.45;56.8;834861
56.75;57.95;56.65;57.95;1160495
57.65;57.75;56.9;57.5;1539499
56.35;56.85;56.15;56.55;1467819
56.5;57;56.05;56.15;872911
56.3;56.75;55.65;55.95;750153
55.65;56.9;55.4;56.7;1117233
56.15;57.05;56.15;56.3;924263
56.45;56.9;55.2;55.4;1219533
55.05;55.95;55.05;55.95;880645
55.75;56.4;55.05;55.75;893826
56;56.3;55;55.3;1013439
54.65;54.8;53.5;53.5;1235579
54.05;54.3;52.8;52.8;980039
52.4;53.7;52.25;52.7;1252698
52.6;53.55;52.35;53.35;675866
53.75;53.75;52.4;52.5;812169
52.8;53.3;52.7;53.1;831455
52.9;53.35;51.85;52.05;1364438
49.65;49.65;48.6;49.58;4762348
49.84;50.75;49.7;50.7;1263691
50.85;50.95;49.7;50.25;1109087
50;50.6;49.65;49.8;1620991
49.7;50.1;49.05;49.54;1336333
49.54;50.25;49.16;49.41;1435715
49.5;50.25;49.31;49.99;806883
50.35;51.1;50.1;50.75;1636949
51.45;51.45;49.47;50.65;2072017
50.85;50.95;50.05;50.15;844878
50.95;51.5;50.55;51.45;984982
51.6;51.9;51.15;51.75;827863
51.7;52;51.35;51.65;871136
51.4;51.7;50.6;50.75;945661
49.5;50.9;49.15;50.8;1765528
51.25;52.05;51.1;51.55;1024136
52;52;51.25;51.95;798103
51.95;51.95;51;51.15;746817
51.6;51.6;50.4;50.8;1145639
50.7;50.8;50.15;50.45;752836
50.1;50.55;50.05;50.4;590187
50.5;51.2;50.5;50.6;949357
50.65;51.25;50.3;51;715697
51;51.35;50.55;51.2;1370802
51.35;52.7;51;52.3;1334051
52.45;52.9;51.95;52.1;843350
52;52.3;51.4;51.65;691498
51.7;52.35;51.55;52.05;617987
52.15;52.2;50.8;51.05;996632
50.55;51.4;50.3;51.25;1030574
51;51.45;50.95;51.15;457669
51.15;51.4;50.4;50.55;1759050
50.7;51.25;50.4;50.45;1101979
50.7;50.7;49.97;50.05;1003985
50.2;50.3;49.85;50;1041909
49.99;50.3;49.82;49.99;2389199
49.8;50.1;48.75;48.89;1553977
48.74;49.01;48.54;48.54;1548599
48.55;49.3;48.53;49.3;1101675
49.3;49.3;48.55;48.57;1063428
48.57;49;47.82;49;802951
49;49.19;48.5;49;312948
48.52;49.54;48.52;48.76;602940
49;49.76;48.81;49.74;770521
49.4;49.7;48.6;48.7;489252
48.94;50.35;48.91;50.25;668894
50.2;51.45;50.05;51;1702998
51.5;51.65;50.65;50.8;1406078
50.85;51.1;50.15;50.15;1061204
50.2;50.4;49.35;49.53;1717017
49.51;50.6;49.51;50.5;1297302
50.5;51;50;50.95;986709
49.31;51.3;48.51;49.6;3585705
49.7;49.73;48.7;48.73;2068526
48.77;49.51;48.55;49.34;1731589
49.24;49.24;48.67;48.75;1079743
48.62;48.72;48.1;48.46;1561269
48;48.17;47.57;47.62;1794807
47.8;48.75;47.53;48.5;1698060
48.75;49.09;47.25;47.29;1674355
46.79;47.25;46.6;47.17;1292482
47.21;48.35;47.11;47.46;1678354
47.87;48.61;47.63;48.5;1299414
48.89;49.65;48.6;49;1772838
49.45;49.69;48.88;49.1;1209260
48.84;49.4;48.67;48.9;694588
49;49.1;48.4;48.87;1223977
48.89;49.7;48.6;49.65;1151694
49.85;49.98;48.21;48.3;1888611
48.5;48.63;47.74;48.5;2049897
48.85;48.9;48.33;48.61;935008
48.87;49.25;48.37;49.2;1662608
47.9;48.22;47.41;47.53;2945140
47.61;48.58;46.8;48.2;2258839
48.19;49.05;47.82;48.9;1959992
48.9;50.3;48.35;50.05;2466015
50.1;50.35;49.01;49.43;1649182
49.41;49.5;48.46;48.59;1852449
48.75;48.92;48.54;48.74;897505
48.51;49.35;48.51;48.95;774677
49.01;49.34;48.7;49.18;762516
49.6;49.68;49.2;49.3;1395301
49.35;49.6;49;49.41;1130310
49.12;49.45;48.76;48.95;1116678
48.66;49.29;48.56;48.99;549651
48.72;49.49;48.72;49.39;735714
49.19;49.6;48.76;48.93;1486071
49;49.22;48.78;49;1026558
49.2;49.2;47.85;48.18;1509790
48.2;48.29;47.55;47.7;949275
47.8;48.24;47.75;48.12;995697
47.82;48.12;47.7;47.8;820040
47.8;47.81;46.74;47.34;1684128
47.48;47.78;47.06;47.58;1010633
47.35;47.99;47.09;47.98;760883
48.15;48.25;47.63;48.05;824503
47.92;50.05;47.91;49.77;2381359
50.05;51.2;49.55;50.85;3154317
51;51.15;50.5;50.7;1922201
50.6;51.5;50.6;51.2;1138113
51.15;51.5;50.85;51.25;1377311
51.05;51.8;50.65;51.4;905316
50.55;51.75;50.45;51.5;1115858
51.7;51.85;50.9;51.5;892125
51.35;52.4;51.2;52.05;1140711
52.1;52.3;51.4;51.4;836863
51.5;51.95;50.6;51.1;881167
50.9;51.7;50.7;51.6;669743
52.05;52.2;51.6;52.2;762530
52.4;52.45;51.65;52;837904
52.1;53.2;52.1;53.05;1255804
52.9;53.1;51.95;52.15;1133827
52.35;52.6;51.7;52.25;591844
51.85;52.6;51.85;52.3;932115
52.5;52.6;51.15;51.5;912971
51.5;51.95;51.4;51.65;560503
51.45;51.65;50.2;50.3;1419626
50.2;50.3;49.75;50.1;1034096
50.05;50.2;49.5;50.05;656518
50.55;50.7;49.65;50.25;1172894
50.9;50.9;49.96;50.4;972009
50.05;50.7;49.92;50.4;991055
50.45;51;50.3;50.4;575510
50.2;50.4;49.85;50;620917
50.55;51.05;50.05;50.5;1222188
50.3;52.3;50.3;52.25;1888050
52.05;52.5;50.8;51.35;1241971
52.2;52.7;51.3;52.1;1996833
51.85;52.4;51.5;51.95;725143
52.15;52.35;51.5;51.6;756147
51.7;52.15;51.5;51.7;815701
51.55;52.3;51.55;52;610212
52.2;52.6;52.05;52.1;898469
52.25;53.5;52.1;53.15;1009337
53;53.75;52.55;53.4;1285625
53.5;54.3;53.25;53.25;1371809
53.2;53.25;51.65;51.65;1314737
51.55;52.35;51;51.3;1837125
51.1;52.1;51.1;51.7;877468
51.6;52;49.8;49.8;1301370
50.25;50.75;49.46;50.05;1539551
49.85;50.7;49.85;50.05;1263409
49.82;49.87;48.32;48.6;2175993
48.8;50.45;48.66;49.85;1523881
49.66;50.3;48.95;50.1;1821884
49.9;51.15;49.6;50.55;794034
50.9;51.2;50.35;50.95;817400
50.9;51.35;50.65;51.15;780607
50.9;51.35;50.15;50.25;1283063
48.47;49.95;48.3;49.6;1654440
49.55;49.9;48.85;48.91;1341888
49.3;49.66;48.81;49.23;1100940
49.24;49.45;48.48;48.97;1034560
48.34;48.73;47.9;48.01;1191898
48.54;48.82;47.9;48.49;1684364
47.55;48.35;47.5;47.88;1567542
48.4;48.85;48.26;48.32;934807
48.1;48.96;48.02;48.65;805893
47.99;48.5;47.86;48.04;1201067
48.24;48.46;47.5;47.93;1297058
48.07;48.83;47.9;48.56;1132169
49.01;49.61;48.23;48.5;1307200
48.69;49.72;48.69;49.33;637203
48.88;49.77;48.87;49.4;1003470
49.15;49.35;47.6;48.25;2509040
48.65;48.9;47.8;48.07;1168094
48.27;48.42;47.9;48.08;848310
48.41;48.41;47.64;47.94;842171
48.27;48.27;46.91;47.08;1426116
46.98;47.4;46.55;46.99;1545743
47.48;48.12;47.01;48.08;1576791
48.64;49.15;48.14;48.65;1406777
48.84;49.37;48.2;49.31;1384254
49.35;49.35;48.6;48.85;677366
49.2;49.2;48.46;48.67;1287222
48.9;48.94;48.25;48.8;928140
48.65;48.95;48.21;48.46;613199
48.21;49.17;47.75;49.01;977116
48.97;49.29;48.45;48.55;1058711
48.55;48.9;48.4;48.68;1921059
48.2;48.55;47.87;48.12;690055
48.29;48.29;47.2;47.2;792899
47.39;47.55;46.62;47.32;1071850
47.24;47.25;46.48;46.61;1426558
46.65;47.57;46.61;47.57;1448272
47.57;47.9;47.14;47.29;1371176
46.81;47.05;44.81;45.25;2609435
45.01;45.5;44.5;45.3;1858034
45.51;46.43;45.29;45.61;2026810
42;43;40.07;41;8531550
41.45;41.46;40.56;41.4;3648653
41.21;41.43;40.66;41.37;2241350
41.54;41.54;40.75;41.09;1064425
41.51;41.66;40.37;40.61;1548858
40.92;40.92;39.85;40.3;2287869
40.3;40.37;39.27;39.91;2643126
39.93;39.99;39.45;39.75;1518261
39.48;39.49;38.91;39.29;1458845
39.66;39.92;39.39;39.6;1640701
39.8;40.69;39.46;40.45;1846874
40.33;40.4;39.6;40.13;1395831
40.02;40.84;39.75;40.08;923664
40.52;40.84;40.26;40.71;1247638
40.5;41.27;40.32;41.06;718840
41.24;42.48;41.09;42.34;3024396
42.7;43.05;42.48;42.94;1609368
42.96;43.55;42.71;43.18;1185372
43.23;43.39;42.58;42.92;788810
43.4;43.45;42.42;42.96;806867
42.84;43;42.6;42.72;966395
42.52;42.97;42.26;42.87;1074137
42.88;42.89;42.1;42.52;934341
42.5;43.58;42.29;43.47;938133
43.42;43.94;43.08;43.85;1224940
43.95;44.38;43.91;44.19;1428118
44.2;44.28;43.93;44.07;1456317
44.07;44.34;43.83;44.09;1038693
44.13;44.27;43.48;43.87;798988
43.66;43.8;43.06;43.67;1002311
43.39;43.49;42.75;42.78;1187868
42.47;42.66;41.99;42.5;1411538
42.51;44.45;42.4;43.31;4517379
42.95;43.05;42.42;42.98;1212258
43.18;43.56;42.69;43.47;1163431
43.54;43.85;43.34;43.81;1268329
43.83;43.9;43.16;43.49;1152403
42.89;43.35;42.76;42.95;2490737
43.22;43.22;42.14;42.54;1073651
42.61;42.61;41.74;42.09;1498626
42.05;42.87;42.05;42.66;1185857
42.79;43.34;42.65;43.2;911350
43.09;43.15;42.34;42.49;724813
42.49;43.22;42.49;43.04;953746
43.26;43.83;43.13;43.55;992876
44.29;46.11;44.2;45.87;3983854
45.17;45.4;44.45;44.57;2346357
44.53;44.92;44.38;44.47;1318510
44.83;44.85;43.83;44.03;1318188
43.57;43.85;42.79;43.72;2081184
43.92;43.92;43.29;43.6;1260399
43.97;44.1;43.55;43.7;745357
43.65;43.65;43.17;43.17;1104383
42.5;43;42.25;42.92;2155749
43;43;42.45;42.74;1149614
42.75;43.17;42.39;42.95;1359263
42.15;42.75;41.3;42.5;3066046
42.67;42.67;42.11;42.25;1366503
42.32;42.77;42.16;42.29;1058016
42.21;42.25;41.63;41.71;1864827
41.67;42.49;41.67;42.22;1676743
42;43.03;41.91;42.66;2058225
42.72;43.34;42.55;42.83;2297511
42.67;43.13;42.42;42.87;1589674
42.53;42.88;42.15;42.77;1971162
42.69;43.52;42.5;43.51;4227044
43.5;44.1;43.4;43.83;2840077
43.2;45.47;43.2;45;5533381
44.41;44.97;44.2;44.33;1487555
44.04;45.25;44.04;45.01;2498047
45.03;45.81;45.02;45.58;1459033
45.26;45.63;44.74;45.25;1918895
45.5;46.04;45.11;45.52;1455303
45.83;46.73;45.64;46.49;1487694
46.39;47.31;46.31;46.66;1965390
46.77;47.57;46.7;47.51;2562594
47.36;47.56;46.55;46.99;1453518
46.95;46.95;46.22;46.64;886999
46.75;47.46;46.34;47.32;1142960
47.35;47.48;46.74;46.91;1025058
47.25;48.27;46.9;48.15;1871346
48.31;50.45;48.1;49.77;4834573
49.5;49.73;48.52;48.87;1923507
48.55;48.58;48.11;48.46;1183543
48.32;48.78;48.27;48.5;1218961
48.84;49.77;48.65;49.38;1917161
49.5;49.66;48.45;48.53;1165631
48.29;48.69;46.94;48;2162230
47.77;47.94;46.44;46.78;1798748
46.75;47.43;46.51;47.15;1598291
47.3;48.08;46.73;48.01;2083075
47.8;48.69;47.08;47.08;1631084
47.44;47.98;46;46.5;1829012
46.32;47;45.87;46.99;1286611
47.03;47.31;46.31;46.63;1303784
46.51;46.84;45.78;46.22;2008174
45.91;46.61;45.91;46.47;1162189
46.39;46.54;45.8;46.34;1495758
46.8;47.3;46.5;47.3;1675723
47.11;47.67;46.76;47.21;972128
47.14;47.95;47.1;47.58;1223888
47.99;48.7;47.62;48.6;1425986
48.71;49.45;48.25;48.91;1822403
48.81;49.6;48.8;49.11;1111561
48.89;49.07;48.23;48.3;1278321
48.29;48.9;48.28;48.55;826826
48.68;49.1;48.34;48.5;986114
48.26;48.63;48;48.21;626032
48.42;49.65;48.42;49.65;787272
49.5;50.6;49.5;50.25;1299448
50.35;50.5;50.1;50.2;545564
50.5;51.35;50.35;51.3;985290
52;52.5;51.85;52.25;2313812
52.4;53.6;52.4;53.3;2886231
53.35;54.55;52.85;53.85;3170678
53.85;54.9;53.45;54.6;2263622
54.2;54.55;54;54.1;2549288
53.65;54;53.2;53.3;1288826
53.45;54.35;53.1;54.1;1669523
53.65;54.8;53.65;54.1;732291
54.2;54.5;53.9;53.95;766172
53.8;53.85;53;53.1;1549706
53.25;53.6;52.85;53.25;1255283
53.15;53.65;52.6;53.05;2108268
52.75;53.25;52.5;52.8;1924487
52.85;53.75;52.85;53.05;1284525
53.2;53.4;52.75;53.1;1271857
53.3;53.95;53.2;53.75;998147
53.8;53.95;52;52;2884552
51.6;52.5;51.3;51.8;1497757
51.75;52.6;51.4;52.1;1128620
52.2;52.2;51.55;51.7;1826917
51.25;51.5;50.25;50.45;3076239
50.95;51.5;50.65;51;1390342
50.75;51.8;50.5;51.2;1433340
51.15;51.3;50.6;50.85;1078286
50.45;52.45;50.1;52.15;2846693
52.6;54.85;51.2;51.9;7777057
51.5;51.8;49.77;50.15;3210749
50.2;51.3;50.1;50.9;2312491
50.9;51.45;50.2;50.45;761718
50.45;51.5;50.45;51.4;1566067
51.65;52.15;51.3;51.6;1300547
51.45;51.9;51.1;51.4;2623783
51.65;52;51.3;51.8;1287047
52.2;53.38;52.05;52.91;1503080
53.19;53.19;52.27;52.67;1221953
52.95;53.05;52.25;52.75;919139
53.24;53.39;52.42;52.58;1026666
52.4;53.06;52.25;52.9;751326
52.95;53.62;52.7;53.17;1056015
52.93;52.95;51.18;51.46;1610068
50.3;51.49;49.97;50.99;2324542
50.84;51.14;48.81;49.62;3361577
49.47;49.88;48.31;48.86;2247214
48;49.37;47.41;49.1;2736311
49.65;50.11;48.85;49.43;1836566
49.55;50.16;49.19;49.74;1106664
50.34;50.4;49.65;50.04;1070092
50;51.2;50;51.1;1561614
51.05;51.6;50.45;50.87;2306707
50.93;51.25;50.12;50.12;1453155
49.7;49.7;48.45;48.54;2552559
49.23;49.41;48.65;49.06;1539655
49.25;49.52;48.4;49;1859741
49.68;49.68;49.1;49.25;965668
49.59;50.07;48.95;50;1742555
49.7;50.6;49.7;50.54;1106154
51.04;51.22;49.98;50.71;1334009
51;52.65;50.52;52.2;2103594
52.13;52.64;51.28;51.52;1741592
51.66;52.05;51.21;51.65;1064046
51.39;51.65;50.6;51.12;1010489
51.56;52.45;51.2;52.12;1448677
52.39;53.01;51.99;52.76;1318161
52.68;53.64;52.67;53.32;1691835
53.7;53.75;53.08;53.55;1001423
53.67;53.8;52.98;53.28;1273661
52.85;53.16;52.44;52.88;938628
52.95;53.32;52.65;53.15;887963
52.8;53.93;52.8;53.31;1086359
53.33;53.66;52.84;53.61;1177509
53.71;56.8;53.71;55.96;3949398
56;57.5;56;57.07;1972809
58.22;59.1;57.91;58.87;3451585
59.39;59.5;58.13;58.66;1631391
57.95;58.5;57.41;58.07;1857783
57.97;58.24;57.15;57.42;2751887
58;58.2;57.2;57.31;1375490
57.36;57.98;57.36;57.69;1001089
57.73;58.7;57.57;58.55;1209018
58.98;59.3;58;58.53;1476894
59.5;59.95;58.84;59.05;2380620
58.74;59.98;58.51;59.79;977462
59.87;60.34;59.17;59.78;1251110
59.58;59.7;58.9;59.09;1159441
59.44;60.5;58.93;60.45;1038514
60.45;60.52;59.42;59.83;678110
59.52;59.88;58.87;59;1165919
59.59;60.44;58.39;58.76;1600677
58.95;59;57.93;57.93;1700003
57.5;58.52;56.9;58.4;1923359
58.82;59.6;58.3;59.07;1287703
59;59.72;58.59;59.57;1222809
59.67;60.25;59.28;59.71;1583825
59.99;59.99;59;59.17;833693
59.18;60.37;59.18;60.23;1212638
60.11;61.57;59.69;61.4;1801497
61.83;61.9;60.98;61.31;1182817
61.79;62.39;58.12;58.47;4523051
58.5;58.8;57.23;58;2432588
58.07;58.77;57.06;58.67;1389218
58.99;59.03;58.12;58.66;159300
58.7;59.16;58.42;58.97;1166004
57.67;58.34;57.05;58.34;1697473
59.69;59.69;58.69;58.89;1405399
58.64;60.42;58.64;60.28;1504853
60.5;61.23;59.48;59.53;1875642
59.92;60.66;58.64;58.89;1825177
58.89;58.99;57.11;57.17;1738519
57.33;57.96;56.26;56.86;1756609
56.65;57.7;56.3;57.05;1344154
57.68;57.95;57.26;57.67;729734
57.99;57.99;56.71;56.95;1101240
56.68;57.8;56.3;57.5;1113128
58.5;59.14;57.85;59.03;1511543
59.04;60.49;58.64;60.29;3250802
60.77;60.77;59.31;59.63;1306701
59.65;60.71;59.14;60.4;1620317
60.44;61.43;59.8;60.25;1262666
59.55;60;59.12;59.59;1142169
59.59;59.87;59;59.37;838131
59.12;59.28;58.2;59.19;831113
59.04;59.4;58.56;58.85;1083162
58.2;59.6;57.9;59.21;1133679
59.51;59.86;58.95;59.59;1153876
59.7;59.87;59.05;59.78;681601
59.83;60.15;59.21;59.89;862911
60.23;61.79;59.93;61.14;1461403
61.1;62.34;60.69;62.1;1291626
62.4;62.9;61.35;61.44;1245108
61.67;65.25;61.3;65.03;3658794
64.88;65.51;64.38;65.44;1638954
65.14;65.9;62.75;62.95;2255936
62.75;63;61.55;62.76;1649458
62.76;63.96;62.21;63.86;1313263
64.51;64.87;63.6;63.9;796816
64;64.27;63.25;63.93;953168
63.7;63.98;63.08;63.63;806270
63;63.63;61.69;61.69;1807304
62.39;63.3;62;63.1;1087057
63.12;64.87;62.8;63.96;2308998
63.84;65.1;63.84;65.1;1340669
64.81;67.35;64.81;65.59;3266330
64;65.3;61.5;61.7;2824140
62.85;63;58.88;59.06;3560811
58.61;61.5;58.6;59.75;2391353
60.04;60.87;59.1;60.4;1382540
61;62.67;60.72;62.34;1906986
61.1;62.28;60.35;61.81;1754817
62.75;62.94;61.65;62.35;1554112
62.36;63.25;61.75;62.05;1461495
61.5;63.19;61.09;62;1442637
63;63.01;61.66;62;1654802
62.25;62.54;60.1;61.43;2291422
61.56;61.77;59.9;60;1960026
57.99;58.8;57.15;57.7;2297782
58.85;59.9;58.5;59.57;1717936
59.2;59.91;58.77;59.03;1127639
58.62;59.39;58.1;58.73;1495554
58;58.42;56.51;56.92;2212197
56.5;59.91;56.03;58.3;2731065
58.82;59.39;58.46;59.11;1652029
59.42;60.05;58.69;59.55;2016261
59.46;61.2;59.45;60.7;1769134
61;61.97;59.95;60.18;1664956
59.78;61.24;59.69;61.11;901171
61.26;61.88;61.25;61.43;471507
61.19;61.45;60.5;60.91;1613403
60.46;60.97;58.87;60.7;1856409
61.51;62.12;60.37;60.8;1485105
60.65;62.74;60.22;62.5;1792811
62.95;63;61.36;61.68;1462356
61.23;62.2;59.44;59.44;3169810
59.3;59.3;57.06;57.13;3684685
57.57;57.94;56.33;57.5;2512731
57.38;58.16;55.2;55.65;1773478
55.6;56.96;54.5;56;2248497
56.31;57.33;55.83;56.55;2088468
56.37;56.9;55.51;56.12;1555075
56;56.4;54.9;55.7;1741902
55.45;55.68;54.5;55.4;1286099
55.5;55.6;54.42;55.22;1401922
55.54;56.2;54.84;56.04;1532978
57.75;57.83;56.12;56.85;1674109
56.85;56.85;55.35;56.22;1496532
55.9;57.19;55.84;56.77;2280004
56.9;57.3;56.43;56.73;990228
56.6;57.47;56.25;57.3;1250359
57.3;57.8;56.88;57.11;1061956
57.37;58.25;57.37;58.13;1742586
58.61;59;57.38;57.88;1289502
57.53;58.7;57.53;58.6;1351551
58.75;59.7;58.36;59.1;1317791
59.8;60.12;59.05;60;2091278
59.99;60.01;59.14;59.7;1707583
59.65;60.2;59.61;59.94;1596442
60.5;60.51;59.85;60.16;1052880
60.42;61.14;59.97;60.95;1285940
61.21;61.58;60.59;61.26;1418803
61.43;61.85;60.89;61.61;1568351
61.19;61.24;59.62;60.07;1725605
59.5;59.5;57.52;57.85;2955683
57.51;57.85;56.65;57.8;2020990
57.55;58.27;57.1;57.63;1852032
57.43;58.4;57.43;58.02;1664786
58.03;58.29;56.22;56.63;1551478
55.63;56.13;54.8;55.68;1821160
56.17;57.34;56.01;56.48;1501566
56.51;58.35;56.11;56.54;1619307
56.87;58.63;56.52;57.81;2330100
60.25;61.59;59.76;61.46;3964449
61.8;64;61.8;63.96;2904215
63.7;63.83;62.68;63;1767910
63.24;64.18;62.73;63.98;1524858
63.66;64.25;61.66;62.07;1561572
61.37;62.82;60.76;62.52;1678961
62.39;62.39;60.34;60.48;1658074
61.37;61.6;60.48;61.05;1237385
60.93;61.2;59.6;59.79;1611061
58.63;59.15;58.15;58.26;1539060
58.12;58.67;56.69;57.07;1474193
56.75;57.7;56.06;57.35;1139490
56.95;57.15;55.59;56.3;1390900
58.45;58.45;56.38;56.71;1757070
56.73;57.09;55.3;55.74;1163009
55.39;55.66;54.54;54.84;1533780
54.51;55.66;51.53;51.79;2331052
51.94;53.65;51.68;53.25;2165612
52.64;52.95;50.49;50.72;1842973
51.19;51.46;50.25;50.95;1166318
50.85;52.56;50.49;52.37;1274256
53.15;53.65;51.52;51.69;1252904
51.63;51.87;49.52;50.23;2552378
50.54;52.4;49.31;51.7;2468359
52;53.34;51.65;52.92;1903442
52.96;54.3;52.62;53.1;2066569
53.12;53.32;51.93;52.05;1532054
52.02;52.04;49.54;50.24;2102330
50.89;52.25;50.25;51.97;1986296
52.56;53;51.39;51.82;1678787
52.8;53.9;52.2;53.72;2703434
54.5;57.11;54.02;56.41;3455392
56.87;57.1;56.29;56.84;2090206
56.2;57.86;55.68;57.21;2416047
56.5;57.45;55.25;55.52;3174630
56;56.45;54.21;54.86;1875294
54.02;54.18;52.41;52.68;1812046
52.2;54.1;52.14;53.25;2059267
53.15;53.53;51.85;52.04;1606143
52.25;52.49;51;51.24;1874490
51.89;52.65;51.5;52.36;3143089
53.06;53.9;52.44;52.44;261480
52.87;53.28;52.15;52.5;550075
52.04;52.58;51.6;52.37;511578
52;52.48;51.55;51.85;275360
52.2;53.19;51.05;51.26;1477485
51.2;51.63;49.8;49.9;1440693
48.71;49.53;45.95;46.51;4008570
46.61;47.24;45.51;46.7;3153816
47.98;48.25;46.22;47.1;3107641
47.56;47.56;45.58;46.16;2585369
46.5;47.48;46;46.96;2272374
48.2;49.27;47.54;49;3257939
48.78;50.15;48.62;49.68;2280307
49.25;49.88;46.6;46.66;3502297
46;47.51;45.1;46.4;3686299
46.61;47.82;46.35;46.75;2617829
47.6;49.08;45.81;47.54;3870819
47.03;49.38;45.78;48.82;6206152
46.89;48.89;46;47.42;5444098
49;49.2;45.35;46.13;4125089
47.67;49.4;46.85;48.07;4148226
49.05;50.65;48.7;49.19;3169778
48.5;50.7;47.73;50.69;2811438
51.2;51.8;50.44;51.32;2851152
51.2;51.29;49.32;49.71;2940929
49.89;50.5;48.06;49.21;3181899
49.95;51.55;49.46;50.86;3124456
51.56;53;51.22;52.22;2725979
52.38;52.44;49;49.06;2614975
48.8;48.86;47.7;48.62;2692413
48.25;48.32;45.97;47.06;2953297
47.85;48.05;46.31;46.31;2004770
45.75;46.6;45;45.28;2472053
45.47;47.67;44.78;47.64;2318165
49.5;50.88;48.46;49.9;4259943
50.31;50.95;48.99;49.19;3029968
49.31;50.61;48.95;49.82;2341205
50.38;51.1;49.92;50.84;1907958
50.92;52.06;50.2;51.94;2230786
51.64;52.7;50.85;52.58;2512899
53;53.44;52.11;52.65;1892688
52.17;52.23;50.34;50.8;2654373
51.87;52.2;51.16;51.92;1570637
52.49;53.68;52.29;53.64;1995684
53.3;53.53;52.1;53.3;2342849
52.9;53.34;51.2;51.38;2794379
51.29;52;50.18;50.56;2534070
49.66;52.56;49.63;52.39;2634413
52.28;52.75;49.12;49.31;4525239
50.16;51.01;49.13;50.81;2104709
50.48;51.07;49.4;49.54;1393041
48.16;49.93;47.85;48.52;2775465
48.47;49.1;47.42;47.95;1608077
48.13;48.8;47.01;47.82;2353218
48.6;49.19;48.06;48.32;2004061
47.25;47.6;46;47.15;2571041
47.1;48;45.8;46.57;2470361
45.1;45.96;44.72;44.91;2324940
45.85;46.86;45.03;46.67;2696502
47.4;48.1;46.16;47.4;2877500
47;48.23;46.9;47.88;2014753
49.8;50.18;49.2;49.99;2096550
50.31;50.31;49.02;49.7;1421143
49.2;50.42;49.02;49.37;1626672
49;49.02;48.11;48.34;1831813
47.93;49.49;47.38;49.11;2080271
49;49.59;47.97;49.21;2542669
49.41;49.63;47.6;48.07;2272834
48.33;48.41;47.26;48.04;1705181
48.6;48.6;46.7;47.12;1836701
47.59;47.77;46.95;47.6;1487011
47.05;47.49;46.31;46.51;1220752
46.38;47.07;46.1;46.35;1264974
46.36;46.59;45.1;46.32;1919488
46.54;47.09;45.75;46.78;2233239
46.08;46.32;45.1;45.37;1889457
45.67;45.68;43.7;43.95;2588292
45.28;45.66;44.09;45.34;2089810
45.5;46.23;45.38;46.21;1760660
47.4;47.81;46.87;47.69;2366964
47.57;47.61;45.55;46.35;2626613
46.21;46.21;45.02;45.15;2210411
45.14;46.32;44.5;46.23;1814914
46.45;46.47;43.6;44.73;3135552
45.3;45.78;44.41;45.25;1776016
45.95;46.19;45.15;45.83;1185973
45.37;46.1;44.32;44.65;2245778
44.52;45.1;43.64;44.98;1800648
45.67;46.93;45.34;46.43;2400178
46.37;46.8;45.64;46.02;1020522
46.01;46.01;44.75;45.15;1307338
45.15;46.11;44.54;45.88;2329427
45.06;45.87;45.06;45.33;1348011
45.1;45.17;44.1;44.85;1525517
44.85;45.79;44.85;45.56;1117861
45.57;45.92;45.07;45.41;1556436
45.53;46.1;45.36;45.46;1266954
45.25;45.98;44.92;45.84;920886
45.95;46.26;44.53;44.97;2612973
45.03;45.44;44.75;45.31;1618121
44.99;45.14;43.65;43.81;2157196
43.7;43.8;41.56;41.79;3959944
41.39;41.9;40.85;41.65;2264589
41.65;41.65;40.62;40.79;1782508
40.7;40.9;40.15;40.2;792280
40.75;41.46;39.77;41.31;3322525
41.7;42.29;41.11;41.37;2195212
41.97;42.08;40.49;41.24;2347016
40.8;40.95;39.63;40;2127699
40.19;40.21;39;39.3;1712056
39.49;40.18;39.35;40.05;2045968
39.26;39.99;38.78;39.79;2456820
39.92;40.61;38.93;39.08;1993438
39.4;39.4;38.04;38.09;2634249
38.14;38.86;37.15;37.44;1521921
37.26;38.01;37;37.51;2202033
37.97;38.09;36.04;36.11;2428980
36.14;36.3;35.4;35.92;2579435
37.05;37.44;36.31;37.37;3023013
37.12;37.5;36.55;36.71;1550394
36.86;37.62;36.48;37.25;1911270
37.23;37.23;36.46;36.52;2082270
36.17;36.2;35.47;35.55;2415838
35.62;36;34.05;34.6;2824454
33.95;34.2;33.78;33.84;2037771
33.94;34.8;33.45;34.61;4194857
34.9;35.5;34.35;35.33;1962905
34.95;35;33.78;33.81;1775023
33.66;34.05;32.6;33.4;2198645
33.25;34.7;33;34.49;2275046
34.07;34.34;32.41;33.25;2344930
34.04;34.1;32.71;32.71;2226324
32.26;32.98;31.98;32.82;2150818
33.05;33.39;32.06;32.15;1397689
32.27;32.86;31.6;31.95;2255546
31.1;31.71;30.39;31.5;2975604
32.09;32.58;31.2;32.38;2933569
31.61;32.13;31.36;31.57;2119313
31.41;31.5;29.8;29.8;2648875
30.6;30.65;29.52;29.79;2317592
29.5;29.66;28.52;29.17;2451153
29.22;30.68;28.48;30.52;2883253
31.45;32.67;31.12;32.06;3013579
31.43;32.23;30.98;31.36;3633392
31.61;31.87;30.83;31.73;1731655
31.23;31.95;30.52;31.95;2173483
34;35.15;33.56;34.9;5721140
35.5;35.8;32.3;32.38;3860977
32.01;33.78;31.71;33.48;2788482
33.48;33.48;32.27;32.36;1559622
32;32;30.77;31.43;2315750
31.95;32.15;31.39;31.65;1749124
31.65;32.44;31.15;31.54;1854175
31;31.49;30.75;30.98;2252884
30.99;31.69;30.7;31;1402474
31.37;32.42;31.06;32.42;1811752
32.9;33.48;32.5;33.32;1557699
32.99;33.61;32.59;32.59;2209543
32.22;34.33;32.22;34;2391362
34;35.09;33.97;34.99;1665000
34.88;35.98;34.35;35.46;2254318
35.02;35.22;33.04;33.14;2205682
33.46;34.39;32.72;34.12;2557477
33.94;34.85;33.38;34.71;1843838
34.37;35;33.85;34.32;1295080
33.8;33.9;33.01;33.01;1167508
33.26;33.41;32.39;32.72;1157434
32.49;33.48;32.06;32.39;1538561
32.63;33.98;32.23;33.8;1525713
33.85;34.4;33.7;33.88;943117
33.55;33.85;32.81;33.3;1225981
33.28;33.28;32.35;32.85;1192514
32.8;33.6;32.07;33.33;1164032
32.46;33.3;32.33;32.52;1945273
32.07;33.76;32.05;33.61;1691131
33.95;35.17;33.34;34.53;2403408
34.52;35.17;34.11;34.44;1297425
34.41;34.45;33.31;33.39;2089989
33.16;33.21;31.86;32.04;2221588
33.31;33.81;32.06;32.84;3042128
32.59;33.77;32.59;33.26;1621686
33.14;33.99;32.76;33;1618809
32.89;33.16;31.7;32.56;1855817
33;33;31.41;32.18;1607467
31.5;31.64;30.51;31.06;2097561
30.58;31.33;29.64;30.19;3448847
30.62;30.62;28.58;28.83;3018567
28.8;29.67;28;28.52;2883352
29.98;31.86;29.29;31.6;4822943
31.03;31.57;29.87;30;2718785
29.55;29.79;29.01;29.19;2233473
29.2;29.73;28.17;28.42;2166161
28.42;29;27.75;28.55;2217022
27.98;28.33;27.46;27.7;2597187
27.6;27.7;26.51;26.52;1779385
25.99;27;25.6;26.37;2502907
26.79;26.8;24.93;25.43;2300294
25.34;25.83;24.67;24.83;2792617
24.88;25.19;24.27;24.73;1713974
23.83;24.43;23.12;23.5;3074168
24.1;24.57;22.25;22.61;4370033
21.41;23.54;20.6;21.53;4430429
21.9;22.43;19.76;20.15;4401686
18.21;19.69;18.15;18.95;5690547
20.45;21.62;20.16;21.57;3268757
23.39;23.7;21.94;22.74;4187499
22.71;22.74;20.54;20.79;2572116
19.75;20.73;19.18;19.7;4298858
20.49;20.65;18.92;19.7;3821764
20.44;20.44;19.59;20.23;1983579
20.4;21;20.25;20.44;2043782
19.64;20.34;19.03;19.03;2324392
19.1;19.2;17.13;17.9;3860621
15.7;17.63;15.11;17.63;5986661
16.58;17.01;15.91;16.04;2775475
16.66;17.34;15.65;16.86;2605012
17.8;18.71;17.57;18.71;3325987
19.42;20.79;18.75;19.77;3192251
19.7;20.83;19.3;20.8;3044526
21.12;21.18;20.18;20.89;2025870
20.85;22.25;20.53;22.15;2212419
23;23;21.46;21.79;2547417
21.03;21.11;18.39;18.71;2716885
18.86;19.2;17.61;18;2446912
18.64;19.08;18.01;18.12;1648564
17.86;17.98;16.96;17.04;1332231
17.25;17.31;15.4;15.6;2238722
15.57;16.65;15.5;16.07;3049887
16.85;16.88;15.35;15.43;2217935
15.44;15.95;15.07;15.11;3446735
15.22;15.4;14.23;14.69;2154666
14.79;14.8;13.28;13.33;3345257
13;13.1;12.33;12.79;3302328
12.98;13.38;12.03;12.3;2190273
12.63;13.53;12.3;13.44;2661749
13.5;14.64;13.4;13.98;3702977
14.04;15.28;14;14.92;4567656
15.31;15.78;14.84;15.1;2526940
15.06;15.23;14.06;14.22;2467158
14.49;14.56;13.24;13.5;2758438
13.09;14.92;12.92;14.8;3820448
15;15;14.02;14.65;2619058
14.61;15.24;13.36;13.9;5682598
13.69;13.89;12.81;12.9;3189687
13.78;14.1;13.02;13.16;3613648
13.1;13.29;12.63;12.7;4981204
12.74;13.7;12.72;13.57;3869569
13.47;13.58;13.12;13.34;2596855
12.5;13.15;12.31;12.67;3252849
13.1;13.15;12.42;12.56;1618772
12.58;12.98;12.47;12.78;2018370
12.87;12.89;11.95;12.02;3544490
12.04;12.74;12.01;12.58;2700269
12.41;12.7;12;12.06;2948595
11.97;11.97;11.51;11.59;1161119
11.86;12.01;11.3;11.37;1707909
11.37;11.53;11.3;11.4;454891
11.53;11.89;11.35;11.38;2310007
11.53;12.08;11.51;12.06;1259275
12.59;12.59;12.15;12.15;754574
12.4;12.69;12.02;12.48;1440987
12.66;12.8;12.09;12.68;2086345
12.71;13.04;12.38;12.92;4096400
12.92;14.17;12.75;13.4;4405521
13.19;13.65;13.12;13.44;2423547
13.51;14.17;13.5;13.81;2711515
14.14;14.98;14.07;14.56;5777690
14.34;14.49;13.77;14.3;3721080
14.5;14.7;14.02;14.3;3852112
14.39;14.48;13.78;14.1;3253260
14.36;14.47;13.51;13.55;2940991
13.71;13.97;12.87;13.19;3285486
13.2;13.49;12.25;12.34;2948993
12.06;13.13;11.68;12.92;5028486
13.37;14.39;11.91;12;7524138
12.05;12.19;11.43;11.77;2261851
11.66;12.02;11.52;11.85;2416282
11.9;12.32;11.77;12.16;2521904
12.4;13.53;12.3;13.43;4179206
13.08;13.42;12.79;13.08;3015488
12.88;13.64;12.73;13.31;2298763
13.21;13.4;12.51;12.65;2556904
12.815;13.195;12.285;13.05;2403963
13.13;14.205;13.05;13.94;2575245
13.55;13.585;12.915;13.43;4192480
13.43;14.845;13.14;14.62;5205264
14.62;15.54;14.325;15.19;5582734
14.9;15.065;14.31;14.38;4140765
13;14.245;13;14.095;5385951
13.925;14.785;13.76;14.5;4393760
14.665;14.92;14.2;14.385;1943307
14.25;14.69;13.76;14.1;1954926
14.015;14.335;13.67;14.17;3597632
14.155;15.12;14.05;14.34;3634203
14.39;14.755;13.95;14.59;2044309
14.22;14.3;13.62;13.75;3206510
13.85;13.935;13.07;13.16;3073669
13.025;13.52;12.545;13.335;3369510
13.555;13.65;12.845;13.14;2541941
13.245;14.15;13.235;13.9;2138263
13.655;13.92;13.38;13.655;1933478
13.315;13.65;13.19;13.34;1303363
13.45;13.625;13.095;13.325;2505474
13.46;14.2;13.35;14.2;2535756
14.015;14.2;13.095;13.095;2917720
13.09;13.39;12.595;12.715;2330962
12.9;13;12.245;12.6;1823408
12.725;13.94;12.425;13.86;2545458
13.94;15.36;13.77;14.8;3930406
14.635;15.25;13.98;15.105;2361005
15.5;15.8;14.565;14.77;2333292
15.1;15.25;14.455;14.815;2242567
14.625;15.37;14.48;15.33;2850976
15.5;15.64;14.815;15.11;1844361
15.3;16.24;15.21;16.08;3482288
15.76;16.5;15.755;16.32;5448024
16.34;16.57;15.59;15.92;2753827
16.335;16.335;15.195;15.585;2300397
15.01;15.57;14.615;14.805;3693404
14.79;15.245;14.57;15.12;1781812
15.035;15.645;15.035;15.345;2241640
14.87;15.255;13.805;13.94;3169721
13.95;14.35;13.94;14.24;2034305
14.36;15.105;14.08;15.04;3390903
15.64;17.395;15.54;17.105;5005355
16.85;18.27;16.54;18.2;4433923
18.77;18.9;16.85;17.13;3020061
17.38;17.4;16.18;16.425;2608203
16.43;17.71;16.06;17.48;2793492
17.8;18.64;17.6;18.5;2319376
18.5;19.34;18.31;19.25;2570686
18.995;19.07;18.105;18.185;2056969
18.3;18.54;17.65;18.39;1608494
18.795;19.41;18.435;19.335;2974711
19.25;19.25;17.27;17.355;3118626
17.54;17.955;16.97;17.515;2443985
17.255;17.91;16.565;17.31;3751700
17.16;17.5;16.7;17.17;3390718
17.335;18.02;17.19;17.75;6133759
17.335;17.61;17.02;17.445;2009629
17.18;17.195;16.255;16.54;1841831
16.87;17.48;16.8;17.3;1883426
17.65;18.16;17.65;17.65;2581592
17.99;18.255;17.76;18;1314951
18.125;18.125;17.445;17.685;2175335
17.775;18.075;17.35;17.55;2807751
17.94;18.54;17.71;17.88;2603745
18;18.32;17.39;17.555;2022112
17.6;17.625;16.45;16.88;2659644
16.815;17.485;16.5;16.77;1799716
16.95;17.175;15.8;15.94;2136171
15.975;16.865;15.68;16.78;2783669
17.04;17.59;16.875;17.19;2608688
17;17.49;16.6;17.23;1670049
17.38;18.33;17.35;18.195;2775344
18.15;18.95;18.02;18.74;2089847
18.475;18.945;18.2;18.565;1670498
18.625;19.92;18.625;19.69;3149788
20;20.39;19.06;19.45;1606767
19.55;20.52;19.27;20.385;2076726
20.62;21.09;20.52;21.02;2668279
20.74;20.91;20.235;20.75;1729570
21.02;21.95;21.01;21.325;2372086
22.15;23.55;22;23.38;2673666
23.15;24.75;22.31;22.455;4526578
23;23.1;21.3;21.69;2960959
21.885;22.255;21.01;22.165;3084002
22.32;22.99;22.05;22.505;2328394
22.37;22.39;21.54;21.95;1738592
22.115;22.43;21.51;21.75;1836675
22.115;22.89;22.02;22.435;1994397
22.395;22.88;22.21;22.51;1415422
22.45;22.88;22.37;22.63;1054379
22.59;22.62;21.27;21.43;1458447
21.49;21.795;20.81;20.9;2005009
21.07;21.285;20.06;20.335;2556962
20.585;20.865;19.75;20.09;2218822
20.21;20.5;19.97;20.23;1602900
20.375;20.375;19.3;19.3;1527140
18.45;19.98;18.41;19.4;4504598
19.72;19.9;19.315;19.75;2241826
19.615;19.85;18.755;19.405;1820992
19.405;19.55;18.08;18.35;5317220
18.17;18.755;18.1;18.695;2136317
18.83;19;18.445;18.72;2358876
18.84;19.24;18.615;19.085;1876842
19.12;19.12;17.97;18.05;2627197
18.03;18.165;17.62;17.83;1070131
17.67;17.78;17.16;17.47;1628303
17.5;17.94;17.23;17.385;1529661
17.25;17.38;16.355;16.505;2669260
16.86;16.98;16.51;16.61;2144643
16.585;16.9;16.2;16.59;1878550
16.5;16.98;16.315;16.945;1176045
17.1;17.61;16.96;17.4;1854689
17.66;17.725;17.3;17.655;2544989
17.645;18.15;17.58;17.89;2479181
18.085;18.3;18;18.215;1334492
18.34;18.4;18.035;18.22;1350461
18.265;19.025;18.075;18.935;2972259
19;19.02;18.5;18.925;1401996
18.81;19.21;18.55;19.175;1734099
19.15;19.23;18.63;18.9;1672111
19.07;19.075;18.105;18.23;2554522
18.25;18.45;18.015;18.41;1809971
19.09;20.5;19;20.42;6826257
20.64;21.02;19.865;20.825;2898598
20.865;21.48;20.75;21.28;2117818
21.28;22.69;21.185;22.43;2651519
22.75;22.75;21.775;22.51;1802707
22.63;22.72;22.005;22.005;1874624
22.375;22.6;22.155;22.47;1224651
21.82;21.89;20.57;21.25;4181690
21.15;21.65;20.625;21.415;1619632
21.5;21.81;20.845;21;2068823
21.03;21.11;20.55;20.76;2280079
20.955;21.72;20.7;21.31;1965389
21.465;21.465;20.155;20.53;2065510
20.3;20.53;19.955;20.06;1462656
20.2;20.47;19.85;20.175;1563805
20.11;20.11;19.545;19.755;2114311
20.05;20.17;19.825;20;1461666
19.815;20.445;19.8;20.36;2887803
20.61;21.085;20.48;20.75;2295963
20.655;21.21;20.6;21.005;1950309
20.795;21.33;20.55;21.06;1857838
21.135;21.145;20.3;20.49;2447035
20.75;20.775;20.185;20.69;1890470
20.6;20.605;20.165;20.195;973473
20.155;20.39;19.45;19.45;2284998
19.475;19.52;18.55;18.93;2918699
19.265;19.3;18.555;18.655;2257300
19.44;20.13;19.3;20.02;4347538
20.22;20.4;20.05;20.09;1667328
20.2;20.42;19.595;19.95;2303590
19.82;21.24;19.615;21.12;3997660
21.52;21.7;20.75;21.065;2339218
21.1;21.575;21.04;21.37;1860884
20.4;20.83;20.02;20.83;3133486
21.07;21.7;20.635;21.505;4236533
21.65;22.58;21.57;22.31;3345254
22.53;22.545;21.45;21.635;2961987
21.74;21.74;20.915;20.915;3987577
21.05;21.2;20.43;20.665;2032864
20.75;21.31;20.75;21.03;1508966
21.09;21.31;20.6;20.69;1515414
20.51;21.3;20.21;20.71;1833892
20.75;21.255;20.57;21.02;2454588
20.935;21.28;20.58;21.26;2415629
21.2;21.37;20.98;21.15;1759705
21.105;21.24;20.58;20.835;2496274
20.7;21.1;20.3;20.37;2531943
20.15;20.2;19.645;19.665;2742514
19.78;19.99;19.315;19.755;2044389
19.97;20.58;19.84;20.545;2481482
20.54;21.025;20.405;20.62;1734403
21.115;21.585;20.875;21.585;3055768
21.745;22.1;21.465;21.755;2702329
21.995;22.5;21.865;22.4;2487438
22.4;23.27;22.305;22.77;3036207
22.9;23.72;22.89;23.655;2738521
23.75;23.92;23.26;23.705;1707830
23.82;24.15;23.33;23.51;2084166
23.67;24.25;23.57;24.25;2378951
24.4;24.435;23.8;24.17;2118356
23.2;23.9;22.4;23;6357777
23.1;23.66;22.6;23.57;3065347
23.75;24.5;23.75;23.9;3248166
24.02;24.495;23.255;23.32;2084380
23.275;23.31;22.09;22.31;3193177
22.65;22.65;21.42;21.88;3379521
21.8;22.55;21.22;22.315;2660664
22.65;23.02;22.085;22.255;2618575
22.3;23.345;22.2;23.185;3475312
22.815;22.87;22.22;22.58;2151737
22.705;23.35;22.705;23.06;1686759
22.75;23.495;22.585;23.29;1366535
23.32;23.78;22.9;23.355;1817428
23.745;24.09;23.545;23.99;1711079
24.1;24.1;23.505;23.67;2246183
23.885;24.09;23.55;23.77;1307442
24.5;25.495;23.85;23.87;7231943
23.97;24.38;23.6;24.35;2616766
24.555;25.6;24.525;25.44;2990287
25.3;25.665;24.91;24.98;1909781
25.22;25.42;24.97;25.04;1153982
25;25.095;24.415;24.54;2054804
24.52;24.86;24.13;24.295;1383748
24.54;25.035;24.38;24.42;1722561
24.2;24.75;23.98;24.04;1818725
24.16;24.47;23.715;23.97;1675257
23.835;23.885;23.06;23.235;1614537
22.765;23.8;22.54;23.565;1937747
23.815;24.03;22.98;23.555;1862725
23.73;24.3;23.71;24.285;1968796
24.435;24.8;24.2;24.59;1401396
25.45;25.65;23.79;23.925;3974738
23.95;24.45;23.535;24.18;1618704
24;24.26;23.735;24.14;876752
24.035;24.36;23.47;23.75;1642537
23.67;23.99;23.09;23.185;1652202
23.3;23.645;23.055;23.21;2315865
23.335;23.9;23.335;23.75;1465482
24.02;24.19;23.825;23.895;790614
24.005;24.185;23.45;23.72;1101875
23.79;23.93;23.555;23.685;1450044
23.59;24.01;23.525;23.6;1243929
23.66;23.73;22.85;22.89;2871607
23.1;23.27;22.68;22.965;1212175
23.125;23.43;23.085;23.38;1205570
23.56;23.63;23.245;23.455;923770
23.34;23.585;23.26;23.465;221685
23.735;23.83;23.61;23.82;632542
23.86;23.89;23.655;23.77;503550
23.75;23.85;23.52;23.655;437961
23.665;23.9;23.64;23.665;193996
23.78;24.525;23.72;24.525;1502726
24.5;24.79;24.285;24.74;1402156
25.52;26.49;25.4;26.32;4878833
26.055;26.87;25.85;26.705;2482140
26.89;26.97;26.11;26.505;1927940
26.98;27.49;26.37;26.645;2438393
26.8;26.8;25.925;25.98;1654470
25.745;26.225;25.6;26.13;1294356
26.45;26.665;26.28;26.665;1482010
26.71;26.98;25.51;25.7;2728574
25.95;26.095;25.23;25.955;1727737
26.135;26.22;25.37;25.805;1718011
25.655;25.975;25.23;25.35;1799280
25.95;25.95;24.93;25;2672401
25.05;25.455;24.605;24.95;1983616
24.725;25.23;24.295;24.35;1702495
24.21;24.975;23.85;24.865;2436314
24.75;24.75;23.81;23.875;2344061
24.58;24.595;23.305;23.305;2703969
23.42;23.85;22.995;23.635;2686008
23.21;24.135;23.055;24.05;2290906
24.12;24.12;23.445;23.795;2135610
23.95;24.295;23.81;23.93;1929692
24.05;24.33;22.81;22.865;2399712
22.71;22.865;22.005;22.335;3742559
22.465;22.65;21.625;21.95;3395685
22.025;22.68;21.95;22.31;2760590
21.7;22.27;21.1;21.21;5500533
21.525;21.57;20.02;20.4;4198065
20.43;20.6;19.17;19.57;5255058
19.795;20.125;19.545;19.655;2256380
20.05;20.16;19.25;19.8;3184316
20.12;20.465;19.97;20.305;2991016
20.42;20.62;19.78;20.41;3216308
20.18;20.775;20.1;20.665;1617129
20.8;20.84;20.055;20.055;2307733
20.215;20.36;19.625;19.74;3099190
19.805;19.85;19.17;19.49;2881491
19.39;19.45;18.795;18.975;4342977
19.23;19.42;18.92;19.385;2189967
19.6;19.875;19.04;19.54;1864216
19.65;20.21;19.55;20.2;3233558
20.24;20.77;20.05;20.7;2876780
20.46;21.425;20.415;21.26;3995028
21.41;21.985;21.315;21.855;2280679
21.9;21.935;21.545;21.655;1879434
21.665;21.725;21.38;21.54;1568720
21.52;21.56;21.125;21.47;2720182
21.36;21.81;21.275;21.58;2229130
21.695;22.085;21.58;21.86;2254346
21.85;21.935;21.535;21.535;1035783
21.68;22.035;21.63;21.88;1778339
22.03;22.095;21.805;21.98;1750995
21.92;22.055;21.685;21.745;1384795
21.935;22.09;21.665;21.685;1938215
21.6;21.88;21.47;21.64;1820667
21.625;22.03;21.435;21.58;2313703
21.665;21.91;21.44;21.82;1628463
21.905;22.775;21.76;22.73;2910735
22.75;23.1;22.455;22.58;1927430
22.765;22.98;22.645;22.73;1108388
22.88;22.96;22.145;22.235;2015985
22.35;22.49;21.67;21.8;2489298
22;22.21;21.86;21.965;1647705
22.085;22.27;21.7;21.995;2433244
22.05;22.065;21.82;21.89;1267352
21.84;22.02;21.48;21.665;1575148
21.82;22.04;21.575;21.9;1279460
22.04;22.105;21.69;21.855;1262864
21.915;22.475;21.725;22.45;3338662
22.4;22.455;22.065;22.22;1800110
22.39;22.39;21.97;22.215;1539312
22.05;22.295;21.645;21.71;1840710
21.65;22.05;21.51;21.775;2070563
22.165;22.89;22.01;22.88;4097142
23.55;23.94;22.79;22.86;5735710
23.025;23.44;22.685;22.715;3525484
22.905;23.645;22.745;23.5;3241103
23.73;23.82;23.505;23.73;1807730
23.66;23.8;22.9;22.9;2816012
22.55;22.7;21.775;22.2;3071027
22.315;22.615;21.875;22.365;1982027
22.435;22.805;22.29;22.45;1450982
22.465;22.765;22.26;22.63;978706
22.685;22.81;20.96;21.03;5117483
20.98;21.175;20.105;20.45;4240615
20.13;21.19;20.12;20.22;3636306
19.6;19.95;19;19.24;4358326
20.435;20.65;19.9;20.295;3796924
20;20.395;19.755;20.34;2945868
20.165;20.685;19.835;20.52;3566306
20.65;20.83;20.275;20.76;2181154
20.6;20.615;19.22;19.34;3879858
19.3;19.76;19.04;19.355;2884292
19.74;19.965;19.335;19.76;1982610
19.47;19.855;18.945;19.245;3358931
19.32;19.445;18.265;18.84;4140711
19.18;19.3;18.41;18.815;4976327
19.035;19.1;18.355;18.805;1739300
18.15;18.4;17.92;18.08;2838478
18.45;18.9;18.405;18.495;2458005
18.73;19.86;18.635;19.81;3135291
20.1;20.1;19.46;19.545;1968002
19.415;19.85;19.41;19.54;750118
19.37;19.55;18.77;19.45;3292655
19.255;19.535;18.91;19.53;2635404
20.495;20.795;20.32;20.46;3016634
20.555;21.085;20.005;20.27;3154499
19.89;20.52;19.65;20.15;1919583
20.3;20.3;19.43;19.73;2285336
19.99;20.35;19.58;20.345;2317210
20.165;20.97;20.015;20.93;2131967
21;21.585;20.89;21.42;3063113
21.52;22.39;21.52;22.2;3601441
21.89;22.205;21.71;22.125;2104759
22.395;22.44;21.575;21.92;2544585
21.875;22.435;21.55;22.31;2005101
22.4;22.815;22.4;22.7;2145136
23.02;23.38;22.98;23.255;1921745
23;23.03;22.575;22.775;2092992
22.55;23.085;22.35;22.465;2391850
22.62;22.89;22.18;22.255;2275240
22.325;22.325;21.6;21.685;1750742
21.805;22.48;21.76;22.3;1656306
21.9;21.985;20.845;20.965;2326026
21.11;21.495;20.82;21.065;2079977
20.635;20.755;20.02;20.045;3178812
20.265;20.97;20.145;20.85;3056737
21.04;21.205;20.705;20.805;1199989
20.99;21.895;20.875;21.56;1864766
21.24;22.265;21.235;22.195;2558767
22.415;22.785;22.145;22.65;2276895
22.945;23.305;22.805;23.13;2339453
23.13;23.295;22.98;23.155;1277107
23.175;24.39;23.165;24.37;3086178
24.405;24.675;23.96;24.36;1858119
24.145;24.66;23.615;23.71;2439580
23.775;24.275;23.38;23.775;2314168
23.56;23.83;23.205;23.365;1403302
23.075;23.585;22.355;22.785;3169267
23.15;23.495;23.07;23.295;2050974
23.075;24.095;23.055;24.015;2321361
23.995;24.48;23.86;24.2;1563751
24.305;24.6;24.145;24.6;1477608
24.745;25.08;24.535;24.875;2563237
25.3;25.3;23.41;23.855;6216013
23.575;23.65;23.115;23.15;3273678
23.08;23.13;22.49;22.77;3422108
22.93;23.25;22.69;23.095;2258989
23.1;23.76;23.01;23.76;2677344
23.445;23.66;23.025;23.16;2812970
23.33;23.5;23.15;23.365;1576170
23.38;23.565;22.36;22.495;2806058
22.595;22.895;22.45;22.645;1375100
22.575;22.86;22.235;22.6;1762096
22.37;22.56;22.1;22.145;2081440
22.115;22.34;21.285;21.505;2429285
21.71;21.715;21.105;21.365;2239773
21.435;21.57;21.165;21.4;1052192
21.6;22.085;21.51;22.065;1628086
21.955;22.6;21.835;22.525;1698270
22.605;22.7;21.635;21.72;2305811
21.615;21.8;21.26;21.37;1508582
21.335;21.535;21.18;21.28;981945
21.15;21.285;20.74;20.925;1487393
20.775;21.055;20.2;20.49;1782834
20.74;20.88;20.5;20.65;1387555
20.625;20.875;20.305;20.835;1491660
21;21.145;20.795;20.885;879022
20.45;20.775;20.305;20.73;1147503
20.86;21.615;20.45;21.55;1983278
21.495;21.89;21.405;21.68;1286860
21.79;22.18;21.37;21.83;2211645
21.96;22.045;21.58;21.74;1036499
21.665;21.735;21.415;21.61;827562
21.505;21.775;21.18;21.665;1146673
21.61;22.795;21.565;22.65;3179337
22.535;23.44;22.51;23.06;2189000
23.3;23.58;23.02;23.41;2001516
23.405;23.585;23.1;23.36;1510755
24.025;24.41;23.885;24.28;4291789
24.2;24.235;23.725;23.82;1979381
24.275;24.275;23.89;24.17;2730304
24.17;24.64;24.125;24.64;1568432
24.565;25.09;24.48;24.685;1592162
24.865;24.9;24.22;24.365;1747332
24.72;24.84;23.88;24.36;1861040
24.15;25.12;23.98;25.12;1896793
25.15;25.665;25.125;25.62;1889792
25.3;25.5;24.595;25.015;2403687
25.275;25.4;24.415;24.615;1700352
24.235;25.3;24.17;24.665;2080221
24.88;25.2;24.52;24.82;2735802
24.825;24.87;23.905;23.905;1977637
23.88;24.505;23.7;24.49;1448515
24.775;24.995;24.565;24.83;2217958
25;25.3;24.73;25.14;2139343
25.135;25.35;24.89;25.265;1138749
25.27;25.46;25.015;25.11;1165735
24.945;25.395;24.47;25.2;1732121
25.35;25.86;25.345;25.68;1716451
25.68;26.795;25.615;26.77;4537133
26.735;28.575;26.52;27.88;6858017
27.685;28.095;27.18;27.525;2620546
27.52;28.47;27.32;27.425;2735066
27.15;28.2;26.76;27.66;3398787
27.765;28.985;27.5;28.8;3539560
28.795;29.725;28.655;29.6;3191206
29.635;29.945;29.54;29.73;1532157
29.59;29.9;28.97;29.355;1992924
29.07;29.3;28.675;28.755;1734788
28.61;28.965;28.435;28.71;2050550
28.705;28.945;28.44;28.6;1942676
28.805;29.105;28.32;28.745;1597539
28.605;28.74;28.17;28.35;1379249
28.26;28.715;28.05;28.105;2192131
28.5;28.67;28.26;28.46;1433808
28.6;29.015;28.42;28.875;1775996
28.885;29.205;28.35;29.175;1449301
29.29;30.44;29.145;30.3;2360257
30.185;30.185;29.26;29.595;1320570
29.67;29.82;29.15;29.485;1007645
29;29.5;28.455;29.25;1497280
28.92;29.725;28.695;29.465;972174
29.305;29.32;28.29;28.395;1481693
28.365;29.04;28.22;29.015;1479235
29.4;30.65;29.32;30.65;2645984
30.75;31.1;30.33;31.08;1819094
31.3;32.1;31.295;31.365;1999612
31.25;32.15;30.725;30.745;2331077
30.81;31.06;30.225;30.8;2121675
30.8;31.5;30.7;31.29;1046331
31;31.275;30.155;30.435;1390147
30.63;30.79;29.46;29.525;1742587
29.52;29.965;28.72;28.72;2306338
29.06;29.965;29.05;29.965;1670871
29.95;31.105;29.85;31.02;1813178
31.08;31.285;30.625;30.91;1100209
30.88;31.245;30.77;31.02;779398
31.175;32.15;30.93;31.695;1578387
31.51;32.225;31.41;31.91;1603976
32.05;32.055;30.145;30.155;3032714
30.235;30.715;30.235;30.445;1233475
30.605;31.165;30.605;31.165;1385322
31.23;31.3;30.915;31.105;1382599
30.925;30.99;30.135;30.325;2019628
30.23;30.685;30.05;30.35;1264106
30.3;30.59;29.745;29.765;1241767
30;30.415;29.775;30.005;713167
30.045;30.575;30.005;30.575;603131
30.57;30.9;30.46;30.64;875900
30.76;30.83;30.21;30.21;486244
30.07;30.3;29.45;29.45;412664
29.405;29.645;28.41;28.84;1227717
28.84;28.965;28.56;28.68;543769
28.845;29.16;28.74;28.795;447317
28.87;29.1;28.355;28.595;552845
28.55;28.795;28.41;28.41;184944
28.78;29.55;28.735;29.37;969599
29.085;30.225;29.07;29.98;1380339
29.965;30.355;29.57;30.355;1242165
30.38;31.41;30.3;30.995;1894626
31.005;32.05;30.825;31.505;1709182
31.34;31.44;30.695;30.695;1324009
30.91;32.27;30.745;32.25;2232070
32.395;32.74;32.08;32.18;1577107
32;32.56;31.525;31.885;1578242
31.84;32.39;31.635;32.32;1410212
32.425;33.45;32.415;33.05;1768291
33.2;33.6;32.815;32.985;1246032
33.145;33.21;32.155;32.2;1454387
32.655;32.73;30.98;31.58;2497378
31.825;31.99;31.15;31.3;1623123
31.475;31.505;30.38;30.91;1508056
31.03;31.8;30.8;31.195;1512416
31.585;31.98;31.42;31.87;1429906
31.945;32.3;31.58;31.94;1600351
31.895;32.385;30.955;30.97;2128475
30.98;31.22;29.98;30.615;2036863
31.23;31.23;30.04;30.2;2121221
30.535;30.56;29.26;29.39;2470174
29.31;29.545;28.48;29.5;2487213
29.465;29.575;28.9;29.1;1620949
29.3;29.99;29.15;29.92;1644368
30.62;31.35;30.295;31.2;3334990
31.1;31.3;29.62;29.81;5845052
29.21;30.3;28.9;30.3;3284912
30.205;30.38;29.525;30.14;1871040
30.33;30.35;29.325;29.695;1706188
29.825;30.355;29.7;30.03;1596390
30.065;30.465;29.825;29.835;1661638
30.075;30.295;29.37;29.78;1919049
29.85;29.97;29.45;29.63;1173252
29.61;29.96;28.69;28.85;1607280
28.67;29.15;28.35;28.885;1804362
28.805;28.885;28.05;28.145;1747275
27.995;28.445;27.55;28.055;2382625
28.23;28.99;28.03;28.86;1829182
29.135;29.3;28.46;29.015;1641224
29.3;29.885;28.51;28.54;2406301
28.36;29.025;27.795;28.82;2495384
28.885;29.545;28.6;28.87;2012031
29.01;29.5;28.145;28.19;2260589
28.25;28.775;27.965;28.305;1750937
28.47;28.895;28.125;28.75;1759507
28.84;29.525;28.705;29.25;1704544
28.99;29.115;28.09;28.105;2143541
27.865;28.3;27.715;27.84;1690152
27.53;27.84;27.25;27.3;1802224
26.805;26.895;25.825;26.565;3477784
26.805;27.27;25.91;25.97;2338464
26.13;26.825;26.08;26.445;1856045
26.73;27.455;26.42;27.27;2420806
27.7;27.8;26.95;27.295;1969674
27.15;27.275;26.415;26.55;1979466
26.355;26.99;26.25;26.815;1698823
26.6;27.895;26.46;27.825;2120057
27.995;28.09;27.57;27.61;1382410
27.505;27.695;27.06;27.535;958123
27.75;27.92;27.305;27.77;1198695
28.19;28.45;28.06;28.345;1588409
28.515;28.54;27.845;27.88;1146813
28.125;28.775;27.755;28.68;1436923
28.62;28.76;28.31;28.47;1272400
28.6;29.1;28.405;28.58;1454288
28.56;28.94;28.19;28.82;1074665
28.8;29.08;28.57;28.7;1228410
28.86;29.06;28.595;28.7;880713
28.53;28.575;28;28.12;1254905
27.9;28;27.44;27.535;1124339
27.645;28;27.53;27.58;1020427
27.495;27.75;27.105;27.375;1707143
27.425;27.545;27.095;27.21;872989
27.285;27.5;26.37;26.475;1526841
26.925;27.27;26.64;27.17;1498906
28.02;28.62;27.9;28.445;2721780
28.675;29.295;28.36;29.185;1980268
29.22;30.39;29.1;30.34;2238229
30.4;30.9;30.02;30.305;2212544
30.375;30.5;29.91;30.095;1386078
29.995;30.66;29.75;30.66;1115871
30.9;31.145;30.785;30.85;926947
30.8;30.8;30.2;30.765;1368297
30.75;31;30.225;30.335;1395793
30.465;30.54;29.3;29.88;1704146
29.96;30.86;29.735;30.725;1559259
30.725;30.97;30.31;30.615;1115911
30.745;31.2;30.525;31.01;1308023
31.15;31.74;30.915;31.215;1876611
30.855;31.175;30.615;30.955;1336035
31.21;31.51;30.485;30.62;1286640
30.365;30.585;29.85;30.455;1453920
30.295;30.395;29.715;29.815;1564674
29.97;30.165;29.525;29.75;1699657
29.93;30.4;29.59;29.78;1993250
29.88;30.105;29.335;29.54;1510137
29.235;29.24;28.755;28.755;1648486
28.735;29.11;28.51;28.81;1669523
28.52;29.375;28.31;29.2;1780346
29.335;29.395;28.6;28.76;1578167
29.035;29.425;28.96;29.25;1417476
29.285;29.56;29;29.085;447912
29.33;29.77;29.22;29.41;1671298
29.55;29.68;28.88;29.165;1359978
27.825;27.9;27.47;27.6;1452964
27.745;28.55;27.7;28.205;2175997
28.2;28.3;27.76;27.97;1194782
27.955;28.3;27.675;27.79;1124456
27.67;27.785;27.31;27.74;1730262
27.745;28.5;27.685;28.41;1946649
28.19;28.24;27.33;27.46;2080729
27.9;28.195;27.65;27.97;1840808
28.095;28.66;28.04;28.63;1696199
28.585;29.025;28.325;28.425;1600225
28.135;28.85;27.945;28.825;1983217
28.88;29.1;28.2;29;1894132
28.25;29.05;28.25;29.03;1158501
29.19;29.695;29.05;29.55;1497043
29.5;30.05;29.42;29.89;1663184
29.6;29.875;29.16;29.36;1682317
29.825;30.725;29.655;29.87;2335766
29.845;30.225;29.595;29.99;1031774
30.115;30.62;29.88;30.46;1229537
30.685;31.1;30.59;31.005;1601470
31.1;31.15;30.3;30.87;1472508
30.855;30.935;30.455;30.74;1092829
30.745;31.23;30.72;31.155;646577
31.295;31.64;31.105;31.55;1419105
31.55;31.795;31.23;31.77;1800264
31.825;32.31;31.71;31.82;1657817
31.875;32.055;31.04;31.26;1229537
30.775;30.88;29.735;30.08;2384339
29.5;30.29;28.72;30.04;2379364
29.975;30.53;29.82;30.36;1274352
30.045;30.655;29.84;29.885;1025926
29.855;30.35;29.605;29.925;1174319
29.8;29.905;28.57;28.695;1671426
28.95;29.35;28.75;29.15;1259985
29.405;29.635;28.83;29.265;1832314
29.45;29.795;28.5;29.515;1697245
29.975;30.15;29.81;30.095;1441733
30.03;30.775;29.81;30.475;1640893
30.99;30.99;29.255;29.5;2010082
27.95;28.2;26.83;27.255;5752357
26.995;27.38;26.505;27.03;2047890
26.7;27.03;26.035;26.54;2343324
26.815;26.905;25.3;25.5;2735575
25.37;25.37;24.17;24.275;2895303
23.865;24.575;23.115;23.795;4208261
24.295;24.33;22.12;22.23;3424322
21.005;24.005;20.8;22.415;6050402
21.925;22.865;20.1;20.375;5515184
20.46;21.345;19.575;20.955;4697263
22;22;19.6;19.72;3309992
20.285;20.67;19.01;20.55;3255329
20.65;21.585;19.9;21.445;3174448
21.75;21.9;21.16;21.48;1718623
21.3;21.345;20.56;21.08;2058864
20.9;21.47;20.56;21.09;1951808