264.8;268;253;257.3;172105
263;263;243.2;246;324512
239.9;239.9;232;233.5;413435
233;233.4;221;223;549435
223.7;226;217.6;219.3;428168
225.1;231.9;224;230;413271
235;239.6;232.6;236;324066
231.8;240;230;240;320608
240;244.8;238.1;239;191574
239;243;232.1;238.5;170225
240.6;243.7;234.8;240.5;178546
243;243;230.5;234.5;178427
231;231.5;222.6;228.3;334324
225;228;219;226.2;539926
223.2;229;220.6;223;184089
228;229.5;220.9;222.5;201321
215.5;216.9;200.3;201.9;1125558
205.6;209;195.6;203.5;799661
207.2;208.8;202.4;204.4;770304
208.5;211;205.1;209.4;234369
208.5;208.5;202.2;204.1;184933
203.1;208;199.8;204;266562
205;206.9;202.2;203.9;243881
207.1;219.9;205.1;216;446386
221.6;222.2;214;219.3;302357
220;220;204.9;208;394884
207.9;209.8;200;202.1;322487
204;204;199.3;200.1;255318
200;200;189.6;192.6;571173
193;201.9;188;191.5;435118
193;201.4;192.1;198.9;206948
201.5;210;200.1;207;422665
210;210.3;196;199;368644
195.2;202;195.2;198;252247
197.1;198;191.7;192;233007
191;196.7;191;192.9;146056
194.9;204.5;193;202.2;332112
205;207.3;201.1;203;172826
207.2;208.9;203.5;206.5;207372
209.8;213.4;205.4;213;719273
213;213;202.7;208;289479
209;213;205.5;209.1;333256
211;213.8;208.6;211.4;192767
211;215;210.1;213.9;201140
216.4;221.9;215.1;221.1;314120
224.8;227;220.1;223.4;348351
226.9;228.4;215.5;216.3;331416
216.3;216.3;205.7;206;406661
207.5;211;207;208.6;183826
211.8;211.8;200.6;204.7;294577
208.8;208.8;199;204.1;198197
201.6;205.8;199.2;202;189324
201.9;202;191;194.3;534812
194.4;200.4;194;196.3;263003
203.9;205.5;201.8;202.1;312118
205.8;205.8;200.1;201.2;124323
200;202;198.2;200;215868
202.9;204.6;197.2;199.7;225256
197.2;200;196.5;199.5;228915
201;202.4;195.1;198.5;229272
200.9;201.9;197.1;200.3;117195
200;202.7;199.2;200.4;167317
199;201.9;198;200.1;321081
200.5;200.5;197.6;199;313781
198;200;191;193.6;328593
199.5;199.5;192.2;198.7;204732
199;203.8;198.5;198.8;271912
198.7;198.8;189.6;195.2;360087
198.2;204.7;196.2;202.5;263106
204.8;204.8;194.2;203.6;258312
203.7;204.3;198;201.7;163144
203;203.7;194.2;199.8;228619
201.1;201.1;195.2;199.9;145719
201;201.4;195;200.8;205020
201.4;201.4;194.1;199.9;170253
191.5;201.2;191.5;201;212415
201.9;202;195.1;199.8;185046
201.1;201.3;194.7;197.5;189227
195;207.7;195;207.7;285790
209;217.9;208;216.2;282901
220;226;220;224.9;589088
223;224.9;216.2;219;283330
223.5;224;217;221.9;261689
219.2;221.9;216.4;221.9;193254
221.5;222;214.2;216.6;268795
218.9;218.9;213;216.5;112294
216;217.5;213;217.5;120838
214;218;212.2;212.9;115939
212.1;213;210.2;211.5;161684
211.5;213;201;203;316382
200.5;209.9;200.1;208;180568
208;213.4;206.6;211;157541
213.8;213.8;208.1;210.7;109047
207.2;214.5;207.2;209.5;206069
210.1;213.8;209.7;210.1;147632
210;219.4;210;219;245975
219;222.3;218.1;221;314891
217.2;219;215.2;216.6;130718
213.1;220;213.1;218.8;133463
215.5;222.4;215.5;219.1;311889
216;224.7;215.6;220.9;168131
220.2;221.5;217;220.4;156727
217;224.9;217;220.4;61162
220;234;220;228.7;416046
232.3;234;225.5;230.7;283120
230.5;237.4;229.2;232.1;195513
230.3;238.6;230.3;238.2;164815
233.5;239.2;233.5;238.1;176838
236.5;239.6;230.2;233.6;231754
229.6;233;227.5;232;110593
231;231.6;227.2;228.5;166141
227.3;230;226.2;228.1;103682
226;235;225.4;230.2;161239
228.4;236;228.4;232.5;171938
235.7;237.2;230.2;231.2;184658
237;237;227.3;229.2;170202
225.4;229.9;225;229.1;57720
230;235.7;227.2;233.5;222738
230.2;233.5;227.6;230;131286
230;230;224.8;228;114767
229.3;232.4;227;230;162974
233.2;237.4;229.3;235.6;656778
236;238;231.6;235;227693
232.2;239;229.7;235;306595
238.5;241.3;231.7;233.4;880695
237.9;237.9;229;232.7;157117
230.5;232;225.9;232;151330
232;232;217;225;237080
225;226;216;222;220843
221.5;223.8;217.8;220.8;93954
219.1;223;217;223;152302
215.2;223.4;215.2;219.3;144674
224;225;220.1;225;146990
221;224.9;217.8;222.5;257081
222.8;223.9;217.5;220;70264
221.7;221.7;215.2;219;178954
219.2;221;215.6;216.9;148107
217;219.5;215.5;217.6;79170
216.5;228;216.5;227.5;184345
225;232;225;226.7;177826
230.6;231;226;229.3;177577
234.8;234.8;220.8;224;281047
224;227;219.9;221.9;227542
223;224.5;218.6;220;154089
221.5;221.6;218;219.8;250919
219.8;224.2;216.1;224.2;167453
220.1;226.9;219.4;224.2;107895
224.9;225.9;220.1;223.7;127715
221.1;224.6;217.2;217.6;162525
218;223.1;218;222;84821
218.3;224.6;218.3;222.8;78295
222.7;223;219.2;220.2;98395
221.9;222.3;215.9;216;200271
219.8;219.8;212.1;215.5;252093
217;217;213.6;216;65133
218.4;218.4;212.6;215.7;94137
216.5;216.9;212.7;214.9;71905
215.1;218.5;214.1;218.5;124248
217.8;218.8;213.2;214.9;145564
216.9;216.9;210.1;210.1;161486
207.2;211.4;206.8;209.2;144195
208;209.9;204.5;204.5;224271
204.2;207.5;202.5;207;245606
207.5;207.5;201.4;202.6;173179
202.3;208.6;202.3;205;156091
207;208.9;206;206.6;141229
207.3;212.8;205.2;209;173548
209;210.8;206.1;210.7;430104
207.2;214.1;205;212.9;296393
212.8;220.8;212.3;218.6;317735
220;220.5;212.2;212.2;189780
212.2;215.5;210.4;213.3;200721
213.3;218.4;213.3;217.4;199657
217.3;218.3;212.6;218;172574
215.6;218;214.1;216.5;123508
217.1;218;212;213.2;140541
214;215.9;209.1;212.8;161549
213.5;214.1;205;205;338137
207;210.7;207;207.1;270489
207;209.4;203.5;204.4;556003
206.3;206.3;203.2;204.5;195032
203.6;205;200.3;201.5;317257
201.1;205.4;198;205.4;270284
206.9;206.9;200.6;204.6;253332
204.8;207.8;201.1;207.5;513425
208;208.8;198.3;203.1;673852
201.2;205.6;199.9;203.4;217517
201.3;203.3;195.8;199.5;477318
200;200;195.5;199.5;243803
195.2;199.5;195.2;199.5;232777
195;201.9;195;199;150769
197.1;199;195.4;196.6;196649
195.6;196.2;192.5;193.1;370017
194.3;195;188.1;194;313952
194.8;195.4;189.5;191.9;278099
191;191;185.2;188;268588
190;192.5;188.3;189.7;340961
189.5;194.9;188;193.9;239177
192;196;189.1;194.8;214151
190;194.6;189.3;194.4;174264
197.6;197.6;191.8;195.7;132603
196;198.3;192.6;192.6;149230
192;195.2;189.6;194;161179
191.3;196.2;191.3;196.2;145199
195.2;201.8;195.2;201.5;172606
199.2;202.9;197.2;200;116459
202.5;203.4;199.2;200.9;238590
201;204.9;201;203.5;197049
204.9;204.9;201.3;203.5;195294
202.5;207.8;202;207;187721
206.2;209;204.6;207.7;82466
209.1;210.9;205.2;210.3;201003
211.9;214;210.2;213.1;96542
213.8;214;208.7;212.1;131119
214;216.9;210.3;215.5;156906
217.8;217.8;208.2;208.5;276717
210.6;210.8;205.9;208.8;149823
211;211.8;205.4;207;140462
209;213.5;206.3;209.1;157507
211.4;212.6;204.9;206.1;230112
206;208;201.4;201.6;212449
202.2;207.5;200.3;205.3;181665
203.3;204.8;201.1;204.7;173487
204.1;206.3;200.6;206.3;139142
206.6;210;203.6;203.6;149792
205.1;206.2;198.7;200.2;142780
200.2;207.9;200.2;206.7;141962
204.6;206.8;202;204.1;130935
204.7;205.4;201;203.5;89253
204.4;206.4;202.2;205.3;148872
205;212.9;205;210.2;280613
211;212.6;207.7;208.2;734754
206.2;212.2;206.1;209.2;110450
208.1;210.9;204.5;208;191988
208;212.8;208;208.8;193625
210;210.6;206.1;206.2;117907
208.4;213.3;206.3;212.8;192259
211;215.3;209.4;210.9;245404
210.8;216.5;209;214.6;252803
214.2;218.6;214.1;214.1;237072
214;225.2;214;225.2;404602
222.8;225.5;222.5;222.5;487563
222.5;225;215.5;217.3;265450
218;218;212.1;212.7;204845
214.9;220.8;212;215.7;276396
215.7;224.4;215.7;224.2;241603
224;226;220.5;221;273270
220.2;220.2;215.3;215.3;171793
214.9;224;214.1;224;210641
223;223.5;218.6;220;242468
223.9;225;221.5;225;171867
225;227.8;224.4;225.9;171086
227;228.9;222.2;228.9;199162
230;230;222.2;226.1;112233
222.5;229;222.1;228;198314
229.8;232;220.2;222;324818
220;226.5;217.7;219.9;226661
219.9;227;216.5;226.5;169043
227.8;230;225.2;229;329000
228.6;232.9;226.2;228.6;275506
228.1;231.8;228.1;231.5;180824
231.4;233.1;228.4;233;405318
231;232.4;228.5;230.9;93341
229.9;231.5;223.3;227.9;329765
227.1;230.5;227;228.9;249667
227.6;230.9;227.2;229.3;171354
227.5;234;227.5;232.5;288968
233.1;235.3;228.7;230.7;242843
227.4;233.5;227.4;232;231406
234.9;234.9;224.2;226;450299
226.1;227.6;222.2;222.6;522792
222;225.6;217.2;223.3;221513
224.9;224.9;222;223;142162
223.1;225.2;219;224.1;153873
224.7;226.4;218.6;225.1;247241
224.1;229.3;224.1;229;277531
228.6;229.5;225.1;226.6;196858
228.2;228.6;225.4;228;239921
227.5;228.3;223.6;228.3;221583
225.2;227.5;224.5;227.5;158508
228;229.8;225.5;228.5;130592
229.8;229.9;226;228.5;151312
226.6;231.9;226.6;231.5;210789
231;231.3;228.7;230.4;162580
228;230.3;226.6;228.2;72887
225.7;227.3;225;227;183469
227.3;227.3;222.2;223.9;216627
222;226.7;220.2;222.2;189566
222.1;223.8;219.1;220.2;242106
219.8;221.8;216.6;219.8;239008
217.8;224.8;217.8;223.1;199671
220.8;224.1;219;219.3;247458
220.1;226;220.1;226;220916
226.8;226.8;221.6;224.5;276524
222.5;224.3;217.8;219.1;316515
219;219;206.7;211.5;582643
210.2;210.5;205.6;205.6;300918
206.8;209.5;205.9;207.3;194689
205.5;213;204.7;211.2;194994
211.4;217.8;209.9;217.5;264301
218;218.1;210.2;212;243411
208.7;210;205.1;207;289227
205.1;207.5;205;205.3;195434
203.5;206.2;203.5;205.1;175511
203;205;196.1;198;372513
198;199;193.5;196;352220
194;198.6;192.5;192.5;261885
193.4;198;190.4;196;310656
196.1;204;196.1;204;235276
199.9;200.6;192.2;195;457254
194.6;194.6;183.3;187.9;500364
187.9;193.8;187;188.8;262205
193.5;204.1;190.4;203.8;497008
204.6;204.6;197.2;202;344039
202;202;196.3;199.3;198751
197.6;200.9;192.6;196.5;349733
195;203.8;194.2;195;304917
197;199.9;191.8;199.9;210364
197.5;198;187.6;189.9;386566
187.9;193.8;185.4;189.2;249668
190.2;196.5;189.1;194.7;231562
195;195.5;189.5;192.6;240805
189.9;195.8;189.5;193.6;123279
194.8;199.7;193.2;199.5;200529
198.5;204.4;197.2;204;246147
204;204;199;199;138350
195.5;198.8;194.6;197.1;129061
197;200.9;195.1;200.4;138433
201.9;204.8;197.3;198;395235
198;200;192.2;195;443595
195;196.9;190.8;193.9;273827
193.1;198.2;191.5;191.9;361043
187.5;191.9;185.2;190;965700
190.1;193;189.1;191.2;857176
191.8;195.6;190.2;195.4;853847
195.5;198;193.6;194.1;317801
194.1;195.7;192.7;195.6;337096
196;197;191;191;349952
191.5;195.6;191.2;194.5;310291
196.8;197.3;192.8;193.5;99951
193.5;195.7;191.5;194;141756
192.3;196.9;191.6;196.6;345310
195.6;203.8;195.6;203;688903
202.9;205.9;202.1;203.5;299583
203.4;203.5;199.3;199.8;207889
201.4;203.8;198.8;203.6;194387
201.2;204;198.7;200;250941
202.8;204.4;200.2;203;223851
202.5;209.3;202.5;209.3;310316
209.6;209.6;205.2;208.6;185640
208.6;213.8;208;211.8;534979
213.2;213.7;210.3;210.3;163273
210.1;212;209.1;210;68840
210.5;210.5;206.7;208.7;151075
208.6;210.9;208.3;209.5;179749
209.4;210.9;206.8;208.5;136321
207.5;209.5;206.1;206.1;1075695
207;209.4;205;205;356036
207.5;207.5;203.2;205;178640
204.1;206.9;203.7;206.9;97311
207;208.7;205.3;206;142010
206;206;202.4;203.4;223913
203;203.1;200.2;200.2;125072
201;203;198.7;199.3;242091
198.4;200;194.7;195.1;285866
195.1;198.9;195.1;198.4;227970
195.2;196.9;194.5;195;226013
192.9;194.3;190.1;190.5;511548
190.5;191.4;186.1;187.1;375035
186.8;188;179.7;185.5;651454
185.5;185.5;172;172.3;1753803
173.8;177.3;168.1;174;1146689
175.9;176;171.5;172;489907
174.4;176.5;171.4;171.5;426262
171.5;172.1;166.2;172.1;690268
172.9;172.9;167.6;170;309414
170.8;170.8;166.5;167.6;401519
168.4;173;167.3;171;514709
172.1;176.8;170.8;175;266185
176.2;176.7;172.5;174.5;141361
175.9;175.9;170.3;170.7;229482
169.7;170.5;166.5;167.5;327252
166.2;167.8;162.7;165.1;228999
165;165.7;161.6;164.8;237476
163;165.7;158;160.9;436245
158.1;160.2;157;158.8;371078
165;165.6;160.3;161.4;591450
162;163;159.3;161.3;467572
161.7;165.9;159.9;165.3;263627
164.1;166.9;162.6;166.2;238331
168.4;169.3;166.3;167.6;574823
169.2;170.4;166.2;170.1;448181
170;170.2;167.1;167.1;234375
167;170.2;166.8;168.1;188093
168.1;169.6;165.1;166.7;143893
168;168;163;163.7;185629
166;166;162.7;163.5;307991
164.7;169.1;164;169.1;586159
169;170.3;166.2;169.5;281401
169.9;169.9;166.7;168.9;269540
167.5;171.3;167.4;169.5;189109
170;172;168.9;169.2;243800
168.1;169.6;165.6;166.8;183108
168;168.8;164.4;164.6;287151
164.6;164.6;160.2;161.8;417495
161.9;163.4;160.5;162.2;124989
161.2;162.9;159.4;159.4;241147
160.6;162;159;159;159393
160.9;163.9;159.6;163;270635
163.1;165.5;162.2;162.5;216256
162;163.9;161.5;161.5;60225
162;162.8;159.6;159.8;217887
160.7;160.7;156;157.4;218018
158.5;159;156;157;152644
158.5;158.7;156;156.5;183136
155.8;159.8;155.1;156.6;205827
156.5;158.4;155.2;158.2;159974
158.6;161.8;158.1;160.5;171302
161.9;163.1;158.9;159.2;112918
158.9;160.2;154.2;156;309173
154.8;157.9;153.5;155.2;950279
155.7;156.8;149.5;150.3;295592
150;152.4;148.2;148.2;209550
149.6;149.6;145.3;146.3;167974
147.8;149.3;144.1;146.5;278291
145.8;145.8;140.8;142.5;357722
144.5;144.8;138.2;141.2;479932
140.1;143.3;138.2;140.4;412559
138;139.8;132.7;139;481255
139;142.5;127.3;133.2;573940
123;132.5;121.6;126;744024
128;128.3;123.1;127.7;462535
125.5;129.8;117.3;118.2;552241
118;120.9;111;120.9;627473
117.9;118.9;113.2;113.8;451002
114.9;117.8;107.2;109.5;421245
110.2;112;97.2;101.2;803912
100;110;97.05;104.5;1046777
105.5;110.3;105.1;110.2;520143
108;114.8;106.2;112.9;513509
111.3;116.8;111.3;115;349154
116;122.5;116;120.7;694155
122.6;126.4;119;121.1;628606
124.5;124.5;117.1;117.1;313976
119.5;119.7;113.5;118.1;492187
118.9;118.9;111.2;117.4;613999
119.5;123.9;118.1;123.9;483634
123.6;124.8;121.1;122.4;222401
121.8;124.9;117.6;124.2;262550
125;128.5;122.8;127.9;514048
126.7;136.3;125.2;136.2;490616
136;136;128.8;131.5;570533
133;133;128.1;129.1;345878
130;130;124;125.9;456656
126.1;128.6;125;126;365521
128;131.5;127.2;131;354264
128.5;131.8;127.4;127.9;317410
127.5;129;126;127.2;381638
128;129;125.3;128.1;127560
125.8;134.8;125.7;132.3;597150
132.3;138.8;131.1;135.5;1032332
137.8;139.2;134.2;134.8;805976
137.4;138.8;135;137.2;367046
137.5;137.5;135.1;135.1;366195
130;131.5;124.9;126;1823735
126.5;127.9;126;127.9;1268556
127;131;126.5;131;307985
130;130.9;129.3;130.8;319483
131.7;134.3;130.9;133.2;378167
133.7;135.2;133;133;398510
134.5;135.5;132.6;135.3;381997
134;137.7;133.7;135.7;436641
135.2;136.7;134.6;135;530458
133.2;133.2;128.2;130;579976
131.4;133.9;131.4;133.8;426084
133;136.8;133;135.4;460868
136.6;142.3;136;141;1150818
141;143.9;140.2;143;790205
144.7;151.2;143.7;150;710799
152.7;153.3;147.1;149.3;743549
148.5;149.1;147.3;148.6;415188
147.2;151.8;147.2;149.7;350683
149.7;149.7;146.1;148.2;299819
149.8;150;143.5;143.5;567369
145.3;146.7;143.6;144.8;478156
144;146;143.8;144.2;1518655
143.5;147.3;142.7;145.1;427750
146.7;147.7;145.3;146.9;540252
145.3;146.5;143.7;145.7;314081
146.5;152;145.7;151.4;778126
152.8;154.1;151;152.4;561379
153.9;156.9;152.5;155.6;601689
155.2;156.5;153.2;154.9;226796
153.7;155.8;153;153.5;214805
153.1;155.2;150.8;151.5;252815
153;154.3;150.7;152;222998
152.8;153.8;147.7;149.2;459107
147.9;147.9;143.5;144;514512
145.7;146.2;143.6;144.9;331832
145.7;149.3;144.5;146;395757
144.2;146;140.4;142.2;765749
142.2;143.5;140;141;398245
139.7;143.9;139.2;141;473620
139.7;142.4;139.6;141.3;43999
140.3;145.4;140.2;144.9;294674
146;146.6;143;144.6;333723
145.8;147.3;144.5;144.5;254109
146.5;149.8;145.9;149.5;427524
149.9;154.7;149.5;152.7;458893
152.9;153.7;149.4;150.8;389276
149.3;150.3;148;148.4;426045
150.5;150.5;146.1;148.1;418796
145.8;147.5;143.6;145;300800
145.8;146.9;144;145.9;295563
144.6;145;141;141.2;293382
141.3;143;140.2;140.8;421913
140.8;141.9;139;140.8;396459
133;133.4;126.7;128.1;2489690
126.3;129;124.8;128.5;751844
128.1;128.2;125.1;127;320767
127.5;129;126.6;126.9;299446
127.7;127.7;121.1;122.5;780064
123.3;124.4;121.1;122;637637
122.5;122.7;120.9;122.6;362562
122.8;126.3;122.8;123.9;332626
124.9;125.7;122.6;123.1;663167
122.3;122.3;120;120.9;557494
121.3;123;117.5;119.7;641584
120.8;120.8;118.4;119.4;322843
120;120;116.3;117.5;283510
116;116.9;110.9;112.9;1777140
112.3;113.6;109.6;110.3;1054873
109.7;114.7;109.5;112.6;867474
112.7;114.5;111.5;112.4;417164
113.9;118.6;113.9;117.2;945813
117.7;118.4;113.5;115.7;508946
116.1;118.3;115.4;116.2;421231
117.8;123.7;117;122;1203547
121.5;121.7;118.5;119.2;455613
120;120.7;118.1;119.1;128366
118;119.2;117.3;117.4;585872
118.1;119.7;117.5;118.4;272708
120.2;120.2;117.2;118.5;313544
117;118;115;116.5;378021
115.5;115.7;112;115.4;622775
115;121.7;114.8;119;642165
119.2;121.7;119.2;120.5;322637
120;122;119.6;120.9;304500
121.4;126.2;120.5;125.6;435867
127.1;129.6;126.3;129;735584
129.3;129.9;126.8;128;493302
128.9;130.8;127.6;130.6;483564
130.9;134.7;130.4;132.1;641505
132;133.5;129.8;131;321587
130.5;132;128.2;128.2;448565
129;129;127.1;128;358731
128;129.8;127.4;127.7;324122
128.4;128.9;125.7;127.5;320628
127;130.9;126.7;130.9;363769
132;134.1;130.6;132.4;369412
131.6;133.5;131.6;132.3;274804
132.3;132.9;130.3;132;320322
132.5;132.5;129.7;130.2;275998
130;132.4;129.5;131;337748
131.1;135.6;129.7;134.7;569861
132.6;136.1;132.6;135.7;381614
136;136;134.7;135.5;341601
136;137.3;135.2;135.8;575079
134.1;136.6;133.8;134.6;640333
133.6;135;133.1;135;364906
134;134.7;129.7;130.5;544879
131.5;131.5;125.1;125.3;933387
125.3;126.8;124;124.2;387940
125;127.6;124.6;126.2;318409
125.2;129.5;125.2;129.5;426818
129;132.3;128.9;128.9;476575
129.4;130;127.5;128.6;286466
129.4;129.4;127.5;128.5;233042
129;129;126.8;128.5;394188
129;130.5;128.1;128.3;244788
128.9;130.1;127.5;128.6;372304
127.8;128.5;125.5;127.7;530492
128;128.5;127.1;127.6;240641
126.6;130.5;126.6;128.7;467035
128.6;129.5;127.5;128.8;201200
128.3;128.6;126;128.4;402198
127.7;128.9;125.7;127.4;817410
126.6;127.9;125.3;127.3;333716
126.7;127.4;123.8;126;589839
126;126.9;122.2;124;379216
124;126.5;122.3;123.3;296909
122.8;124.4;122.2;123.5;195914
122.1;122.6;120.8;121.9;990306
122.2;125;121.8;124.2;267030
125;125;122.4;124.1;114155
123.7;123.9;121.6;122.2;155636
121.4;123.4;121;123.4;158352
123.5;128.7;122.9;128.4;588919
129;130.6;128.4;130;452318
129.8;131.3;128.5;129.6;310673
130.7;131.2;127.8;128.5;441021
128;129.8;127.9;128.5;110427
127.8;130;127.5;129.6;477352
128.8;129.8;125.8;126.2;478730
127;127.8;125.6;126.3;275975
128;129.5;127.6;128.6;302259
127.7;130.4;127.7;128.6;288158
129;131.9;129;131.1;442347
130.5;135;130.5;134.1;685518
134.1;134.1;131.6;132.1;462410
132.9;135.5;132.2;132.3;599132
132.5;136;132.1;132.7;659626
132.5;132.5;128.7;129;453359
129.2;130;127.7;128;436238
128.1;132.6;127.9;131.3;386423
126.1;128.7;126.1;128.1;877906
128.5;129.5;126;126;285069
125.3;132;124.7;131.9;409745
130.6;130.6;128.5;128.8;481080
129.1;130;125.2;127;484698
126;127.1;119.6;121.3;928123
122;124.6;121.7;122.9;544106
124.7;126.9;122.9;126;539906
123.1;124.6;122.6;123;392556
122.6;124.8;121.7;122.4;706626
121.5;122.4;118.3;119.6;662668
119.5;119.5;115.3;117;794571
119.2;120.6;118.7;120.6;492589
116.2;118.7;115.5;118.4;491541
119.5;120;115.5;116.9;640446
119.5;120.8;117.1;120.1;521536
118.5;123.8;118.1;119.4;306907
118;121;115.6;116;377425
116.3;117.8;99;102.4;1956979
105.5;105.5;100.9;102.5;794622
104.5;106.4;103.5;106;600628
106.5;108.8;102.1;103.1;606570
103.4;106;97.35;100.5;866431
98.1;98.5;90.6;92.7;1317598
89.95;94.2;87.6;92.75;1139662
96.9;97;88.5;88.5;665446
88;91.7;78;79.05;1636860
81.9;82.5;75.6;79.65;1260499
79.1;87;79.1;83.45;1401162
85.5;91.6;83.1;91;1583010
89;89;86;87.5;753956
87.1;89.5;84.5;87.4;826841
87.6;89.6;81.35;82.65;1323036
82.2;84.4;75;80;989402
85;86.3;80.5;82.8;597644
81.1;86.5;77.1;85.65;588539
86;92.3;85.75;92;1081781
92.4;93.25;87.15;90.1;598200
91.9;93.9;86;89;611498
89.95;90.7;83.2;83.75;464545
84.65;86;81;81.65;506772
82.95;82.95;75.85;76.65;664266
75;79.5;72.35;78.45;1050513
79.35;82.9;78.8;79.9;547276
81.8;82;79.1;80.85;778589
81.8;83.15;80;81.5;694390
81.85;81.85;78.5;79.65;443221
80.9;81.05;77.75;78.9;328813
77.55;77.8;74.5;74.5;412349
77.25;78.9;76.2;77.55;279470
78;79;70.2;72;725261
73;73.95;68;72.2;906877
71.4;74.4;71.4;74;597048
74.4;77.65;73.45;76.4;767374
85.6;93.7;85;90.1;3184232
91.65;93.95;89;89.1;846356
89;90.45;86.05;86.05;335396
86.25;90.75;86.25;90.75;553264
88;90;85;85.15;1969782
85.75;85.75;82.2;82.35;528524
83.75;86.3;81.6;83.5;577089
84;84.4;81.65;81.65;297257
79.5;81.4;78.1;78.3;922281
78.1;81;76.2;80.65;447568
81.6;82.6;77.1;79.45;704329
79;83;77.8;82.3;382256
82.7;82.95;80.5;81.6;266290
82.75;85.9;82.15;85.9;430725
86.4;87.9;84.15;85.15;392041
83.45;85.5;81.95;82.25;341688
82.45;82.5;79;79.15;443747
80;80.85;78.9;79.75;484028
81.5;83;78.4;79.2;374453
78.4;79.15;73;75.25;700763
75.55;76.2;70.95;71;732769
71;72;68;71;2076102
71;72.5;67.1;67.1;1003098
67.3;68.85;64.1;65.75;761046
64.55;68.6;64.55;66.3;616558
67.4;68.4;65.3;67.8;1018843
67.8;68.8;66;67.55;338399
65;65.85;61;64;561771
63.5;64.3;59;60.95;610279
63.05;63.25;57.05;61.7;1011438
60.15;62.35;59;61.3;789610
60.45;62.7;59;61.5;803122
59.5;61.25;59;60.55;457634
61.3;61.5;55.2;56.95;832733
57.6;57.9;53.9;55.1;628626
54.1;56.9;53.9;56.6;438874
57;60.5;56.75;60.25;727949
59.35;61.1;58.15;59;439137
59.9;65.25;58.1;64.3;621862
63.65;66;62.25;62.6;378554
63.5;68.45;63.45;67.8;964196
69;69.8;66.15;69;475776
75.25;76.4;71.55;75;1507065
74.5;75.45;71.1;71.65;864334
71.3;73;66;67.8;687395
68.85;70.4;67.55;68.85;473419
67.5;71.6;66;69.4;574869
71.25;73.85;69.95;73.5;459245
74;74.7;69.15;69.9;652684
72.5;80;71.75;79.3;1003135
79.05;83.8;78.05;80.8;740579
80.4;80.8;77.7;79.5;448595
81;85.7;80.55;85.45;515309
84.5;84.8;83.1;83.95;401083
84.9;85;81.3;82;499777
82.5;82.5;75.15;77.8;818623
77.9;80.5;75.15;76;474017
75.9;77.5;75;77;204660
76.2;78.75;75.1;76.6;266259
76.35;77.5;73.05;75.6;441530
75;80.6;74.5;78;278556
79.9;83.6;79.9;81.8;478519
82.95;84.95;82.9;83.5;282926
82.2;84.6;82;84;283527
84.8;84.8;79.8;80.5;242830
82.95;84.9;81.9;84.9;309410
85;90.1;84.15;89.05;628941
89.7;89.75;86.8;87.4;373396
88.4;88.75;85.5;85.9;293154
85;92.45;85;91;1730084
92.6;92.6;89.4;90.2;336297
90.95;91.15;88.15;89;445688
91.7;94.05;89.3;90.55;354820
91;92.5;87.2;87.85;409536
85.65;89;85.5;88.75;487243
88.75;90.7;86;87.7;334998
88.1;88.1;83.1;86;379081
82.8;83;77;78.35;1049269
78.55;80.9;78.05;80.9;500553
81.55;81.55;76.3;80.3;511602
79.05;79.9;76.35;76.75;622659
77.25;77.9;74;74.2;355921
73.65;77.95;73.5;77.25;342481
78.65;78.65;72.2;73.1;746630
72.15;73;69.6;70.8;1098828
70.15;72.8;68.3;70.35;519134
70.15;70.8;69.1;69.95;235884
70.5;71.15;69.45;70.8;396960
72;72;68.8;70.9;105483
69.1;70.35;66.1;68;280359
68;70.95;66.5;69.1;279395
68.9;70.95;68.5;70.1;304554
69.3;74.3;69.25;74;261613
74;74.6;72.2;73.2;377972
73.2;74.35;70.6;72;248657
72.65;72.95;69;69.75;242196
69.35;69.45;63.75;64.4;997409
64.05;67.5;62.15;66.1;884994
66.15;69;65.3;68.35;442146
68.95;69.8;67.25;68.85;382702
69;69.05;65.15;66.8;443380
67.25;68.3;65.5;65.8;359779
68.2;71.5;68.2;70.8;1214396
70.05;70.6;66.35;66.8;718605
66.8;68.3;65.85;66.5;246681
66.6;68.6;64.3;64.3;572232
64.75;65.65;61.85;62.55;479847
63.9;63.9;62.1;62.1;364627
62.6;64.65;61.5;63.9;552667
62.9;63.05;61.4;62.65;567542
64.6;67;63.9;65.25;794311
65.05;67.05;63.5;66.35;450120
66.95;69.4;65.75;68.85;423292
67.6;70.85;67.45;70.1;318129
71;71;68.95;69;307602
68.1;69.1;66.7;67;325579
67.3;68.95;66.55;68.7;202839
67.55;69.8;67;68.6;327350
68.75;68.8;66.7;67.35;327387
67.6;67.7;65.4;66.35;254174
67.75;67.85;65.4;66.15;393698
65.85;66.85;62.1;62.45;901614
62;64.25;61;63.15;463557
63.4;65.55;63.15;64.45;369901
65.65;65.75;64.6;65.35;138282
65.8;65.8;63.8;65.1;220975
65;65.4;63.55;63.7;211823
64.1;64.7;61.8;61.9;170940
61.6;63.75;61.6;62.65;234547
63.25;63.7;60.75;60.75;251128
60;61.45;57;57.05;569578
58.5;58.8;55.25;55.3;2129919
55;57.9;54.5;57.1;615058
56.7;59.7;56.35;59.5;684467
59.7;60.3;57.7;58;402115
57.1;59.05;56.1;57.8;404873
57.8;59;55.6;55.75;437221
56.05;56.9;53.45;53.6;709493
53;53.1;49.75;51.2;850931
51.7;51.9;49.43;49.88;418525
49.4;49.8;47.35;47.56;721162
48.06;48.35;44.55;44.95;1165628
45.5;48.65;45.5;48.3;612373
49.39;51.8;49.3;51.5;982740
49.1;54.6;49.1;53.85;497716
54.9;57;52.5;53.4;751654
54.1;56.7;53.15;54.6;410459
53;55.4;52.4;53.4;288383
53.65;55.05;53;54.15;311599
53.8;53.85;49.5;50;665800
50.35;52.4;49.15;51.3;668403
50.85;52.15;49.02;49.02;749786
49.74;50.9;49.1;50;634580
51;51;48.51;49.77;446845
48.94;48.96;46.05;47.14;594277
47.27;47.99;45.6;46.94;515496
48.1;49;47.56;48.26;471888
48.46;49.81;47.6;48.15;723807
48.6;49.5;47.7;49.11;465530
53;54.45;51.75;52.9;1129859
53;55;52.9;53;1380741
52.65;52.75;51.15;52.2;892955
51.6;52.1;50.2;50.5;519746
51;53.85;51;52.6;670494
53;54.75;51.5;54.25;508248
55.1;56.3;54;54.9;915944
56.05;56.45;55.3;55.45;552911
55.1;58.4;55.1;58.25;729800
58.55;58.6;56.75;58.25;268316
59.1;60.5;59.05;60.15;665869
60.1;60.95;58.85;58.9;432507
59.25;59.25;57;57.2;384128
57.1;58.9;57.1;58.3;455881
58.95;61;58.05;60.55;643206
60.75;63;59.8;62.6;709511
61.8;62.75;61.6;62.6;510166
64;65.9;63.1;65.3;643698
65.15;68.4;64.9;68.4;842152
69;69;67.25;68.35;633135
68.35;69.8;63;63.9;908883
64;65.2;62.75;63.9;356128
65;65;62.55;63.3;482024
60;65.3;59.95;64.9;5716446
63.7;65.55;63.7;65.55;1790190
64.8;67.8;64.8;67.2;1077336
67;68.8;67;67.95;813237
67;67;65.35;65.5;535139
65.2;65.8;63.4;65.2;663324
65.8;66.5;63.9;66.5;878480
66.3;69.15;66.3;69.1;906794
69.35;71.4;67.65;68.05;1107976
68.5;68.9;66.25;66.5;284223
66.2;68.3;65.5;67.55;474052
71.2;72.5;69.5;70.2;1296373
69.55;71.85;69.55;71.2;413960
70.65;71.75;69.9;70.55;551804
71.05;71.9;70.3;71.2;634122
70.95;70.95;69.8;70.8;356442
71;72.4;70.3;71.75;586517
72.35;72.95;71.35;72.45;611729
70.1;71.2;69.3;69.95;541695
69.75;69.8;68.35;68.35;585916
68.35;69;67.25;67.9;514053
67.75;68.55;65.8;66.65;809231
67.3;68.5;67;68.3;659956
67.6;69.1;67.35;68.1;989603
67.95;69.1;67.05;69.1;361347
69.45;70.15;68.45;69.05;518889
69.2;69.5;67.7;68.5;413138
68.85;68.85;65.85;66.2;890882
66.25;66.6;65.4;65.8;751114
65.8;66.1;63.05;63.05;695187
63.6;64.4;63.05;63.6;777456
64.2;64.8;63.45;64.4;561281
63.55;65.8;63.5;64.5;335377
65.1;66.85;64.6;66.8;748587
66.6;66.8;65.55;65.6;573688
65.3;65.75;63.2;63.55;681414
62.45;64;61.75;64;1697328
64.75;64.75;62.95;63.15;634687
63.45;64.3;62.8;63.1;295063
63.7;66.15;63.6;66.15;551755
66.5;66.75;65.6;66.1;463152
66.6;66.6;65.05;65.75;347862
64.6;65.7;64;64.1;260086
63.9;66.5;63.9;65.9;661587
66.15;66.55;65.8;66.3;428631
65.8;67.4;65.8;67;485340
67.3;69.45;66.8;67.4;979273
66.2;67;65.2;65.65;790740
66.1;68;65.3;67.25;735862
67.95;68.75;66.25;66.8;762025
67.05;67.75;66.55;67.25;460660
67.3;68.5;66.95;67.75;435672
67.5;69.95;67.3;69.9;724228
68.9;69.7;68.5;69.2;381026
69.75;71;69.45;71;564556
70.45;71;69.3;69.8;596673
69.35;71.35;69.35;71.25;431958
71.4;72.3;70.8;71.95;444047
71.5;72.5;71.35;72;469250
71.8;72.4;71;71.4;405680
72;72;70.65;71.7;248580
71.15;71.75;70;70;550056
70.85;70.85;69.55;70;324986
69.45;70;68.4;69.8;580371
70.05;70.55;69.4;70.3;175605
70.65;71.3;69.9;70.45;295582
70.85;70.85;69.4;69.8;480365
70.3;70.3;68.6;69.6;375260
69.85;70.1;69.45;69.75;184564
70.25;70.55;69.7;70.45;307992
70.45;73.6;70.45;73.4;784228
72.9;76.2;72.9;76;1131969
76;78;75.9;77.4;1008372
77.3;78.45;76.8;76.9;498766
76.8;76.8;75.5;75.7;341301
75.75;76.9;75.75;76.1;544705
76.3;79.1;75.75;77.95;2307476
78.05;79.9;78.05;78.5;803825
79;79;77.25;78.25;470441
78.6;79.8;78.5;79.4;437223
79.7;82.8;79.4;81.9;1355624
82.35;85.1;82.35;83.75;985174
82;83.4;79.75;81;1763012
79.7;80;76.85;77.85;1331923
77.3;78.9;77.2;78.55;485350
79.05;80.15;77.85;78;600910
77.9;78.6;76;76.25;484446
75.9;78.15;75.5;77;451744
78.3;78.3;74.5;75.75;680905
76.45;76.9;75.75;76.55;258183
76.55;78.4;76;78.15;329664
78.95;79;76.7;77.45;434278
77.5;78.3;77;78.15;339722
78.4;78.4;76.7;77.25;293762
76.65;76.9;74.6;75;447661
75;75.3;73.3;74.55;588637
74.55;76;74.3;74.3;394809
73.8;75.1;72.8;73.45;567533
72.8;73.65;72.15;73;446636
73.3;73.6;72.1;72.2;328585
72.3;72.45;69.8;70.5;632771
71;71;70;70.75;369967
71.3;72.9;71.05;71.6;429821
71.8;73.95;71.8;73.7;475038
74;75;73.8;75;268235
74.95;75;72.95;73.35;325601
73.3;74.2;72.4;72.7;590262
73.65;76.5;73.1;76.5;710567
76.5;77.05;75.5;75.55;592022
76.1;77.5;75.65;77.5;380603
78.15;78.3;76.5;76.85;638140
77.7;79.15;77.45;78.25;736817
79.05;82.15;78.8;81.5;1392998
82.1;83.5;80.55;81.1;931787
80.9;82.95;80.8;82.8;655394
82.8;84;82.7;83.85;638645
83.65;84.65;81.15;81.5;1162213
80.8;82.8;79.8;81.95;631775
82.15;82.7;81;82.05;248464
82.3;84.85;82.15;84.8;676028
84.75;85.65;84.35;84.45;503600
85.15;86.2;84.85;86;551913
86;87.95;85.35;87.6;811678
87.45;88.2;85.8;87.65;466089
87;88.9;85.15;88.25;752632
82.95;84.7;82.5;84;3105780
83.5;83.7;82;82.55;934815
82.25;83;81.75;82.4;547182
82.4;83.95;82.4;83.5;618693
83;84.9;82.4;84.6;595014
84.25;84.4;83.45;83.6;497900
83.6;85.15;83.2;84.7;476930
84.9;85.8;84.15;84.35;507711
84.5;85;83.75;84.35;334440
83;83.65;80.75;81.35;627283
82;82;80.65;81.5;368024
80.1;80.7;79.6;80.45;515472
81.4;81.4;78.15;79.75;580290
79.25;81.4;79.25;81.4;467820
81.4;82.8;80.7;82.5;390448
82.25;83.5;81.8;82.1;429327
81.95;83;81.55;81.9;396064
82;83.55;82;83.25;346132
83.5;83.7;81.2;81.8;1637893
81.4;83.35;81.4;82.75;422252
82.8;83;80.6;81.3;763521
80.75;81.15;79.75;80.4;701242
79.65;80.9;79.6;80.1;472245
79.7;80.35;78.3;78.75;422259
78.2;78.7;77.35;78;315071
78.05;78.7;76.95;77.45;672748
77;77.1;75.55;76.65;756245
76.9;80.4;76.9;79.3;1004831
79.8;80.25;77.85;78.35;488034
79.7;80.2;78.75;78.85;341692
78.7;79.5;77.5;77.9;440204
77.9;78.45;76.65;77;596019
76.4;77.55;76.25;77.25;375622
77.05;77.9;75.15;76.05;715547
75.95;76.4;75.5;75.7;302170
75.6;75.85;74.65;75.65;372290
75.2;76.1;74.65;75.9;116780
75.8;76.45;75.3;76.45;275538
76.9;77.45;76.55;76.65;272571
75.2;77.05;75.2;76.65;181066
77.2;77.3;76.5;77.05;174921
77.1;77.25;76.5;76.65;360174
76.6;77.35;75.8;76.5;448081
77.1;78.2;76.75;77.7;583335
78;81.2;78;80.65;857710
81.45;81.8;78.9;79.1;709429
78.5;79.5;78.3;78.95;283870
79.7;80.5;79.2;79.8;374812
79.3;81.2;79.2;81;456298
80.6;82.95;78.9;82.4;1076764
82.85;85.15;82.45;85.1;935038
85.1;85.2;82.8;83.6;443438
83;83.85;82.2;82.25;438809
82;82.95;81.5;82.2;406127
82.2;82.7;81.25;81.8;612125
82.25;82.3;81.3;82.3;256346
82.45;82.45;80.95;81.55;263656
82.7;83.8;82.05;82.65;423801
83.05;83.5;81.8;83.1;451947
83.35;83.35;81.6;82.2;305497
82.7;82.85;81;81.05;549210
81.5;82;81.2;81.65;251411
81.2;81.6;79.8;80.05;457318
79.85;80;79.15;79.15;310531
79.1;80.85;79.1;80;538355
80.1;80.75;79.65;80;369097
80;81;79.95;80.35;286447
80.1;80.7;79.75;80.55;323079
80.2;81.3;80.15;81;273925
81.7;83.65;81.5;83;618441
83.15;83.45;81.6;82;241610
82.5;82.5;81.2;81.9;221431
82;83.35;81.75;82.55;644227
82.9;83.65;82.2;83;270084
82.7;84.55;82.6;84.55;400148
84.5;84.8;83.65;84.1;361846
84.65;86.1;83.95;84.15;504899
83.75;86;83.55;85.25;992192
85;86.1;84.1;85.85;756516
86;86.15;85.3;85.9;318059
86.1;87.8;85.9;86.9;449416
87.45;87.85;85.4;85.7;381239
86;88;85.65;88;467442
86.75;87;85.45;86;546743
87;87.5;85.5;87.2;632111
87.5;89.2;87.1;87.25;1017131
87.85;88;86.5;86.95;263779
86.65;86.75;84.95;85.85;585899
85.25;85.8;84.35;84.9;353081
84.35;84.55;80.9;83.8;1010452
82.35;83.55;81.55;82.8;563353
82.5;82.55;80.9;81.55;388048
81.45;82.3;80.6;82.05;418467
82.35;84.95;81.5;84.9;792597
84.55;84.95;83.45;83.45;425826
84.7;84.7;83.85;84;303673
83.25;83.5;81;81.7;413901
82;82.35;80.9;81.6;705024
81.6;81.8;80.85;81.55;327443
81.6;84.45;81.2;83.85;506903
84.85;84.95;84;84.05;588369
84.05;85.35;83.65;85.15;271729
85.3;85.45;84.65;85.4;293529
85.3;85.6;84.5;85.05;483947
82.2;83.75;82.1;83.7;926066
83.95;85.15;83.3;84.65;503900
85;86.75;84.2;86.15;431632
86;86.2;85.3;85.65;322064
85.7;86.15;84.7;84.7;421178
85.5;85.5;83.85;84.05;301515
83.75;85.85;83.75;84.65;313720
83.75;84.25;82.4;83.85;494719
83.9;85;82.45;83.7;463514
83.8;84.9;83.6;84.3;525406
83.75;84.75;82.75;84.15;369707
85.7;87.2;84.85;86.8;890591
86.1;86.6;85.4;85.7;1026115
86;87.15;85;86.55;604365
86.9;87.5;86.75;87.2;325402
87.2;87.7;86.55;87.2;220519
87.55;87.85;87.1;87.75;267246
87.15;87.8;87.1;87.2;433454
87.5;87.75;86.7;87.1;486351
86.5;86.8;86;86.1;534452
87.2;87.4;86.1;87;226892
87;87.5;86.3;87.1;363986
86.4;90.7;86.4;90.25;858638
90.2;90.25;88.25;88.45;844606
88.35;88.45;86.1;86.9;654024
85.25;85.4;84.2;84.5;566424
84.75;85.7;84.3;85.45;531465
85.2;85.4;83.15;83.45;696872
83.5;84.85;82.75;84.2;414298
83.65;84.5;83.2;83.75;340590
82.7;83.25;81.65;82.1;507223
82.5;84;82.45;83.2;532069
84;85.15;83.6;84.25;434024
83.6;84.25;83;83.55;174473
84;84.7;83.65;84.3;368992
84.45;85.5;84.3;84.65;236836
84.45;86.15;83.65;86;590881
87.05;87.05;85;85.45;677115
85.8;86.35;84.8;85.05;1032313
85.35;85.8;85.05;85.65;413991
86.1;86.1;85.6;86.05;63866
86;86.4;85.35;85.85;1071408
86.2;87.35;85.8;85.95;351802
86;86.8;85.4;86.6;507050
84.35;86;84.05;85.6;566709
85.45;86.4;85.25;85.6;480643
85.7;86.2;83.75;84.55;487958
84.95;85.1;84.3;84.55;385356
84.1;84.55;83.4;83.95;460932
84.25;84.25;83.55;84.05;241813
83.7;83.9;82.8;83.25;224330
83.3;84.2;83;83.75;598371
83.85;84.75;83.85;84.65;339450
84.7;85.05;84.45;84.65;269510
84.55;84.7;83.85;84.55;574920
85.05;85.1;84.05;84.55;442975
84.5;85;83.75;83.75;279162
84.3;84.3;83.25;83.25;879323
83.85;84.1;83.45;83.6;702155
83.7;83.8;82.9;83.6;381578
83.5;84.1;83.2;84.05;322613
83.75;83.85;83.25;83.5;656078
83.5;84.7;83.3;84.45;1381017
84.9;86.3;84.7;85.3;767075
85.15;85.6;84.1;84.5;397807
84.2;84.25;83.4;83.4;356485
83.55;83.8;82;82.5;432262
82.55;83.2;82.25;82.75;370568
82.4;82.85;81.75;82.7;352394
82.65;82.85;80.1;81.75;563702
80.95;82.15;80.6;80.75;440789
81.4;81.9;80.75;80.75;350810
80.75;80.95;79.7;80.5;288119
80.3;80.75;79.7;79.7;324077
79.35;81.1;79.3;80.1;262655
79.65;81.25;79.65;80.25;405315
80.25;81.25;79.25;80.8;530707
81.7;81.7;80.3;80.8;448434
79.55;81.6;79.55;81;627534
81.05;81.5;79.9;80.2;241717
80.55;80.75;79.4;79.45;265209
80;80.05;79.1;79.4;365846
79.15;80.45;78.95;79.45;360114
79.5;80.9;79.5;80.65;298912
80.35;81.6;79.95;81.05;332568
80.8;81.15;80.05;80.75;270378
80.9;81;79.85;80.2;252797
79.9;81.4;79.2;79.3;332930
79.65;80.35;79.5;79.6;232058
78.5;79.6;77.1;77.5;721163
77.6;77.8;76.1;76.6;653428
76.4;77.3;75.8;76.05;405160
76.15;76.7;74.85;75.65;285253
75.6;76;72.95;73.35;633970
73.3;73.6;71.15;72.8;881641
72.3;74.85;72.3;74.65;498815
74.2;76;74.2;75.2;438554
75.2;76;74.65;75.55;279245
75.95;76;74.3;75.05;411038
74.75;75;74.1;74.4;243285
74.7;76.5;74.7;75.15;298773
75.15;76.5;74.85;75.05;312389
75.3;76.1;75.2;75.4;238266
76.3;76.3;75.2;75.25;309173
75.4;75.55;74.5;75.45;617014
75.7;75.8;75.15;75.35;139518
75.05;75.75;74.45;75;604205
74.35;75.45;74.15;75;885122
73;73;70.4;70.5;1934772
70.8;71.65;70.1;71.25;704659
71.65;71.65;70.45;71;378807
70.9;71;70.3;70.5;547228
70.5;70.55;67.95;68.4;1140757
68.2;68.4;67.45;67.85;623760
68;69.35;68;69.3;760704
69.75;71.75;69.6;71.7;1093919
71.7;72.1;70.8;71.45;691267
71.55;72.1;70.65;71.05;724006
71;71.7;70.8;71.55;312633
71.7;72.4;71.15;71.8;485041
71.35;71.9;71.05;71.4;385978
71.3;73.9;71.2;73.7;1169841
73.65;73.9;73.1;73.2;620755
72.95;73.5;72.7;73.3;799117
73.45;73.9;73;73.35;344533
73.4;74;72.8;73.7;603054
74.1;74.4;73.35;73.65;621957
73.65;74.85;73.65;74.7;819545
75;75;73.55;73.95;854459
74.1;74.6;74.05;74.3;663748
74.65;75.9;74.65;75.05;515713
75.05;75.9;74.6;75.7;469213
75.7;75.8;74.75;74.75;520409
74.85;75.15;74;74.2;532650
73.95;74.7;73.75;74.1;493378
74;74.1;73.15;73.5;478601
73.25;73.4;72.7;73;327813
73.5;73.6;72.8;73.25;426845
72.7;73.1;71.9;72.45;709271
72;73.55;71.85;72.9;978110
73.5;75.65;73;74.65;996360
75.45;76;73.1;73.4;991271
73;73.2;72;72.7;513591
73;74.25;72.3;73.6;600499
73.55;73.8;72.85;73.25;439879
72.2;72.85;71.5;71.8;399220
71.75;72.25;71.7;71.9;198256
72.3;72.7;71.4;72.45;423533
73.1;73.5;72.9;73.2;335215
73.45;74;72.85;73.85;353759
73.7;74;73.2;73.8;298417
73.8;74.45;73.65;74.35;357369
74.7;75.1;74.1;74.75;630042
74.5;74.75;73.5;73.95;303382
74.4;75.35;74.3;74.3;553009
74.5;75.15;74.35;74.85;323019
75.1;75.2;74.55;74.65;275476
74.55;75.15;74.55;74.85;220166
74.5;76.7;74.5;76.35;714233
76.65;77.4;76.65;77.15;557035
77.25;77.35;77;77.25;552058
77;77.35;76.2;76.5;346221
76.5;77.75;76.35;77.75;750188
77.7;78.6;77.35;78.5;636327
78.55;79;77.75;78.2;439226
77.7;77.95;76.85;77;355946
77.25;77.6;76.5;76.7;297603
77.35;77.4;76.1;76.35;377255
76.6;77;76.25;76.25;274520
76.3;76.3;75.2;75.65;303859
76;76.45;75.5;75.6;448428
75.7;79.6;74.85;78.2;2486422
78.15;78.5;77.3;77.65;839521
77.95;78.1;77.4;78;343656
77.85;78.1;77.3;77.75;355084
77.95;77.95;77;77.45;419121
77.25;77.75;76.65;77.15;588923
76.8;77.6;76.35;77.3;300196
77;77.8;76.7;77.1;426395
77.5;77.6;77;77.4;550329
77.85;78;77;77.95;523139
78.55;78.55;76.15;76.4;1405743
76.7;76.7;75.1;75.6;724416
75.55;76.35;74.7;74.85;890897
74.85;75.3;73.9;73.9;871141
73.6;74.35;73.45;73.85;375926
73.85;74.1;73.5;73.5;493395
73.65;74;73.35;73.65;466097
73.5;74.15;73.35;74;252689
73.75;74;73.65;73.85;44432
73.7;73.85;73.5;73.75;178799
73.5;73.8;73.05;73.25;215378
73.05;73.65;73;73.45;236349
73.95;73.95;73.5;73.65;121465
73.5;73.95;73.25;73.65;101153
73.9;74.65;73.75;74.15;330669
74;74.5;73.75;74.2;322329
73.5;73.65;73.05;73.3;478020
73.25;74;73.2;73.65;388360
73.5;75;73.15;74.4;826480
74.65;74.65;73.85;74.25;259093
74.5;74.65;73.75;73.9;601045
73.9;74.8;73.8;73.9;725818
74.25;75.4;74.25;74.9;740023
74.75;77.2;74.6;76.75;1083119
76.95;77.5;76.35;76.65;521875
77.25;78.4;76.7;78;1313368
78.5;79.9;78.2;79.75;1374689
79.25;80.6;78.75;80.5;779864
80.6;80.9;79.8;80.8;626589
80.6;80.9;80.25;80.35;675669
80.6;81.6;80.3;81;695880
80.95;81.25;80.65;81;383169
81.75;81.8;80.3;80.9;1085245
81.25;81.5;80.45;80.45;387925
80.7;81.5;79.8;80.85;580726
80.4;81.4;80.4;81.15;534272
81.2;81.25;78.3;78.6;2202626
78.2;79.3;77.6;79.05;1470622
79.1;79.15;78.3;78.65;847523
78.95;80.3;78.8;80.2;613823
80.3;80.45;79.5;79.85;442126
80.1;80.1;79.35;79.55;292814
79.2;79.6;78.75;79.25;363040
79.65;80.1;79;79.75;325904
80.1;81.8;80;81.35;707076
81.3;81.8;80.65;81.7;324476
81.8;81.8;80.65;81;382857
81;81.5;80.85;81.15;250726
81.6;83.95;81.6;83.55;1004882
83.2;83.85;82.45;82.55;413475
82.65;83.65;82.2;83.5;423921
83.25;83.25;82.1;82.7;507793
82.75;82.85;82.2;82.7;146935
82.8;84.2;82.65;84.05;493128
83.9;84.5;83.5;84.25;367835
83.9;84.7;83.3;84.05;476076
83.95;84.3;83.6;84.2;326400
83.7;84.5;83.7;84.15;315532
84.15;85.05;83.6;85.05;333937
85;85;84.25;84.85;280401
84.9;84.9;84.25;84.8;338768
84.3;84.45;82.75;83.1;998166
82.65;83.1;82.2;82.95;564761
82.95;83.25;82.45;82.8;299130
82.95;82.95;82.05;82.85;297933
83.1;84.1;82.7;83.9;521293
83.85;83.85;83.1;83.3;437027
82.8;83.55;82.3;83;674201
82.9;83.2;82.3;82.55;716831
82.35;82.85;82.2;82.45;284349
82.45;82.7;81.7;81.85;450055
81.4;82.2;81.3;82.1;408990
82.2;82.3;81.9;82.2;331582
81.6;82;81.4;81.95;393817
81.4;82.3;81.35;82.1;297106
82.25;82.9;82.05;82.5;396912
82.2;83;81.95;82.7;316034
82.1;82.4;81.2;81.75;417378
81.75;82.2;81.6;81.95;208005
82.2;82.65;81.6;82.2;293697
81.9;82.9;81.7;82.6;305877
82.85;82.9;82.2;82.65;187005
82.4;82.8;82.2;82.6;338208
82.35;82.35;81.95;82.15;257618
82.9;82.9;81.85;82.05;338523
82;82.45;81.5;81.5;418417
81.35;81.35;80;80.15;656164
79.6;80;78.5;78.85;642716
79;79.25;78.25;78.45;469014
78.4;78.9;77.6;78.25;692766
77.75;78.8;77.6;78;772610
78.95;79;77.45;77.8;427630
77.6;78.65;77.5;78.3;349265
78.6;78.95;78;78.7;454936
78;78.5;75.7;76.8;974563
77.15;77.5;75.35;75.6;655796
75.55;77.1;74.85;76.05;446831
76.1;77;75.75;76.25;245784
76.65;76.8;75.5;76.5;441707
77.2;77.7;76.75;77.45;426546
77.8;79.25;77.7;78.25;531818
78.55;79.05;78.15;78.7;340700
78.4;79.3;78.3;79.05;322579
79.5;79.5;77.45;77.8;600225
77.25;78.7;77.2;77.9;730870
78.45;79.4;77.4;79;620429
79.15;79.5;78.8;79.2;289484
78.6;79.45;78.6;79.25;299542
79.45;79.45;78.8;79.1;281127
79.45;80.2;78.8;80;738615
80.4;80.8;79.6;80.15;583931
80.1;80.35;79.8;80.05;342003
80.1;80.3;79.65;79.9;280914
80;80;79.6;79.95;309184
79.7;80;79.4;79.7;295899
79.5;80.2;79.5;80.05;1238619
79.85;80.15;79.85;79.95;391477
79.7;81.3;79.55;81;635062
80.8;81.05;80.15;80.5;466459
80.25;82.45;80.25;81.6;1071238
82.1;83.7;82.05;83.3;1355355
81.5;81.5;79.85;80.15;590489
80.35;80.75;80.05;80.4;445426
80.7;80.75;79.6;79.9;858927
79.8;80.65;79.15;80.35;800323
80.7;81.2;80.65;81;764794
81.3;82;81.1;81.85;696116
81.9;82.35;81.5;81.9;309012
81.9;82.8;81.6;82.75;697932
82.9;82.9;82.25;82.25;544250
82.25;82.7;82;82.65;285293
82.85;83.65;82.2;83.2;443039
82.65;83.35;82.65;82.8;501364
82.9;83.6;82.8;83.45;428879
83.3;84.65;83.25;84.4;693629
84.75;85.75;84.15;85.55;815303
84.6;84.8;83.75;84.55;875072
84.3;84.4;83.5;83.7;633182
83.95;84.9;83.95;84.9;633692
84.8;85.2;84.4;85;556474
84.7;85.85;84.7;85.3;587583
84.85;85.3;84.45;85.3;391562
85.6;85.6;84.2;85.3;185804
85.05;85.25;84.4;85.05;368725
85.5;85.5;84.7;85.3;427101
84.9;85.25;79.05;82.95;1210532
83.35;84.65;83.15;83.75;668796
84.6;85;84.25;84.7;465901
84.75;84.95;84.35;84.75;266693
84.35;84.4;83.2;83.6;816873
83.8;83.8;82.6;82.85;802753
83.25;83.25;81.75;81.9;881573
81.8;82.95;81.7;82.75;450342
82.5;83.15;81.95;82.25;682825
82;82.9;82;82.75;413641
82.7;83.2;82;82.2;703204
81.85;82.75;81.85;82.3;472089
82.85;82.85;81.5;81.95;361654
82;83.8;81.85;83.25;997223
83.75;84.05;83.25;84;702904
84.2;84.4;83.3;84.3;646142
84.9;84.9;82.55;83.25;655201
83.45;83.6;82.95;83.3;268182
83.6;83.7;82.6;83.1;502252
83.35;83.4;81.95;82.65;463143
82.25;82.8;82.25;82.5;315406
82.25;82.5;81.6;81.75;474504
81.9;82.2;81.4;81.95;374205
81.8;82.8;81.8;82.6;340391
83.05;84.25;82.75;84.1;742436
84.15;84.75;83.25;84.5;571276
84.5;85.1;84.05;84.25;620558
84.5;84.75;84;84.25;158512
84.55;84.8;83.5;83.6;381662
83.6;83.95;83.25;83.9;402676
84.1;84.35;83.6;84.05;278274
83.8;84.5;83.8;84.45;232664
84.7;87.3;84.7;87;1043198
87;87.1;86.2;86.8;280425
87;87.4;86.1;87.1;454751
86.4;86.7;85.5;86.1;286126
85.75;86.8;85.65;86.6;550179
86.1;88.05;86;87.7;420335
88.1;89.65;87.4;87.85;747061
87.55;88.4;86.8;86.9;606471
87.25;87.5;85.9;86.3;662114
86.15;87.3;86.05;86.7;456661
86.5;87.3;86.5;86.9;265960
87.3;88.6;86.9;88;578873
88.45;88.45;87.1;87.85;461668
89.95;90;87.35;87.75;967838
88.2;89;87.7;88.6;352543
89;89.3;88.75;88.9;344538
88.9;89;87.3;87.6;583271
87.85;88.3;87.25;87.8;392955
87.4;88.35;87.25;87.45;488369
87.6;88.35;86.8;86.9;547811
86.85;87.25;86.15;86.6;345157
86.75;87.35;86.2;86.8;328263
86.3;86.8;86;86.1;267976
85.7;86.65;85.4;85.45;301306
85.55;86.35;85.5;85.9;227886
85.9;87.1;85.9;86.7;432675
86.65;86.7;86;86.35;248162
86.35;87.4;86.15;87.05;413948
87.1;87.1;86.5;86.9;235176
87.2;88;87.1;87.3;579184
87.25;88;87.25;87.75;296125
87.9;88.25;87.3;87.95;421790
87.35;87.7;86.2;86.9;502087
86.75;86.75;85.3;85.6;747553
85.55;86.05;84.4;85.15;513364
85.7;86.35;85;85.35;289645
85.35;86.75;85.35;86.3;506284
86.55;86.75;85.9;86.35;469631
86.1;86.6;85.55;86.05;395233
85.85;86.6;85.65;86.05;430791
86.3;86.35;85.3;85.75;277010
86;86.2;84.85;85.15;399696
84.7;85;83.3;83.8;627145
84.7;84.9;83.7;83.9;370250
83.25;84.15;82.9;83;390780
83.4;84.45;83.1;84.35;250182
84.7;84.75;83.15;83.35;330013
83.8;84.45;83.55;83.95;339397
84.9;86.35;84.5;86.1;1244539
86;87.05;85.05;86.1;761059
86.65;87.65;86.45;87.65;373755
87.8;89.7;87.45;89.5;643005
89.25;90.2;88.6;89.55;858776
89.55;90.2;89;90;560672
90;90;88.6;89.1;614679
89.5;89.75;88;89;501369
89.15;90.6;88.9;90.35;701350
90.6;90.9;90.3;90.6;321444
90.9;92.15;90.65;91.7;620154
92.4;92.6;91.75;92.3;332913
92;92.55;91.45;92.35;292154
92.25;92.5;91.9;92.05;261164
92.1;92.1;91.1;91.35;383657
91.55;92.1;91.25;91.95;264418
92.3;93;91.75;92.85;390438
92.9;93.85;92.6;93.75;380269
93.6;93.65;92.4;93.05;346309
93.6;93.6;92.35;93.2;365501
93.2;93.25;91.5;92;604628
92;92.4;91.7;92.05;234835
91.8;92.7;91.7;92.05;464676
91.9;92.6;91.6;92.35;210978
92.3;92.75;91.3;91.45;458590
91.4;92.4;91.3;91.95;533510
92.1;93.4;92.05;93.25;379240
93.1;93.45;91.75;92.5;277709
92.7;92.7;92.25;92.65;331611
92.8;93.4;92.5;93.15;377006
93.05;93.4;92.15;92.9;303139
92.3;93.65;91.45;93.1;466509
93.15;93.55;92.35;92.55;372693
92.35;92.6;91.8;92;399406
92;92.3;91.65;91.7;306222
91.85;92;90.3;90.45;700917
90.65;91.6;90.65;91.15;488960
90.95;91.9;90.3;91.1;377609
90.75;92.05;90.5;90.9;350033
90.9;92.8;90.9;92.6;377925
92.6;93.1;91.5;92;385312
92.45;93;91.6;92.95;197197
92.75;93.8;91.75;93.5;182138
93.25;94.2;93.05;93.65;241787
94.1;95.6;93.7;95.35;506747
95.2;95.55;94.35;95.15;270631
95.2;95.4;94.35;95;119670
94.9;95.15;94.5;94.75;414545
95.25;95.3;94.15;94.65;467719
94.65;94.7;94.05;94.65;428754
94.6;94.6;93.55;94;434847
94.85;99.35;94.55;98.6;1331198
98.2;99.3;97.75;98.2;610814
98.35;98.35;97;98.2;395659
97.7;98.55;97.25;98.35;413723
98.45;98.5;96.25;97.25;519903
96.65;97.65;96.5;96.8;337112
96.3;96.5;94.9;95.15;580238
94.6;96.05;94.05;95.85;711641
95.5;96.35;95.15;95.5;446606
95.2;96.35;94.85;95.05;617122
94.5;94.6;93.4;93.85;543831
94;94.65;93.3;93.7;443035
93.95;94.85;93.7;94.2;613475
93.35;95.55;92.9;94.2;1031589
95.1;95.4;93.1;94.5;887687
96;98;95.7;96.75;819258
96.75;97.2;95.45;96;473008
96.4;96.7;95.75;96.35;279753
96.25;96.6;95.2;95.5;276794
95.95;96.2;94.65;95.1;373446
95.75;95.95;94.65;95.05;256720
95.45;95.75;94.2;94.85;310568
94.55;95.3;94.25;94.5;278541
95.25;95.3;94.1;94.8;303408
94.35;95;93.95;94.55;334129
94.55;94.9;93.75;94.6;310980
94.65;94.65;93.85;94.3;296640
94.95;94.95;93.75;94.2;417611
94.95;94.95;94.25;94.5;314012
94.7;94.7;93.85;94.05;263776
94.2;94.2;93.9;94.2;196050
94.05;94.6;93.9;93.95;393878
93.95;94.6;93.7;94.6;306939
94.8;96.05;94.3;95.7;773467
95.7;96.9;95.55;96.7;348243
97.5;98.4;96.1;98.25;597628
98.3;98.3;96;96.7;480836
96.7;97.2;96.2;96.8;228472
97.4;98.15;96.5;96.75;462291
96.65;98.7;96.45;97.2;605970
97.2;97.4;96.55;96.95;382925
96.95;97.3;95.95;96.4;406326
96.2;96.4;94.35;95.6;473511
95.6;95.65;93.7;94.35;811337
93.85;96.05;93.85;95.45;582550
95.7;95.8;94.65;95;814266
94.85;97.2;94.85;97.1;1193195
97.5;99.2;97.15;99;761838
99.85;101;98.7;99.35;600875
99.65;99.8;98.7;99.3;267426
99.3;100.8;99.05;99.5;506370
99.7;100.2;99;99.45;416247
98.7;99.65;98.1;99.65;391726
99.65;99.95;99.35;99.4;314322
99.4;100.1;99.35;100.1;353184
100.1;100.2;98.4;98.8;411192
98.8;99.5;98.3;98.75;471939
98.7;99.5;98.35;99.4;270535
99.4;100.1;99.3;99.65;324956
100;100;98.7;99.65;365039
100;100.5;99.6;100;406216
100;100;99.25;99.4;243065
98.95;99.85;98.4;99.2;353317
99.2;99.6;98.7;99.25;269551
99.25;99.6;98.4;98.8;277672
98.7;98.8;97.8;98.5;249426
98.7;98.7;96.1;96.65;550960
95.45;96.55;95.1;95.65;526863
95.5;97.6;95.5;96.5;614726
96.8;96.8;95.3;96.05;404469
96.5;97.7;96.5;97.6;484586
98.2;99.4;98.2;98.95;756595
99.4;100;98.8;100;520473
99.9;101.3;98.2;101;696732
101.8;103.7;101.6;103.1;1385151
103.4;105.2;103.1;103.8;799099
105.4;105.4;101.6;103;704516
102.9;103;101.6;102.8;395151
102;103.1;101.8;102.8;325414
103;103;101.9;102.5;347590
102.3;103.5;101.8;103;489458
102;103.2;101.9;103;407613
103.3;103.8;102.6;103.5;304710
103.6;104.1;103.1;103.8;261127
103.8;104.2;103.6;104;685704
104.4;106.4;104.4;104.7;657568
103.9;104.6;102.2;102.8;456747
102;102.5;100.8;101.3;470819
101.6;102.3;101;101.7;409712
101.6;101.7;97.85;98.6;889571
98.6;100.1;98.1;98.3;585906
98.2;99;97.5;98.25;691064
98.3;98.3;94;94.7;988274
96;97.7;95;96.45;715399
96.05;96.85;95;95.6;519840
95.6;97.2;95;96.7;188165
97.45;98.75;96.65;98.15;353567
98.05;98.95;97.95;98.5;180058
98.7;98.8;96.4;96.8;604405
96.6;97.35;95.85;96.8;501355
96.8;96.85;95.2;96.5;511601
94.8;96.95;94.65;94.7;607189
94.95;95.9;93.15;93.65;430662
92;92.5;90.55;91;833991
91.7;91.7;89;89.6;980279
88.45;90.2;87.85;88.65;728191
89.9;91.8;89.35;91.4;768616
91.4;92;90.6;90.7;479074
88.35;90.2;88.3;89.65;589567
89.7;93.3;89.5;91.7;1643974
92.75;96.65;92.35;96.25;1182351
97.75;97.75;95.75;96;888041
96.55;98.95;96.05;97.75;776946
96.55;98;96.15;97.65;628881
97.7;97.85;96.2;97.7;573406
98;98.2;97.1;97.7;485267
97.9;97.9;97.1;97.45;234172
97.95;97.95;96.55;96.85;439091
97.55;97.55;96.45;96.7;333965
96.6;98.55;96.4;98.05;729483
98.8;99.45;98;99;332879
99.85;99.9;98.5;99.7;474563
99.9;99.9;98.3;99.65;316785
99.9;99.9;99.3;99.65;163148
97.95;98.65;96.15;97.75;1615406
97.8;98.65;97.5;98.6;551613
98.5;98.5;97.3;97.75;354668
97.35;99.35;97.3;99.3;796787
98.4;99.15;98.05;98.4;951578
98.55;101.1;98.55;99.6;941605
99.05;99.3;98.2;98.75;716772
98.25;98.75;97.65;98.05;496405
98;98.35;97.2;97.7;668352
97.3;98.7;97.2;98.3;666463
98.35;99.2;97.85;99.2;358853
99.5;100;99.25;99.7;680291
99.6;100.5;99.4;100.3;786823
100.5;101.8;99.8;101;415385
101.9;102;100.9;101.5;240745
101.9;103.3;101.6;103;525526
102.8;105.2;102.5;104.9;1078751
104.2;105.3;103.7;105.2;497186
105.1;105.4;104.4;104.6;297139
104.9;105.3;102.2;102.6;542161
102.9;103.5;102.3;103.1;519463
103.2;103.5;101.6;102.5;533930
103.3;103.3;101.8;102.7;338622
101.3;102.3;101;101.6;252409
101.9;102.2;101.3;102;212470
101.8;102.8;101.3;101.7;299343
101;101.3;100;100.6;358005
101.1;101.7;100;100.7;263168
101.1;102;101;102;219236
101.8;103.7;101.7;103.6;454539
103.9;103.9;102.2;103.6;453087
103.1;105;103;104.7;383680
104.9;104.9;103.7;104.3;248443
104.2;104.4;103.5;104.1;129016
104.3;104.4;103.4;104;193998
104.2;104.5;103.5;103.9;190669
104;104.4;103.5;103.6;116466
103.6;104.2;103.2;103.7;217243
103.8;104.7;103.4;104.3;182074
104.3;105.5;104.1;105.2;473002
105.3;108.2;105;108;1014946
108;108.9;107.5;107.8;791250
107.8;109.8;107.3;109.4;667096
109.9;110;109;109.7;350920
109.7;109.7;108.3;109;527673
109;109.3;107.8;108;540856
108.1;109.2;107.1;107.4;930837
108.1;109.7;107.8;109.2;883971
108.5;109.8;108.1;109.4;436937
109.3;110.5;108.7;110.2;764749
110.3;110.8;109.9;110.8;840787
111;111.5;110.1;110.7;592754
110.6;112.4;110.6;111.5;1195971
111.9;111.9;110.6;111;576380
111;111.1;109.6;110.5;629359
110.7;111.5;110.5;111.1;993806
111.1;112.8;111;112.5;506791
111.7;111.7;110;110;503515
110.3;111.5;110;111;876793
112;114.2;111.6;114.2;897215
115.3;119;115.3;117;1741409
116.5;116.6;115.7;116.1;590818
116;117.5;116;116.9;753109
117.5;118;115.9;116;497871
115.6;115.9;114.5;115.2;777852
115.3;117.1;115.1;117;570856
117.1;119.1;117.1;119;932827
118.9;119;118.2;118.7;423335
118.4;118.5;117.6;117.8;672780
118.2;119.5;117.3;117.7;914665
117.7;119.2;117.3;118.8;806339
118.5;118.8;117.4;118.8;470871
118.9;118.9;116.8;117.5;440807
117.9;118.1;116.7;117;383640
116.3;116.8;113.4;113.9;1091919
115.4;116.8;115.2;116.6;892395
116.3;116.4;114.5;115.8;506224
115.9;117.9;115.6;117.9;736576
117.9;118.7;117.3;118;540684
117.8;118.1;117.1;118;524152
118.1;122;118;121.1;1294071
120.5;120.5;117.4;118.9;1882248
119;119;116.8;118;504599
117.1;117.7;116.4;117;374481
117;118.2;116.3;116.9;302501
117.8;118.6;116.7;118.4;338317
118.4;118.6;115.7;116.8;599059
117.2;117.4;115.9;116.3;354935
116.7;118.2;116.5;117.7;263410
117.9;118.6;117.9;118.2;229307
117.8;119.2;117;119.1;361301
119.4;120.1;119.1;119.7;350565
119.3;119.3;118.3;119;233930
118.9;119.7;118.4;119.5;232055
119.7;119.9;119;119.5;275804
119.6;120.5;119.5;120.4;382673
120.1;120.6;119.7;120.2;213520
120.3;120.6;118.2;119.7;291072
119;119.7;117.9;119.6;159389
119.9;119.9;119;119.9;199488
120;120.1;118.2;119.1;308918
119.1;119.6;117.7;118;213136
118;118.4;115.7;117.5;350260
117;118.4;116.2;116.5;582562
116.1;116.6;115.4;116.1;495511
117.2;117.2;115.6;116.3;569950
116.5;117.2;115.1;115.2;403108
115.2;116.5;113.7;115;447701
115;115.5;113.7;114.9;426595
114.9;116.6;114.5;116;523414
116.1;116.5;112.6;113.5;848446
113.2;115.3;112.3;113.8;788779
113.1;113.6;111.1;111.9;838571
112.5;113.9;112.4;113.2;552408
113.3;113.6;112.4;113.2;457864
113;113.6;112.7;113.2;543116
113;114.7;112.7;113.4;513570
113.3;114.2;113.2;113.9;883560
113.8;113.9;112.9;113.1;537646
112.9;112.9;111.2;111.5;506362
111.3;112.2;111.3;111.5;458233
111.5;112.7;111.4;111.9;379894
112.4;112.4;111.1;111.5;342109
111.9;112.6;111.5;112.4;334849
112.4;112.4;111.4;111.9;344847
112.1;113.2;111.8;113.2;229880
114.1;114.8;113.5;114.5;497235
114.8;116.4;114.2;114.8;434806
114.4;115;113.9;114.6;360946
114.4;114.8;113.8;113.9;255203
114;115;113.7;113.9;295859
114.6;114.8;113.4;113.7;465299
113.1;113.4;111.2;113.1;769288
113.1;115.6;112.9;115.4;858954
115.4;115.6;114.5;115.4;369505
115.6;115.9;114.7;115;360637
114.6;115;110.6;111.3;1149427
111.1;111.5;110;110.7;714339
110.9;112.9;110.7;111.7;734289
111.8;111.8;110.3;111;589135
111.1;112.8;110.3;110.5;628941
110.9;111;109.8;110.3;534719
110.7;111.4;108.9;109.8;808167
111.5;113.9;109.9;112.2;1570852
112.3;113.5;110.3;112.2;699141
112.8;113.6;112.1;113.2;395724
113.2;113.9;113.1;113.6;539839
113.5;114.2;113.2;113.2;472719
113.9;114.4;113.3;113.7;491393
114;116.4;112.8;115.6;740211
115.7;115.8;114;114.4;476044
114.4;114.7;113.5;114;397934
114.3;114.7;113.4;114.1;637785
114.2;114.6;113;113.4;456754
114.2;114.2;112.7;113.1;364754
112.9;113.1;111;111.1;613103
111.1;112.9;111;112.5;705432
112.6;113.4;112.2;113;359724
113.2;115.9;112.7;115.5;1108066
115.5;115.9;115;115.5;441611
115.5;118.4;115.1;117.93;849497
118;119;116.59;117.53;928799
117.54;118.63;116.2;117.07;710976
117.26;118.6;117.15;118.31;760855
118.9;119.05;118.11;118.76;380274
119.09;120;118.7;119.51;550031
119.2;119.2;113.71;115.03;1277965
111.58;114.26;110.5;113.7;1280402
113.8;114.64;111.62;112.56;827293
113.5;113.9;111.3;111.58;737384
109.8;112.8;107.8;112.09;1083938
113.96;113.99;111.61;112.98;758380
113;114.25;112.51;114.19;823730
115;116.8;115;115.66;1200809
116.8;118.8;115.67;118.18;951948
118.42;118.9;116.21;117.47;610336
117.5;117.97;115.7;116.22;637557
114.33;116.28;113.4;114.94;1020291
115.86;117.33;115.2;117.33;596761
118;118.9;116.8;118.46;630815
119;119.25;118.13;118.57;464379
119;119.19;117.6;118.57;867759
118.71;119.14;117.8;119.09;505559
119.2;120.99;119.2;120.4;644209
120.84;121.35;119.81;121.03;399948
121.49;121.49;118.89;119.48;544374
120.3;120.47;119;119.3;542296
119.25;119.3;118.22;118.59;515969
118.61;119.5;118.4;119.07;371952
119.39;120.95;118.65;119.71;408467
119.94;121.45;119.24;120.68;746484
121.43;125.4;120.91;125.36;1431317
125.41;128.2;124.8;127.92;1783543
128.43;129.69;127.93;128.94;1171888
128.94;133.48;128;133.03;2061283
131.8;132.37;129.85;130.3;1545721
128.95;130.25;127.81;128.58;1515338
128.58;129.34;127.12;129.3;547507
129.3;129.6;127.8;129.35;705742
128.64;128.99;126.2;128.3;824963
127.99;128.48;125.9;126.19;880817
125;126.44;123.6;126.16;812593
126.41;127.99;126.33;126.95;647471
127.74;127.88;126.2;127.07;450464
127.07;128;126.07;127;370744
127.65;127.98;126.85;127.57;345926
128.96;129.8;127.5;128;575725
128;128.28;126.97;127.8;403983
127.18;128.48;127.18;127.94;285305
127.94;129.69;127.52;127.95;521918
127.95;128.15;125.6;127.5;612415
128.7;128.7;126.64;127.31;569713
126.98;127.31;126.3;127;294801
126.65;126.97;126.4;126.63;470941
126.88;127.74;126.76;127.45;502433
127.2;127.94;126.69;127.1;483952
126.77;127.25;124.98;127.14;531351
126.82;127.9;126.74;127.46;297276
127.34;129.84;127.15;129.42;838239
129.6;130.52;129.44;130;590497
130;130.98;130;130.11;254120
130.11;130.95;129.46;130.51;486138
130.5;130.65;129.7;129.72;477857
129.72;130.93;129.59;130.51;491367
130.64;131.09;130.2;130.68;252214
131.75;134.65;130.68;133.24;834140
133.34;134;133.1;133.44;511975
133.44;134.24;133.44;134.04;88794
134.5;134.59;133.46;133.59;361536
133.45;133.88;132.61;133.8;448917
134.12;136.4;133.85;135.66;856452
132.6;134.36;131.9;133.9;606772
134.4;134.52;132.79;132.83;417614
132.83;133;130.72;130.72;481149
130.3;130.79;127.76;128.15;605624
128.15;129.08;126.19;126.78;628639
126.5;127.7;125.4;126.47;513751
128.67;129.35;127.84;128.9;620525
128.67;128.89;127.57;128.15;416207
127;128.31;126.3;127.9;660321
128.68;129.89;128.45;129.88;645905
130.44;131.14;129.45;130.43;564078
130.4;131.28;129.49;129.66;391810
130.14;130.14;128.68;129.04;421322
129.34;129.59;128.68;129.39;527255
128.68;129.06;127.01;127.67;817942
127.67;128.4;127.11;127.67;317241
126.98;128.45;126.36;128.09;284617
127.66;128.3;127.22;127.36;316820
127.1;127.78;126.21;127;254746
127.43;128.18;126.6;127.21;667017
127.21;129.99;125.99;129.56;465456
129.23;129.32;127.31;127.71;360075
129.06;131.9;128.06;131.47;742774
131.47;132;130.81;131.59;386039
131.99;132;130.07;130.59;465034
130.98;132.08;130.4;132.08;374149
132.08;132.66;131.59;132.47;348696
132.47;132.65;130.71;131.17;587462
130.5;130.58;128.88;130;574057
130.48;131.08;129.62;130.8;540647
131.3;131.75;130.31;130.83;296822
131;131.2;130.01;130.84;247310
132;132.68;130.56;131.1;821458
130.68;131.58;130.1;130.95;537374
131.45;133.85;131.17;133.44;620891
133.49;133.82;132.2;132.34;500500
132;133.2;131.18;133.01;444416
133.1;133.14;131.21;131.36;378989
131;131.84;129.37;130.66;487814
131.8;132.74;126.57;128;934105
127.23;128.86;125.57;126.2;703356
126.07;127.49;125.61;126.2;428141
126.7;128.76;125.88;128.53;549215
126.03;127.54;125.11;127;675154
127.93;128.35;126.61;127.79;558687
127.8;128.49;126.01;126.28;390606
124.04;126.04;123.6;124.2;701317
125.22;125.75;122.82;124.03;683578
124.95;125.5;123.51;125;721685
125;125;120.7;121.88;836723
120.42;120.42;118.7;119.59;763640
120.9;121.76;119.59;120.99;552052
119.91;120.5;118.76;119.46;589376
118.7;119.35;117.42;118.77;430156
116.1;117.23;113.01;113.82;1054715
113.4;115.35;110.91;113.75;1459502
114.83;114.98;114.09;114.45;703230
115.23;116.24;113.22;115.73;485857
116.4;119.69;116.39;117.88;944804
118.97;119.97;118.12;119.4;601868
118.9;121;118.85;121;383790
121.28;121.45;120.18;121.15;239498
120.9;120.9;118;118.7;466230
118;120.1;117.41;119.81;502977
119.81;121.85;119.29;121.85;485147
126.1;129;125.5;126.9;1148014
128.19;128.8;126;127.65;447175
127.65;130.87;127.07;130.74;653129
131;131;127.82;128.65;897659
128.99;129.39;126.46;128.69;786836
129.18;129.89;125.8;126.4;772213
126.4;126.88;125.13;125.79;441160
126.79;128.74;126;128.28;432732
128.28;129;126.88;128.69;625945
128.5;130.2;128;130;545020
130;130.4;128.12;130;480667
130.05;130.08;126.61;127.16;659964
126.91;128.24;126.53;127.57;482149
130;132.77;129.48;132.4;791313
132;132.69;131.02;131.7;430587
131.5;132.45;130.1;131.41;507483
131.41;131.95;130.24;130.84;463187
130.75;130.85;129.05;129.86;576153
130;131.47;129.57;131;455957
131.71;132.27;130.41;131.02;557738
131.39;131.95;130.57;131.94;539208
131;134.9;130.91;134.54;623997
134.9;136.98;134.54;135.43;574341
135.43;135.61;134.19;135;414764
134.8;135.28;134.02;135;472202
135.15;138.05;134.63;137.55;696449
138;141.5;137.25;137.78;602625
137.84;137.84;136;137.25;580817
137.25;137.77;135.63;136.68;319375
136.68;137.15;135.41;136.2;512803
135.33;137.02;134.56;136.93;394165
136.93;137.1;134.8;135.23;373584
134.95;135.79;134;135.73;378266
136.24;136.84;135.76;136.64;406081
136.93;137.21;134.79;136.43;391058
136;137.18;135.34;136.45;467105
134.48;134.73;133;133.54;636365
134.5;135.69;132.6;133.36;539666
133.34;133.36;130.68;131.46;665237
131.7;132.89;130.1;132.42;571408
132.51;132.78;131.32;131.78;317311
132.5;133.81;131.68;133.42;383600
133.38;133.48;132.4;133.3;262880
134.07;137.21;133.6;136.82;493292
137.19;137.55;133.5;135.56;448709
132.6;133.24;130.41;131.8;1284867
131;131.85;129.37;131.54;557709
132.24;132.89;129.11;129.83;736898
129.83;130.3;124.7;125.8;1288125
124.31;125.78;122.65;124.81;697788
124.81;125.02;119.72;121.79;1230818
121.2;123.97;120.33;123.15;629450
122.02;124.35;121.65;124.31;402913
124.81;125.92;124.25;125.06;591711
124.75;125.11;121.87;122;699207
121.79;121.79;118.66;119.28;789906
119.71;120.84;115;115.78;696562
115.94;118.93;115;116.5;614733
114.89;115.79;111.16;111.53;1099388
112.8;114.76;112.05;113.52;860753
113.71;119.41;113.2;118.67;952475
119;119.9;114.91;115.23;660915
112.92;113;109.72;110.63;1441528
110.78;113.82;109.15;113.29;1253626
114.67;115.52;111.31;113.42;722106
113.5;116.76;112.26;115.03;1148780
115.03;117.61;114.26;115.48;1084728
115.85;115.85;110.19;110.9;1111680
111.69;113.5;111.69;112.78;636171
113.15;116.56;113;115.98;935081
117.21;118.2;116.1;117.31;737051
116.38;118.63;116.38;117.89;463636
118;118.8;116.57;116.81;671463
115.49;117.76;114.47;116.94;878826
115.5;115.82;112.69;112.79;874305
112.8;113.45;110.73;111.01;814275
110.08;110.72;108.2;108.46;796463
108.24;109.92;108.24;108.86;639531
108.41;110.31;108.02;108.82;587637
109.5;109.5;107.1;107.8;720329
109.5;109.96;108.75;109.25;1912054
109.5;109.98;109.1;109.5;168573
109.5;110.2;109.12;110.1;415902
109.62;110.17;108.74;109.14;417853
110;110.52;109.54;110;66355
110.28;112.76;108.73;109.15;540168
108;109;103.64;104.83;1557177
103;104.83;100.1;100.11;2130311
100.11;101.71;97.89;97.89;995895
98;99.29;97.18;97.34;1321537
96.6;96.96;92.12;92.2;2026359
93.85;95;90.55;90.69;1699390
90.55;93.33;90.52;92;1218629
92;94.28;91.5;93.98;885152
92.8;93.95;88.06;88.66;1674776
87.52;90.1;83.52;88.86;1495396
89.75;91.09;87;87.15;1285197
86.77;90.1;86.69;87.22;1094555
83.73;86.08;81.8;83.66;2426561
79.9;89.43;79.9;87.94;2641411
89.7;90.44;84.36;85.16;2171327
91;95.45;89.62;95.45;3054789
95.89;96.5;93.77;93.95;1371542
92.94;94.69;91.8;94.04;941755
95.53;95.62;93.7;95.5;944457
96.9;97.02;93.47;94.94;1025228
94.1;94.55;91.8;93.88;1062422
95;98.34;94.61;97.46;1340048
98;98.19;96.04;97.35;554650
96.7;96.7;90.37;90.37;1594194
90.25;92.68;89.6;92.01;1512278
91.39;92.22;90.05;90.54;981796
91.47;92.5;90.42;90.88;785473
90.21;90.74;88.77;89.31;877841
89.66;92.99;89.52;92.89;706675
91.9;95.2;91.64;94.07;732274
95.17;95.45;93.15;93.37;642489
93.32;93.5;89.99;91.28;741812
92.01;93.5;91.57;92.79;367925
92.5;94.78;91.03;94.35;673395
92.81;93.93;90;91.62;829655
92.64;94.25;91.93;92.59;556734
91.28;92.59;90.5;91.57;621385
92.11;93.69;92.04;93.32;440508
94.35;96.87;94;95.49;878716
97.21;98.6;93.93;96.19;1027608
95.95;96.5;93.5;93.58;820879
93.42;94.48;90.5;90.79;1078963
90.07;90.68;88.72;90.2;763598
90.43;91.67;87.69;88.21;600019
89.54;90.53;88.85;90.4;576455
90.46;90.53;88.14;88.28;591464
87.69;87.92;85.5;85.84;951478
85.43;86.45;84.6;85;817201
85;87.08;84.21;85.29;801473
87.13;88.7;86.58;87.5;798957
85.5;86.68;84.51;86.31;628402
86.32;87.41;84.05;84.48;658500
82.7;84;81.8;81.99;917054
83.16;85.5;82.21;85.01;632148
86.23;86.35;82.79;83.72;657375
83.31;85.67;83.04;84.89;713110
91.78;92.05;89.79;91.76;1400615
91;93.11;90.82;92.86;1327545
92.86;94.36;92.59;94;599305
94;94.3;92.46;92.86;572698
91.8;93.85;91.57;93.85;591922
93.6;97;93.14;96.57;510627
96.36;96.36;93.58;94.35;1001977
94.36;94.61;88.89;90.77;1335974
91.34;91.54;88.65;90.63;745107
91.43;91.85;90.81;91.43;521144
90.58;90.58;87.63;88.51;702269
88.25;88.75;86.2;86.44;707964
86.32;86.32;83;84.17;1451141
85.22;85.81;83.33;83.96;814612
83.01;83.63;82.3;82.59;661974
82.82;83.8;80.88;81.56;988948
83.2;84.39;82.46;84.16;989013
85;85;83.7;84.72;788642
85.55;87.3;84.87;86.86;982000
87;87.1;83.1;84;885252
83.74;84.32;82.12;82.77;617134
83.15;84.92;82.25;84.4;1065846
82.5;84.15;81;82.37;1507742
83.95;84.44;81.25;84.1;1448714
84.12;85.49;82.81;82.99;755535
82.57;83.36;82.02;82.9;717880
83.38;84.44;81.81;84.06;790408
85;86.6;84.1;85.87;850854
85.85;85.98;84.4;84.91;395250
84.6;85.98;84.47;85.19;675540
85;88.15;84.75;87.06;925321
86.17;87.3;86;87.04;399051
86.48;86.99;84.03;84.35;706675
84.79;85.41;84.5;85.04;228153
85.92;85.95;84.1;84.75;423961
85.36;85.84;82.98;83.94;693563
83.95;86.07;83.2;85.94;1029091
86.81;89.99;86.23;89.14;1547680
90.05;90.05;88.51;89.26;538228
88.89;88.89;86.26;86.64;753730
87.06;87.32;84.66;85.5;691842
84.05;84.98;83.05;83.65;1041623
83.4;83.97;82.22;82.37;849162
82.5;82.92;80.65;81.33;570130
81.8;82.78;80.39;81.74;785207
82.38;84.23;81.6;82.87;765234
84;84;81.56;82.2;595996
82.36;84.99;82.36;84;1063961
84.1;84.39;82.24;83;478438
82.65;86.13;82.54;85.4;834696
85.75;86.1;83.71;85.12;797475
85.16;87.12;84.89;86.41;834648
86.88;87.5;83.73;84.28;993728
83.45;84.73;82.87;84.07;817328
83.51;84.95;83.5;84.39;985765
81.25;81.75;77.3;78.37;1255166
78.38;80.37;77.1;79.83;973922
79.5;80.84;78.06;80.45;818876
80.5;80.96;79.11;79.93;380623
80.5;80.99;79.9;80.12;724076
80.05;80.35;77.44;77.85;1006603
77.5;78.52;76.84;77.14;718865
77.98;78.6;74.6;75.76;1202089
75.24;76.7;74.92;75.39;658459
74.8;75.59;73.39;74.93;1113588
74.84;76.73;74.24;76.28;949973
75.65;75.74;71.67;72.22;1211139
71.85;72.56;69.3;70.78;1102884
70.42;71.36;69.26;70.7;664850
69.99;70.2;67.11;67.51;1261768
68.55;68.97;66.09;66.09;1002105
65.1;67.19;63.75;66.54;1021280
66.6;66.8;65.5;65.68;562839
65.99;66.5;64.16;64.99;863396
62.96;64.48;62.8;64.29;939267
65.5;66.19;64.63;65.87;773461
63.31;64.09;60.1;60.7;1696917
61.14;61.5;58.45;58.45;864041
59.71;62.12;59.1;60;1032918
58.75;59.15;56.02;57.48;1379293
57.9;61.49;56.9;61.06;1284568
61.52;65.2;61.36;63.75;1649646
64.42;65.22;62.56;64.98;1610479
64.66;65.86;63.41;65.4;763621
64.39;64.41;61.22;63.28;1045756
64.22;67;63.55;66.6;1277610
71.25;73.78;69.81;70.1;2394316
69.23;71.21;68.35;70.43;1327264
70.44;70.44;68.5;68.56;846033
67.44;67.98;65.55;67.25;1034775
68.85;70.52;67.7;70.52;1118240
70.22;70.58;68.75;70.17;716115
69.71;70.6;68.9;69.29;685250
69;70.57;69;70.46;657672
70.76;74;70.76;73.91;1003252
74.01;76.75;74;76.19;1359168
76.57;76.88;75.06;75.74;942134
74.84;77.62;73.96;77.62;782507
77.67;79.98;77.5;79.8;628948
79.45;81.11;78.77;80.04;834872
79.67;80.47;76.5;76.53;1259824
77.3;78.97;76.26;78.17;976734
79.13;81.39;78.55;80.23;980490
79.5;80.14;78.24;78.99;696949
77.4;77.86;75.9;75.94;864296
76;76.8;74.91;76.19;1003857
74.98;75.53;73.53;74;1113347
74.1;77.11;74;77.06;829540
76.6;77.06;75.76;75.76;440707
75.25;77.69;74.63;77.4;779176
77.57;77.66;75.68;76.25;805999
76.3;76.8;75.27;76.43;864929
79.27;80.4;78.62;79.72;1485430
78.81;78.81;75.1;77.36;966853
77.36;81.28;77.36;80.87;1357544
80.4;80.4;78.65;78.65;756221
78.54;78.82;76.49;76.49;798741
75.44;76.24;72.5;72.57;1372717
74.97;76.17;74.42;75.75;840831
75.23;77.95;75.19;75.93;797728
75.57;75.83;73.16;74.76;1065086
74.8;74.8;71.47;72.7;871613
73.57;74.3;72.5;73.8;803109
71.4;72.5;69.53;72.22;1136343
70.95;72.78;69.72;71.58;1280226
72.65;72.95;68.56;68.8;1221998
69.08;73.2;68.4;69.12;2248949
74.36;74.64;72.1;74.26;1923730
74.25;74.4;71.8;71.8;662302
72.42;72.42;67.88;68.46;1509360
69.5;69.5;67.5;67.75;832984
68.29;69.28;67.15;68.35;1082127
67.1;67.86;65.64;66.2;791573
64.8;65.46;62.36;62.48;1093212
61.2;63.45;60.01;62.69;876652
63.31;63.93;62.05;63.04;566404
63.04;64.38;60.87;60.91;746849
60.67;61.08;58;60.71;1346627
58.18;58.9;52.36;52.92;1948821
54.56;55.2;50.21;50.4;1876229
47.88;53.3;45.5;50.2;2574936
51.5;52.4;46.65;48.19;1359767
44.6;46.95;41.92;44.67;2407759
47.4;48.69;46.2;47.37;1227306
49.79;53.09;49.3;49.96;2080206
49.77;50;44.31;45.18;1661601
42.93;43.45;40.12;40.71;1982566
42.5;43.41;40.86;42.48;1749158
44;45.15;43.34;45.01;933182
45.71;46.37;44.81;45.8;843206
44.6;44.61;42.24;42.45;954031
42.27;42.27;39.75;40.93;1200109
39.34;39.97;37.21;38.54;1653757
36.78;37.82;36;36.8;1757734
38.12;38.2;36.32;38;1387343
40.51;43.95;40.05;43.81;1613520
45;50.78;43.96;47.83;2149218
47.37;49.73;46.47;49.6;1110602
50.01;50.27;46.56;47.36;1139710
47.36;51.21;46.7;51.21;1309005
50.95;50.95;48.26;49.53;734174
47.88;50.02;45.49;45.75;1490134
46.12;47.2;44.19;46.03;1398255
48.14;48.41;45.14;45.41;1288445
44.89;45.41;40.7;41.44;1477514
42.56;42.61;39.41;39.72;804548
39.47;40.22;37.1;37.64;1457200
38.92;39.49;36.18;36.39;1579384
36.5;36.54;33.35;33.66;2361244
34.39;34.48;31.8;32.97;1403270
33.25;34.23;32.51;33.38;1710683
32.21;32.84;31.39;32.1;994946
32.51;33.43;31.06;31.54;1152587
32.49;36;31.83;35.99;1392095
35.96;37.2;34.86;36.2;965413
35.76;35.99;33.32;34.35;905585
35.3;37.96;35;37.88;1161659
37.77;37.8;36.69;37.35;619177
37.66;38;36.15;36.22;539691
35.73;36.41;34.59;36.11;599041
35.98;37.32;35.17;37.24;869285
37.15;39.1;35.42;35.5;1254848
35.06;35.39;32.21;32.45;1179178
35.1;37;34.6;36.69;1247495
36.42;41.65;35.88;40.91;2438597
41;41.12;39.85;40.96;968688
40.66;41.7;39.86;41.08;712412
39.2;40.25;38.41;40.01;793967
40.89;40.9;39.29;39.67;530029
39.86;42.75;39.75;42.75;1585572
43;46.7;43;46.05;2156114
46.21;46.9;45.69;46.03;1143594
45.34;48.02;45.34;47.04;1177124
46.9;47.64;46.15;46.44;568533
46.11;46.83;45.61;45.66;477421
44.97;45.66;44.25;44.92;149171
44.98;45.66;44.45;45.19;246448
45.2;46.7;45.1;46.7;252854
46.7;47.39;46.23;46.6;149514
47.18;50;46.97;50;765299
50;50.81;47.74;49.24;1178325
49.21;52.75;48.45;51.62;1215438
51.46;51.46;47.29;47.95;1117848
47.68;48.47;45.59;46.19;1067996
46.64;46.95;45.07;45.7;1075371
45.41;46.07;45.26;45.64;686858
45.69;45.75;44.7;45.5;969593
45.75;45.75;41.58;42.02;1031403
42.08;42.72;40.22;40.98;874774
41.99;43.98;41.9;42.56;926861
43.11;43.11;37.55;39.05;1127570
39.31;40.23;38.25;38.67;956781
38;39.35;37.52;38.35;1185462
39.25;40.18;37.29;37.73;1267111
37.52;37.97;36.25;37.41;1078723
37.18;39.86;37.08;39.17;778153
39.14;39.17;37.56;38.48;609241
39.21;42.3;38.86;41.96;909382
41.7;41.75;40.29;40.78;607176
40.68;40.95;39.14;39.63;814249
38.945;39.165;38.05;38.745;505118
39.07;39.52;37.95;39.19;509330
39.34;41.5;39.295;40.88;459612
39.91;41.59;39.3;41.31;700491
41.95;45.91;41.71;45.885;1677740
45.5;46.97;44.91;46.22;1030878
45.575;45.95;43.28;43.44;832065
43.05;44.17;42.715;43.86;568639
43.59;43.76;41.77;42.285;769326
43.015;43.7;41.795;42.545;568451
42.28;43.32;42.28;42.515;457488
41.93;42.74;40.47;41.03;578601
41;42.45;40.37;40.88;860111
42.28;44.655;40.82;43.82;1530838
43.105;44.42;42.61;43.02;1041843
44.015;46.21;43.18;43.685;1224506
43.38;44.87;41.68;44.265;1188421
45.16;46.84;44.725;46.735;1403576
47.2;48.45;46.375;46.665;1100925
46.09;47.91;45.51;47.5;1268758
46.78;48.4;46.07;46.545;1381172
46.34;46.9;45.255;45.495;952212
46.13;48.95;45.75;48.76;1157542
48.58;49.235;47.07;47.96;1339623
47.72;48.5;46.21;46.73;1016660
47.69;47.69;44.85;46.18;841557
46.015;50.67;45.925;50.265;1069278
50.2;51.355;49.14;50;1021049
49.5;50.09;48.18;49.855;722057
50.36;50.75;48.55;48.925;733041
49.91;51.56;49.695;51.075;628573
50.31;51.085;49.38;50.78;647399
51.6;51.9;50.735;51.51;756620
52;53.72;51.6;52.29;1081474
51.51;52.2;50.8;52.085;954017
52.085;53.13;49.6;50.6;980298
51.25;51.605;47.78;48.29;1480969
47.955;49.5;47.79;49.14;784409
49.195;49.39;47.46;47.79;791008
47.99;48.985;47.8;48.68;548724
47.445;48.085;46.405;47.16;772253
47.8;48.92;47.43;48.28;648263
48.2;51.045;47.54;50.675;863397
51.455;55.8;51.455;55.62;1452268
55.105;57.095;53.925;56.15;782019
57.155;57.86;54.935;55.42;1162488
55.56;56.05;52.35;53.295;928097
52.705;55.135;52.13;54.85;838270
55.055;58;54.83;57.98;1010554
58.8;59.59;57.045;57.5;854883
57.2;57.625;56.85;57.475;744375
58.28;58.825;57.725;58.365;852965
58.99;59.455;58.12;59.45;1025330
59;59;56.26;56.99;928146
56.9;59.91;56.025;59.54;1454346
58.01;58.33;54.5;57.795;1539894
57;59.345;56.83;57.74;904908
58.14;60.82;58.015;60.82;963590
59.4;61.61;58.74;61.42;750715
61.1;61.1;57.4;58.49;987205
58.515;59.05;57.31;57.87;966676
57.8;58.98;57.295;58.45;967463
58.72;61.305;58.54;61.22;478902
60.77;61.85;59.82;61.35;826894
61.23;63.995;60.92;63.18;660282
64.12;64.98;60.925;60.925;1261032
61.6;64.02;61.6;63.79;765248
62.61;62.7;58.925;59.26;706440
58.96;59.935;57.64;58;586298
58;58.03;54.55;54.55;874433
54.215;55.975;54.04;55.44;573937
55.69;56.695;55.3;55.96;512683
55.63;58.725;54.52;58.4;519543
58.925;60.95;58.695;60.8;835239
60.795;61.3;59.995;60.665;513961
60.29;60.76;59.3;59.415;363501
60.05;60.05;57.875;58.6;257262
58.5;59.29;57.23;58.335;134606
58;58.385;56.115;58.195;448830
58.6;61.11;58.6;61.005;764216
60.305;60.37;58.605;59.15;370768
59.94;60.16;59.03;59.22;331684
60.195;61.255;59.46;61.235;410403
60.825;64.91;60.72;63.905;763030
64.22;64.22;61.25;62.06;489947
62.41;62.67;60.675;60.675;394937
60.755;62.22;60.565;61.33;507287
61.33;61.545;59.835;60.525;402578
60.905;61.91;60.21;60.935;324572
61.87;63.45;61.125;62.145;363219
61.94;63.32;61.67;62.835;416123
62.51;62.755;61.2;61.845;395255
61.72;61.88;59.74;60;407352
60.21;60.57;58.915;59.66;483584
59.395;59.395;56.95;57.7;723116
57.7;57.85;54.505;55.3;1155479
55.57;57.04;54.97;56.7;692379
56.365;56.93;54.14;54.38;488470
54;55.625;53.34;54.47;498171
54.74;56.97;54.2;56.71;445712
56.37;56.9;55.045;56.9;449330
56.97;58.1;56.375;57.165;459878
56.865;58.78;56.845;58.495;397391
58.5;59.1;57.57;58.155;533576
58.765;60.865;58.71;60.05;592069
59.855;59.93;57.72;58;467706
57.95;58.195;56.01;57.15;380830
56.74;57.415;55.785;56.49;311584
56.805;57.49;55.925;56.185;314768
55.9;56.75;55.21;55.25;431185
55.44;56.45;55.2;55.39;389947
55.285;56.07;55.135;55.155;349260
55.155;56.95;55.115;56.615;355079
56.75;57.7;56.5;57.605;442707
57.61;59.62;57.61;59.4;564218
59.54;60.68;59.12;59.58;535262
60.13;60.7;59.52;59.75;408437
59.75;62.04;59.75;61.82;620329
62;62.88;61.3;62.53;458592
62.35;63.72;61.67;63.29;363844
63.69;65.5;62.84;65.5;653480
65.48;67.26;64.89;66.15;582021
66.84;67.35;65.04;65.39;643941
66.53;68.75;66.32;66.41;695280
66.55;68.93;66.09;68.88;630108
69.05;71.77;67.51;71.05;800634
72.47;78.4;72.47;78.19;2047187
77.95;79.08;77.25;79;741338
79.17;79.48;76.27;79.09;729617
78.7;80.84;78.7;79.62;836767
80.14;81.73;79.77;80.28;995798
80.18;80.86;78.65;80.55;671310
80.15;80.2;78.3;78.57;594179
78.96;79.23;77.25;77.75;482353
78.01;78.1;75.5;77.05;697667
76.86;79.2;76.8;78.93;720365
78.92;82.15;78.6;79.02;797668
78.16;78.5;76.7;76.7;538057
76.98;78.18;76.37;77.96;445277
77.35;78.58;77;77.65;405393
78.43;80.39;78.43;79.86;547019
79.14;80.97;79.1;80.69;439974
81.01;81.98;79.39;80.2;437022
80;80.75;79.7;80.25;346554
79.85;80.74;78.95;80.19;437736
79.6;81.15;78.65;79.01;472673
79.15;80.89;79.15;80.03;392329
79.62;81.83;79.62;81.01;339307
81.22;81.71;79.14;79.14;439425
78.95;78.95;76.82;77.62;729043
78.01;78.88;76.75;76.75;578762
77.12;78.71;77;78.12;520298
78.58;81.92;78.49;81.6;495352
81.62;84.18;80.85;83.9;771005
83.11;86.28;83.06;85.91;793254
85.75;86.68;83.88;85.8;605417
86;86;84.54;84.87;406665
84;85.6;83.14;85.51;300725
86.38;86.42;84.3;85.26;354219
85.92;86.3;85.09;85.68;418068
86.15;87.42;85.84;87;399807
86.79;87.48;86.02;86.88;621443
87;87.25;85.9;87.15;318197
87.09;88.39;85.05;85.7;516133
85.3;87.42;85.3;86.53;319298
86.47;86.47;83.74;84.31;487531
84.5;85.47;83.45;84.5;361123
84.27;85.77;83.05;85.5;272471
85.13;85.67;84.16;84.85;337217
85.5;88.5;85.01;87.59;971412
87.53;88.55;86.4;86.6;445752
86.1;86.7;84.24;85.2;461855
84.92;87.43;83.86;87.25;371833
87.33;90.64;87.33;90.39;620473
91.2;93.25;89.32;89.32;937039
90.4;90.4;87.53;87.84;829504
87.44;87.58;86.26;86.38;748873
86.55;87.33;86.22;86.67;518866
86.11;87.04;85.02;85.81;443521
86.79;87.22;85.64;86.65;535022
86.94;86.94;85.29;85.95;595427
86.03;86.57;84.21;85.07;569240
85.86;86.29;84.4;85.1;569131
85.2;86.76;84.87;85.17;473406
81.5;82.8;80.09;81.8;1258443
81;81.37;79.85;80.22;715445
81.22;81.22;79.72;79.76;510415
79.72;80.33;77.32;77.67;498367
77.5;78.95;77.02;77.78;359612
77.4;77.68;72.61;72.61;1205001
72.74;75.64;72.51;74.66;805417
75.13;76.57;73.83;74.36;667443
74;75.36;72.9;74.97;492770
74.89;76.47;73.65;75.28;660746
75.73;79.27;75.73;78.63;864994
78.49;79.89;77;79.1;400308
79.72;80.1;77.32;78.49;583297
79.29;82.45;79.21;82.4;739462
82.49;82.98;81.3;81.95;441879
82.03;83.5;81.7;82.35;334057
82.35;83.45;82.1;82.5;444658
82.53;83.47;82.14;83.3;255205
83.31;84.26;83.01;83.89;325133
83.89;83.99;82.04;82.11;380657
82.51;83.48;82.51;82.9;337298
82.9;83.4;81.74;82.13;362642
82.46;82.73;80.95;81.12;334135
81.67;83.2;81.53;82.64;361536
82.92;83.21;82.3;82.46;495025
82.86;83.64;82.22;83.4;429045
83.04;83.17;79.89;80.72;562820
79.31;81.3;79.28;81;287375
81.41;81.92;80.41;80.6;285088
81.04;82.4;80.81;82.18;271005
82.45;83.74;81.96;83.25;365164
83.67;84.19;82.17;82.48;329648
81.89;83.5;81.51;82.84;364239
82.28;83.69;81.51;82.92;243984
82.87;83.6;81.28;82.04;380738
81.99;81.99;80.05;80.72;523939
80.37;81.12;79.87;80.43;283266
80.5;81.01;80.09;80.43;368976
81;81.33;80.51;81.08;236817
81.16;81.8;80.49;81.72;247773
81.81;83.28;81.73;82.73;430692
82.3;83.27;82.02;82.41;317075
82.75;83.15;81.53;81.6;503468
81.6;83.58;81.4;82.99;217130
83.1;83.41;81.68;81.75;353736
82.37;83.09;82;83.09;273741
83.5;84.01;82.81;84.01;64013
84.19;84.5;83.97;84.28;86722
84.2;84.5;83.55;83.81;118692
83.45;83.99;82.79;83.52;120376
83.7;85.28;83.7;84.24;83833
84.24;87.02;84.01;87.02;406709
87;87.11;85.2;85.75;301136
85.53;85.74;84.11;84.7;321791
84.31;85.36;83.54;84.96;315080
85.5;87.94;85.41;87.66;580420
87.87;90.25;87.47;88.54;515638
88.44;88.98;86.53;87;453440
86.88;89.85;86.88;89.45;517268
89.7;90.17;89.16;89.77;401921
89.69;89.85;88.04;88.42;319457
88.6;90.88;88.6;90.07;296964
90.11;92.04;89.55;91.46;420691
90.91;91.61;89.26;89.6;534220
90;90.25;87.91;88.19;395776
87.94;88.48;86.85;87.77;442699
87.2;89.2;87.05;87.29;278271
86.73;88.29;86.13;88.25;332963
87.5;88.9;86.75;88.05;388787
89;89.48;87.8;87.8;577584
88.3;89.4;87.91;88.45;382355
87.91;89.26;87.77;88.91;240768
88.71;90.49;88;90.07;383267
90.27;90.27;87.82;88.37;448248
88.3;88.9;85.42;85.79;624359
85.27;85.32;82.56;83.29;780967
83.7;84.51;82.42;83.33;437164
83.21;84.66;82.57;84.03;389886
84.32;85.58;83.94;85.06;407680
85.51;86.2;83.39;84.59;531517
85.23;85.71;83.99;84.32;423722
84.73;85.54;83.69;83.89;134603
84.8;85.09;83.64;84.52;353909
85.13;85.55;84.02;84.72;589204
86;87.95;85.28;85.55;936659
84.99;85.64;83.48;85.39;620776
85.85;85.85;83.7;84.05;714048
84.49;85;81.96;82.4;557778
82.57;82.96;81;81.55;566741
81.7;83.09;81.28;81.55;433236
82.16;84.56;81.95;84.29;710984
85.4;86.08;85.04;86.04;529698
86.37;87.85;86;87.35;455864
86.84;88.55;86.43;88.4;435023
87.55;89.21;86.83;88.2;534688
88.93;89.67;88.15;89.6;374301
89.8;90.42;89.51;89.92;358096
90.02;90.34;89.01;89.64;423235
89.81;90.3;89.46;90;459086
89.55;93.58;89.55;93.14;1291200
93.4;95.52;93.26;94.78;936602
94.98;96.3;94.22;94.8;722063
94.98;95.99;94.94;95.35;353355
95.55;96.89;95.49;95.76;476913
95.79;97;95.57;96.15;377375
96.24;96.82;95.36;96.06;545980
95.5;95.5;93.72;95;555271
95;96.38;95;96.01;303416
96;96.12;94.86;95.7;269528
95.72;96.9;95.6;96.9;305232
96.4;96.89;95.9;96.57;317762
96.68;97.92;96.25;97.64;406878
97.6;98.1;96.51;96.86;400795
96.86;99;96.86;98.57;749087
99.52;100.55;98.69;100.4;489943
100.45;102.05;100.15;101.75;570277
101.7;102.15;100.5;101.15;276992
100.2;100.9;99.2;100.15;548845
101;104.15;100.75;104;679655
104.25;106.05;104;104.45;570100
104.3;106.5;104.25;105.15;607817
105.65;106.3;104.95;105.45;477938
105.6;106.95;104.55;106.5;476815
106.2;106.65;104.05;104.45;405215
103.65;104.9;103.55;104.8;329598
105.1;107.2;104.5;106.4;328711
107.2;108;106.4;107.15;508376
109;110.7;107;109;1025141
109.15;110;108.3;109.2;448771
110;110.9;108.4;109.5;470857
109.2;109.4;105.4;105.4;715801
104.9;105.75;102.85;103.95;618951
103.95;103.95;99.1;102;1200398
101.95;103.45;100.8;101.45;596027
101;103.2;100.4;102.75;384139
102.9;102.9;99.52;100.05;627742
100;101.35;98.86;99.32;754204
98.82;101.9;98.43;98.43;920081
95.39;99.2;93.1;93.88;1395600
98.72;101.75;97.43;101.65;1068084
99.9;102.5;99.55;102.3;605723
101.7;105;101.35;104.1;693438
104.95;105.7;104.15;105.3;357027
104.55;105.4;101.9;102.45;683766
101.3;103.4;100.85;101.45;389461
103.05;105.2;102.1;104.6;493994
102.6;104.4;99.36;99.36;860712
99.61;101.6;94.12;96.41;978766
94.45;94.46;89.54;90.71;1253972
91.25;93.11;90.89;92.74;735745
90.7;91.77;89.37;89.59;788111
91.66;94.6;91.29;93.86;688128
94.74;96.15;92.75;96.15;802172
96.42;98.15;96.11;96.83;517093
97.3;98.65;97.3;98.05;203324
97.39;99.27;95.61;98.58;639116
98.06;99.49;97.33;98.59;467124
100.85;101.55;99.94;100.25;332237
100.55;101.65;97.76;98.05;450885
96.84;98.32;96.28;97.4;360031
97.67;98.03;95.2;96.1;370577
96.43;99.25;96.3;99.25;394846
98.9;102;98.23;101.8;460301
102.55;102.55;99.57;100.75;354399
101.85;104;101.1;101.75;380297
100.55;102.8;100.35;102.35;260724
102.8;102.9;101;102.2;211813
102.3;104.1;101.65;103.1;288437
104.25;107.15;104.25;106.65;779988
108.6;110.5;107.4;107.8;645193
108;108.95;106.1;106.55;464450
105.3;107.35;105.3;106.4;375228
107;107.6;104.15;104.65;392908
105.2;105.8;103.9;104.55;342173
105.15;107.15;104.65;107;306647
105.65;105.95;102.45;103.45;475009
103.75;103.75;101.55;102.55;418966
100.55;100.6;97.62;98.1;1037651
98.45;99.58;96.93;97.24;531291
97.64;98.5;97.23;97.93;171736
98.21;100.85;98.21;99.65;282181
98.44;100.65;98.19;100.25;297236
100.95;101.6;99.98;100.8;260390
101.15;101.6;100.2;100.85;171602
101.1;101.55;100.25;100.85;216580
100.85;103.1;100.6;102.75;249849
103.5;104.2;101.35;102.35;185579
102.05;102.6;100.3;100.9;237424
101.5;101.95;98.69;99.16;373889
98.5;99.42;97.45;97.8;328711
98.8;99;96.94;98.34;304767
99;101.45;99;99.95;284744
99.64;103.8;99.13;103.6;336713
103.7;105.85;103.2;104.45;449314
104.8;105.35;103.65;105.05;136118
105.35;105.7;102.4;102.9;278288
103.5;104;101.95;102.7;208600
102.85;104.1;101.4;102.35;296709
103.85;104;100.8;102.65;314960
103.1;104.6;102.75;104.6;195336
104.5;106.1;104.05;105.8;310318
105.8;106.85;104.4;106.05;268662
105.8;107.25;105.2;105.45;204695
106.1;107.1;104.7;104.8;258844
106.55;106.8;105.95;106.55;160814
105.8;106.75;104.75;106.15;209311
105.55;105.7;102.9;103.1;264831
102.5;103.7;100.75;102.05;246421
102.55;103.05;101.05;101.45;213358
102;102.3;100.5;101.6;210457
102.15;103;101.55;102.55;311158
102.05;103.75;101.1;103.5;202193
104.05;105.05;101.95;102.15;253901
101.95;103.3;100.6;101.75;276379
102.2;103.2;101.55;102.4;145921
101.6;102.1;100.6;101.8;270988
101.55;101.55;98.84;100.35;486511
101.3;101.5;100.15;101.25;237524
100.75;103.45;100.55;103.25;249859
103.65;103.65;101.7;102.5;211959
101;102.75;100.95;102.75;319516
103.2;107;102.2;106.75;424096
106.55;108.65;106.3;108;250699
108.05;109.5;107.6;107.95;302973
109.45;109.85;108.95;109.3;261118
108;108.3;105.85;107.2;660973
107;108.65;105.9;107.95;427743
107.45;109.9;107.3;109.45;285650
109.45;110.5;108.9;110.1;216883
110.9;114.45;110.8;114.1;676830
114.3;114.95;113.6;114.7;395113
114.95;116.45;114.75;115.75;303834
115.8;116.2;114;114.65;341577
115;116.55;114.7;115.85;411599
115.95;117.95;115.95;117.45;323984
117.4;119;117.2;118.2;242991
118.7;118.7;115.6;115.9;322176
115.5;115.9;113.75;115.35;288462
114.95;118.25;114.7;117.95;311637
117.95;119.3;117.7;118.45;351822
117.8;118.55;115.9;118.5;303965
118.9;119.75;118.1;119.4;345225
118.25;120.5;117.5;118.75;394557
118;119.55;115.45;116.15;463267
116.45;116.45;114.15;115.6;347155
115;116.2;114.55;116.05;363944
116.35;116.65;114.25;114.5;393186
115;115.2;113.65;114.5;333930
114.5;114.65;112.9;113.15;303005
113.5;114.65;112.95;114.2;363881
113.8;114.9;112.85;114.8;301729
115.55;120;115.35;120;422754
119.5;119.9;117.9;118.45;287619
118.4;119.2;117.6;119.2;234443
117.3;118.1;115.4;115.9;425907
115.65;116.15;113.7;113.8;380438
113.5;114.9;112.75;113.5;368428
113.25;116.15;112.6;115.85;401729
115.45;116.45;114.75;116.15;197209
116.25;118.35;115.15;117.25;305190
116.85;118.2;116.75;117.65;275969
116.75;119.8;116.7;117.7;356543
117.15;119.65;117.15;118.55;260853
120.1;120.4;116.3;117.8;573166
118.1;119;116.6;117.3;321011
116.85;118.2;116.5;117.5;277623
118.1;118.45;117.1;117.6;247018
119.15;119.85;117.35;117.75;373615
118.05;118.35;116.05;116.8;276015
116.9;117.3;114.8;115.15;269739
115;116.65;114.55;115.55;278011
115.25;116.25;113.75;114.35;239619
114.3;114.95;112.45;112.6;352170
112;115.65;110.35;115.4;593812
115;116.7;114.25;116.4;187079
116.3;116.85;114.95;115;266189
115;115.35;114.4;115.25;152881
116.1;118;115.9;118;287004
118.4;118.5;117.15;118.35;204974
119.1;119.85;118.8;119.7;368073
119.05;120;117.45;117.45;354680
117.45;120.15;117.25;120.05;389439
119.8;124.85;119.65;124.6;687663
123.55;124.8;121.65;124.8;425435
124.9;126.05;122.4;122.4;390397
122.35;123.4;122.1;122.4;297803
122.75;124.65;122.15;124.15;222608
125.5;127.5;124.45;127.5;390554
127.1;128.3;125.35;125.85;349313
125.75;126.1;124.6;125.55;216150
125.75;127.9;125.35;127.45;277134
127.3;127.5;125.9;126.9;238307
128;128.2;124.2;124.8;409256
125.5;128.05;125.15;127.75;331670
127.75;128.3;126.85;127;252681
127;127.5;126.5;127.2;187215
126.85;127.8;126;126;219929
125.6;126.55;124.9;125.25;206449
126;126.2;123.9;123.95;457372
124;124.5;122.75;123.35;277474
123.15;124.45;123.15;123.3;184809
123.45;124;121.9;122.35;259612
122.55;122.75;120.85;121.6;168046
120.7;121.5;120.5;120.9;36625
120.5;121.7;118.9;119.7;147811
119.7;120.75;119.15;119.75;76317
119.75;121;119.75;120.65;101124
120.9;121.35;119.4;119.9;86875
120.95;120.95;118.9;119;51780
120;121.8;119.65;121.25;207161
122;122.05;119.4;119.55;254193
119.5;119.7;117.75;118.7;329049
118.7;119.95;117.55;117.9;280698
117.9;118.7;116.1;116.25;300214
115.9;115.9;114.45;115;330084
115.35;119.55;114.45;119.4;472715
119.45;122.8;118.95;119.9;522311
119.9;120.5;118.6;119.15;361821
119;120.6;118.5;118.75;321911
118.85;119.6;115.45;117.35;308566
117.55;119.05;117.05;118;305449
117.45;118;114.6;115.5;567248
115.3;115.5;112.2;114;449635
114.25;115.45;112.9;114.4;320459
114.45;115.15;113.25;113.3;366631
113.85;115.5;113.15;114.55;231076
115;117.55;114.45;117.5;325451
117.5;118.2;114.95;114.95;464950
115.1;115.55;113.35;113.5;282946
113.45;117;112.5;116.75;560054
117.45;117.7;115.25;116.7;574812
116.9;117.3;114.9;116.2;300295
116.4;116.4;114;116.1;262177
116.5;116.5;113.45;113.95;461246
114.3;115.3;114.05;114.85;262135
115.2;116.85;115.1;116.4;389664
116.45;118;116.4;116.8;354915
116.8;118.25;116.3;118.25;308721
118;118.5;115.75;117.7;339369
117.45;117.9;116.65;117.15;216774
117.35;117.75;115.4;115.8;251644
116.05;116.1;112.8;113.4;607859
115.8;116.9;115.05;115.85;480697
116.9;116.9;114.5;115.6;329133
115.3;115.95;113.85;114.05;217187
113.75;114.3;112.35;114;218401
113.8;113.8;111.7;111.7;333480
111;111.5;109.8;110.5;266538
111;111.5;110;111.05;296644
110.75;111.3;110;110;389088
110.05;113.45;110.05;110.95;594921
110.8;111.25;110.05;110.2;311720
110.45;111.45;109.85;110;321527
110.15;111.85;109.6;110.15;284036
109.95;111.85;109.45;110.55;361120
111.1;111.1;108.2;109.4;448581
109.25;110.85;108.75;108.95;255406
108.6;109.05;107.75;108.5;489098
107.4;108.85;107.35;108.5;465953
107.4;108.05;105.65;105.8;479291
103;103.95;98.3;100.2;1662496
100.65;102;99.34;99.7;975296
100;101.05;99.5;100;873079
100.3;101.95;100.2;101.55;774958
102.85;103.8;102.45;103.5;404852
103.3;103.75;102.45;103.1;490526
102.4;105.35;102;105.1;637511
104.9;106.15;104.55;105.85;309866
106.15;107.6;105.55;107;409279
107;108.4;106.45;108;368943
108.35;108.35;106.7;107.9;352498
108.65;109.7;108.05;108.95;295331
108.7;109.15;107.55;108.15;296219
109;110.3;108.2;110.05;366190
110;110.6;109.4;110.35;233160
110.4;111.15;110;110.65;270112
111.2;112.95;110.7;112.2;394251
112.2;112.7;110.8;111.3;257193
112.55;113.35;112.2;113.35;492084
112.55;113.55;112.3;112.5;166018
112.05;113.5;112;112.7;549488
113.25;114.1;112.65;113.65;266230
113.1;114.7;112.95;114.4;292087
114.55;115.15;113.65;114.9;260870
115.2;115.4;113.05;113.3;341611
113.5;115.65;113.5;114.9;296568
115.45;116.45;115.35;116.1;311307
116.55;118.15;115.9;117.85;284472
118.15;118.85;117.5;118.15;313900
118.15;119.35;117.8;118.45;206235
120;121.1;118.95;120.8;497126
120.55;121.15;119.1;120.75;251242
121.95;122.55;120.6;120.6;188109
120.35;121.8;119.05;121.6;338728
121.35;122.75;120.25;120.4;465206
120.95;121.5;118.1;119.55;440140
119.7;121.65;119.05;121.35;353697
121.15;121.4;119.55;120.85;286290
121.05;122.35;120.95;121.45;267937
122.15;124.25;121.8;123.45;466862
122.6;123.2;121;121.95;296298
122.65;123.15;121.4;121.85;259808
121.2;122.4;120.1;122.4;360045
122.05;122.05;119.6;119.75;417504
120.25;121.3;120.15;121.15;184741
121.5;121.8;119.65;121.55;510492
122;122.65;121.1;121.85;357418
116.7;117.15;115.1;115.1;463886
115.2;118;114.65;117.7;476821
117;119.4;116.5;119.25;339497
119.35;119.8;118;118.3;227789
118.4;118.9;118.05;118.5;365199
118.05;118.4;117;117.5;210321
118.15;121.15;117.65;120.95;464866
121.3;121.85;120.4;120.55;236819
119.4;120;118;118.15;234869
118.15;118.55;116.55;117.8;301325
117.55;118.1;116.95;117.4;142241
116.85;117.75;116.25;117.1;225956
116.5;116.75;114.95;115.15;323770
115.05;116.7;114.25;116;380004
116.05;116.4;113.9;114.45;290078
114.7;115.1;113.85;114.75;144277
115.2;118.05;115.2;117.15;404512
117.05;117.15;114.7;115.25;391796
114.35;114.5;113;114.35;514542
114.3;115.5;113.3;115.05;503988
113;115;112.9;114.85;195563
115;116.8;115;116.45;254298
116.4;117.75;115.95;117.5;250434
116.85;117.5;115;115.8;370964
117.05;118.25;115.95;116.3;278005
116.2;117.5;115.9;116.55;143873
117.05;118.7;116.55;118.45;348291
120.05;122.2;120.05;122.1;733459
122.7;123.2;121.8;122.8;378628
122.7;123.6;122.5;123;214754
123.2;124.5;123.05;123.95;198186
124.6;126;124.15;125.15;410378
125.5;125.5;123.8;124.35;213041
124.95;126.3;124.3;125.75;251329
127.25;129;125.5;126.55;531128
125.7;126.6;122.9;123.7;458385
122.1;124;120;123.65;448518
122.8;126.5;122.5;126.1;385567
125.45;126.45;124.95;125.15;227183
125;127.25;124.3;126.15;417853
125.25;126.35;124.9;126.2;391070
127.7;128.9;125.9;127.5;411897
127.75;129.9;127.5;128.85;318838
129.15;129.8;126.65;129.4;387191
129.95;130.85;129;129.7;294440
128.5;130.6;128.5;130.4;233571
130.6;130.75;127.75;129.1;287965
128.85;131.35;127.8;130.3;367197
130.2;131.15;127.85;129.85;416650
129.5;131.2;126.7;129;501120
130.9;132.2;127.65;128.5;509195
127.85;128.5;124.8;125.4;736708
124.05;126;122.3;123.95;508431
125.65;126.05;115.6;116.55;1074132
113.1;118.05;111.5;114.9;833441
113.75;114.8;107.8;108.25;803557
107.95;111.05;103.05;110.5;687115
112.9;114.4;106.7;107.25;620968
110.15;110.7;103.5;108.95;826332
109.05;113.5;106;113.35;436254
114.15;114.5;111.6;112.1;172970
111.45;111.7;108.5;110.35;307927
109.95;111.85;108.8;111;223222