48.57;49.2;48.3;48.8;377649
49;49;47;47.5;447410
47.5;48.38;47;47.7;534377
48.9;50.95;48.5;50.95;1300230
51.8;52.75;51.45;51.95;930494
52.55;52.55;49.7;49.91;571625
50.5;51.3;49;49.8;1473254
49.03;51.95;48.2;51.9;1178553
52;54.5;51.9;52.6;1236836
53.05;53.4;52.15;53;460719
53.8;54;52;53.2;537624
53.75;54;52.55;53.95;798392
53;54;52.2;53;687090
52.6;53.4;51.5;51.5;659265
51.95;52;50.9;52;238765
52;52.75;51.05;52.2;342232
51.5;52.5;50.1;51.8;977063
52.9;53.85;52.25;53.15;725595
54;55.4;53.5;54.95;1242374
54.7;55;54;54.8;622391
54;54.5;52.85;53.9;877794
54.1;54.4;51.6;52.2;666556
52.5;52.7;47.41;47.75;2081786
48.5;48.7;44.85;46.01;2548462
47;47.35;46;46.8;1134961
47.89;47.89;46.94;46.94;448788
47.4;49;47.2;47.9;765390
48.1;48.16;45.1;45.2;1024883
45.86;45.86;43.3;43.45;1198053
43.6;45;41.8;42;815169
42.98;43.2;42;42.79;649486
42.61;44.48;42.3;44.34;590958
45;45;44.1;44.77;558496
44.9;45.18;43.5;44.16;464033
43.05;45.7;42.6;44.2;1232461
44.6;45.2;43.75;45.13;393019
45.79;46.74;44.81;45.99;1065542
45.98;46.17;43.5;44.3;982697
44.1;44.15;40.5;41.01;1441721
42;42.3;39.85;40.5;2283356
41.3;41.4;39.3;39.7;1140857
40.8;41.8;39.87;41.4;882337
42;42.75;41;41;822618
42.02;42.15;41.21;41.5;516641
42.2;43.54;41.4;43.07;763516
44;44.5;43.12;44;765829
44.5;44.5;41.1;41.59;652593
41.6;41.87;39.5;39.5;698932
40;40.29;38.6;38.6;813149
39.1;39.6;37.53;38.94;777178
39.15;40.39;39.01;40.17;268308
40.6;41.31;38.8;39.99;479110
39.8;40.18;38.85;40;428153
41;42.4;41;41.4;876659
43;43.85;42.5;43.2;1120591
43.27;43.56;41.75;42.25;411033
42.5;42.5;40.8;41;323941
41.01;42.07;40.12;41.87;653609
40.6;42.3;40.6;41.65;396026
41.5;41.99;40.35;40.47;617322
40.5;41.6;40.07;41.6;432406
42;43.15;41.69;42.01;576426
41.7;42.49;41;41.08;1379240
42.3;43.15;41.5;43.01;1106696
43;45.38;42.8;45;1781534
44.99;46.79;43.2;46.16;1000366
46.16;47.45;44.5;47.45;842518
47.2;47.4;43.1;45.6;842293
46.3;46.3;44.4;44.63;384893
45.6;45.76;43.51;45.22;274144
46.5;46.6;44.4;46.4;349497
46.8;46.8;45.4;46.24;242026
46.8;46.8;45.25;45.84;315052
45.15;46.95;45;45.84;457971
46.44;46.44;44.2;45;481760
43;45.72;42.8;44.9;320419
45.21;45.7;43.9;45;527097
45.5;46.42;44.81;45;815610
46.5;46.5;45.35;46.22;355280
48.4;49;47.6;49;1267759
49.1;49.4;48.1;48.9;747218
47.9;49;47.5;48.35;507904
49;50.55;48.5;50;914555
50.8;51;47.71;48.3;771360
48.62;48.65;47;47.3;528150
47.31;48.88;46.25;48.88;313689
48;49.5;47.8;49;271773
49.18;49.35;48.5;49.14;130679
48.88;49.69;48.5;49.2;283354
48.9;50.3;48.7;49.99;434705
49.12;50.55;48.63;49;348562
48.55;50.5;48.1;48.97;362433
48;50.95;48;50.95;521618
51;52.5;50.55;51.65;820410
51.65;51.7;50.5;51;271005
51.7;52.3;50.6;51.05;468138
50;51.55;49.55;50.75;878540
51;53;50.1;51.35;929082
52.1;52.5;49.3;50.1;382681
50.1;51.4;48;51;1062697
51.8;53.45;51.3;51.5;543212
51.2;52.6;50.75;51.2;232434
52;52.2;50.75;51.8;166428
51.25;52.4;50.75;50.85;398300
50.75;51.35;48.5;50.5;616186
49;51;48.99;50.35;423093
49.58;50.8;48.5;49.03;1069879
49.6;49.85;48.1;48.39;583105
48.66;49.42;46.75;47.42;581028
48;49;47.65;48.7;362693
48.02;48.8;47.01;47.5;481929
47.25;47.4;46;46.52;641633
46.94;47.3;46.57;47;287369
47;47.42;45.8;45.8;459943
45.8;46.93;45.12;46.84;281252
47.45;47.45;45.6;46;324088
46.5;47.21;46;46.75;234891
47.23;47.25;45.24;45.78;511400
45.89;45.89;43.95;44.02;629184
44.4;44.4;42.98;43.47;593271
43.1;43.4;42.4;42.69;749665
43.5;44.83;42.9;44.15;1246483
44.8;45.7;44.37;45.2;437148
45.8;46.6;45.5;45.92;579477
46;46.6;45.2;46.4;2559069
46.85;47.94;46.5;47.6;952232
46.4;47.19;46.07;46.99;405950
47.24;48.29;47.15;48.18;845376
48.18;48.95;47.8;48.95;945355
48.05;49.2;48.05;48.73;348517
48.59;49.5;47.85;49.3;457599
48.6;49.73;48.5;49.73;230532
49.25;49.25;48.05;48.4;343567
47.51;48;46.7;47.6;417137
47.6;48.14;47.1;47.1;301466
47.3;47.4;45.7;46;445141
46.1;47.1;44;44;824703
45.24;48;45.16;47.8;562875
47.8;49.35;47.11;48.4;484052
49;49;46.55;46.9;449513
46.55;49.2;46.55;49.15;483447
49.75;49.78;48.21;48.5;318324
49;49;47.8;48.21;201872
48.2;48.98;47.6;47.95;278929
46.5;46.8;44.8;45.5;1599318
45.95;47.13;45.25;46.35;526533
46.15;46.72;44.5;45.6;509631
46.17;46.58;45.5;46.58;198117
46.5;46.58;45.15;46;337724
45.99;47.3;45.83;47.3;317489
47.17;47.29;46.25;46.6;299250
46;47.45;45.89;47;259996
46.8;47.8;46.5;47.15;382198
47;48.1;47;47.3;435337
47.4;48.02;47.1;47.8;166970
48;48.5;47.4;48.29;167693
48;48.5;47.86;48;249856
48.75;49;48.11;48.9;281738
49;49.33;48.03;49.2;277497
48.64;49.5;48.45;48.69;231042
48.1;49.02;47.85;49.02;144844
49.1;49.2;47.81;47.81;205654
47.56;48.86;47.56;48.33;400721
48.99;49.2;48.25;48.75;546425
49.29;51.7;49.01;51.4;837953
50.75;51.5;49.8;50.8;544585
51.25;51.4;49.5;50.1;390900
49.51;51.25;49.51;49.85;457450
49.61;50;48.96;48.96;464774
49.95;51.2;49.55;50.95;566384
51;51.6;50.65;51.1;375750
51;52.8;51;52.1;717764
52.5;53.3;51.85;52.15;825684
52.1;53.5;52;52.6;478407
52.9;53.3;51.85;51.95;640222
52.6;52.95;51.3;52;334551
51.4;53;51;52.75;231647
52.8;52.9;50.2;50.5;299239
50.7;51.55;49.8;50.5;338640
50.85;51.2;49.9;49.91;257042
49.9;49.9;47.9;48.15;422899
47.95;47.95;46.3;46.8;631186
47;47.2;46.5;46.7;565514
46.7;46.85;45.15;45.75;646541
45.1;48.45;44.71;48.3;577132
49.1;49.1;47.11;47.4;447659
47.4;47.5;46.11;46.66;321948
46.5;47;46.28;46.77;300301
47;49.75;46.81;49.5;1785821
51.5;51.6;48.52;48.6;1804957
48.17;50.9;48.17;50.9;529180
50.1;52.4;49.8;51;776624
50.65;52.85;50.65;52.5;1179394
52.05;52.2;51.15;51.7;342888
51.2;51.75;50.4;51.15;559438
51.45;51.95;50.2;51;460403
50.55;51;50.2;51;614770
50.9;51;49;49;866474
49.4;49.89;47.12;49;513229
47.31;49.2;47.11;49.2;550795
49;49.66;48.41;49.66;499701
49.42;49.61;48.71;49.22;439341
49.69;49.69;48.23;48.8;330696
49.5;50.4;48.52;48.92;402583
50;51.3;49.55;49.99;1043997
49.66;50.25;48.76;48.96;222276
48.98;51;48.64;50.35;728149
50;50.9;49.75;50.65;497656
50.1;51.05;50.1;51;456119
51.85;54.1;51.3;53.9;2350145
54.8;55.2;51.8;54.25;1721060
55;59.3;54.55;58.6;3568478
58.3;61;58.05;59.9;2362702
59.1;59.8;56.1;56.5;1642743
57.2;57.4;54.45;56.9;1230126
57.6;57.6;55.3;55.55;446995
55.4;56.2;53.8;56;1043037
56.3;57;55.15;56.2;365543
55.95;57.3;55.5;55.85;357161
55.85;56.65;54.8;55.6;626332
55;56.3;54.8;55.6;375243
55.05;56;54.7;55.85;397392
55;58.1;55;57.8;633546
56.75;57.95;55.7;56.65;960806
56;56.6;55.25;55.8;444447
55.9;56.4;54.2;54.35;396455
55;57.8;54.5;57.7;910046
56.6;58.6;56.6;57.25;916424
57;57.3;55.4;56;912051
55.8;56.05;54.55;55.15;503193
56;56.5;55.15;55.65;384003
55.5;56.4;55.05;56.05;2047190
55.6;55.7;53.1;54.15;675293
53.9;54.9;52.85;54.9;595863
53.2;55.45;53.2;54;677235
54;54.85;51.75;52.7;610578
52.05;55.35;52.05;54.55;568854
55.3;55.55;52.6;53.15;479744
52.25;53.8;50.75;52.2;1069047
52.9;54.7;52.3;54.7;765063
54.7;55.9;53.5;54.75;485981
53.5;54.5;52.6;53.15;294010
52.6;53.9;51.25;51.5;580431
51.6;51.9;50.3;50.5;731416
50.5;51;49.25;49.7;454043
49.89;50.75;49.65;50.6;497978
51.6;54.3;51.6;54;1256931
53.5;55;52.05;52.95;548300
53;54.2;51.8;53.2;389002
52.5;53.5;50.8;51.7;400164
52;53;52;53;148632
52.3;55.5;52.3;55.5;593173
55.6;55.6;54.8;55.5;259732
55;56.75;54.5;55.4;323213
55;55.3;53.5;54.2;835498
55;55.85;54.1;55.3;824061
56;56.7;55.05;55.5;1070056
55.5;55.5;52.6;53.3;569403
54.45;54.45;52.3;52.4;531659
52.3;53.7;52.1;52.7;732893
52.5;53.75;52.25;53.1;328490
53.4;53.4;52.1;52.35;539103
52.6;52.95;51.65;52.4;443984
52.9;53.2;51.75;52;371394
51.85;52.5;51.65;51.95;737229
52.4;54.7;52.2;53.9;1041756
54;56.35;54;56.35;1337214
56;57.3;55.55;57.05;898748
56.6;57.65;55.8;55.9;557094
57.3;57.35;56.25;56.25;386792
55.55;56.8;54.7;56.8;1363034
55.8;56.5;54.6;54.6;609661
55.4;56.2;54.45;55;295709
54.05;56.4;54.05;55.65;285709
55.7;56.05;53.55;54.3;416283
54.5;55.25;54.2;55.25;466562
55.9;55.95;54.3;54.6;467193
54.75;54.9;53.6;54.8;614592
54.7;55.35;54.2;55.35;507915
54.8;56.55;54.55;55.85;767030
55.9;58.2;55.65;57;1090136
57;57;55.5;55.5;391564
55.45;56.7;54.2;55.7;626012
56.45;56.45;53.25;53.5;1055990
53.5;56.15;53.1;55.95;822227
56.6;58.25;55.25;57.65;1162415
57.2;57.8;56.2;56.7;1067851
55.75;57.3;55.7;57;399794
57.3;58.5;56.4;56.4;1009223
56.4;58.9;55.9;58.2;1001972
57.7;60.55;57.7;60.1;1417693
59.35;61;58.1;58.4;900420
58.5;59.45;57.05;57.8;2391265
57.5;58.45;56.15;57.6;901389
57;58.4;56.8;58.4;490153
57.5;61.6;57.5;61.2;1204339
61;61.1;59.25;60;761884
59.65;60.5;58.55;58.6;387956
58.6;61.2;58.25;60.7;739340
59.6;61.9;59.6;61.2;503850
62;64;62;63.4;1180020
63.25;63.7;61.65;62;603684
61;63.8;60.55;62.05;570206
60.5;60.5;57.1;58;1424266
57.75;58.3;52.75;54.1;1266654
52.55;54;52;53;2001427
54;55.4;52.85;55;1164814
55;55.6;53.5;53.55;998522
54;54.8;53.45;54.5;671788
54;57.85;54;56;1753049
55.65;57;52.45;52.75;1715896
54;56.9;53.8;55.05;776438
55.9;56.9;55.25;56.65;439905
55.55;58.3;55.55;56.5;789065
56.05;57.8;54.7;57.8;731543
56.75;57.8;55.65;57.8;741608
57.8;58.8;57;57.3;770596
57.8;57.8;55.35;57.8;726424
58.2;59.1;55;55.2;1201252
55;56.85;54;55.95;964242
56.85;58.8;55.8;57.95;845421
58.5;58.7;56.3;56.55;501114
56;56.9;54.6;56.9;560718
57.25;58.7;57.2;57.7;528983
57.5;57.9;56.5;57.4;762640
58;58.5;57.6;58.4;449348
58.3;58.85;57.5;58.4;482039
58;60;58;59.65;890495
59.7;60.4;58.65;59.5;679247
59.55;61;59.25;59.95;354978
59.5;60.3;58.35;60.1;426152
59.95;60.8;59;59.6;684540
58;59;56.6;56.7;1671437
56.55;58.65;55.7;57.85;1118552
57.45;59.25;57.4;57.8;1190778
57.8;58;56.7;57.95;785238
57.9;59.2;57.3;58.35;839700
58;58.4;57.05;57.7;503527
57.65;58.6;57.05;58;625159
59;59.45;58.2;59;341848
59;59;56.75;58.65;452194
57.6;58.6;56.75;57.4;567388
57.1;57.75;56.65;57.7;572853
57.5;60.25;57.5;60.1;1725543
60.05;62.85;59.55;61;1334571
62.2;62.2;59.8;60.45;1260905
60;60.85;59.05;60.6;855885
60.8;60.9;57.4;58;4163899
58;58.9;56.7;58.7;1457358
58.6;59.35;57.05;58;1478936
59;59;57.7;58.1;1012641
57.65;58.7;57.5;58.4;948603
58;58.5;56.9;57.1;457444
57.05;57.55;56;56.2;698995
56.5;56.75;56.1;56.15;515751
56.2;57.45;55.8;56.5;778854
56.5;57;55.65;55.75;1468451
56;56;54.65;55.15;1277980
55.5;55.6;53.6;54;1387765
55;55;52.35;54;2060904
54.4;55.2;53.35;53.55;2094570
53.6;53.95;52.1;53;2248507
53.05;53.5;51.5;51.5;2077205
52;53.3;51.7;52.5;1439036
52.15;53.65;52.05;52.05;1531389
52;52.7;51.15;51.15;1768919
50.95;52.35;50.55;52.1;1123963
51.85;52.8;50.85;50.85;1090035
51.3;51.65;50.15;50.15;805911
50;51.35;50;50.9;869290
51.05;51.7;50.8;51.3;950548
52.05;52.7;51.55;51.85;889510
51.8;53.35;51.8;53;933859
52.25;53.9;52.1;52.95;977135
53.7;53.7;52.05;52.2;756359
52.05;52.35;51.55;52.35;805596
52.7;52.7;51.55;52.6;1132586
52.1;53.55;52.1;53.3;1047636
52.75;55.85;52.75;55.85;1444062
55;55.9;55;55.25;975443
55.4;55.6;54.5;54.55;541176
54.9;55.1;54.05;54.9;530034
54.6;55.85;53.25;53.25;1342294
53.55;54.35;52.4;52.8;814818
52.8;54.3;52.4;53.7;545634
52.8;53.85;52.1;53;562604
53.45;54.1;53;53.75;765190
54.1;54.95;54;54.3;494070
54.85;55.25;54.1;55.2;478463
55.5;55.5;54.5;55;504105
54.8;54.8;52.5;53.3;901280
53.3;53.6;51.6;52.8;830873
52.8;52.8;51.95;52.3;603646
51.8;52.4;51.6;51.8;611876
51.95;51.95;50.55;50.95;926819
52;52;50.35;51;582354
52;52.35;51.25;52.15;794742
52.5;53.45;52.2;53.15;1087223
53.6;53.6;51.5;51.65;627405
51.8;51.85;50.55;51.85;945683
51.15;51.95;50.65;51.7;873400
51.9;52.15;51.2;51.95;630347
51.8;51.8;51.15;51.3;531247
51.3;52.2;51.3;51.65;452365
51.95;52.5;51.3;51.3;375897
51.3;52.1;51;51.6;406246
51;51.35;50.3;51.3;1046061
51.1;51.6;50.45;50.5;494787
51.1;51.55;50.65;51;343578
51.1;52.3;51.1;51.85;298044
51.65;51.8;51.15;51.15;194100
51.3;51.3;50.6;50.6;508132
50.6;51.1;48.22;49.83;1030437
49.56;49.85;49.08;49.66;661232
49.5;50.2;49.3;49.75;425299
49.5;49.85;49.2;49.45;1470667
49.1;49.5;48.1;48.75;854634
48.75;49.84;48.6;49.8;719175
49.7;49.7;49.26;49.63;448994
49.5;49.7;48.5;48.5;575462
48.5;49.1;48.47;48.7;1210287
48.9;48.9;46.47;46.88;1009765
46.65;46.88;44.61;45.45;1341849
45;45;42.4;43.1;1732760
43.5;44.14;42.31;43.5;1077521
43.4;43.4;42.5;42.5;838964
42.65;43.35;41.9;41.9;835486
42.2;43;41.5;42.1;960471
42.1;43.7;41.8;42.2;996233
42.8;43.18;36.7;37;1058786
33.53;38.45;33.53;37.65;1461633
38.1;38.19;36.05;36.05;1008049
36;36.5;34.1;35.35;1572611
33.42;35.07;32.15;34.5;1989266
34;34;31.22;33.14;1235744
33.02;33.3;32.03;32.5;673958
32.5;32.5;29.11;29.18;1386816
27.88;29.67;26.01;29.5;1961932
29.82;30.88;29.73;30.1;1035782
31.15;31.95;30.6;31.7;1233994
32.29;32.5;30.5;31.34;839248
31.5;31.99;30.63;30.97;695424
32;32.5;31.41;32;993329
33.4;33.4;31.13;32.35;517132
32.5;32.5;29.85;31.68;576697
31.1;31.97;29.87;31.4;769342
32.35;33.69;31.6;33.69;760427
32.51;33.6;32.15;32.2;818381
32;32.05;30.74;32.05;467158
31.72;32.44;31.6;32.44;347624
32.47;34.49;31.79;33.96;768227
34.6;36.29;34.26;34.85;1117482
36;36.12;34.25;35.59;762360
35.5;35.5;34.51;35.1;622480
35.8;35.95;34.9;35.8;931543
36;36.95;35.76;36.95;785775
36.5;37.3;35.9;37;968012
37.15;37.3;35.6;35.6;681761
36.3;37.5;35.69;37.5;516877
37.93;39.1;37.4;38.62;787711
38.58;38.68;37.51;38.32;565803
37.87;38.5;34.68;35.82;2491075
35.9;35.9;32.99;34.2;2055334
34.42;34.47;32.58;34.3;984725
34.5;34.5;31.63;32.8;1195838
33;34.18;32.4;33.85;1337758
33.85;34.98;33.39;34.8;505801
34.8;35;33.52;33.99;642718
34.59;35.99;34.4;35.66;698803
35.95;36.1;34.75;35.91;914699
36.05;36.05;34.99;35.64;780786
35.25;36.59;35.04;36.39;920741
36.39;36.51;35.25;35.8;791571
35.8;36.39;34.51;34.72;530429
35.28;36.81;35.27;36.57;622326
36.75;37.8;36.36;37.7;807672
38.49;39.99;37.2;38.74;1297726
39;40.63;38.54;40.4;857958
40.85;41.7;39.82;40.5;1094318
40.97;40.99;39.55;39.75;887032
40.47;40.47;38.81;39.21;526567
39.9;39.9;38.23;38.62;618579
39.05;40.27;38.53;39.28;602654
39.88;41.48;39.88;41.11;932924
41.5;42.7;41;41.72;1779453
41.1;41.78;40;40.4;669782
40.9;41.24;38.9;39.3;745122
39.3;40;38.41;38.41;1278084
38.82;39;36.43;37;824703
37.12;38.6;37.12;38.6;1150526
39.71;40.08;38.51;39.81;992878
40.8;41.63;40.3;40.53;715673
40.97;41.2;39.1;39.39;514240
39;39.6;38.6;39.22;416214
39.19;39.8;38.7;38.7;625229
39.02;39.25;38.05;38.56;504473
38.56;39;38.12;38.9;760163
38;38.8;37.25;37.25;414543
37.68;37.98;37.26;37.93;382013
38.4;39.75;38;39.29;763485
38.51;39.4;37.5;38.95;727814
38.9;39.2;37.35;37.42;741967
37.2;38.38;37.01;37.79;757072
37.79;37.98;37.38;37.81;66338
37.3;39.8;37.3;39.3;373679
39.5;39.79;39.31;39.61;412687
39.63;41.23;39.3;40.45;631997
40.55;42.95;40.55;42.5;1141310
42.7;44.1;42.6;42.65;881680
43;43.65;42.05;42.38;573846
42.1;42.75;41.76;42.15;794472
42.15;43.05;42.15;42.51;1105125
42.15;43.88;42.15;43.2;1078367
43.3;44.4;43.06;43.56;1393562
43.25;43.9;42.68;43.36;944932
43;43.46;42.72;43.3;764147
43.3;43.3;41.9;42;1003959
41.9;42.76;41.8;42.63;657067
42.3;43.3;42.21;43.05;376189
42.55;43.38;42.55;43.25;523077
43;44.09;43;43.4;496698
43.08;44.5;43.08;44.1;1002155
44.25;44.65;43.81;44.51;812150
44.53;44.53;43.81;44.25;844912
44.5;44.99;44.12;44.9;830100
45;45.75;44.8;45;1287233
44.4;44.59;43.12;43.75;1329291
44.62;44.62;44.01;44.4;695005
43.75;44.5;43.16;44.25;797789
43.5;44.3;43.05;43.66;1003840
42.76;43;41.89;42.29;1475985
42.21;42.9;41.02;41.3;1536531
41.29;41.29;40.4;40.68;1052521
40.15;42.05;40.15;41.8;920310
41.5;42.15;40.15;40.6;914968
41;41.89;41;41.83;919313
42.7;44.43;42.7;44.11;2024826
43.81;46.8;43.75;46.12;2630094
45.51;46.43;45.41;45.99;1488137
45.5;46.55;45.4;45.6;461434
45.5;46.35;44.71;45.4;1528473
44.9;46.35;44.9;46.17;1374793
46.51;47.48;46.5;47.42;899643
47;47.29;46.32;47.05;542517
47.2;48.1;47.1;47.81;763198
48.81;49.11;48.33;49;1970426
49.2;50.2;48.7;49.85;1278447
49.79;50.9;49.36;50.25;1080709
50.45;52.5;49.41;52.2;1222100
53;53.75;52.4;52.8;1423155
52.05;53.4;52.05;53;903364
52.4;53.15;51.35;52.2;878272
52.6;53;51.05;51.9;1321256
51.1;52;50.6;52;1295262
51.2;52.9;51.1;51.8;997308
51.85;52.05;51.25;51.8;860639
52;53.45;52;52.3;784327
52.05;53.6;52.05;52.75;528952
53;55.35;53;55.3;1382713
54.75;56.1;54.75;55;778121
55.05;56.3;55.05;56;717909
55.95;56.45;55.25;55.55;657842
55.25;57.35;55.25;56.3;715199
56;56.85;55.65;56.1;776942
55.55;56.8;55.45;55.9;706061
55.4;56.6;54.8;56.3;747913
56.25;56.25;53.7;54.9;2104346
54.2;55.4;54.2;55;2101403
55;56;51.55;51.55;4187312
51.45;51.9;51.3;51.3;7715983
51.1;51.5;50.5;50.9;2894369
51.05;51.35;50.5;50.7;1745625
51.15;51.3;50.2;50.65;1513886
50.9;51;50.1;51;1539183
51.4;51.45;50.45;51.4;1511555
51.6;51.6;51;51.4;978457
51;51.4;50.55;51.25;880339
51.75;51.95;51.2;51.6;487514
51.9;52.6;51.75;52.35;1699353
52.8;53.3;52.4;52.7;1345074
52.1;53.7;52.1;53;1789695
53.05;53.2;52.7;52.7;776789
52.5;52.95;52.1;52.2;863835
52.2;52.65;51.55;52.15;1182173
52.1;53.1;51.6;51.8;1273218
51.8;52.4;50;51.25;1913425
51.15;51.45;50.55;51.1;938727
50.5;50.85;50;50.75;896626
51.1;51.95;49.8;51.45;2889918
51.45;52.9;51.25;52.45;1208304
52.85;53.4;51.05;52;1500674
51.45;53.4;51.35;52.8;753131
51.9;53;51.25;52.25;1490434
51.55;53.85;51.55;53.35;1036204
54.55;56.15;54.55;54.65;1843385
54.3;55.95;54.3;55.8;1795341
55.1;56.05;55.1;55.55;1616791
55.5;56.15;55.15;56.15;1284087
56.4;56.4;54.75;55;1472018
55;56;54.9;55.5;824154
55.8;57.45;55.5;56.65;1670234
56.9;56.9;56.2;56.5;522830
56.3;56.95;55.8;56.5;724757
55.9;56.75;54.7;55;1515769
54.6;55;53.6;54.6;1661070
54.05;54.7;52.75;53.5;2260278
53.45;54.45;53;53.5;483016
54.1;54.45;52.8;53.65;1559037
53;53.75;52.85;53.1;2767866
53.3;53.3;52.05;53.1;1257441
51.85;52.85;51.65;52.8;2221268
52.2;53.2;52.2;52.35;630843
51.65;52;50.6;50.6;1207155
50.95;51.1;50.4;50.7;1253611
51.1;52.2;50.8;51.7;826748
50.5;51.3;48.61;49.49;1226555
50.2;50.3;49.4;50;781388
50.8;52.6;50.5;52.5;2414271
52.2;52.2;50.75;50.9;853519
51.85;52.1;49.38;50.2;1143349
49.75;49.75;47.01;47.47;1456035
47.6;49.38;47.6;49;692446
50;50;47.8;48.55;659210
47.61;48.5;47.26;48.15;755735
47.51;47.96;44.73;44.95;1893626
44.9;46.39;43.19;44.56;1014257
43.7;44.7;42.6;42.6;1097589
43.7;45.65;43.5;44.97;1806887
43.95;45.5;42.85;44.87;1298638
45.75;46.54;44.7;45.5;1297704
47.35;47.55;46.42;47.35;1409415
47.21;47.5;46.1;46.9;777893
45.55;46.2;44.62;44.8;1189966
45.1;45.5;43.52;44.02;1099348
44.3;45;42.67;43.55;1208646
44.2;46.27;43.9;46.27;1334190
46;46.29;44.56;45.5;1051940
45.9;46.3;44.5;45.38;662102
45.52;45.62;43.91;44.92;752294
42.9;43.9;42.75;42.77;959486
44.3;44.89;42.2;42.73;916733
43;43.6;40.2;40.2;910120
41.25;41.8;38.72;39.47;1279404
38.9;41.99;38.65;41.99;1550909
42.3;43.85;42.11;43.3;930609
43;43.1;41.51;41.52;695011
41.55;42;40;40;737787
40;41;39.11;39.51;1405813
39.48;40.58;38.6;39.11;1425828
41.03;41.03;38.52;39.97;1757517
39.75;43.7;39.75;43.47;3590429
44.5;46.64;43.8;46.27;3256895
47;47.2;45.41;46.4;1296954
47.15;48.43;46.4;46.8;1735407
46.8;47.83;45.2;45.5;1235197
46.08;46.76;45.54;45.7;910007
46.85;46.85;44.51;44.51;951269
44;46.96;43.11;46.55;1318723
46.7;48.01;46.28;47.13;1118882
48.1;48.28;47.3;48.2;1139412
48.6;48.98;46.71;48.14;1240211
47.52;48.55;47.18;47.68;581164
48;49.13;47.37;49.03;618689
47.66;49.1;47.66;48.01;1293940
49;50.25;48.8;49.85;695085
49.55;51;48.85;49.95;622572
49.16;51.25;49.05;51.2;772292
51.1;51.25;50.1;50.25;758412
50.25;51.8;50;50.2;1110574
50.45;51.8;50.45;51.7;868020
51.8;51.95;50.7;50.75;1000959
50.85;51.75;50.85;50.95;580948
51.1;51.7;50.7;51.05;918346
50.95;51.05;49.81;49.83;1674490
49.8;49.94;49.2;49.5;785338
50.05;50.2;48.75;49.3;806433
48.8;48.99;47.34;47.6;979327
47.59;47.59;44.51;44.66;2077252
43.82;46.4;43.8;45.99;1767053
46.01;46.71;44.61;45.58;1087428
45.81;46.77;45;46.2;876213
46.2;47.2;45.52;46.18;782594
46.54;48.5;46.54;47.96;767646
47.61;49.4;47.61;49.11;645949
48.5;48.5;47.25;47.25;976582
47.5;47.85;46.1;47.05;716751
47.04;47.9;46.51;47.01;543397
48.2;48.44;46.84;46.99;769179
46.11;47.13;45.39;46.11;1658165
46.35;46.82;45.54;45.96;1583796
45.11;46.48;44.21;44.95;1179938
44.25;45.19;41.89;42.96;1084169
43;44.1;41.72;42.24;1711603
41.4;43.83;41.35;42.35;1177537
43.6;45.2;42.7;45.1;1470824
44.8;46.7;44.8;45.26;978060
44.03;44.05;42.5;43.59;971713
43.15;43.55;41.78;42.32;1199178
43.18;44.42;41.91;42.24;1185035
41.75;42;39.8;39.8;1594848
39.5;41.37;39.5;40.5;1135603
40.5;41.4;39.6;40.75;1332664
41;41.38;37.13;37.5;1939803
37.6;38;34.75;35.97;2218722
34.6;37.54;34.6;37.46;1268521
37.8;40.49;37.56;40.49;1264253
39.78;40.44;38.55;39.54;687288
39.55;42.93;39.55;42.61;1134967
41.85;43.8;41.75;42;1087714
43;44.5;42.64;44.12;1210144
45.2;45.5;43.8;44.84;953239
44.03;45.27;44.03;44.99;665060
45.74;46.8;45.15;45.56;1339818
48.15;49.2;45.76;46;2336895
48;51.45;47.55;50.1;4071017
50.7;50.7;48.52;48.79;1595008
50.1;50.2;47.5;47.5;1194913
47.7;48.46;44.75;45.5;1506771
46;47.3;45.4;47.2;1376790
47.51;48.3;46.65;47.5;1105745
47.5;48.98;47.2;48.73;685681
48.8;49.5;47.5;48;911740
48;48.8;46.83;48.8;1390272
49.5;49.58;46.85;47.5;1345137
47.49;47.6;46.21;46.6;1421127
46.3;46.75;45.51;46;906964
45.5;47.35;45.45;47;1158240
46.9;48.28;46.8;47.83;906255
47.75;48.55;47.75;48.12;1139320
48.15;49.55;47.85;49.1;902747
49.5;49.88;48.75;49.15;1007812
48.9;50.25;48.76;49.4;1078636
49.3;49.34;48.17;48.64;861769
48.98;49.5;47.61;48.09;1126939
49.45;49.59;48.09;49.59;974455
49.64;50.3;49.22;49.87;773672
49.87;49.87;49.05;49.29;376674
49.05;49.35;48;48.3;711117
48.3;49.46;47.61;49.14;1598479
49.15;49.92;49.1;49.22;489046
48.78;49.8;48.55;49.64;1341769
49.64;50;48.6;49.47;964361
49.45;49.45;48.45;49.02;683825
47.9;48.82;47.16;47.5;1113216
47.25;48.74;47;47.1;629410
47.15;47.53;45.45;46.95;794744
48;48.19;46.6;46.8;724803
46.8;48.27;46.7;47.65;927730
48.08;48.25;47.07;47.97;424483
47.21;47.99;46.7;47.38;731163
46.71;47.38;46;46.4;746270
45.51;47.86;45.51;47.65;632919
47.4;47.74;45.37;45.74;1139220
45.25;46.19;43.4;44.14;1838076
45.78;45.78;43.34;44.35;718437
44.3;45.35;43.76;44.92;617381
45.6;45.8;43.1;44.11;461426
45.2;45.2;43.51;44.26;122257
43.16;44;43.16;43.38;223163
43.35;44.19;43.1;43.56;538529
44;45.25;43.4;44.78;417783
45.2;47.4;44.18;46.5;429471
46.98;47.49;45.41;45.6;697560
45.65;46.75;44.52;46.2;471900
46.94;46.94;45.5;45.55;433851
45.55;46.11;44.03;44.3;702721
44.3;45.33;43.17;45.33;994263
45.34;46.09;44.66;45.55;716057
45.55;46.08;45.3;45.54;763013
45.86;46.54;45.3;46.07;1155649
46.24;46.9;45;45.3;924553
45.1;47.25;45.1;46.86;1181305
46.5;47.17;45.7;46.15;1672555
45.82;46.65;45.47;46.1;573437
45.94;46.6;45.7;46.06;770751
45.95;46.25;44.58;45.38;1052478
47.19;47.19;44.65;44.7;716343
44.57;45;43.5;44.2;836905
43.94;45;43.34;43.65;835589
43.6;45.35;43.25;43.27;910432
42.56;43.97;41.57;43;1421558
43;44.48;42.98;43.5;1413723
42.5;44.48;42.28;44.34;1346780
45.03;45.39;43.75;44;1251941
43.85;43.85;42.91;43.1;1181515
42.88;44.23;42.62;43.72;766474
43.1;43.94;41.4;42.16;1269952
42;42.96;40.21;40.85;1370551
40.85;41.81;40.5;41.34;1100054
42.2;42.28;41.17;41.65;1039507
40.48;40.75;38.7;38.95;3300891
38;38.4;37.56;37.84;2492076
37.81;39.04;37.81;38.59;2072605
38.93;39.25;38.8;39;801882
39.4;40.9;38.65;40.5;1656240
40.5;40.75;39.3;40.09;1085394
40.25;40.76;39.5;39.88;959843
39.88;39.97;39.41;39.84;1018373
39.52;40.15;37.75;38.8;1885011
38.15;38.79;37.65;37.88;1423449
38.13;38.49;36.7;36.82;2771904
36.51;38.6;36.51;38.59;1183118
38.63;39.44;37.7;39.22;1159434
38.94;39.19;36.75;36.91;1836056
36.07;36.57;34.15;34.35;2166751
34.4;34.8;33.37;33.75;1218665
34.25;34.25;32.26;33.53;1025385
32.75;33.29;31.9;32.31;1144247
32.11;32.41;31.26;31.4;712732
31;31.4;29.6;30.05;1817523
30.05;30.7;29.51;29.85;1306720
30.06;32.04;29.92;32.04;1348476
32.29;32.65;30.91;32.64;1822845
30.11;33;30.11;32.9;1343637
34;35.39;33.01;34.85;2361861
34.33;35.36;33.65;34.44;1134396
34.5;35.48;33.76;34.41;811228
35.08;35.76;34.75;35.35;733590
35.25;35.35;32.91;33.25;964366
32.99;34;32.18;33.98;850717
33.92;34.65;32.56;33.01;880217
32.2;32.75;30.79;31.18;882973
31.04;31.37;29.96;31.17;1641098
30.86;30.86;29.85;30.32;1242724
30.87;31.08;29.97;30.42;1430359
31.79;32.54;31;32.23;1483893
32.73;33.7;32;33.26;1231441
33.59;33.88;32.41;33.3;1048307
33.8;35;33.8;34.97;1491121
34.84;34.84;32.75;33;3171587
33.15;34.45;32.8;33.92;3086062
33.8;33.8;32.28;32.49;1311380
32.9;33.58;32.37;32.49;1482386
32.8;33.59;32.45;33.43;1317985
33.95;34.84;33.5;33.8;2006228
34.8;34.9;33.94;33.94;1135063
33.8;34.97;33.8;34.55;988288
34.96;35.95;34.21;35.79;1240615
37.85;38.19;36.85;37.5;3493373
37.55;37.56;36.15;36.5;1925923
36.6;37.2;36.34;36.85;2418454
37.1;38;36.6;37.85;1623074
38.2;38.98;37.1;37.3;1719301
37.47;39.22;37.47;38.75;1629444
38.15;39.05;37.47;39.05;1667481
39.12;39.86;39.12;39.28;1477602
39.5;40.64;38.7;40.6;1132640
40.65;40.65;39.2;39.24;2023808
39.9;39.9;37.6;37.87;1036474
37.92;39.33;37.1;39.33;1146058
39.61;39.9;38.45;39.25;1440942
38.86;39.8;38.15;39.07;4491174
39.09;39.9;38.9;39;2253627
38.5;38.5;35.75;37.2;2918788
37.25;37.25;35.95;36.4;2398916
36;36.3;35;35.16;1109685
35.1;36.4;35.05;35.68;2277388
35.75;35.96;34.8;35.96;3130266
36.4;36.9;36.05;36.52;2448229
36.9;36.9;35.6;35.8;938806
35.6;36.29;35.53;35.85;430627
35.85;36.1;34.86;35.86;1388768
36.25;36.68;35.25;36.36;2056992
36.33;37.4;36.01;37.05;791352
36.69;37.9;36.69;37.81;1538029
38.4;38.88;38;38.88;930536
38.69;38.69;37.86;38.6;706195
38.3;38.9;37.9;38.47;1397171
38.52;38.95;37.79;38.43;1269722
38.79;40.19;38.79;40.15;1252866
39.78;40;39.41;39.5;446227
39.5;40.1;39.25;40.03;836217
40;41.18;39.94;40.8;2157023
41;42.09;40.9;41.8;4149881
41.4;41.89;40.96;41.15;1491608
41;42.09;40.78;41.8;795822
42.68;44.27;42.68;44.19;2625765
44.6;45.14;44.24;44.6;1670204
44.61;45.25;43.6;43.62;2263689
43.4;44.9;43.4;44.48;1764231
44.31;44.31;43.52;43.76;1153410
43.3;43.51;42.32;42.87;2501157
43.26;44.39;42.95;43.25;1815111
43.15;44.98;42.86;44.7;1365167
45.1;46.47;45.05;45.07;2431146
45.5;46.47;45.2;46.04;1513916
46.1;46.27;44.01;44.2;1940050
45.5;47;45.22;46.78;2216809
47.8;48;47.1;47.79;2576957
47.71;47.76;47.35;47.55;729815
48.5;49.9;48.1;49.87;1676123
49.89;49.89;48.31;48.64;1581471
48.86;48.99;47.03;47.07;1957811
47.1;47.7;46.65;47;964212
46.45;48.52;46.1;48.29;1006934
48.34;49.79;48.34;49.25;799459
48.52;49.03;48.36;48.94;695306
48.5;49;47.6;47.81;938733
47.37;47.75;46.83;47.69;1076185
47.89;48.5;47.45;47.98;1148560
48.5;48.5;46.63;46.91;514609
46.66;47.64;46.52;47.64;1181348
47.6;48.13;47.28;47.51;981383
47.05;48.1;46.1;47.96;1876433
48.5;49.9;48.2;49.8;2859163
49.1;49.5;48.91;49.2;4497439
49.15;49.25;48.42;48.66;3960208
48.5;49.19;48.37;48.9;1646297
49.1;49.7;48.71;49.44;2385642
49.04;49.4;48.35;49.4;2338074
49.17;49.95;49.06;49.18;1434931
49.37;50.7;49.26;49.95;2494954
49.4;49.66;48.85;48.99;686092
49.44;49.44;48.31;48.6;1130229
49.02;49.34;48.75;49.13;691221
49.54;49.62;49.06;49.32;667753
49.45;50.2;49.22;49.45;862761
50;51.75;49.76;50.95;2248760
51.1;53;51.1;52.55;1362015
53;53.3;52.6;52.8;529927
52.8;53.1;51.95;52.85;538918
52.85;53.9;52.8;53.3;1232532
53.25;53.25;52.35;52.65;980641
52.85;54.75;52.85;54.05;1834181
53.9;54.5;53.05;53.45;1569835
53.4;53.6;52.6;52.7;573205
52.65;53.45;52.65;52.9;956398
53.3;53.45;52.6;52.85;2182501
52.8;53.45;52.8;53.45;1412615
53.5;55.05;53.5;54.9;1883495
54.6;56.05;54.6;55.45;1224646
55.35;55.5;54.3;54.95;1006968
55;56.4;54.95;56.15;1804130
56.2;56.75;55.85;56.6;1098460
56.5;56.85;55.7;56.25;809537
55.9;56.15;54.6;55.4;793510
55.5;56;54.1;54.2;825982
54;54.05;52.1;52.85;1606418
52.5;54.8;52.2;54.5;1322975
55.15;55.6;54.05;54.15;1266695
54.9;55.95;54.45;55.65;1238221
56.15;59;56.15;58.8;3835625
59.95;60.3;57.75;58.15;2429791
57.95;58.8;57.8;58.6;852486
57.4;57.85;56;56.5;2927353
54.7;54.8;53.4;54.35;2037244
53.9;54.75;52.65;53.35;2050070
53.5;54;52.9;53.65;1126642
52.75;53;51.8;52.3;1874509
52;52.7;51.1;51.8;1401978
52.05;53.4;51.6;52;1422777
52.35;52.8;50.25;50.8;1806732
51;52.1;50.3;51.7;1355888
52.85;53.8;52.45;52.85;1965189
53.15;54.2;52.65;53.9;1339870
53.55;54.6;53.4;54.35;733223
54.7;54.8;52.6;52.85;1302379
51.9;52.7;51.5;52;2093894
52.4;53.75;51.75;53.75;1341535
53.75;53.8;52.1;52.55;920487
52.5;53.7;52.5;53.2;418971
54;54;52.9;53.2;699991
54.05;55.1;53.75;54.6;1342831
54.55;55.85;54;55.05;1153310
55.5;55.6;54.25;54.6;738144
54.5;55.5;54.1;55.2;557987
55.35;55.55;54.25;54.45;673776
56;56;54.2;54.4;1308123
53;54;52.6;53.7;1278810
53.95;53.95;52.75;53.4;710332
53.8;54.65;53.5;54.45;811538
54.85;55.85;54.2;55.65;1551321
55.75;56.75;55.75;56.5;1489170
56.4;57.5;55.6;57.3;1566311
57;57;56.3;56.9;712035
56.6;57.9;56.6;57.8;1190214
58.65;59.4;57.2;57.6;2060431
57;58.25;57;57.05;985999
57.15;57.7;56.45;57.45;860839
57.55;58.45;57.35;57.8;693368
57.35;58.75;57.25;57.75;766762
57.3;57.35;56.45;57.25;957280
57.05;57.9;57.05;57.6;883963
58;58.35;56.85;57.45;889350
57;58.15;57;57.65;633249
56.4;56.6;55.25;55.7;1161003
56;56;54.15;54.45;1055299
53.8;54.35;53.1;53.85;1510192
54.25;54.25;53;53.6;1046112
53.15;54.4;53.15;54.4;748930
54.5;56.2;54.35;55.55;1248045
55.5;56.2;54.8;55.8;1320002
56.1;57;55.8;56.15;1063233
56.2;57;55.55;55.95;493675
55.5;56.3;55.15;55.45;2160746
55.9;57;55.8;56.85;966297
57;57.35;56.1;56.15;971182
56.15;57.4;56;57;1003047
56.5;58;56.3;57.7;952581
57.1;57.75;56.2;56.4;983675
56;56;55.5;55.8;869898
56;56.2;54.95;55.1;1184420
54.85;54.85;53.85;54;1395841
54.3;54.8;54.05;54.3;1069317
54.55;54.95;53.7;53.9;1075068
54.95;55.2;54.2;54.45;1062198
54;55.05;53.9;54.75;1151094
54.55;55;54.3;54.45;1511029
54.4;54.5;53.7;54.5;1322411
54.4;54.95;53.95;54.35;893633
54.05;54.6;53.75;54.3;584546
54.5;54.6;53.7;54.25;433999
54.1;54.4;53.7;54.4;323813
54.4;54.4;54;54.3;402185
54.5;54.7;53.75;54.1;624214
54;54.75;53.7;54.7;412737
54.95;55.6;54.3;55.45;753065
55.55;55.9;54.8;55.2;1432931
55.5;55.5;54.2;54.75;1155479
55;55;54.4;54.65;950061
55.25;55.25;54.55;54.7;753421
54.9;54.9;53.35;54.2;940351
53.75;54.1;53.5;54;695901
54.15;54.7;53.8;54.35;1272750
53.85;55.25;53.85;55;1737678
54.65;54.9;53.7;54;1236824
54;54.9;53.9;54.9;1497322
55;55.75;55;55.5;1535803
55.3;56.1;55.2;55.35;1400211
55.1;55.65;54.6;55.5;672046
55.6;57;55.3;56.35;1649523
56.8;56.85;55.5;55.9;1458142
55.55;55.9;55.1;55.8;699634
55.75;56.35;55.5;55.95;1034908
55.8;56.05;55.35;55.85;823149
55.9;56.15;55.4;55.5;1211297
55.35;55.4;53.8;54.05;1652803
54.25;55.25;54.1;54.4;1307142
54.5;54.5;51.7;52.3;3024065
51.95;52.75;51.35;52.1;1719038
52;52.4;51.85;51.85;1297145
51.75;52.8;51.75;52.75;1027081
52.8;53.5;52.65;53;1092012
53.95;54.4;53.45;53.95;1973737
54.2;55.05;53.95;54.55;1618509
54.8;55;53.75;53.95;1340063
54;54.2;53.65;53.9;1091700
54;54.8;53.8;54.75;907248
55.05;55.9;54.8;55.65;1505195
55.75;55.95;55.15;55.65;968678
55.95;56.55;55.8;56.55;1431549
56.5;56.6;55.6;55.9;1178859
56.5;56.65;55.7;56;1020184
56.2;56.2;54.35;54.8;1427828
54.85;55.5;54.3;54.95;2135298
55.15;55.4;54.7;55.05;948888
55.4;56.5;55.4;56.15;1816203
56.8;56.95;56.3;56.7;950214
57.05;57.55;56.95;57.55;1168048
57.3;57.9;56.8;57.2;1265846
57.05;57.85;57.05;57.55;1064283
57.5;58.4;57.35;57.9;1480123
58.2;58.9;58.1;58.7;1090809
58.5;58.5;57.55;57.8;1038817
57.35;58.05;57.15;57.85;1029027
57.4;57.65;55.7;56.05;1621438
55.5;56.4;55.3;56.05;1292487
55.7;56.35;55;55.15;1412133
55.15;56.1;55.15;55.35;1039248
55.85;56.4;55.75;56.2;1522468
56.1;56.15;55.4;55.55;910193
55.55;55.95;54.8;55.15;887331
55;55;53.4;54;1413677
54.15;54.5;53.55;53.75;1531492
53.6;54.1;53.2;53.55;1212897
53.8;54.65;53.7;54.55;1303293
55;55.85;54.95;55.55;1713272
55.65;57;55.65;56.8;1457845
57.25;57.3;56.55;56.75;1336366
56.75;57.2;55.95;56.35;1589415
56;57;55.95;57;1317753
57.35;59.2;57.05;58.45;1980982
58.7;59.1;58.45;58.9;1037523
59.5;59.7;58.6;59.7;1432561
59.75;60.85;59.25;59.85;1960509
59.8;60.7;59.75;60.2;1493037
60;61.35;59.9;60.85;1932471
60;60.05;58.75;59.95;2277957
59.6;60.5;58.5;59;1741245
59.05;59.85;58.85;59.2;1589107
58.6;59.5;58.6;59.1;604570
59.9;61.4;59.45;60.75;1517063
60.05;61.8;60.05;61.5;6187971
62.1;63.85;62;63.7;2848046
64.2;65.65;64.2;65.3;2683795
65;65.35;62.85;63;2449950
63.25;64.85;62.85;64.25;1811824
63.9;64.6;62.4;63.1;2340223
63;63.65;62.5;63.05;1443414
62.5;62.9;62.05;62.25;1248243
62.15;63.1;61.6;62.9;582123
62.8;63.65;61.95;63.5;739630
62.8;63.5;62.35;63.2;1137866
62.5;63;61.35;61.4;1629590
61.25;61.65;60.65;60.7;2576080
60;60.1;58.55;58.6;2595768
58.8;59.75;58.8;59.7;2799835
60.5;61.1;59.5;60;4132601
59.85;60.45;59.3;59.7;1599843
59;59.65;58.25;58.75;1599646
57.45;57.45;55.8;56.65;1697007
57;58.1;56.9;58.1;1683566
58.5;59.55;58.35;59.1;5443529
58.75;59.15;58.15;59.05;1077302
59.25;59.75;58.65;58.95;841108
59.1;60.3;59.1;59.9;839965
59.55;59.9;58.9;59;1069869
59.75;60.5;59.75;60.5;902867
60.5;61.05;60.05;60.25;1518512
60.4;61;59.95;61;1921159
60.45;61.05;60.35;60.9;236066
61.15;61.15;59.05;59.15;2014429
59.45;60.3;58.95;59.15;1858314
59.4;59.8;58.7;59.75;1317031
60;61.25;59.4;61.05;941704
62;62.45;61;61.15;1420859
61.9;62.2;61.25;61.95;975880
62.4;62.45;61.3;61.3;853069
61.05;61.9;61.05;61.75;741896
62.2;62.2;61.25;61.7;499238
61.5;61.5;60.25;60.35;659566
60.9;61.3;60.25;61.2;828889
61.4;62;61.2;61.45;475019
61.55;61.95;61.3;61.7;877220
61.05;61.65;60.85;61.5;1997115
61.8;61.85;61.25;61.5;873427
61.1;61.4;60.65;60.85;637759
60.65;61.4;60.65;61;5407991
62;62.35;61.75;62.25;1904660
62.4;62.8;62;62.25;1026745
62.25;63.5;62.25;63.45;1354211
63.2;63.4;62.7;62.95;1443673
63.4;63.55;62.55;62.6;1060636
62.9;63.6;62.65;62.7;1033081
62.5;62.65;61.55;61.85;992667
61.9;62;61.25;61.8;502987
61.75;62.1;60.95;60.95;651842
60.65;61.5;60.5;60.6;1024550
60.3;61.1;60.3;60.9;503019
60.5;61;60.1;60.65;494659
60.2;61.1;60.2;60.4;483726
60.6;61.35;60.45;61;896833
60.6;60.95;59.95;60.55;710806
60.5;60.55;59.9;60.15;484614
59.9;60.45;59.9;60.15;469366
60.1;60.2;59.8;59.85;448950
59.7;59.9;59.3;59.9;629661
60.05;60.85;60.05;60.45;713134
60;60.15;59.5;59.8;885976
59.7;60.25;59.65;59.8;574689
59.8;60.15;59.6;59.7;470843
59.55;61.2;59.55;61.2;1173032
63.6;64.95;63.6;64.6;4121090
64.65;65.9;64.65;65.65;1786486
65.35;65.95;64.5;65.55;966822
65;65.4;64.25;65.25;1003493
65;65.7;64.8;65.1;1183094
64.5;65.1;64.05;64.95;710159
65.15;66.5;64.95;65.75;1336868
65.05;65.3;64.5;64.9;2063630
64.95;64.95;64.2;64.3;1361890
64.2;65.2;64.1;65;879114
65.2;65.25;63.85;64.3;1124133
63.8;64.8;62.7;63.1;1873289
62.5;62.9;61.85;62.1;1343412
62.1;63.6;61.75;63.6;1089733
63.4;64.1;62.7;63.25;800427
63.05;63.4;62.55;63.4;437145
63.4;63.9;62.5;63.2;812270
62.95;63.4;62.5;63.05;575778
63.75;64.3;63.25;64.05;556772
64.1;65.3;64.1;64.75;867087
65.15;65.55;64.55;65.4;809118
65.75;66.4;65.6;66.35;1038530
66.1;66.7;66;66.45;563919
66.15;66.45;65.6;65.8;551637
65.6;66.6;65.6;66;1694373
65.5;66.8;65.5;66.5;1042111
66.4;66.75;65.85;66.45;852259
66.3;67.5;66;66.6;1076823
66.55;67.7;66.55;67.55;424070
67.5;68.5;67.35;68.25;992548
67.85;68.5;67.55;68.25;667774
67.7;68.75;67.4;68.5;797548
68.5;69.8;68.15;68.75;1718935
69.05;70.2;69.05;70.2;1101964
70.15;70.4;69.05;69.05;1663000
69;69.4;67.75;68.1;967988
67.75;69.1;67.75;68.8;738511
68.9;69.3;68.15;68.4;996526
68.4;68.5;67.15;68;1086660
67.45;69.3;67.45;68.4;1052495
68.1;68.15;66.6;66.6;1655345
66.5;66.8;64.95;65.4;2183959
65.25;66.25;65.2;66.25;783843
66;66.1;65.1;65.3;793917
65;65.95;64.85;65.5;869795
65.3;66.55;65.3;66.35;772543
66.6;67.5;65.7;65.85;1620592
66.45;68.15;66.3;68.15;1305577
68.45;69.25;67.85;68.15;975093
67.75;68.75;67.65;68.05;795163
68.05;68.4;66.9;67.15;1046787
67.2;68.15;67.1;67.5;884850
67.05;67.95;66.45;66.95;962280
66.6;67.3;66;66.85;850442
66.55;66.8;65.05;65.15;1693967
65.75;66.6;65.55;66;1021297
65.15;65.9;64.35;64.35;1318450
63.9;64.75;63.75;64.2;1320381
63.95;64.7;63.9;64.2;747245
64.85;65.75;64.35;64.45;1098013
64.1;65;63.75;64.15;964722
64.55;65.2;64.15;65.1;819549
65.1;65.15;64.05;64.2;834104
63.45;63.45;62.5;62.6;1326267
62.65;63.35;62.65;63.3;801849
63.95;65;62.9;65;1226823
66.9;66.95;66;66.25;1917373
65.55;65.9;65.25;65.6;902603
65.5;65.6;65.05;65.45;990789
65.6;66.3;65.45;65.8;651212
66.7;66.7;65.05;65.15;811676
64.95;65.6;64.6;65.45;716424
65.75;66.35;65;65.1;977777
65.1;65.15;64.3;64.55;793888
64.25;65.65;64.25;64.7;747962
65.2;65.5;64.15;64.2;796491
64.05;65.95;64.05;65.5;1030294
65.5;66.45;65.35;66;839873
66.35;66.6;64.8;64.9;490375
64.5;64.85;63.3;63.55;949088
63.65;64;63.05;63.9;1179811
63.2;63.75;63;63.25;1301579
63.45;64;63.05;63.25;932668
62.95;63;62;62.9;930813
63.15;63.55;62.85;63.1;1075739
63.2;63.5;62.2;62.45;899386
62.45;62.9;62.3;62.45;806723
62.25;62.45;60.75;61.85;1667036
62.2;63.05;62.2;62.45;767071
63;63;61.45;61.55;741173
61.2;62.25;61.1;61.55;1428903
61.9;62.15;61.3;61.65;1306517
61.5;62.15;60.9;61;1290036
61;61;60.05;60.45;760229
60.05;60.8;59.4;59.5;2294121
59;61;58.9;60.3;2251978
60.2;60.75;59.25;59.45;1569336
59.9;60.1;58.35;58.85;2233270
59.15;60.05;59.1;59.65;1710889
60.35;60.6;59.75;60.2;1159833
60.1;60.7;60.05;60.1;977613
60.1;61.15;60.05;61.15;1197333
61;61.6;60;60.15;1354459
60.1;61.05;60.05;60.65;781703
60.5;61;60.45;60.5;469498
60.45;61.1;60.45;61.1;546924
61.2;61.6;61.1;61.2;512077
61.1;61.7;61.1;61.7;83720
61.7;61.95;61.35;61.6;375451
61.55;61.8;61.4;61.55;185323
61.6;61.75;61.2;61.6;361995
61.8;61.9;61.4;61.9;280597
61.6;61.85;61.4;61.55;216525
61.85;62.8;61.85;62.6;586568
62.25;64.3;62.25;64.2;1739091
64.3;64.3;63.55;63.8;1226396
64.2;65;63.95;64.5;1148832
64.75;65.05;64.2;65.05;1435153
65.5;65.5;64.5;64.6;700491
64.95;65;64.6;64.8;1429724
64.95;65.3;64.1;64.4;944897
64.8;64.9;63.6;63.85;997244
63.7;64.55;63.65;64.45;636414
64.85;65.45;64.55;65.15;709969
64.9;65.3;64.5;65.1;777655
65.45;65.5;64.35;64.5;1020409
64.05;64.95;63.8;63.8;787621
64;64.1;63.1;63.3;916690
63;63.3;62.3;62.65;1172781
62.5;63.45;62.45;63.15;1070369
63.35;63.4;62.3;62.3;1398826
62.2;62.35;61.3;61.85;1943329
62;62.45;61.35;62.2;1282118
62.5;62.9;62.4;62.7;752450
63.1;63.6;62.9;63.5;1480404
63.85;63.85;63.25;63.45;985941
63.6;63.85;63.4;63.4;766833
63.7;63.8;62.6;63.45;1506565
63.75;64.15;63.65;64;1547520
63.9;65.85;63.5;65.7;4216296
66.5;67.55;65.9;67.1;4014043
67;68;66.9;67;2309630
67;68.8;66.9;68.5;1831237
68.5;68.8;67.8;68;1337166
67.95;69.45;67.95;68.95;1443996
68.3;68.5;67.8;68.5;1514105
68.35;69.2;68.35;68.75;1368139
68.5;69.2;68.4;68.9;1022905
69;69.6;68.95;69.05;810370
68.85;69.15;67.65;67.9;1178603
67.15;67.2;66;67;2099095
66.8;68.8;66.6;68.45;1394070
68.7;69;68.45;68.8;970602
68.85;69.1;68;68.4;912141
68.25;68.35;67.65;68;1319138
68;68.2;67.35;67.75;818427
67.6;68.4;67.35;68;900679
68.45;68.45;67.5;68.2;830802
68.2;68.6;68;68.4;722423
68.5;69.9;68.5;68.9;1718494
69.2;69.25;68.5;68.75;1070671
68.5;69.6;68.1;68.75;1653865
68.85;69.55;68.8;69.15;654369
69.15;69.45;68.4;68.8;715448
69.15;69.25;68.6;68.6;912485
68.7;68.7;66.7;67;1523067
67.3;67.3;66.8;67.2;464210
66.95;67.85;66.75;67.85;1105386
67.75;68.15;67.5;67.7;625535
67.75;68.35;67.1;68.05;714476
67.8;69.05;67.6;69;1087833
69.1;70.75;68.7;70.5;2510072
69.55;70.5;69.55;70.05;1304989
69.95;70;69.6;69.6;1283747
69.9;70.15;68.85;68.9;1637452
69;71;68.9;69.8;2987657
69.5;69.75;68.5;69.3;1275828
69.9;71;69.55;70.9;2446573
71.25;72;70.4;70.95;2441156
71.1;71.5;70.85;71.35;1006789
71.5;71.75;70.65;70.65;854213
70.45;70.55;70.1;70.4;1241786
70.1;70.3;69.5;69.5;1236069
70;70;68.7;68.9;1237335
68.8;69.25;68.45;69.25;1062373
68.3;68.5;67.3;67.5;1674817
66.25;66.6;65.7;66;1594346
66.2;67.05;66.05;66.6;1074119
66.95;67.15;65.65;65.65;1275223
65.65;67.3;65.65;66.8;1059614
67.7;67.75;66.3;66.35;914419
65.1;66.1;64.9;65.65;1882070
65.9;66.45;65.75;66.35;723468
65.65;66.45;65.35;66.2;1127916
66.85;66.9;65.3;65.35;1196807
65.5;65.5;64.4;64.7;1477106
65.35;65.65;65;65.5;611175
65.7;65.7;64.85;65.25;877017
66.25;66.45;65.4;66.25;1513201
66.5;66.7;66.15;66.4;774734
66.7;66.85;65.8;66.8;872814
67.65;67.85;67.15;67.6;1051197
67.5;68.85;67.5;67.95;1360659
67.95;68.25;67.25;67.5;3927618
68;68.4;67.55;67.8;932284
66.75;68;66.55;67.9;1427360
67.55;68;67.1;67.35;649163
67.65;67.65;66.85;66.95;653108
67.05;68.7;67.05;68.7;1848778
68.75;69.9;68.75;69.5;1132242
69.9;70.45;69.55;70.05;1243166
70.05;70.45;69.5;69.75;627827
69.75;69.85;68.85;69.2;793220
68.95;69.65;68.55;69.5;774050
69.45;70.45;69.3;70.15;853525
70.05;70.35;69.35;69.55;876284
69.3;69.5;69;69.35;227445
69.85;70;69.4;69.55;672728
69.8;71.05;69.3;71;1291366
70.65;71.1;70.6;71;661622
70.8;71;69.85;69.9;637929
69.75;70.55;69.7;70.25;528292
70.4;71.75;70.2;71.4;1061486
70.8;71.85;70.8;71.55;910813
71.1;71.3;70.1;70.25;1028992
70.7;70.75;69.95;70.05;769887
70;70.6;69.55;70.05;731756
69.7;69.9;69.25;69.55;1190133
69.6;70.85;69.6;70;1433459
70.45;70.9;70.2;70.5;834941
70.75;71;70.2;70.75;757031
70.15;70.6;69.85;70.1;885736
70.2;71.5;70.2;71.35;791126
71;72.5;71;72.1;1454772
72.45;72.8;72.25;72.4;979066
71.5;71.75;70.8;71.4;982307
70.75;70.85;70.1;70.5;983487
70.3;71.4;70.3;70.85;980289
70.95;72.15;70.95;71.8;855892
72;72.95;71.7;72.9;1814498
72.65;73.4;72.2;73.4;1224317
73.3;73.3;72.65;72.95;1123369
72.9;73.1;72.25;72.75;1097903
73.1;73.35;72.45;72.85;971829
72.3;72.45;69.85;71.45;1509274
71.75;72.9;71.15;72.65;1133304
72.8;73.65;72.65;73.6;739137
73.6;73.7;73.15;73.4;665985
73.65;74.1;73.15;74.1;883263
74.3;75.7;74.15;75.55;1805726
75.75;76.3;75;76.05;1448034
75.8;76.7;75.7;76.25;1218921
76.1;77;75.25;76.9;9020231
76.4;76.85;75.9;76.2;2650705
76.5;76.7;75.25;75.9;1677269
76.25;76.25;75.25;76.1;1335911
76.15;76.85;76.1;76.75;885720
76.35;76.35;75.3;75.5;1898467
75.25;76.1;74.8;75.55;1680873
75.8;76.5;75.5;76.3;1967258
76.35;76.75;75.05;75.6;1513900
75.6;76.85;75.05;76.7;1161839
76.7;78.05;76.55;78.05;967020
77.75;78.15;77.05;77.6;1088729
77.25;77.8;75.5;76.25;1512540
76.15;76.15;74.95;75;1212755
74.9;76.15;74.9;75.55;484380
75.35;76.3;74.8;76;1007379
76.2;77.05;76.1;76.8;1051615
76.65;77.1;76.35;76.65;859077
76;76.8;75.6;75.7;562788
75.85;75.9;75.1;75.25;382497
75.55;75.65;74.25;74.35;719580
74.25;75.3;74;75.1;833969
75.1;75.1;74;74.65;943524
74.95;75;74.15;74.75;870776
74.85;76;74.7;75.25;538503
74.85;75.1;74.3;74.3;672187
74.3;74.4;73.4;73.6;1019088
73.25;73.25;71.75;72.3;2008570
72.3;72.9;71.75;71.95;772283
71.25;72;71.05;71.55;650351
71.9;72.9;70.9;71.25;1419730
71.1;72.1;71.1;71.75;1383941
72.1;72.6;71.3;71.4;1192782
71.5;72.1;69.85;70.15;1816256
70.45;72.05;70.2;71.9;912975
71.9;72.65;71.45;72.1;1111595
72;72.95;72;72.7;806444
72.5;73.15;71.9;72.45;938829
72.6;73.2;72.6;73.05;914968
73.25;73.8;73.1;73.3;721534
73.3;73.7;72;72.45;1320798
72.5;73.55;72.5;73.1;873573
72.7;74.35;72.55;73.85;1101280
73.8;74.65;73.55;74.15;1095784
73.45;74.5;72.75;73.85;743378
73.95;75.5;73.95;75.5;1534166
74.8;75.5;74.45;74.5;1843786
74.15;75.1;73.45;73.7;1600003
73.8;75.05;73.8;74.75;940235
75.7;77.65;75.6;77.35;1940998
77.3;77.3;76.45;77.15;939231
78;79.75;78;79.65;2080614
79.15;79.6;78;78.25;1059135
78.65;79.1;77.9;78.8;1110466
78.85;80.4;78.85;80.35;1383661
80;82.45;80;82.25;1293766
81.35;82;80.45;80.45;1202184
79.25;79.35;77.75;78.5;1939314
78.1;78.7;76.85;77.1;2189777
77.05;78.3;76;76.55;1118505
76;77.75;76;76.95;1215852
76.55;77.4;75.9;76.55;1030258
76.4;77.15;75.1;75.1;1767710
75;76.75;75;76.15;1201231
76.2;77.4;75.45;76.35;1137662
76.4;76.55;75.05;75.65;1544557
75;75.35;73.05;73.15;1911525
74;74.4;72.9;73.15;1309886
71.6;73.75;71.6;72.9;1538407
71.1;73.95;71.1;73.85;932829
73.9;74.3;71.65;71.85;1449080
72.1;73.05;71.85;72.4;943173
71.5;73.95;71.5;71.75;1718897
71.1;71.2;69.7;70.2;2339560
70.9;72.25;70.9;72.25;1107320
72.7;72.7;71.15;71.7;1171656
71.35;71.9;70.1;71.05;1487661
71.05;71.65;70.6;71.6;1363015
71.05;71.5;70.2;71;1161839
71.2;72.5;70.8;72;1044361
72.1;72.8;71.65;71.85;1388267
71.5;71.85;68.2;68.45;4755569
68.85;69.1;67.65;67.8;1952315
68.5;69.4;68;69.2;1415213
69.4;69.7;68.8;69.35;733197
69.6;69.6;69.15;69.4;748835
69.85;70.2;68.9;69.4;1158924
65;66.7;64;66;5922328
66.8;67.6;66.1;66.65;2087573
66;67.85;65.9;67.7;1337507
67.8;67.9;66.6;67.15;1394375
67.4;67.4;66.2;67.4;1316148
67.45;68.25;66.4;67.15;1707815
66.45;67.3;66.3;66.5;1054581
66.6;67.55;66.6;66.6;1585627
66.9;66.9;66.1;66.85;1332347
66.1;66.9;65.75;66.4;2137323
66.65;68.75;66.6;68.65;2245184
68.6;69.4;68.5;69.4;1349282
69;69.4;68.35;68.75;853936
68.65;69.05;68;68.4;849923
68.25;68.45;67.55;67.7;1258652
67.1;67.15;66.25;66.75;1845180
66.5;67.15;66.2;67;1204978
67.05;67.3;66.6;66.95;1128727
67.5;68.35;67.2;67.9;1913285
68.1;68.2;67.65;67.9;1320125
68.05;68.55;67.3;67.85;1286771
67.55;68.3;67.2;67.45;1784766
67.15;67.95;66.8;67;1427913
66.65;67.3;66.45;66.5;1270742
66.5;67.9;66.5;67.85;1497774
67.7;68.2;66.85;66.95;1061848
66.95;67.65;66.65;67.5;405089
67.5;68.7;67.35;68.55;555804
68.35;69.2;68.2;68.5;788980
68.4;69.7;68.4;69.4;806866
69.15;69.65;68.4;68.9;845208
68.9;71.75;68.9;71.4;1313620
71.5;73.6;71.05;71.75;2212762
72.25;72.45;70.25;70.9;2101601
70.65;71.25;70.15;70.2;1625066
70.45;71.7;70.45;71.65;1712802
72.65;74;72.6;73.2;2222270
73.35;74.15;72.9;73.65;1624928
73.25;74.2;72.8;73.3;2420310
73.7;73.9;73.1;73.25;1305309
73.6;75.7;73.6;75;2860845
74.5;75.2;73.7;73.8;1401771
73.25;73.8;73.15;73.4;1152719
72.5;73.15;72.2;72.6;1939250
73.25;75.8;73.15;75.5;2802495
75.15;76.4;74.75;75.7;1888224
74.3;75.3;74.05;74.7;1514634
75.1;76.25;74.3;75.45;1737421
76;77.05;75.8;76.8;1569213
77.4;77.65;76.35;77.55;1495515
78.05;78.95;77.7;78.2;2187346
76.6;78.2;76.6;77.6;955275
77.25;78.05;76.85;77.7;1305607
77.2;77.45;76.2;77.2;2042505
77.1;78;76.15;76.4;1571930
75.8;76.9;75.6;76.35;1291144
76.15;77.4;76.15;76.85;1114323
77.25;77.7;76.3;77.65;2049220
76.9;77.55;75.55;75.65;2355792
73.5;76.9;71.9;76.4;9557875
76.3;79.95;76.3;79.65;5859245
79.45;83.9;79.2;83.9;5977054
83.45;83.7;81.5;82.95;4204187
82.8;83.15;81.55;81.95;2016235
82;82.45;80.75;81.9;1117915
81.85;84;81.75;82.6;1853834
83.95;83.95;82.15;82.9;1212921
83;83.65;81.25;82;1565217
81.8;82.35;81.25;82.35;959781
82.15;82.75;80.75;81.2;1383281
80.5;82.05;80.15;81.7;1206692
81;81.95;80.95;81.85;865684
82;83.55;80.5;80.65;2003224
80.55;82;80.25;81.9;1419598
82.2;82.2;79.85;80.15;1592025
80.15;81.15;79.9;80.35;1639460
80.25;81.65;80.25;80.6;929574
80.6;81.25;80;80.95;1535937
81.5;81.5;78.6;79.85;2166810
80.85;81;79.35;80.8;1114778
80.2;81.45;80;81.3;942541
81.8;82.4;80.95;81.45;751292
81.3;82.4;81;82.35;1115895
82.25;82.9;81.4;82;1202062
81.7;82.95;81.7;82.9;1394580
82.6;83.75;82.6;83.5;1610513
83.25;84.45;83.25;84.3;1132335
84.5;84.55;83.25;84.45;864755
83.6;85.25;83.4;84.6;1559900
84.5;85.8;84.5;85.65;1140176
85.85;87.6;85.5;87.3;1383223
87.1;88.45;86.5;86.7;1715235
86.7;88.15;86.7;87.85;1594563
87.85;88.15;86.9;87.8;1058132
88.35;89.1;87.95;88.95;1112760
88.1;88.9;87.7;87.75;1301129
87.9;88.95;87.7;88.4;1470912
87.5;87.85;87.3;87.5;1339676
87.95;88.25;86.75;87.05;1654231
87.1;88;86.9;87.75;1158037
87.5;87.75;86.4;86.6;968978
86.3;87.2;85.6;85.8;1651162
85.95;85.95;84.05;84.25;1123847
84.15;84.8;83.05;84.15;1900768
83.95;84.55;83.55;84.5;810761
83;84.5;83;84.3;861113
85.25;85.85;84.5;85.15;923662
84.9;86.3;84.5;85.75;1152118
86.05;86.7;85.2;85.65;1287643
85.7;86.3;85.05;85.95;1050556
89;92.05;89;92.05;3518284
91.05;94.4;90.85;93.1;1948876
93.2;93.85;91.75;93.15;1727273
92.95;94.35;91.85;92;1674831
91.75;93.8;91.75;93.35;1441312
93.05;94.3;93.05;93.55;1496336
93.55;94.3;92.5;92.75;1308801
92.7;93.55;92.4;93;1026395
93.8;94.45;93.1;93.35;1083611
93.4;96.85;93.35;96.35;1909162
95.85;97.5;94.5;97.15;1486873
96.6;97.2;94.55;94.6;2936905
93.6;94.4;91.9;93.3;1946349
91.9;92.2;89;89.7;2908281
90;90.7;88.1;89.85;2329833
90.5;90.8;86.55;86.55;2198837
86.65;89.1;85.8;87.4;2075400
87.8;88.6;86.6;87.4;1348208
86.7;87.3;84.6;84.6;2029293
84.9;88.2;84.9;87.3;1821238
86.05;88.15;84.7;87.95;1900400
87.8;88.95;86.5;88.3;1268331
89;89.8;88.15;89.7;1468428
89.35;90.8;89.05;90.55;435873
90.75;90.8;87.5;87.75;1303716
86.65;89.7;86.4;89.7;1481405
89.5;90.25;87.5;89.1;1749634
90.5;90.8;88.25;88.5;1343380
88.35;88.45;86.95;87.15;1206437
85.65;86.2;84.6;85;2822319
85.85;85.85;84.5;85.45;2018570
82.6;84.45;81.05;84.2;3783648
85.85;85.9;84.3;84.6;1690106
84.25;85.2;83.4;83.8;939223
81.95;83;81.15;81.5;2392775
82.3;82.85;80.1;81.15;1641708
81.5;84;81.5;84;1571941
85.35;86.45;83.5;83.6;2394128
83.65;85.75;83.65;85.05;1275980
84;86;83.9;85.7;1951005
85.25;85.95;83.45;84.65;1619198
85.75;86.45;83.85;84.3;1660690
84.1;85.2;83.35;83.55;1625033
83.5;84.45;82.1;82.7;1515180
82;82.75;79.6;80.75;2391839
80.1;80.8;79.5;80.25;1775802
80.85;83;80.2;82.7;1917264
85.05;85.05;81.75;84;3347323
83.8;84.75;82.6;84.2;1733005
83.4;84.4;81.9;82.7;1446247
81.75;82.35;80.6;81.25;2095407
80.8;83.95;80.8;83.55;1862952
82.85;85.5;82.75;84.45;1895883
83.2;84.4;82.5;84.15;1409343
83.6;84.15;82.3;82.65;872947
83.15;83.9;82.45;83.15;1033341
82.05;82.55;81.1;81.6;1244159
80.5;82.55;79.55;80.8;1666953
80.9;82;79.75;81.15;1495200
80.8;81.65;79.95;80.55;1651440
80.4;83.25;80.4;83.15;1413023
82.45;83.15;81.1;81.5;1814888
80.9;81.6;77.9;78.85;2450373
78.85;80.1;77.65;79.75;1648332
80.35;82.4;80.1;81.4;1792985
80.05;82.75;79.8;81.65;2049443
82.1;85.5;81.3;84.75;3033329
84.8;89;84.6;86.2;3254297
85.6;86.5;85.05;85.55;1471461
85;86.8;84.75;85.4;1354460
85.8;86.5;85.5;86.25;1109981
86.15;86.25;84.35;85.15;1644807
85.85;86.8;85.35;86.15;969736
85.05;85.5;83.95;84.65;932970
85.1;85.85;84.15;84.5;696175
84.55;86.6;84.45;86.3;869799
85.2;85.45;83.75;85;1202963
85.4;85.95;84.4;85.25;982710
86.05;86.9;85.35;86.45;555287
86;87.65;85.35;87.15;906326
87.4;89;87;88.35;1127744
88.8;90.85;88.6;90.75;1410477
90.2;91.65;90;90.75;1154455
90.15;90.95;89.05;89.9;1172302
90.05;90.45;89.25;90.3;913415
90.05;90.25;88.85;89.4;952018
88;90.75;87.9;90.05;1343268
89.75;90.45;89.4;90.15;606240
89.85;90.65;88.9;90.35;488620
90.05;90.5;89.45;90;854366
89.85;90.8;89.8;90.5;535274
90.45;91.4;89.25;90.9;1373774
90.85;92.8;90.55;91.2;1292239
91.15;91.7;90.85;91.15;487604
90.7;91;89.8;90.85;704658
90.5;91.1;89.45;89.9;1091930
89.15;89.4;87.55;88;2211122
87.8;88.95;87.65;88.35;868428
87.45;88.85;87.4;88.15;878071
88.1;90.6;88.05;90;1342537
90.2;90.85;89.95;90.6;1101576
90.75;91.25;90.2;90.65;711580
90.55;91.35;89.25;89.8;3072514
89;89.45;87.05;88.15;1505820
87.7;88.5;86.85;88;1189816
87.7;90;87.55;88.9;1827390
89.25;90.45;88.45;90.1;1230610
89.05;89.95;87.6;88.2;1010528
88.2;88.7;87.55;88.1;1004758
88.8;89.8;88.35;89.25;881623
88.8;91.2;88.8;89.8;1619338
90.05;91.7;89.95;90.55;1058304
90.75;91.8;90.15;90.45;775425
90.35;92.4;90.05;91.8;1875384
90.65;91;87.75;88.6;2422166
88.65;89.3;88.1;89.25;983090
90.65;91.3;89.8;90.05;1450630
90;90.4;89.35;90.1;1057832
89.05;90.15;88.75;89.95;1231221
89.7;90.75;89.4;90.65;1085867
90.15;90.95;89.75;90.65;809192
90;91.25;89.3;91;1312737
90.6;91.15;89.6;90.4;1312125
90.2;91;89.85;90.8;846714
90.25;90.4;87.5;87.5;1968785
87.3;89;86.85;88.15;2762246
87.6;90.15;87.6;89.55;1632185
89.9;90.6;88.8;89.7;1241491
89.9;90.85;88.9;90.85;1216793
90.15;91.5;89.9;90.9;1408242
90.45;93.8;90.35;93.25;2020907
93.4;95.4;90.95;91.6;2291763
91.45;92.85;90.35;90.9;1210365
89.4;90.75;89.2;90.55;689184
90.7;92.4;90.3;91.65;1398273
92;93.3;91.2;92.95;1715227
92.3;94.25;91.6;92.1;1557586
92.1;93.2;91.7;92.05;844129
92.15;93.65;92.15;93.45;616805
93.25;94.5;93.25;93.75;546794
93;96;92.9;94.8;1839491
95.3;95.7;94.25;95.3;828960
94.85;95.3;94.4;94.6;649356
94.35;96.2;94.05;96.05;651749
95.85;95.95;94.85;95.4;1014257
95.3;97.3;95.3;97;1096074
96.7;99.4;96.7;97.85;1401652
97.5;98.05;95.4;96.2;1211933
95.65;95.75;94.4;95.4;597571
95.1;96;94.9;94.95;638275
95.25;95.7;94.3;95.6;885804
95.5;95.75;93.9;94.7;656701
94.3;94.6;92.25;93.05;883314
92.5;92.95;91.5;91.5;1132286
90.95;91.8;90.15;91.25;849054
92.15;92.95;90.95;92.8;1146255
92.65;93.35;90.4;90.5;1318002
90.5;90.75;87.65;88.35;2089536
88.05;88.45;87.1;88.05;1614050
88.3;90;88.1;89.9;1415200
89.4;90.2;87.85;88.65;1344809
88.25;89.35;88.05;88.75;907734
88.2;89;87.35;88.05;1298152
88.85;89.95;88.8;89.75;1150978
90;90;89.2;89.45;832067
89.4;90.5;89.35;89.75;1149663
90.2;90.8;89.85;90.6;1054963
91.05;92.55;90.75;91.8;1380151
91;92.45;90.95;91.5;958320
91.1;91.2;90.15;90.65;799991
91.45;92;91.1;91.45;760931
91.25;92.3;89.75;89.75;1137461
89.65;89.8;88;88.15;986121
87.95;90.75;87.95;90.75;1071754
90.75;91.6;90.2;90.85;745459
90.35;91.5;90;91;488778
92;92.75;91.7;92.4;820205
92.1;93.1;91.95;92.6;793617
92;92.2;90.65;91.2;1019187
90.4;92.95;90.4;91.8;1214873
91;91.6;90.75;91.25;818456
91.75;92.9;91.25;91.85;1191745
90.55;91.15;90.1;90.4;970719
90.85;92.45;90.45;92.2;1216333
91.9;92.2;90.9;92.05;895690
92.15;93.2;92.15;93;627485
92.85;93;91.75;91.75;1130939
91.6;92;90.15;90.7;1385314
91.15;93.05;91;92.3;1754793
91.85;94.5;91.6;94.15;1644643
94.4;95.2;93.7;93.9;1166471
94.45;95;93.7;94.95;1071701
95;96;94.25;95.4;1526012
95.65;96.05;94.45;95.25;1434394
93.9;95.25;93.75;94.85;1346334
95.2;96.25;95;95.7;786860
95.2;96.65;95;96.4;804055
95.45;96.4;94.55;94.95;1405960
96.35;96.6;94.85;95.8;1273073
92.4;93.6;91.45;91.8;3886314
90.5;91.6;89.75;91.1;1845417
90.9;91.65;90.45;91.2;1425485
90.7;92.45;90.6;91.9;1971853
93.1;93.6;91.05;91.25;2289973
91.65;92.3;90.8;91.5;1475982
91;91.25;89.65;90.15;2005274
89.9;91.05;89.7;90.7;1798567
91.1;92;90.95;91.75;1388430
92.4;94.1;92.2;94;1723573
93.7;93.95;93.15;93.6;1114404
93.59;94.93;93.59;94.25;702768
94.06;94.42;93.4;93.98;1234928
94.65;94.65;93;93.6;904747
93.73;94.34;92.65;92.86;1040718
92.89;93.97;92.35;93.4;1118709
93.5;94;92.65;92.72;890283
92.29;92.62;90.65;91.05;1945307
89.5;90.9;88.95;89.89;1962360
89.2;90.8;87.2;88.33;2087791
88.5;89.4;86.6;87.24;1819632
85.3;87.8;85.1;87.36;2144066
88;88.8;87;87.98;1261303
88.5;89.43;88.01;88.77;1207198
89.2;90.11;88.68;89.18;1699799
88.8;90.46;88.5;90.45;1345983
90.5;91.09;89;89.53;1471766
89.31;89.57;87.53;87.53;1290248
86.65;86.65;84.3;84.86;2535275
85.75;86.6;85.3;86.31;1775320
86.03;86.5;85;85.79;1622055
86.99;86.99;85.88;86.8;1021252
87.01;87.45;86.1;87.23;1393128
86.71;87.66;86.31;87.24;1192009
88;88.75;86.39;87.4;1696729
87.7;89.9;86.75;88.85;2239421
88.8;89.24;87.29;87.78;1381370
88.01;88.67;87.12;87.63;976863
86.98;87.63;85.88;86.07;1361263
86.41;87.77;86.17;87.66;1267854
87.22;88.76;86.78;87.55;1897657
87.01;87.93;86.91;87.32;1203456
87.77;87.95;86.85;87.83;830225
88.5;89.3;88.3;89.24;1528353
89.3;90.58;88.82;90.07;1940549
90.1;90.9;89.56;90.32;1333151
90.18;91.67;90.18;91.18;1675051
90.53;91.11;89.55;90.46;1556455
90.67;91.32;89.79;91.07;1166557
90.71;92.24;90.65;92.1;1967096
91.8;92.1;91.03;91.63;1344091
91.75;91.94;90.31;91.71;1325569
90.51;91.59;90.36;91.5;1571331
91.5;94.83;91.25;93.93;2869302
93.84;94.85;92.97;93.14;1507070
93.14;94.09;92.71;93.31;1116480
93.41;96.74;93.41;96.68;2662301
96.25;98.95;96.21;97.86;3143145
97.53;99.2;96.4;97.52;2488211
96.77;97.43;95.35;95.72;2136126
96.3;96.6;94.44;95.1;3172748
96.4;96.69;94.57;95.5;2227819
95.5;101.55;95.5;100.95;3205508
100.75;100.9;100.01;100.47;948689
99.9;100.4;97.76;98.2;1536260
98.54;99.16;96.89;97.64;1634949
97.51;99.65;97.51;98.4;1979428
97.4;100.29;97.15;99.9;2355111
100.73;103.9;100.01;102.43;2324160
99.8;103.05;99.41;102.97;3083394
102.84;106.42;101.52;104.12;3077399
104.58;104.8;102.52;102.68;1047023
105.02;106.3;104.25;105.24;2856363
105.87;105.87;104.65;104.65;1722094
104.67;105.04;103.12;103.21;1783181
102.98;105.75;102.98;104.95;1996043
103.95;106.34;103.26;104.4;1687799
104;105.3;102.9;104.5;1091232
104.44;104.5;103.32;104.22;217570
104.4;107.8;103.46;106.45;1721295
105;105.95;104.33;105.33;1847188
106;106.84;104.96;106.25;1770264
106;114.2;105.69;113.79;5005161
114;114.6;112.21;112.64;2668734
114.8;116.55;113.21;113.38;2913460
112.21;112.81;108.6;108.88;2674379
110.21;110.8;108.6;109.14;2080236
108.2;109.89;106.46;107.64;1978963
108.99;110.1;108.32;110.02;2094178
110.12;110.12;108.4;109.06;1412970
108.86;109.55;107.16;109.08;1400045
110.9;113.67;110.13;113.64;1999022
114;116.48;113.8;115.41;3155612
115.65;117;114.56;116.59;1759102
117.64;118.91;117.5;118.79;3028862
119.51;120.63;117;117.44;1676852
116.85;117.73;114.39;115.56;1669612
116.14;117.33;115;115.86;1210097
114.44;115.7;113.84;115.19;1115761
114;114.74;113.1;113.72;1260295
112.81;116.94;111.59;116.3;2077944
118;118.76;116.47;118.51;1498318
119.5;120;117.45;119.21;1483173
118.24;119.3;117.05;118.2;1033596
119;121.8;118.56;121.38;1802329
121.5;122.87;120.24;120.51;1473990
120.2;121.4;117.67;117.67;2108029
117.38;120.3;117.36;120.17;1472635
119.5;121.46;118.7;119.08;1313534
118.55;119.38;115.7;116.15;1794950
114.61;116.49;113.91;115.69;1995836
116.09;117.81;115.1;117.25;1684288
118.5;118.68;116.46;116.66;1140149
116.35;117.7;116.13;117.16;627848
117.47;117.47;115.3;115.74;1215287
114.4;115.21;112.5;112.5;1359794
113.6;114.9;113;114.05;1012198
113.44;115.29;111.98;112.18;1377516
111.1;113.67;109.76;113.52;984801
112.58;116;111.8;112.03;1820975
112.03;112.03;107.61;108.1;2025786
109.38;110;102.88;102.88;3372364
101.95;106.63;101.21;103.26;3663099
103.61;103.82;101.1;102.3;2172261
104;107.56;103.8;107.06;2830429
103.86;105.4;102.31;104.56;2260401
105.5;106.19;104.29;105.11;1891441
105.52;105.66;102.37;103.48;1464499
101.3;102.9;100.38;100.96;1994176
102.87;102.87;98.83;99.89;2739214
100.92;100.92;98.55;99.97;2739834
100.32;101.37;97.9;98.93;1982572
96.91;97.7;94.21;95.13;2862288
96.56;99.21;95.36;98.74;2247436
98.03;100.35;96.61;97;2329369
95.15;96.57;94.55;95.42;1979975
93.39;93.5;90.4;91.2;3133616
91.2;96.7;89.41;93.95;3745229
94.61;96.87;93.8;94.9;1883107
95.45;96.4;93.32;94.29;1676656
94.81;99.03;94.81;98.79;2346310
99.6;101.7;98.31;99.02;1825366
98.19;100.87;97.62;100.25;1352876
100.5;102.73;100.43;101.85;1018777
101.47;101.89;98.73;99.32;988286
98.54;99;94.52;97;3568197
98.39;98.5;96.58;98.21;1411123
98.6;99.34;97.47;99.02;1625270
100;100.4;98.56;99.93;1254551
99.89;100.09;98.18;99.05;1038145
98.45;98.45;95;95;2368633
95.65;95.85;92.87;94.52;1539878
94;95.09;90.15;90.47;2072972
91.19;91.5;88.1;89.37;2096176
90.58;93.42;89.96;92.8;1976644
92.1;93.86;91.29;93.04;1213502
93;94.94;91.9;94.1;1449478
93.31;94.47;92.23;92.76;1166190
93.18;93.79;91.43;92.37;1122211
92.19;95;91.83;94.4;1855243
98.78;99.89;97.39;98.4;2876472
97.63;97.99;96.15;96.8;1482972
97.19;100.37;96.61;100;3536626
100.1;101.98;100.09;101.03;2037207
100.9;101;98.26;99.66;1998571
99.67;100.89;98.92;99.9;1197158
101.08;102.65;101.06;101.77;1486902
101.7;103.56;101.1;101.62;1360382
101;106.48;100.55;106.08;2474348
106.71;109.95;106.08;107.52;2460735
108.18;109.69;106.82;109.26;1525503
108.5;109.46;107.51;109.06;1368714
109.6;111.8;109.18;111.36;1610448
111.1;112.29;111.04;111.04;857460
111.3;114.4;111.3;113.44;1839474
112.89;114.72;110.48;111.84;3345423
111.55;114.06;110.43;111.38;1917896
109.66;110.73;107.91;110.42;1644533
110.79;110.79;107.7;108.14;1139713
107.26;108.74;106.5;108.31;1368897
108.63;109.86;107.99;109.25;965703
109.37;110.93;108.31;108.68;1337075
108.01;109.22;105.52;106.05;1836658
103.3;104.44;102.19;104.15;1873545
104.49;107;104.49;106.95;1656578
107;107.84;105.02;105.71;1403772
106.5;108.19;105.38;107.35;1922821
110.57;114.2;110.05;110.91;3092794
115;117.3;113.26;115.16;2982398
115;115.87;114.28;115.57;1658154
116.34;117.1;114.95;115.9;1322747
116.03;116.9;111.28;112.47;1867666
109.9;111.33;109.13;110.37;2246323
109.25;110.74;107.36;107.97;1411371
108.26;110.3;107.24;109.41;1559404
109.41;109.68;104.23;104.91;2359661
103;103.92;99.73;100.99;2678979
100.4;101.1;96;97.49;3976015
96.31;98.84;96.3;97.58;1720440
96.5;97;95.17;95.69;1904566
98;99.5;96.59;98.21;2501199
97.75;98.8;95.44;96.96;1476764
95.86;96.11;94.01;94.46;1863866
94.31;96.58;90.53;91.13;2489731
92;95;90.25;94.47;2674525
93.59;93.59;90.5;91.33;2059942
91.52;92.9;90.2;90.94;986454
90.7;94.95;90.22;94;1268841
94.32;96.15;94.16;94.65;1428173
94.07;94.94;92.27;93.78;1484462
94.72;99.21;93.5;98.77;2657466
99.38;100.4;96.68;98.25;1905441
98.5;100.5;98.32;99.45;1210857
98.78;100.44;98.5;99.15;1479280
99.57;99.9;94.71;95.34;2226268
96.56;99.48;95.96;99.1;1899455
99.55;101.4;97.01;97.77;1795135
98.5;99.69;97.04;99.01;1552854
99.6;104.27;99.2;103.63;2271903
104.5;104.95;101.8;103.04;1487112
101.13;103;99.06;102.04;2187266
100.5;100.92;98.1;98.49;1814940
99.97;100.48;96.41;97.94;1522946
96.34;97.1;93.71;94.22;2258952
93.7;97.21;93.58;95;1962877
95.65;95.65;93.3;93.9;1593571
94.43;95.5;93.4;93.79;1504809
95.4;96.97;94.82;96.95;3070685
97.36;98.2;96.65;97.92;154018
98.99;99.1;97.63;98.5;1043170
98;98.48;97.4;98;547517
97.5;99;96.29;97.01;254040
97.19;99.16;94.99;95.74;1033326
95.17;96.13;92.5;93.54;1601745
91.5;92.48;85.62;86.45;4731112
86.41;87.5;82.9;84.25;3252311
85.45;86.07;83.7;85.04;2615579
86;86;82.22;82.78;2062342
84.03;85.37;83.3;84.55;2108353
84.71;86.14;84.25;85.71;1641322
85.41;87.75;85.3;86.47;1807554
86.08;86.3;81.29;82.21;2487287
81.9;81.9;78.77;80.26;3171398
81.35;82.72;77.61;77.97;3000708
77.38;80.19;74.72;77.16;3696258
75.99;79.8;73.82;76.05;5157920
72.29;78.6;72.1;76.87;3797225
79;79.32;71.7;72.8;3324869
76.08;79.65;75.11;77.92;3469901
81.29;81.79;75.2;77.45;2419104
75.43;78.36;74.91;77.6;1814126
78.72;80.56;77.76;79.93;1797245
77.94;78.1;74.3;75.14;3055033
75.33;76.08;72.59;75.79;3527088
78;78.79;75.75;76.56;2622647
77.4;77.9;76.25;77.42;2088210
76.71;77;70.95;71.68;3419353
70.6;71.7;69.34;71.46;2886568
70.05;70.32;66.65;68.45;4039341
69.39;69.88;66.73;67.31;2631307
66.85;68.71;66.4;68.16;2401478
68.23;72.64;67.6;72;3506724
73;75.62;72.61;74.55;3528304
75.7;77.37;69.2;70.93;6315978
70.38;71.8;69.4;69.72;3338270
70.69;71.66;69.88;71.28;2034859
71.05;74.96;70.64;72.85;2371883
71.5;73.55;71.28;71.96;2587474
72.65;74.61;72.27;73.45;1811411
71.75;73.4;69.39;69.71;4089065
71.74;71.79;70.21;71.1;2329891
71.5;73.61;71.5;72.28;2397192
73.06;73.7;71.41;73.54;1997452
73.36;74.44;71.5;71.88;2256027
71.19;72.17;70.28;71.2;2454080
69.63;70.99;69.09;70.35;1934654
70.83;71.44;66.31;66.76;3716454
67.49;68.45;66.76;68.13;2258933
67.96;68.09;66.26;66.38;1497214
65.8;66.97;63.81;65.81;2944249
65.4;66.65;63.96;64.77;2171544
64.54;66.9;63.62;65.24;2700702
66.71;67.36;66;66.2;1908676
64.9;64.94;62.41;64.04;3035376
64.86;66.49;62.66;63.6;3159576
61;62.24;59.81;59.81;3468925
61;63.31;60.33;62.73;3213845
63.97;65.7;62.21;64.39;3795422
64.57;67.78;63.91;67.78;5472904
70.5;71.49;69.97;70.98;2997678
71;71.12;69.43;70.1;1912070
70;70.95;69.17;69.72;2522633
70;70.2;69.06;69.24;1674032
68.89;70.19;67.88;70.1;1703454
70;73.9;69.75;73.5;2758512
74.56;74.56;72.64;74.23;1941110
74.35;74.55;71.41;71.64;1825181
72.3;72.36;68.91;69.82;2716339
70.17;70.69;68.81;69.39;1745178
69;69.5;68.36;68.8;1544619
68.79;68.79;67.45;67.49;1516432
67.47;67.68;65.36;65.91;2666989
66.9;67.25;64.73;65.78;2159254
65;65.91;64.54;65.66;2093962
66.2;66.4;63.31;64.76;2489378
65.96;66.4;64.67;66.1;1461944
66.13;68.02;66.13;66.98;1365677
67.5;69.55;66.56;68.96;2347286
68.7;68.7;66.5;66.8;1756575
65.97;66.2;64.79;65.22;1907459
65.28;65.8;63.15;64.6;2305546
64.6;65.71;62.48;65.53;2309977
66.87;68.34;65.27;67.43;1803556
67.51;68.4;67;67.75;1120772
67.65;67.7;65.75;66.31;1522562
66.52;66.75;64.4;66.05;1603138
67.45;70.9;67.08;70.17;3105752
70;70.92;69.67;69.82;819058
69.91;70.42;68.55;69.19;1172673
69.67;71.97;68.9;71.48;2513790
70.8;71.28;70.31;70.86;1326006
70.29;70.77;68.25;70.19;2250473
66.9;67.39;65.73;65.76;1386020
65.75;67.3;65.41;67.3;1926582
67.9;69.27;67.09;68.99;1887064
68.69;68.95;67.88;68.3;961362
69.03;69.57;67.74;68.38;1544152
68.08;69.1;68;68.87;1214310
68.21;68.63;66.91;66.95;1450787
66.79;66.95;64.02;64.73;2088610
63.93;65.41;63.08;65.17;1758839
64.89;64.89;62.49;62.49;1722439
62.23;62.91;61.57;62.09;753021
62.56;63;60.55;62.53;1849377
62.67;64.7;62.53;63.7;1842046
64.1;64.97;63.3;64;1527610
64.99;66.29;64.45;66;1934506
66;66;63.55;63.8;1942713
63.88;65.3;63.71;64.73;1136482
65;66.42;63.26;65.66;2277082
65.99;67.37;64.2;64.86;1856163
64.83;65.44;61.07;61.26;3312666
60.89;61.25;59.8;60.16;1905892
59.85;60.51;58.95;59.53;2078184
60.73;61.15;57.65;58.04;2683031
58.05;58.95;56.89;58.3;2924142
58.45;59.36;57.1;58.89;2591993
59.28;59.73;58.01;58.61;1361650
58.61;59.79;58.61;58.81;1954884
58.41;58.52;56.69;56.89;2218708
55.81;57.02;54.64;56.14;2657363
56.34;56.74;53.91;54.97;2676513
54.62;54.65;53.51;53.56;1805174
53.3;53.58;51.2;52.7;2252438
53.05;56.27;52.83;56.1;2637394
55.5;55.5;52.91;52.91;2043614
52.4;52.5;50.43;51.49;2581627
51.36;53.01;50.21;52.1;2270526
51.46;51.8;49.6;51.05;2153713
52.73;53.7;51.13;51.37;2897179
51.02;52.84;50.27;52.38;2794463
52.6;53.5;52.07;52.23;1294270
52.01;53.6;50.75;50.83;2313863
49.51;50.45;47.96;49.82;2917119
49.99;52.46;49.42;50.88;2928051
49.9;51.46;49.57;50.34;1921866
50.48;50.66;49.23;49.23;2140882
50.29;51.31;49.7;49.94;1489153
49.3;50.95;49;50.15;2550406
50.1;54.31;49.26;53.86;3218371
56;56.44;54.37;54.91;3105471
54.11;56.83;54;55.88;2389008
55.83;56.7;54.82;56.38;1286459
55.81;56.27;53.62;56.09;1789660
57.46;59.22;57.22;57.84;2699028
60;61.99;54.59;55.9;3892451
53.51;57.32;53.51;56.82;1964036
56.59;56.65;54.7;55.13;1343130
54.31;54.41;52.05;53.49;2420483
54.2;54.48;53.4;53.55;1257890
53.64;54.96;52.87;53.71;1339706
52.01;53.28;51.09;51.78;1977080
51.62;52.92;51.27;51.67;1707201
52.29;54.9;52.04;54.88;2219017
55.07;55.75;54.39;55.66;1479061
55.11;56.76;54.97;56.04;1341622
55.4;58.88;55.4;58.6;2046066
59.99;60.74;58.88;60.7;1395470
60.68;62.85;59.66;62.32;2403498
61.73;61.73;58.65;58.78;2542564
59;60;58.15;59.54;1520067
57.95;60.94;57.71;60.79;1814654
60.17;61.42;58.89;60.2;1216641
59.4;59.4;57.89;58;1387420
58.41;59.22;56.7;57.65;1311909
57.44;58.23;56.02;56.5;1293413
56.63;59.35;56.4;59.16;1543464
58.87;59.7;58.36;58.96;861602
58.4;59.04;56.94;57.71;1439325
57.32;57.68;56.01;57.1;927228
56.95;58.29;55.5;57.89;1354874
57.85;58.24;56.66;57.27;1210948
56.95;59.19;56.22;58.77;1371377
59.15;61.57;58.21;60.07;2077669
59.83;61.44;59.06;59.27;1538253
59.48;59.48;56.57;56.74;2019296
56.4;56.85;54.22;54.62;2202543
57.35;57.96;53.79;55.45;4125008
55.44;57.47;55.01;55.21;1918881
55.45;56.69;54.76;55.92;1580034
55.65;56.11;53.65;54.92;1930385
55.83;55.83;52.06;52.99;3908135
50.75;51.85;49.35;51.2;4060222
49.93;51.59;48.86;49.55;3199707
49.92;50.01;46.71;46.82;4090943
47;48.81;46.5;47.59;3339625
52.35;52.44;49.4;51.1;4740673
50.5;51.21;48.96;50.3;2246989
50;50.08;48.32;49.11;1623009
49.81;49.81;46.39;47.71;1971533
47.81;48.87;46.71;48.08;1928540
47.29;48.1;46.11;47.32;1938853
46.7;47.46;43.35;44.02;2471440
43.14;44.99;42.5;44.56;3212951
45.25;45.25;42.28;42.98;2855523
43.26;43.26;40.02;40.02;3534174
40;41.01;39.41;40.88;2729739
38.87;38.9;35.51;35.72;3838099
36.8;38.5;35.22;35.97;4635989
34.81;36.13;31.49;33.05;5135797
33.93;35.09;31.98;32.75;2880067
30.2;31.15;26.9;28;6140889
30.99;32.55;30.19;32.55;2936850
34.87;36;33.21;34.28;3355667
34.25;34.25;29.37;29.91;3333102
28.22;31.2;27.11;27.83;4815870
30;30.1;27.5;28.57;3712282
29.8;29.9;27.72;28.81;2566746
29.75;30.48;29.12;30.01;1852841
29.06;29.49;27.14;27.34;2643574
27.5;27.5;24.3;25.39;3791817
23;23.13;19.8;22.2;6213784
20.81;20.84;19.25;19.4;4364042
20.15;20.97;18.53;20.05;4849687
23.19;23.28;21.82;23.28;4568721
23.89;24.99;23;24.09;3657720
23.29;23.95;21.84;23.86;3845522
24.23;24.42;23.18;23.39;2630523
22.5;25.95;22.42;25.66;4741817
26;26.49;24.9;26.07;3286978
25.1;25.2;22.35;22.52;3247855
22.6;23.04;21.11;21.61;3138629
22.75;22.8;21.4;21.6;2440282
21.09;21.86;20.48;20.6;2230901
20.87;21.13;18.6;18.89;3728655
18.76;19.62;18.61;19.1;2800550
20;20.11;18.61;18.7;2906504
18.8;19.19;17.72;17.96;3036004
18.04;18.25;17.16;17.63;3040180
17.79;17.79;15.85;15.91;3729745
15.36;15.5;14.65;14.92;4872264
15.04;15.66;14.41;14.71;3386058
15.27;16.39;15.02;16.34;3160285
16.5;17.91;16.16;16.88;4923927
17.09;18.27;16.67;17.88;4465202
18.6;18.98;17.64;18.08;2729564
18.08;18.19;16.84;17.22;2834632
17.43;17.89;15.81;15.98;2680503
15.61;17.74;15.25;17.48;4912840
17.78;17.98;16.9;17.74;5091672
17.7;19.11;17.23;18.04;4713712
17.98;17.98;16.24;16.37;3660856
17.8;17.94;17.13;17.87;3255669
17.61;18.75;17.3;18.25;3524907
18.25;19.11;18.22;18.84;2535971
19.16;19.3;18.51;18.89;2579555
17.49;18.35;17.1;17.74;4134909
18.21;18.29;17.17;17.3;2257910
17.31;18.17;17.21;17.85;2640895
17.92;18.11;17.14;17.34;2913982
17.47;18.14;17.36;18.06;2385361
17.72;18.2;17.1;17.25;4215250
17.28;17.32;16.65;17;2408400
17.05;17.34;16.82;16.87;850224
16.87;17.13;16.57;17.1;375835
17.3;17.7;16.96;17.16;1096062
17.26;18.12;17.24;18.12;1555090
18.73;18.84;18.2;18.55;895621
19.48;19.99;18.65;19.96;2088648
19.61;19.8;18.55;19.31;2719186
19.31;20.11;19.21;20.1;2826029
20.12;21.45;19.66;20.65;3459699
20.34;20.63;19.78;20.35;3182771
20.31;21.93;19.9;20.76;3308205
20.43;21.11;20.01;20.45;3004265
20.37;20.45;18.92;19.36;3314654
19.43;19.59;17.77;17.94;3144340
17.76;18.09;17.01;17.29;3363751
17.76;18.14;16.5;16.61;3772995
17.02;17.44;16.11;16.41;2451384
16.52;16.81;14.9;14.97;3867852
14.8;15.7;14.01;15.37;4858866
15.75;16.12;14.1;14.25;5135407
14.22;14.37;13.5;14.1;3430327
14;14.59;13.8;14.48;2139551
14.63;14.88;14.09;14.43;2736677
14.8;16.32;14.62;16.24;4823759
15.96;15.98;14.41;14.85;5899586
14.66;15.45;14.41;15.16;3560984
14.895;14.97;14.185;14.54;2698827
14.61;14.99;14.085;14.86;2598592
15.05;16.1;14.93;15.68;2955586
15.36;15.54;14.89;15.38;3169834
15.47;16.79;15.41;16.63;3967158
16.33;18.125;16.23;17.82;4810183
17.55;17.8;16.58;16.64;2874010
15.8;16.39;15.28;16.24;2952698
16.4;17.35;15.75;16.145;5684885
16.425;16.58;15.905;16.33;2554313
16.105;16.4;15.7;15.7;3716409
15.4;15.4;14.29;14.555;4417115
14.6;14.74;13.64;13.805;4664199
13.99;14.09;13.355;13.5;3487747
13.145;13.365;12.7;12.725;2692490
12.8;13;11.25;11.35;4901050
11.18;11.62;10.635;11.455;4346435
11.95;12.05;11.04;11.29;3408033
11.455;12.065;11.28;11.77;3805777
11.5;12.06;11.27;11.525;3245564
11.215;11.425;10.725;10.74;2819523
10.895;11.03;10.165;10.565;3407198
10.705;11.46;10.705;11.32;3861543
11.25;11.42;10.59;10.59;3269630
10.5;11.29;10.385;10.83;3882042
10.9;10.9;10.305;10.615;3815815
10.65;12.395;10.63;12.12;5231047
12.215;14.03;11.93;13.145;6966203
12.905;13.465;12.09;13.25;4016807
13.695;14.03;12.88;13.08;3649408
13.555;13.83;13.27;13.59;2909893
13.36;14.305;13.16;14.15;3759640
14.41;14.94;13.5;14.03;3316319
14.3;15.17;13.9;14.45;3412439
14.205;15.05;14.205;15.01;3151532
15.545;15.85;14.87;15.56;3966052
16;16.05;14.48;15.05;3827294
14.945;15.88;14.615;15.655;3225234
15.8;16.77;15.56;16.255;3538437
16.45;17.25;16.31;16.92;3846603
16.46;16.5;15.055;15.13;4720858
15.125;15.69;15.11;15.485;2324699
15.82;17.05;15.67;16.79;5544877
17.75;19.275;17.73;19.13;10182696
18.95;21.4;18.75;21.335;9908639
22;23.4;21;21.54;7071532
21.95;22.5;20.305;20.7;4766645
20;21.885;19.66;21.86;5474030
22.48;23.39;22.05;22.66;3954537
22.66;22.9;21.585;22.3;3939745
21.85;22.07;21.51;21.61;2740999
22.145;22.24;21.55;21.88;3106385
22.06;24.19;22.02;24.1;4688466
23.65;23.89;21.53;21.61;3810323
21.36;22.175;20.525;21.735;3218884
21.6;22.37;20.92;22.22;2607553
22;23.195;21.88;22.55;3038298
22.295;23.5;22.07;23.305;2745438
22.75;23.1;21.935;22.935;2328248
22.5;22.5;20.675;21.74;4678438
22.28;22.77;21.91;22.405;2392518
23.495;25;23.2;24.57;5970700
24.73;26.37;24.7;26.25;2826645
26.47;27.755;26;27.035;3659971
27.425;27.495;26.165;26.56;3563662
27.19;28.54;26.55;26.72;4420485
26.51;27.305;25.67;26.035;2612249
25.99;25.99;24.5;24.885;2708142
24.475;26.45;24.41;24.6;3080797
25;25.2;22.46;22.745;4101779
22.735;23.785;21.84;23.605;4419504
23.98;24.385;23.215;23.98;2413554
23.01;24.275;22.65;24.25;2500312
24.645;25.78;24.5;25.315;2382127
25.205;26.25;24.84;25.84;2063086
25.31;25.69;25.035;25.36;1400175
25.41;26.875;25.36;26.265;2060957
26.15;26.75;25.28;26.05;1012467
25.785;26.485;25.005;26.28;2037250
26.565;26.9;26.46;26.7;1620611
26.3;26.82;25.965;26.485;1477957
27.2;27.765;26.97;27.06;2469983
27.795;29.74;27.665;29.525;2565459
29;31;28.58;30.28;2886584
30.205;30.72;29.11;29.605;2235653
29.435;30.05;29.29;29.47;1126325
29.65;30.99;29.525;30.76;2174760
30.41;30.46;29.2;29.58;1835669
29.8;30.15;28.54;28.95;2022377
29.05;30.19;29.04;29.615;2675107
29.55;31.29;29.1;30.715;2427225
30.51;31;30.05;30.45;1547613
30.21;30.45;28.67;28.81;1767092
28.72;29.1;27.71;28.045;1840748
28.02;28.555;26.625;27.365;2884995
27.22;27.64;26.32;26.905;2089090
27;27.595;26.5;27.025;2093580
26.815;26.9;24.82;24.9;3006145
24.04;25.55;24.01;24.8;3084877
25.015;25.96;24.52;25.73;1960531
25.525;26.245;24.955;26.02;1253287
26.46;27.12;25.49;25.785;1295281
25.43;26.335;25.32;26.14;1218065
26.25;26.755;25.645;26.17;1317676
26.23;27.11;26.22;26.845;1273848
26.7;26.7;25.465;25.555;1544487
25.43;25.67;24.82;25.11;1149926
24.725;25.19;24.36;24.65;1689517
24.86;25.6;24.405;24.685;1363726
24.42;24.65;22.71;22.84;3499010
23.16;23.69;22.555;22.74;2750238
22.64;22.8;21.89;22.395;2236229
22.205;22.975;21.845;22.845;1444818
23.39;23.96;23.035;23.81;2349890
24.065;25.055;23.96;25.03;2220678
25.155;25.9;25;25.575;1935292
26.23;26.48;25.75;25.99;1932998
26.08;26.08;25.55;25.955;1875776
26;27.54;25.83;27.37;2554146
27.25;27.68;26.61;27.235;1880394
27.145;28.15;26.77;27.975;1896505
27.97;28.65;27.455;28.05;1596631
28.475;28.5;27.215;27.515;1656558
27.345;27.775;26.745;26.99;1419290
26.95;28.985;26.95;28.52;2754921
28.64;28.98;26.65;28.94;3868945
28.8;30.32;28.74;29.92;2906047
31;34.85;30.605;34.105;6118107
33.875;33.975;32.71;33.735;2553362
33.335;33.88;32.86;32.95;2282362
33.45;34;33.035;33.46;1695074
33;33.035;31.75;32.8;2964906
32.49;33.07;31.95;32.84;1792067
33;33.5;31.175;31.475;2288382
31.495;32.18;30.85;31.995;1965374
32.275;33.69;32.08;33.585;1910526
33.7;33.7;31.58;31.85;2529728
31.83;32.21;30.8;31;2256861
31.3;31.88;30.87;31.845;1737164
31.33;32.185;31.125;31.47;1407496
32.155;33.165;31.8;33.11;2290193
32.47;34.23;32.28;33.985;2709618
34.45;34.935;33.775;33.965;1524265
33.29;34.14;33.18;33.785;1570107
33.78;34.125;32.51;32.825;2205433
32.66;32.83;31.44;31.795;2397121
32;32.99;31.85;32.58;2020681
32.35;32.35;31.3;31.4;1438733
31.2;31.9;29.99;30.02;2943245
30;30.11;28.31;29.59;4017802
29.84;29.87;28.64;28.8;3184073
29.37;30.6;29.165;30.27;3326228
31.1;31.52;30.72;31.485;1992833
31.5;31.89;30.92;31.25;1698172
31.68;33.54;31.15;33.415;4394865
33.74;34.08;32.53;33.165;2636102
33.25;33.86;33.065;33.305;2062038
32.25;32.705;31.81;32.39;2509129
32.24;33;31.92;32.54;2227315
32.95;34.945;32.94;34.315;4345864
34.78;34.89;33.33;33.69;3539500
33.32;33.99;32.5;32.5;9729588
32.9;32.98;31.705;31.95;2310144
32;32.945;32;32.32;1939765
32.5;32.61;31.5;31.775;2452448
31.35;32.79;31.215;31.75;3108507
31.75;32.245;31.08;31.13;2417538
30.7;31.87;30.4;31.83;2055235
32.045;32.455;31.55;32.08;1771949
32.27;32.72;31.38;31.865;1928586
32;32.87;31.565;31.66;3028239
31.34;31.87;30.66;30.755;3311932
30.845;31.04;30.26;30.69;2147091
31;31.835;30.815;31.815;2006586
32.025;32.535;31.8;32.34;1839410
33;33.625;32.8;33.625;2238822
33.2;34.495;33.2;33.825;2800436
34.26;35.93;34.05;35.25;3242385
35.2;35.55;34.745;35.22;2627815
35.47;36.375;35.47;36.285;2096789
36.5;36.9;35.58;36.09;1533596
36.4;37.045;35.345;35.695;2753754
35.79;36.74;35.35;36.74;2086568
36.85;37.37;36.205;36.775;2432250
36.5;36.875;34.89;35.42;3578614
34.8;34.85;34.02;34.475;2486506
34.98;35.655;34.855;35.045;2784145
36.11;36.51;33.835;34.07;2496323
33.28;33.5;31.95;32.355;5773802
31.92;32.275;29.955;30.07;5944679
29.95;31.515;29.575;31.12;4843105
31.93;32.475;30.185;30.6;4770278
30.6;30.97;30.115;30.58;3714955
29.84;30.435;29.6;30.13;2864725
31.1;31.7;30.925;31.375;4217613
30.85;32.25;30.495;32.085;3230734
32.245;32.37;31.05;31.635;2210561
32.09;32.53;31.75;32.425;2044906
32.31;32.42;31.235;31.465;2282798
31.74;31.995;31.13;31.21;2198198
31.28;32.42;31.28;31.965;2964289
31.94;32.73;31.68;32.615;2022242
33.15;33.85;33.01;33.645;2229541
33.48;33.95;32.86;32.9;1962089
33;33.63;33;33.3;1607936
33.05;33.2;32.365;32.4;2626483
32.29;32.735;31.64;31.99;2477579
32.6;33.6;32.6;33.21;2671452
32.74;33.97;32.63;33.27;2999231
33.585;33.85;32.64;33.185;2605266
32.75;32.945;31.315;31.56;2201460
30.705;32.445;30.28;32.165;2723227
33.6;33.6;31.825;32.2;3990210
32.72;33.525;32.65;33.49;1980559
33.2;34.27;33.2;34.125;2927435
34.69;35.25;34.525;34.65;2793436
34.2;35.8;34.13;35.585;2888490
35.33;35.75;34.97;35.355;2073499
35.58;35.72;34.285;34.945;2353021
34.7;34.98;34.05;34.3;1710737
34.395;35.2;34.17;35;2213050
35.215;35.57;35.025;35.19;1969755
35.5;35.76;35.29;35.505;1608217
35.65;35.85;35.165;35.755;1495112
35.62;36.14;35.515;35.945;1802328
35.585;36.13;35.3;35.5;2499697
35.5;35.57;34.62;34.62;2902692
34.79;35.07;34.23;34.7;2030915
34.99;35.9;34.925;35.68;2128797
35.9;36.13;35.425;35.635;1383464
35.84;36.14;35.54;35.95;246799
36.265;36.5;35.7;35.94;662570
35.95;36.24;35.825;35.965;841811
35.775;36.16;35.5;35.825;534010
35.93;36.33;35.93;36.2;344231
36.8;38.2;36.75;38.2;3178864
38.13;38.755;37.725;38.31;2444195
38.435;39.35;38.43;39.25;2477952
38.89;39.71;38.665;39.695;2381513
39.98;40;38.825;39.385;2630329
39.95;40.39;39.12;39.21;2122506
39.14;39.25;37.97;38.36;2621189
38.565;39.65;38.36;39.49;2505347
39.9;39.9;39.18;39.565;2107135
39.505;39.77;38.265;38.605;2373627
38.6;39.38;38.3;39.28;1414517
38.745;38.92;37.7;38.4;3058297
37.62;37.715;36.6;36.92;3934003
37.33;37.41;36.05;36.1;2941310
35.95;36.415;35.06;35.7;2602421
35.35;36.44;35.015;35.065;2116314
34.735;35.195;34.2;34.97;3571522
34.45;34.535;33.52;33.855;3877090
34.95;35.345;33.94;33.94;4270262
34.205;34.68;33.63;34.26;2400035
34.2;35.41;33.9;35.315;2203756
35.435;35.47;34.635;35.295;2145952
35.9;36;35.14;35.32;2433339
35.4;35.78;33.59;33.725;2579302
32.7;33.17;32.05;32.145;4696419
32.51;32.99;31.36;32.635;4100843
33.52;33.765;32.915;33.305;3655739
33.34;33.79;32.555;32.775;3729144
32.85;33.5;30.2;31;8262910
31.15;31.59;29.15;29.555;6845505
30.305;30.98;30.06;30.25;3779022
30.67;31.1;30.065;31.08;3248122
31.435;32.11;31.31;31.695;2965094
32.06;32.52;31.055;32.265;4063185
31.81;32.87;31.705;32.29;2562203
32.56;32.71;31.87;31.89;2101579
32.05;32.4;30.4;30.54;4776602
30.66;30.975;29.965;30.9;2980598
30.75;30.75;29.14;29.42;6098875
29.72;30.385;29.51;30.2;3634000
30.65;30.85;29.515;30.265;3021480
30.355;31.21;30.195;31.05;3537010
30.855;31.765;30.57;31.645;2877783
31.6;32.04;31.25;31.635;2978552
31.9;32.915;31.73;32.89;3319606
33.24;33.25;32.75;32.985;2303968
32.945;33.095;32.285;32.685;1919198
32.7;33.125;32.32;33.12;2358906
32.82;33.555;32.78;33.27;1976297
33.545;34.24;33.4;33.9;2904165
33.875;34.24;33.57;33.57;2072448
34;34.515;33.79;34.33;2771476
34.53;34.82;34.02;34.68;2667347
34.3;34.875;34.3;34.44;1654784
34.5;34.78;34.075;34.125;2566485
33.8;34.11;33.33;33.73;2708183
33.75;34.535;33.75;34.105;2067449
34.045;34.385;33.445;33.8;2017961
33.96;35.6;33.92;35.53;3940498
35.75;36.6;35.505;35.545;3354491
35.925;36.44;35.525;35.7;2786407
36.035;36.06;34.65;34.8;2390985
34.9;35.155;34.07;34.7;2692395
35.04;35.5;34.9;35.5;2224640
37;37;36.03;36.87;3603908
36.845;36.95;36.115;36.5;2548710
36.32;36.605;35.59;35.675;2167243
36.08;36.145;35.57;35.765;2087806
35.8;36.05;35.03;35.165;2387869
35.1;35.44;34.9;35.285;2380208
35.57;35.6;34.92;35.1;1726175
35.28;35.34;34.605;35.16;1667925
34.86;35.44;34.3;34.46;2145218
34.32;34.815;34;34.08;1856123
34.98;35.69;34.63;35.625;3334579
35.96;36.29;34.8;35.005;2854859
35.145;35.405;34.26;34.36;2574328
35.005;36.95;35.005;36.715;6494854
37.11;37.74;37.02;37.65;2738369
37.43;37.71;36.2;36.2;2521592
35.5;35.645;34.065;34.61;5545248
34.6;35.675;34.02;35.525;3136264
35.79;36.445;34.935;35.41;2391709
35.405;35.94;34.895;35.585;1022953
35.795;35.895;33.15;33.3;4194822
33.065;33.375;31.66;32.95;5396409
32.505;34.37;32.01;32.4;5433244
31.325;32.015;30.25;30.995;7607791
32.44;33.625;32.245;33.275;4904062
32.97;33.67;32.2;33.38;4623297
32.975;33.92;32.75;33.63;4403477
33.94;34.24;33.29;33.65;2176110
33.44;33.56;31.08;31.355;4316304
31;31.9;30.565;30.915;3012521
31.53;31.58;30.73;30.955;3450114
30.45;30.85;29.36;29.485;5264993
29.63;29.995;27.795;28.535;5086667
28.275;28.94;27.55;28.785;5930049
29.205;29.34;28;28.755;2818512
27.65;27.9;26.56;26.765;5890737
27.5;28.09;27.2;27.495;4701928
27.9;29.27;27.615;29.18;4064264
29.92;29.98;29.065;29.155;2769582
29.25;29.49;28.985;29.385;1043227
29.145;29.215;28.08;28.87;3249530
28.625;29.345;28.4;29.33;2673999
30.4;30.92;30.23;30.355;3177106
30.5;30.815;29.12;29.195;2487620
28.41;29.18;27.91;28.92;3039673
29.15;29.25;27.78;28.48;2512027
28.87;29.345;28.41;29.275;2540263
28.98;30.65;28.74;30.415;2742550
30.845;31.26;29.95;30.62;3148459
31.03;31.655;30.905;31.45;2352452
31.3;32.29;30.94;32.025;2978723
32.52;32.525;31.28;31.87;2631809
31.87;32.405;31.4;32.085;2002139
32.28;33.13;32.2;32.89;3185249
33.65;34.16;33.495;34.06;2672262
33.555;34.1;33.005;33.84;2376095
33.265;34.255;33;33.575;2762209
33.825;34.115;32.245;32.29;3431102
32.3;32.4;30.97;31.355;2979847
31.69;32.37;31.4;32.34;1838618
31.765;31.8;30.3;30.545;2702603
30.915;31.69;30.57;30.785;3143826
30.245;30.49;29.425;29.56;2646460
29.97;30.66;29.745;30.17;2152228
30.425;30.79;29.88;30.025;1013899
30.28;31.705;30.175;31.125;1779489
30.735;32.195;30.625;32.145;2154638
32.975;33.315;32.11;33.08;2931432
33.48;33.6;33.165;33.455;1440618
33.45;34.15;33.395;33.84;1316018
33.67;35.29;33.645;35.275;2835338
35.345;35.8;34.58;35.075;1662505
34.655;35.73;34.14;34.445;2343938
34.665;35.125;33.565;33.92;1951331
33.59;33.93;33.07;33.235;1374119
33.765;33.765;32.195;32.685;1965730
33.275;33.595;32.745;33.15;1978600
32.975;34.455;32.9;34.265;1613455
34.36;35.02;33.96;34.895;1520282
35.02;35.34;34.49;35.34;1368270
35.6;35.8;34.66;34.815;1780241
35.245;35.5;34.15;34.67;2206156
34.505;34.7;33.645;33.645;2602999
33.4;34.57;33.13;34.235;3001578
33.71;34.58;33.695;34.49;1800822
34.32;35.675;34.24;35.67;2910612
35.6;35.645;34.515;34.635;2202619
34.815;35.15;34.32;34.505;1632689
34.76;35.08;33.57;33.715;1676162
34.05;34.595;34.05;34.57;1123863
34.345;34.56;33.88;34.4;1419149
33.96;34.02;33.305;33.375;1732106
33.28;33.75;32.26;32.985;2080827
33.2;33.44;32.49;33.16;1530935
33.38;33.475;32.655;33.125;1047143
33.34;33.9;33.045;33.89;1329224
33.75;34.38;33.36;34.095;1434605
34.3;34.715;33.26;33.385;1595796
33.325;33.385;32.26;32.465;1719183
32.505;33.355;32.265;33;1371871
32.645;32.645;31.97;32.26;1881484
32.06;32.72;31.35;31.885;1935203
32.06;32.565;32.06;32.25;1413310
32.195;32.65;31.585;32.54;1219880
32.795;32.895;31.88;32.105;677868
31.55;32.06;31.2;32.06;1505121
32.37;33.92;31.735;33.8;2305830
33.795;34.55;33.62;34.205;1720670
34.4;34.915;33.965;34.425;1127339
34.64;34.685;34.21;34.345;819645
34.42;34.42;33.9;34;1317740
33.825;34.32;33.35;34.175;1455804
34.08;35.47;34.04;35.25;2249880
35.195;36.15;35.055;35.89;1652972
36.45;36.64;35.855;35.955;1552358
36.005;36.14;35.18;35.75;1460376
36.115;37.14;36.005;36.4;3043203
36.045;36.28;35.62;35.68;2188976
36.005;36.2;35.85;36.105;3287926
36.12;36.8;35.63;36.8;1778087
36.7;37.715;36.65;37.02;2133678
37.155;37.155;36.2;36.265;1737176
36.455;36.94;36.08;36.735;2552317
36.455;37.39;36.325;37.335;2102270
37.45;38.09;37.335;37.52;1415673
37.155;37.505;36.505;36.9;1764595
37.07;37.21;36.06;36.945;1802541
36.595;38.345;36.45;37.745;2350236
37.815;38.4;36.74;36.84;2131516
36.85;36.91;35.45;35.54;2553331
35.48;36.82;35.32;36.82;1815260
36.77;37.31;36.495;36.515;1730495
39.5;40;38.47;39.6;8022864
39.325;39.55;38.39;38.645;3180497
39.085;39.375;38.825;38.88;1251823
38.555;39.35;38.16;39.24;1484963
39.5;39.66;38.975;39.52;1459262
39.48;39.55;38.4;38.575;2820887
38.7;39.5;38.5;39.23;1796089
39.135;39.3;38.73;39.17;876080
39.3;41.05;39.05;40.155;3080641
39.95;41.65;39.73;41.02;2257101
41.01;41.9;40.815;41.7;1898335
41.8;42.93;41.575;42.71;2526315
42.81;43.805;42.77;43.19;1700211
43.07;43.395;41.72;41.91;2148185
41.785;42.13;40.45;40.62;2325989
39.605;40.015;38.81;39.57;3513790
39.66;40.2;39;39.925;1536404
40.495;40.5;39.15;39.665;1188696
39.505;39.68;38.63;39.01;1988012
39.01;39.75;38.645;38.885;1943233
39.515;39.78;39.125;39.78;1864391
40.4;41.1;40.15;40.5;2452439
40.785;41.48;40.41;41.35;1670107
41.35;43.265;41.23;43.125;2195971
42.945;42.945;41.75;42.09;2000335
41.925;42.285;41.355;42.02;1311281
41.35;41.91;40.69;41.465;1570594
40.98;42.555;40.92;42.12;1018682
41.93;42.035;40.75;40.925;1787175
40.94;41.47;40.875;41.36;1125499
41.87;43.08;41.8;42.9;1485771
43.11;43.265;42.565;43.155;1075802
43.3;44.895;43.3;43.795;1875661
43.56;44.045;42.56;42.56;1788133
42.52;43.305;41.635;43.235;1330610
43.255;44.07;43;43.915;817331
43.515;44;42.575;42.995;1288162
43.065;43.615;41.245;41.245;1810724
41.06;41.735;40.24;40.38;1971399
40.81;42.45;40.8;42.45;1570249
42.34;44.275;42.295;44.105;1861056
44.12;44.415;43.225;43.835;1458489
43.75;44.86;43.75;44.575;1697429
44.865;45.97;44.36;45.6;1654612
45.365;45.775;44.94;44.995;1265704
45.47;45.7;43.595;43.655;1836990
43.73;44.85;43.555;44.02;1091530
44.47;45.44;44.32;45;1638598
44.99;45.095;44.205;44.48;869042
44.155;44.365;43.34;43.66;1385156
43.735;44.23;43.105;43.9;896673
43.81;44.25;43.11;43.11;1468706
43.12;43.85;42.76;43.25;872768
43.29;44.355;43.29;44.355;912243
44.19;45.2;44.14;44.95;1104082
45;45.215;44.35;44.765;608062
44.42;44.89;43.575;43.725;341117
44;44.095;42.8;43.44;863045
43.295;43.8;42.94;43.15;698990
43.32;43.8;43.305;43.375;394705
43.32;43.78;43.04;43.44;437906
43.245;43.6;43.055;43.5;186041
44.005;44.625;43.83;44.08;870506
44;45.26;43.9;44.94;1988995
44.74;45.535;44.425;45.45;1885331
45.545;47.33;45.45;46.82;2173071
46.955;47.8;46.82;47.25;1724435
47.19;47.98;46.91;47.5;1536314
47.255;49.88;47.15;49.34;2734725
49.755;50;48.5;48.5;2228251
48.65;48.9;47.94;48.25;1555058
48;48.965;48;48.715;1394861
48.78;49.19;48.45;48.7;826288
48.885;49.43;48.195;48.435;1127080
48.665;48.875;48.07;48.24;1479213
48.945;49.14;45.89;46.87;4161082
47.075;47.95;46.505;47.05;1804085
47.405;47.6;46.35;47.32;1568585
47.6;49.49;47.55;47.87;2518477
49.5;49.99;49.095;49.445;3015885
49.55;50.53;48.85;49.425;2518597
48.88;49.75;47.75;47.785;2994157
48.05;48.29;45.95;47.785;2556861
48.5;48.75;46.76;47.365;3683583
47.9;48.09;45.55;46;3446280
45.8;47.25;45.06;47.16;2753002
47.25;47.62;47.06;47.47;1818647
47.8;48.35;47.505;47.96;1765649
48.295;49.39;48.12;49.39;2409807
49.795;49.955;48.235;48.575;1986459
47;47.48;46.14;47.25;4379243
46.695;46.895;45.525;46.6;2889570
47.2;47.2;45.82;45.95;1983225
45.9;46.2;45.33;45.665;1645084
45.995;46.215;45.33;45.82;1979956
46.13;46.205;45.025;45.37;1564749
45.52;45.665;44.765;44.99;1407781
45.4;46.35;44.53;44.89;2133620
44.545;45.19;43.92;44.885;1628348
44.73;44.87;43.195;43.255;2271276
42.61;42.925;41.62;42.1;3270205
42.52;43.165;42.235;42.95;1981320
43.225;44.485;43.1;44.415;3001327
45;45.3;43.12;43.425;2642056
42.995;43.09;42.05;42.75;2482597
43.085;43.52;42.4;42.965;1748216
43.165;43.59;41.95;42.165;2219674
41.95;42.62;41.44;41.565;2636183
41.935;42.405;41.4;42.25;2051268
42.385;43.275;42.28;42.78;2141416
42.48;42.815;41.35;41.48;2139944
41.08;41.665;40.645;40.75;2114273
39.5;39.69;38.165;38.175;5921472
37.155;37.785;35.705;37.55;6153344
38.09;38.6;36.005;36.005;4561003
36.205;37.69;36.2;37.57;3272545
38.25;38.55;37.7;38.14;2906743
39;39.14;38.02;38.76;2614015
38.88;38.905;37.58;37.735;2507609
37.47;38.4;37.11;37.8;1792112
37.175;38.86;36.895;38.41;3343498
38.76;38.765;37.615;37.88;1911737
37.84;37.9;37.155;37.48;2037914
37.725;38.45;37.185;38.395;2400899
39.005;39.255;38.055;38.73;2934198
39.81;39.85;38.79;39.01;2736275
39.55;40.115;38.935;39.945;2365071
39.99;40.115;39.52;39.76;1353455
39.7;39.99;39.365;39.59;1196279
39.75;39.895;39.27;39.68;1477225
39.67;39.97;39.44;39.51;1592736
39.775;40;39.58;39.865;1786088
39.505;39.575;38.655;38.985;3343751
38.61;38.7;37.44;37.75;2506418
38;38.415;37.76;37.87;1636799
37.8;38.25;37.46;38.145;1687020
38.31;38.31;37.16;37.215;1814992
37.22;37.52;36.005;36.29;2249364
36.63;36.87;36.295;36.32;1855471
36.61;38.215;36.61;37.89;4117551
38.38;38.63;37.545;38.395;1895522
38.335;39.545;38.25;39.44;2042442
40.605;41.36;40.375;40.92;3927380
41.23;41.265;40.44;40.675;1530429
40.775;41.14;40.12;41.14;1238801
41.38;41.79;41.17;41.185;1080111
41.08;41.08;40.22;40.985;1715370
40.83;41.605;40.52;40.8;1802398
40.87;41.18;38.92;39.665;2689857
39.685;40.83;39.32;40.635;2034264
40.65;40.95;39.73;40.295;1264472
40.965;41.375;40.15;40.84;1446073
40.8;41.18;40.105;40.49;1410795
40.155;40.38;39.645;39.985;1436451
40.44;41.285;40.395;40.78;2273457
40.345;40.38;39.34;40.06;2200175
39.855;40.08;39.17;39.32;1682477
39.53;39.88;39.16;39.615;1373918
39.62;40.215;39.29;39.8;1744558
39.905;40.24;39.165;39.475;1796832
39.05;39.18;38.25;38.26;1551059
38.235;38.93;37.925;38.69;1657815
38.43;39.56;38.31;39.21;1973093
39.395;39.675;38.43;38.715;1330850
39;39.465;38.68;39.065;1346178
39;39.325;38.63;38.79;415238
39.135;39.65;39.135;39.42;1748781
39.51;39.62;38.835;39.09;1375299
38.61;38.62;37.9;37.9;1627038
38.04;38.41;37.62;38.165;1309829
38.29;38.335;37.475;37.73;1126218
37.715;38.18;37.52;37.55;1143665
37.36;37.445;36.525;36.725;2273072
36.7;37.48;36.6;37.205;1519447
37.175;37.245;36.24;36.4;1934609
36.155;36.575;35.37;35.815;2255165
36.155;36.855;36.115;36.695;1933186
36.655;37.19;36.415;36.7;1713945
36.555;36.87;36.15;36.855;2092392
36.85;37.21;36.035;37.02;2137313
36.25;37.165;36.02;36.995;1148940
37.21;38.095;36.97;38.075;1974601
38.15;39.56;38.02;39.17;3097915
39.15;39.395;38.315;38.685;2193091
39.53;40;38.94;39.165;2413433
39.21;39.97;39.1;39.54;1366310
39.55;40.17;39.03;40.03;2046067
40.3;41.095;40.14;40.605;1969226
40.69;40.97;40.015;40.885;1793278
40.795;41.3;40.25;40.79;1888999
40.89;41.5;40.565;41.355;1133092
41.31;41.585;41.07;41.13;1060538
41.13;41.2;40.515;40.7;1879495
40.895;41.06;40.405;40.48;1853677
40.54;40.62;39.065;39.2;2281616
38.4;38.8;37.535;37.815;2295104
37.18;38.21;36.22;37.99;2607024
37.815;38.65;37.365;37.95;2190020
37.74;38;37.09;37.09;1655243
37.045;37.79;36.8;36.995;1646427
36.905;37.115;35.99;36.005;2042306
36.235;36.93;36.07;36.83;1574677
37.115;37.24;36.43;36.925;1385667
37.095;37.64;36.25;37.32;2056359
37.945;38.125;37.555;38.05;1391000
37.705;38.47;37.645;38.025;1450364
38.095;38.31;36.81;36.97;1548469
36.1;36.4;35.4;35.8;3008162
36.1;37.63;36.04;37.415;3244832
36.94;37.7;36.325;37.265;1933686
37.935;38.225;36.735;37.085;2428736
36.82;37.22;35.125;35.365;2406384
34.73;35.4;33.82;34.235;2611073
34.97;34.97;31.765;31.96;3417525
30.105;33.345;29.855;31.3;3771788
30.635;31.54;28.22;28.4;4538889
28.435;29.45;26.64;28.94;3958790
29.91;30.27;27;27.26;3473983
28.075;29.03;26.195;28.88;3575880
28.995;29.475;27.85;29.225;3204148
29.645;30.11;28.855;29.72;1373380
29.285;29.44;28.165;29.135;2308170
28.75;29.38;28.17;28.985;1939909