47.22;48.92;47.02;48.25;1163036
47.9;48.72;46.62;47.35;1239792
47;47.32;46.08;46.78;1275800
47.5;47.5;45.38;46.58;735768
45;47.25;45;45.9;933268
45.38;46.85;45.38;46.75;502636
45.9;46.5;43.75;43.75;1041704
42.75;45.9;42.75;44.78;1083796
44.52;47.5;44.52;46.18;1242936
45.52;46.48;44.4;45.52;1127264
44.92;45.5;43.55;43.75;814920
43.38;43.92;42;42;1639272
41.55;42.62;41.25;42.5;1229784
42.75;43.1;42;42.75;1368400
41.78;42.65;41.05;41.3;985444
40.95;42.48;40.62;40.75;1065928
39.95;41.12;39.02;39.25;1496892
38.78;40.15;38.12;38.7;1148452
39.25;40.35;39.05;40;907844
40.5;40.72;37.2;37.5;2233584
37.75;38;35.82;36.25;2287544
36.75;37.62;36.5;36.8;2093684
37.5;38.82;37.08;37.08;2043500
38;38.38;37.58;38.2;1302740
38.5;38.5;37.55;37.95;716976
38.25;38.4;37.28;37.45;1102500
37.72;37.98;36.75;36.92;1335660
37;37.08;34.28;35;3841128
35.78;37.68;35.18;37.5;2976904
38.7;39;37.12;37.75;1605476
37.75;37.95;36.52;37.65;532680
37.28;37.75;35.05;35.62;1512804
36.22;37.35;35.4;35.75;1175256
35.5;36.82;35.45;35.75;1259788
35.5;35.52;32.4;33.88;3533132
34.1;34.25;32.68;33.05;899936
33.58;34.5;32.98;34.5;2268220
35;36.25;33.75;33.75;1875380
34.92;35.38;34.52;34.97;1190336
35.72;35.72;34.52;35;789928
34.95;35.65;34.38;34.62;1114080
34.38;36.38;34.38;36.12;1772232
36.45;36.5;34.28;36.22;1629964
35.25;36.22;34.82;36.22;1489728
34.58;35.22;34.5;34.9;974028
34.4;34.95;32.55;33.25;1681688
32.9;33.48;32.75;32.75;1358208
32.5;32.7;30.88;31.35;2324948
31.25;31.68;30.5;31.25;1892868
31.12;31.38;30.52;30.72;1087220
30.35;30.72;29.12;30.25;1746680
30.12;32.82;30;32.72;2570840
32;34.15;31.98;33.5;1455008
33.88;35.65;33.75;35.47;2002468
35.25;35.65;32.78;33.5;3994072
33.05;33.68;33.05;33.5;1800552
33.12;34.18;33.12;33.53;1237052
33.75;34.3;33.12;33.75;1702680
33;33.68;32.38;33.5;1491804
34.5;34.5;32.1;32.78;1752692
32.82;33.72;32.82;33.42;687556
33.72;34.72;33.58;34.12;1479536
34.58;34.62;33.15;33.15;2807156
32.9;33.75;32.62;33.65;2100388
34;34.05;33.3;33.38;1556272
33.88;36.02;33.4;35.88;2137064
36.5;37.75;36.12;37.12;3011956
37.12;37.12;34.78;36.25;1548932
37.12;37.12;35.12;35.47;1439164
36.2;36.2;34.72;35.03;1162696
35.95;35.95;35.12;35.2;760608
35.5;35.72;33.75;34.25;1254916
35;35.2;34.05;34.75;1436572
34.72;36.48;34.52;35.75;1767080
36.62;37.82;35.72;35.72;2238992
34.72;37.08;34.12;36.68;1123840
36.8;37.25;35.8;36.5;785316
36.52;37.35;36.28;36.28;1024616
36.25;37.18;36.2;36.25;811192
37.25;38.62;36.78;38.53;1189612
38.65;39.25;37.48;37.5;2308236
37.5;37.88;36.98;37.25;1208376
38;38.25;37.3;37.53;662796
38.25;38.38;37.15;37.32;568368
37.85;38.75;37.65;38.03;660364
39.35;40.85;39.05;40.08;4265400
40;40.88;39.48;40.75;1260352
40.75;41.2;39.82;41;804220
41;41.22;40.18;40.85;1127188
40.72;41.18;38.88;39.28;1158844
38.98;41.25;38.88;40.98;1141288
40.32;41.62;40.32;41.02;641996
41;41.5;40.25;41.02;737048
41.72;42.2;40.78;41.62;1016596
41.3;41.88;40.85;41.42;634636
41.25;41.75;41.05;41.18;379964
41.08;41.08;39.6;40.03;975348
40.05;41.32;39.15;40.65;1013876
40.65;41.42;40.32;40.5;816420
40.08;40.48;38.7;38.7;1651468
39.25;39.6;37.28;37.9;1257064
37.8;38.35;37.08;37.4;946224
38.22;38.22;36.55;36.82;624808
37.22;37.7;36.05;36.42;1529632
36.42;37.38;36.12;37.38;1268960
37.45;38.38;37.45;37.88;501204
38;38.98;37.82;38.25;946868
38.05;38.45;37.65;37.82;570760
38.18;38.9;38.02;38.7;712852
38.62;38.75;37.92;38.5;508628
38.75;39.08;37.55;37.85;824420
38.58;38.58;37.05;37.35;893204
37.5;38.2;36.88;36.88;1669248
37;37.85;36.4;37.6;1131216
37.5;37.88;36.28;36.7;1026664
37.32;37.32;36;36.25;1084044
36.25;36.7;35.45;35.5;1072372
35.52;35.92;34.5;34.92;2015744
34.78;35.25;34.25;34.25;1129752
34.88;35;33.82;34.22;968008
34.08;34.98;34.05;34.72;1097204
35;35.92;34.82;35.5;855528
36.1;36.32;35.5;35.8;725876
36;36.22;35.52;35.62;991236
35.62;35.62;34.9;35;5072420
35.05;35.42;34.88;35.4;760272
35.72;35.92;35.12;35.5;882184
35.88;36.75;35.75;36.4;782324
36.72;36.98;35.78;35.97;2122848
36.22;36.68;35.65;35.65;669756
36.35;37.2;36;36.53;1007292
36.5;37.22;36.28;36.42;557376
37.18;37.5;36.42;37.12;962768
37.15;39.5;37.15;38.75;1980912
39.08;39.62;38.78;39.5;819840
39.75;39.75;37.65;37.65;1302924
37.68;38.12;37.05;37.18;813056
37.5;38.1;37.08;38.05;556756
38.05;39.18;38.05;39.12;766804
39.32;39.52;38.9;39.05;711748
39.12;39.6;38.25;38.72;1002996
39.4;39.65;38.75;39;690716
39.25;39.85;38.9;38.9;700496
39.62;39.62;38.28;38.6;918632
39.25;39.25;37.68;38.5;2010932
39;40.18;38.15;39.62;2219644
39.62;41.08;39.5;40.53;1181612
40.52;41;39.88;40.18;733256
40.38;40.38;38.92;39.75;861900
40;40.68;39.4;40.18;629520
40.48;40.78;39.95;40.25;443084
40.65;40.75;39.95;39.95;619032
40.7;40.88;39.98;40.75;868736
40.88;40.98;40.38;40.58;385028
40.88;40.88;40.12;40.12;501576
40.02;40.75;39.9;40.45;571088
40.85;40.85;40.12;40.47;170516
40.85;40.9;40.5;40.62;440528
40.62;41.12;40.5;40.92;551068
40.92;40.92;40.62;40.62;378504
40.25;40.88;40.25;40.6;239052
40.75;40.92;39.68;39.75;1601560
39.75;39.98;38.92;39.08;825256
39.05;39.3;38.48;38.53;811016
38.75;39.4;38.72;39.25;399868
39.25;39.28;38.38;38.47;964852
38.62;38.75;37.2;37.75;1748480
37.62;38.18;37.5;37.95;1683704
37.55;38.7;37.45;37.45;686124
37.75;38.5;37.68;38.03;935904
38.72;39.72;38.52;39.45;1353268
40;40;39.35;39.62;720496
39.75;40;39.25;39.25;587192
39.08;39.5;38.45;39.03;709576
38.72;39.45;38.5;39.12;538220
39.72;39.72;38.8;39;300968
39;39.8;39;39.35;401548
39.5;40.18;38.65;39;562360
39.55;39.55;37.35;37.75;1381560
37.82;38.2;37.65;37.65;629552
37.62;37.65;36.55;36.88;997180
36.75;36.85;36;36.25;984320
36.02;36.2;35.08;35.32;983424
35.58;35.58;33.8;34.5;1556000
34;35.88;33.32;35.25;1950448
35;35.98;34.75;35.9;865888
35.9;35.9;35.18;35.5;745568
35.55;35.9;35.25;35.62;628964
35.62;36.05;35.48;35.62;510844
35.75;36.22;35.52;35.62;1001188
34.88;36.22;34.88;36.15;822516
35.75;36.45;35.55;36;307748
35.88;36.22;34.75;35.12;1078316
35.12;35.98;35.12;35.75;353348
36;37.5;35.75;37.15;844212
36.6;37.38;36.5;36.97;543972
37.25;37.25;36.5;36.9;1116048
36.65;37.18;35.92;36.25;491096
36.25;36.82;35.05;36.18;819624
35.25;35.65;35;35.5;724588
35.92;35.92;35.12;35.58;643172
35.75;36.85;35.12;36;737952
35.62;36.25;35;35.7;656620
35.28;36.1;35.28;35.62;453156
36.08;36.1;33.5;34.88;1527604
35.45;35.8;34.65;35.68;577080
36;36.22;35;35.75;804144
36.05;36.55;35.62;36.55;486268
36.25;37.38;36.25;37;513784
37.45;37.58;36.75;37;1100712
37;37.6;36.62;36.82;290612
37.55;39.4;37.35;38.97;1927372
38.7;39.52;38.65;39.18;362120
39.2;39.45;38.28;38.95;803104
39.25;39.25;38.3;38.53;674500
39.05;39.2;38.45;39;622824
39.25;39.58;39;39.58;508880
39.65;39.75;38.5;38.82;719268
38.75;38.82;37.62;37.62;571692
38.05;38.6;37.78;38.28;833436
38.5;38.7;37.5;37.88;1016164
37.95;39;37.92;38.65;567748
38.98;38.98;38.08;38.5;605648
38.5;39.1;37.9;38.5;605660
38.5;38.88;38.08;38.08;424636
38.25;38.68;38;38.2;579400
38.45;39.1;38.38;38.7;670156
38.5;38.5;37.62;37.85;853628
37.62;38.58;37.62;38;383052
38.22;38.98;37.75;38.75;705940
38.62;39.5;38.62;38.8;501548
39;39.25;38.68;38.88;7215324
38.5;39.12;38.5;38.9;663920
39;39.95;38.68;39.62;1477140
39.5;40.52;39.42;39.65;1277220
39.88;39.88;38.68;39.35;637344
39.25;40.25;39.25;40;1653776
40.38;41.2;40.05;41.05;2114848
40.88;41.58;40.55;41.25;2336004
41.25;42.25;41;41;1153428
40.6;42.35;40.6;41.68;1371312
41.28;42.12;40;40.25;1076004
40.75;41.18;39.98;41.1;926060
41;41.6;40.05;41.6;1334240
41.5;41.5;40.12;40.2;952252
40.18;41.05;40.1;40.6;4096696
40.5;41.52;40.42;41.25;880912
41.12;42;40.55;40.82;1855044
40.62;40.88;39.6;40.82;940944
41.18;42.25;40.62;42.2;1063172
42.12;42.62;41.88;42.62;723404
42.45;42.62;42.32;42.48;489812
42.38;42.45;41.8;41.82;308092
41.3;42.38;40.75;41.15;495428
41.5;42;40.28;40.28;820184
40.92;42.88;40.72;41.78;1772280
41.78;44.05;41.78;43.25;3076156
43.25;43.9;42.8;43.12;2605832
43.25;43.58;41.18;41.18;2086392
41.62;42.45;40.9;41.25;1365364
41.28;41.95;39.62;40;1927560
40.28;40.42;39.28;39.92;1821128
39.78;40;39.3;39.85;786340
39.85;40.85;39.42;40.53;1477768
41;42.1;40.32;40.32;1450864
40.9;41.18;40.5;40.8;984764
41.25;42.12;41.15;42.12;1278672
41.92;42.35;41.58;42.12;1412996
41.3;42.25;41.3;42;746156
42.22;42.25;41.58;41.98;808900
41.5;43.62;41.5;43.62;1852068
42.45;43;41.38;42;2064356
42.25;42.75;41.78;42.5;2295808
42.58;42.75;42.02;42.5;848264
42.65;43.85;42.4;43.65;1568356
43.75;44.38;42.75;44.25;1942208
44.28;44.28;43.35;43.72;804712
42.98;43.58;42.65;42.65;1124384
42.75;43.98;42.75;43.78;816248
43.3;43.95;43;43.92;801712
43.32;43.75;43.32;43.5;891216
43.25;43.62;42.9;43.45;1050496
43.12;43.38;42.8;43.22;535820
42.92;43.18;42.38;42.5;1250776
42.25;42.75;42.08;42.35;442484
42.02;42.55;42.02;42.55;555624
42.02;43.18;41.9;42.88;1212252
42.75;43.22;42.38;42.88;308164
42.55;42.82;42.28;42.52;679944
42.38;42.88;41.8;42.65;691968
41.88;43.1;41.88;42;694424
42;42.75;41.38;42.1;817660
42.22;42.58;41.1;41.22;786852
41.28;42.45;40.98;42.45;880864
42.25;43.05;41.4;41.5;903484
42.2;43.3;41.48;43.02;1632232
42.62;43.5;42.4;43.05;961240
43.05;43.75;42.78;43.72;781452
43.6;44.25;43.5;43.62;896420
43.62;44.98;43.3;44.8;1527920
44.75;45;43.78;44.12;993384
43.7;44.48;43.7;44.22;794084
44.45;44.95;44;44.65;944660
43.98;44.45;41.52;41.52;2349456
41.55;42.08;38.78;40;2292648
40.25;40.62;39.25;40.25;1222796
40.72;40.88;39.8;40.88;675736
40.68;41.5;39.52;39.53;591712
40.7;40.7;39.45;39.45;1167236
39.25;39.98;39.1;39.5;1510496
39.32;39.75;36.12;36.12;2177960
36.78;38.25;35.75;38;1417520
38;39.1;37.78;38.82;845012
38.75;38.88;37.52;38.68;1208776
38.72;40;37.78;40;853644
38.75;40.18;38.12;40.18;1322040
40;41.02;39.55;40.88;1345372
40.05;40.75;38.85;40;1134988
39.85;39.85;36.88;36.88;1390412
36.4;39.82;36.4;39.75;1714172
39.75;40.48;38.8;38.88;1212924
39.02;39.45;37.55;37.6;1318068
37.62;38.38;37.62;37.97;736116
38.2;40.18;38.02;39.88;839812
39.75;40;38.4;39.8;1190876
39.75;40.2;39.3;39.88;539004
39.12;40.18;38.92;40;544932
40.32;41.42;39.8;41.12;843328
40.8;42.02;40.62;41.28;2481736
41.28;42.1;40.68;41.48;680136
41.1;42.18;40.72;41.82;718344
41.28;42;41.28;41.5;896248
41.88;41.88;40.78;40.78;1529288
40.88;41.62;40.32;41.5;2407320
41.52;42.92;41.52;42.4;2612160
42.52;42.75;42.28;42.5;971228
42.98;43;42.05;42.3;1200948
42.88;43.2;42.5;42.6;2193500
42.5;43.4;42.5;43.12;1293648
43.25;43.6;43;43.2;832432
42.82;43.5;42.82;43.32;571808
43.38;43.38;42.4;42.95;1017112
42.75;43.42;42.7;43.25;1027948
43.25;43.28;42.7;43;1141376
42.52;43.2;42.52;43.1;699740
42.75;43.48;42.75;43.28;3028016
43.22;43.62;42.7;43.5;1713880
43.8;44.58;43.8;44.12;2234564
44.12;44.95;44.05;44.75;2123484
44.5;44.98;44.28;44.78;923932
44.78;44.88;44.05;44.28;1425572
43.8;43.88;42.72;43.05;1670340
43.25;43.35;42.88;43.1;376940
43.45;43.45;42.32;42.65;2648204
42.5;43.68;42.38;43.68;674920
43.2;43.45;42.58;42.68;668280
42.5;42.5;40.8;41.88;2317360
41.88;43.98;41.58;43.98;1740400
43.38;43.48;42.45;42.55;1473184
42.5;43.22;42.38;42.6;516012
42.78;43.22;42.55;42.92;385516
42.92;43.3;42.38;42.38;768812
42.88;43;42.5;42.5;458820
42.4;42.95;42.15;42.52;1639552
42.98;42.98;41.7;41.82;1071528
42.58;42.58;41.15;41.45;933748
41.7;41.7;40.72;40.92;1030212
40.75;41.18;40.45;40.92;4546228
40.65;41.2;40.3;40.6;889024
40.88;41.95;40.72;41.8;1027916
41.8;41.88;40.42;40.75;976384
41.25;41.38;40.45;40.45;609176
40.75;41.25;40.55;41.25;834448
41.88;41.88;41.3;41.62;610296
41.58;41.95;39.85;39.88;2420752
40.02;40.38;38.9;39.88;2188412
40.25;41.45;39.25;39.75;3977588
40.8;40.8;39.82;40.12;1920532
39.25;41.62;38.92;41;1577012
41.45;42.15;40.9;41.18;1006236
41.2;41.72;41.15;41.38;547644
41.1;41.98;41.1;41.72;1033680
41.72;42.25;41.08;41.98;1131024
41.98;42.1;41.08;41.6;1743232
42.1;42.25;41.5;41.5;3284288
41.15;42.45;41.1;41.95;1114944
42.25;42.25;41.3;41.75;2661212
42.25;42.38;41.18;42.15;813756
42;42.65;41.92;42.32;872940
42.38;42.4;41.4;41.48;1058960
41.7;42.32;40.88;42.1;1442028
42.1;42.22;40.88;41;1673424
40.95;41.05;40.38;40.92;714076
40.75;41.52;40.45;41;719468
40.6;40.92;40.35;40.47;746880
40;40;38.25;38.35;1901236
39;39.6;38.25;38.85;2452024
39.48;41;39.48;41;1296724
41.25;41.92;40.9;41.5;892308
41.85;42.35;40.65;42.12;772048
42.15;42.35;41.62;42.35;1409828
42.25;43.65;42;42.92;1430028
42.8;44;42.8;43.92;2554672
43.48;43.88;43.05;43.5;1742968
43.5;43.68;42.5;43.02;1121280
42.62;43.4;42.55;43.4;426120
42.55;43.32;42.4;42.42;1225612
42.75;43.52;42.48;42.98;1148724
43.25;43.52;42.85;43.5;732876
43.58;43.75;43.2;43.2;380384
42.88;43.62;42.88;43;229280
42.88;43.58;42.88;43.2;515496
43.3;43.62;42.52;42.75;920176
42.75;43.12;42.42;42.42;467548
42.3;43.38;42.3;43.02;594600
42.82;43.6;42.62;42.88;688500
42.88;43;41.8;42.5;1090872
42.5;43.52;42.02;43.38;764508
43.52;43.72;43.2;43.32;340812
43.3;43.62;42.88;43;1415112
42.75;43.22;42.62;43;8696276
42.8;43;42.15;42.2;1707916
42.1;42.62;41.95;42.25;1231720
42.6;42.6;41.8;41.95;781484
42.88;43;41.15;41.22;2980872
41.25;42.1;40.95;41.5;1153336
41.65;42.32;41.25;41.25;1695024
42.1;42.1;39.35;39.88;1939348
39.82;40.12;38.75;38.88;2190720
39.02;39.65;35.75;35.75;2112632
33.3;37.78;33.3;36.95;1960220
36.55;37.2;36.25;36.95;777544
36.65;37.88;35;35.08;1706456
34.55;36.15;34.02;36.05;1397572
36.38;36.38;34.62;35.88;1333852
35.25;36.98;35.25;36.32;1153640
36.25;36.62;33.95;34;3157144
33.75;35.42;32.05;34;5337940
34.2;35.92;34.05;35.72;2237860
36;37.6;35;37.15;1730516
36.5;38.72;36.28;38.03;2624552
37.55;39.03;37.38;39.03;1757196
39.1;39.45;37.25;37.75;2118636
36.8;38;36.8;37.5;1262324
37.5;38.42;37;37.92;1377632
38.25;38.25;37.25;38.15;1172024
38.5;38.88;37.95;38.58;2152616
37.78;38.75;37.78;38.4;1238976
37.75;38.75;37.28;38.75;674056
38.75;38.75;38.28;38.42;724584
38.68;39;38.12;39;1431604
39.12;40.85;38.95;40;2127940
40.72;41;40;40.4;1357016
40.02;40.4;39.52;39.53;757276
39.52;41.08;39.52;41;1009984
40.82;41.75;40.75;40.9;875456
40.45;40.85;39.58;39.82;1135944
39.5;40.45;39.5;39.88;782860
40.35;40.48;39.4;40.2;714880
40.25;41.35;39.9;41.25;1121516
40.82;42.1;40.82;41.75;1091272
41.75;42.22;40.65;40.9;1210568
41.02;41.62;40.25;41.38;1234700
40.9;41.25;40.55;40.68;860792
40.2;40.2;39;39.32;1785200
37.5;38.88;37.1;38.62;4810216
38.62;39.3;37.9;38.5;1160940
38.25;38.75;37.8;38.7;867120
38.75;39.72;38.42;39.72;1017328
39.72;40;38.55;39.95;1518256
39.85;39.92;39.08;39.85;956096
39.68;40.9;39.52;40.75;1537484
40.25;41.7;39.8;40.12;2047452
39.98;40;39.25;39.53;1352160
39.65;40.32;39.65;40.25;1064216
40.4;41.22;40;40.92;1134012
41.25;41.65;41;41.25;817376
41.25;41.9;40.88;41.58;806168
41.48;42.25;41.3;42.05;786200
42.3;42.38;41.45;41.98;747240
41.52;42.25;41.42;41.52;962576
41.25;42.12;41.25;42;715844
42.15;42.15;41.55;42;1041776
41.8;42.75;41.8;41.88;1048172
42.12;42.75;41.78;41.82;1569208
41.38;41.72;40.2;40.88;1101304
40.38;41.5;40.38;40.58;1173824
40.52;41.22;40.3;40.72;804892
40.42;41.12;40.18;40.65;617448
40.92;41.95;40.3;41.95;1048496
41.95;42.5;41.55;42.12;1452720
42.12;42.75;41.08;41.7;1298772
41.5;42.38;41.5;42.18;1418056
42;42.38;41.55;42.22;985316
41.8;42.22;41.62;42.22;1762888
41.8;42.4;41.65;41.8;979436
42;42.22;41.12;41.12;1786916
41;41.62;40.82;40.88;912872
40.82;41.75;40.25;41.72;1286688
41.75;41.8;40.85;41.42;1143204
41;41.58;40.58;41.25;900284
40.9;41.7;40.82;41.02;860840
40.75;42.18;40.75;41.8;1151540
41.5;42;41.25;42;115436
41.7;42.48;41.62;42.38;906188
42.48;42.72;41.88;42.38;790336
42.02;42.8;41.5;41.72;471416
41.88;43.62;41.68;42.88;1445848
42.88;43.62;42.38;43.58;1291052
43.2;43.75;42.88;43.75;1109140
43.25;43.75;42.78;43.68;1469900
43.28;44.12;42.92;44.12;2216104
43.75;43.98;42.8;43.55;1791512
43.25;43.6;42.92;43.38;926484
43;43.6;42.02;42.28;1334436
42.25;43.25;42.08;43.25;1548976
42.68;42.92;41.52;41.72;1108420
41.88;43.08;41.42;42.68;1391008
42.38;42.98;42;42;985504
41.65;41.98;41.1;41.6;1258508
41.75;41.85;41.2;41.48;2047276
41.28;41.5;40.88;41.48;1890072
41.5;41.75;41.08;41.2;1416340
41.38;41.68;41.12;41.4;1444188
41.35;42.65;41.35;42.42;1687416
41.9;42.75;40.62;41;5787904
40.88;41.75;40.55;40.75;2887828
41.2;41.82;41.1;41.38;1349572
42.02;42.42;41.38;42.12;1644652
42;42.1;40.58;40.62;1872976
40.5;41.28;40.25;40.75;1962868
40.75;41.9;40.52;41.5;1620776
41.15;42.42;41.15;42.22;1828856
41;41.45;40.75;40.92;5111440
41.1;41.12;40.8;41.12;2776924
41.05;41.48;41.05;41.08;1981328
41.3;41.38;40.88;41.32;1328304
41.3;42.22;41.18;41.78;1646988
41.72;42.5;41.58;42;1674660
41.8;42.18;41.8;41.9;546580
41.52;42.3;41.5;42;2187568
42;42.2;41.52;42.02;1161704
42.4;43.35;42.08;43;2241492
42.55;43.35;42.5;42.62;1768664
42.62;43.75;42.55;43.5;1985736
43.75;44.82;43.45;44.15;7900416
44.12;44.95;44.12;44.85;2380840
44.75;45.12;44.58;44.88;2147440
44.75;44.75;43.4;44;4289072
44;45.35;44;45;1869164
45;45.85;44.52;45.48;2253736
45.25;45.88;45.12;45.75;1585156
45.75;46.75;45.58;46.3;2447484
45.9;46.52;45.9;46.5;2073976
46.12;46.45;45.48;45.68;1750492
45.4;45.95;45.12;45.9;1768044
45.8;46.32;45.58;45.88;2358624
46;46.52;45.85;46.2;1155300
45.8;46.45;45.75;46;1457472
46;46.5;45.92;46.3;1100784
46.4;47.05;46.25;46.98;1418892
46.7;47.28;46.7;47.02;1881756
47.12;47.18;46.65;46.95;1224968
46.8;47.42;46.8;47.25;1940560
47.18;47.45;46.88;46.88;1761020
46.88;46.92;46.4;46.85;2072172
46.98;46.98;46.5;46.72;1660596
46.75;47.15;46.5;46.78;2182792
46.6;47.02;46.35;46.4;1246988
46.4;46.68;46.05;46.4;1650512
46.25;46.38;45.9;46.18;1869084
46.02;46.2;45.62;45.98;1704376
45.85;46.22;45.38;45.55;1329224
45.52;45.68;44.9;45.12;1341996
45;45.62;44.85;45.28;1521548
45.05;45.6;45.05;45.15;1120572
45.4;45.65;45.05;45.4;1011888
45.08;46.5;45.08;46.25;1757224
46.15;47.2;46.15;46.82;2460508
47.15;47.8;46.75;47.72;2256048
47.62;48.5;47.62;48;2016448
47.72;48.48;47.7;47.85;1145548
48.22;48.68;47.92;48.68;1741208
48.5;48.7;47.75;48.15;1944256
47.82;48.58;47.8;48.35;863740
48.5;48.58;47.18;47.7;1695160
47.02;47.85;46.95;47.2;2114632
47;47.72;46.82;47.28;1561668
47.2;47.62;46.8;47.5;2437184
47.6;48.05;47.45;47.62;2123748
47.28;48.2;47.22;47.6;1265648
47.75;47.95;47.25;47.5;526476
47.6;47.62;46.35;47;1484072
47.08;47.6;46.95;47.4;1172836
47.75;47.88;47.02;47.52;457920
47.15;48.2;47.08;47.88;1037860
47.75;48.38;47.75;48.25;1167400
48.05;48.72;48.05;48.22;895036
48.45;48.88;48.45;48.75;1336632
48.62;48.98;48.4;48.62;907904
48.52;49.05;48.38;48.5;703236
48.72;48.95;48.38;48.62;427968
48.6;48.85;48.15;48.48;1107228
48.5;48.58;48.02;48.15;930740
48.15;48.48;48.1;48.15;1288968
48.48;48.58;48.08;48.3;1575956
48.08;48.7;48.08;48.5;760976
48.35;48.7;48.35;48.4;1017000
48.3;48.65;47.95;48.6;7591824
48.52;48.55;47.38;47.7;2071304
47.3;47.65;47.18;47.5;1389224
47.25;47.6;47.12;47.15;626076
47.08;47.08;46.25;46.48;1278928
46.68;46.98;45.92;45.98;3058128
46.08;46.45;45.88;45.88;1479608
45.88;46;45.08;45.08;1758096
45.3;45.98;45.2;45.8;1610344
45.8;46.5;45.5;46.08;4669456
46.22;46.45;45.75;46.02;1342644
46.22;46.62;45.2;45.7;1182480
45.5;45.5;43.62;44.5;2872512
44.5;45.92;44.3;45.78;1771236
46.18;46.18;45.38;45.95;3540052
45.58;46;45.4;46;1473036
45.78;45.85;45.05;45.08;2032912
44.82;45.5;44.05;45.4;3149072
44.95;44.95;42.68;44.48;3171728
44.48;44.88;43.5;44.05;2198584
42.62;44.42;42.28;44.38;4413752
44.31;44.8;43.75;44.1;1374587
45.3;45.45;44.52;45.45;2588072
45.08;45.48;44.75;45.05;1487330
44.8;45.23;44.48;44.87;2182685
44.56;45.07;43.38;44.04;1565357
44.64;44.79;43.5;44;990191
44.39;45.4;44.21;45;1266333
44.93;46.01;44.5;45.09;1070590
45.45;45.45;44;44.78;1410884
44.18;44.74;43.58;43.58;1125889
42.85;43.3;42.19;42.19;1966338
42.94;43.29;41.6;42.2;1347173
42.37;43.08;40.65;40.78;1587867
41.39;41.69;39.25;39.5;2274579
39.56;40.51;38.75;40.33;2018456
40.71;41.19;39.31;39.56;2013639
40.19;40.19;37.75;38.4;2021645
38.15;38.87;37.45;37.45;1628536
37.45;38.37;36.12;36.97;1906716
36.5;37.38;34.88;36.25;2841280
37.5;37.95;35.75;36;2404767
34.98;34.98;24.5;27.9;18156406
28.9;28.9;27;28.75;4559774
29.5;30.01;28.8;29.99;5425217
29.75;31.2;29.42;30.48;4916327
30.6;31.27;29.03;29.5;3779131
29.44;29.6;26.78;26.87;3396390
27.52;27.52;25.12;25.12;3831972
25.01;25.94;24.23;25.47;4806001
25.88;27.6;25.55;26.25;3100342
26.99;28.2;26.46;28.2;2197861
28.5;29.5;27.95;28.7;2399144
28.7;28.7;27.6;27.9;1376683
27.56;28;27.02;27.8;1623633
27;27.8;26.5;26.94;1529937
27.74;28.08;27.31;27.8;1297509
27.75;27.75;27.15;27.7;1751470
28;29.11;27.55;29.11;1220758
29.1;29.5;28.25;28.58;1327654
28.8;30.1;28.7;29.37;2206903
29.95;31.55;29.56;31.5;3088514
31.82;31.95;30.44;30.6;2007558
31;31.5;30.1;30.3;966882
30.78;32.7;30.38;32.44;3333950
31.94;32.39;31.4;31.5;3336436
31.4;31.5;30.16;30.73;1580467
31.2;31.34;29.9;30.5;1112185
30.5;30.74;29.99;29.99;583070
29.95;29.95;28.76;28.9;1471293
28.5;29.63;27.8;29.2;2168980
29.3;29.9;28.3;29.5;2082983
29.5;29.75;29.1;29.6;1554560
29.6;29.81;28.51;28.52;1723024
28.8;29.24;28.6;29;1447838
29.4;29.58;28.73;29.22;1543845
28.9;29.25;27.65;27.8;2007211
27.81;28.02;26.65;27;2282362
26.81;27.5;25.9;26.5;2335700
27.23;27.4;26.03;26.32;1626939
25.9;26.29;24.5;25.05;1950333
25.1;25.45;24;24.4;1644016
24.25;24.9;23.87;24.68;3271836
25;25.48;23.38;23.84;1971657
24;24;22.26;22.36;2764949
22.38;23.15;21.94;22.85;5423497
23.49;23.98;23.15;23.95;2837972
23.62;24.45;23.5;23.87;1440127
23.3;23.3;22;22.34;2247148
22.4;22.98;21;21.88;3947881
22.81;23.45;22.18;23.45;2349724
23.3;24.03;23.1;23.5;2879639
23.45;23.48;22.16;22.4;2311855
22.05;22.97;21.6;22.66;1399569
22.9;23;22.5;22.6;1844694
22.9;22.96;22.08;22.5;1236926
22.49;23;21.66;22.92;1265361
23;24.38;22.8;23.9;4347790
23.73;24.7;23.25;23.59;1564539
24;26.03;23.78;25.69;3742837
25.5;27;25.1;25.3;3174392
25.94;27.13;25.8;26.73;2673472
27;27;25.17;26.32;2206227
26.3;26.5;25.66;26.3;1239343
24.5;25.54;23.16;23.62;5049192
23.6;23.84;21.85;22.41;3609731
23.5;23.57;21.88;22.4;3162225
21.39;21.75;19.71;19.95;7420547
20.8;20.96;19.62;19.95;3862339
20;20.16;18.57;18.7;2758320
19.6;21.88;19.1;21.49;5919447
21.63;23.5;21.6;21.93;4929786
22.13;22.13;20.6;21.43;1541321
21.91;24.31;21.7;24.22;3645214
23.93;24.6;23.13;24.5;3543874
24.81;25;24.2;24.8;3849681
25;26.25;24.03;24.28;4242945
24.03;24.46;23.5;23.98;1778072
23.69;24.39;23.25;24;886582
24;24.8;23.75;24.54;1153273
24.18;24.73;23.61;24.2;1355084
24.31;26.4;23.9;25.74;2387697
26.4;26.48;25.45;26.37;2709170
26.2;27.65;26.15;27.3;2888420
26.85;27.1;25.67;26.12;2107971
26.25;26.25;25.3;25.75;1219715
26.4;28.22;26.1;27.75;3382181
27.75;29.15;27.36;28.91;2220451
29.09;29.09;28.2;28.93;1109081
29.05;29.05;27.53;27.85;1911174
28.12;29.75;27.5;29.17;6098616
29.5;29.59;28.5;29.18;1160645
29.22;31.18;29.22;30.37;4168608
31.4;32.2;31;31.07;2472881
31.1;31.15;29.15;29.44;2051884
29.44;29.44;28.65;29;1379595
28.99;29.6;27.72;27.81;1932014
27.9;28.5;26.9;27.79;1797301
28.5;28.5;27.3;27.36;913520
27.59;28.2;26.74;27.17;1694977
27.24;28.35;27.1;27.89;1102988
28.47;29.45;28.1;28.5;2249008
28.46;28.6;27.22;28;1806938
28;30.35;27.8;30;1819293
30;30.23;28.83;29;1816949
28.65;28.8;27.58;27.8;1566266
27.57;28.5;26.11;27.25;2410937
27.4;28.47;26.77;27.8;1425912
28.8;28.8;27.43;28.05;1480111
28.45;28.45;27.61;27.64;199197
27.2;28.08;26.91;27.5;589606
27.6;27.62;26.83;27.55;778194
27.49;28.15;27.16;27.96;558887
28.25;29.65;27.69;29.65;1497758
29.53;29.9;29.05;29.7;1208963
29.55;29.99;29.17;29.92;814634
30;30;28.46;28.75;1078983
28.37;29;27.46;27.58;1721069
27.83;28.19;26.54;27.73;1817421
27.87;28.85;27.6;27.9;1568518
27.91;28.55;27.56;27.75;1411881
28.14;28.36;27.4;27.98;1394190
28.24;28.4;26.71;26.88;1355920
27.07;28.24;26.9;27.74;1534564
28.28;29.39;27.85;28.05;2541394
28.03;28.65;27.27;27.55;1300645
27.94;28.18;26.91;27.15;2028751
27.15;27.59;25.92;26.4;2314153
26.26;26.7;25.11;25.3;1671371
25.6;27.01;24.79;26.02;3079075
26;26;24.02;24.42;2775696
24.65;25.29;24.6;24.95;1598111
24.64;24.91;24.02;24.37;2992122
24.53;25.67;24.52;25.32;1625791
25.06;27.37;24.66;27.16;2976561
27.32;27.98;27;27.63;1808309
27.53;28;25.6;26.07;2384614
26.2;26.8;25.95;26.64;1427353
26.3;27.6;26.23;26.51;1153943
26.52;27.39;25.7;26.1;1833901
26.1;26.76;25.71;26.26;1154157
26.81;27.88;26.57;27.82;1961084
27.45;29.27;27.1;28.9;5084858
28.4;28.9;28.37;28.57;1238320
28.59;29.7;28.5;29.16;1755240
29.41;29.73;28.41;28.99;1378740
29.32;29.8;28.81;29.75;1982351
29.78;29.9;29.22;29.24;1068562
29.32;29.4;28.15;28.39;2167147
28.01;29.2;28;28.87;1796479
28.98;29.21;28.15;28.4;1140516
28.11;28.11;26.71;26.71;1854662
27.1;27.5;26.58;26.58;7605528
26.8;28;26.31;27.52;1725665
27.69;28.35;27.13;28.03;1526931
28.4;28.51;27.12;27.38;1754478
27.09;27.3;26.65;27.16;1716743
26.52;26.88;26.33;26.78;1577993
27;27;25.6;25.85;2121879
25.35;25.77;25.02;25.06;1806135
25.29;25.49;23.3;23.46;2401147
23.3;24.25;23.2;23.9;2848410
24.13;24.17;22.4;22.59;4053574
23.2;24.24;22.56;24.24;2007012
24.86;25.64;24.65;25.3;2643727
24.38;26.79;24.1;26.15;3329986
26.69;27.18;25.65;26.02;2449519
26.17;27.15;25.66;25.9;1996130
25.52;26.1;25.04;25.16;1646057
25.6;27.7;25.6;27.21;3315622
26.93;27.21;25.5;25.76;2146056
25.52;26.88;24.78;26.7;1855831
26.89;27.8;26.65;26.99;1586825
26.6;26.87;26.1;26.68;1879840
26.93;27.18;25.8;26.43;1363285
25.6;25.8;25.05;25.33;1810095
25.35;26.5;24.35;24.7;1510023
25.2;26.49;25.2;26.23;2357917
26.5;27.8;26.1;27.44;2239347
27.47;28.45;26.8;27.75;1427269
28.6;29.85;28.31;29.01;2714289
28.85;29.3;27.87;28.21;2703919
28.61;29.6;27.79;28.96;2344576
28.52;29.78;28.19;28.43;2016204
28.66;29.37;28.29;28.38;1701268
28.2;29.15;27.75;28.44;1687302
29.08;29.47;27.77;28.32;2445644
28.5;28.95;27.4;27.69;1496266
27.11;28.5;27.11;27.98;1577002
28.5;28.56;27.51;27.99;1836133
28.78;29.45;28.3;29.02;1425135
28.9;29.41;28.12;28.12;1428122
27.8;30.2;27.8;29.99;3766736
29.99;31.29;29.65;31.17;3445881
31.17;32.38;31.15;31.69;3183485
31.82;32.14;30.92;31.02;2592236
30.81;31.5;30.16;30.65;1815402
31;31.95;30.95;31.68;2006514
31.38;32.45;31.2;32.35;1849817
32.45;32.65;31.5;31.8;2750191
31.89;32;30.41;30.53;1489021
30.61;31.3;30.2;31.14;1267954
31.44;31.63;30.61;31.48;1737660
31.5;31.8;30.52;31.22;816442
30.87;31.6;30.44;30.63;1080217
30.5;31.11;30.02;30.66;893714
31.1;32;30.56;31.4;1260622
30.85;31.2;30.23;30.43;3765554
30.47;31.94;30.12;31.75;2390245
31.65;32.32;31.2;32.32;3850265
32.3;32.58;31.53;32.08;2147031
31.4;32;30.08;30.44;3255787
30.8;31.2;30.25;30.57;757223
30.49;30.74;30.01;30.51;1587504
30.71;31.15;30.26;30.71;1796234
30.5;31.65;30.48;31.32;663907
31.05;32.35;30.9;32.2;2539969
32.5;32.84;31.71;32.61;1389623
32.56;32.87;31.55;32.03;1216346
32.45;32.45;31.19;31.59;3755150
31.6;31.84;30.7;31.17;4302088
31.41;31.44;30.85;31.31;3890100
31.09;31.23;30.66;30.86;948986
30.95;31.86;30.78;31.6;1604711
32.06;32.58;32.06;32.5;2568030
32.98;34.7;32.98;34.38;4920526
34.67;34.8;33.52;33.69;3590438
33.97;35.3;33.34;35.25;1819454
35.8;36.01;35.05;35.15;2157565
35;35.38;34.58;35.01;3076740
35.24;35.67;34.66;34.72;2266483
34.33;35.04;34.2;34.93;3424855
33.6;33.8;33.21;33.5;1642250
33.45;34.2;33.3;34;2788594
34.35;35.2;34.35;34.45;5147945
34.32;34.69;33.51;33.8;4491159
34.39;35.4;34.2;35.4;3673545
35.02;35.54;34.21;34.27;3467281
34.99;34.99;33.07;33.2;3055139
33.6;34.7;33.5;34.32;2070725
34.65;35;34.11;34.46;1858952
34;34.45;33.79;34.29;2486778
34.63;35.35;34.41;35.2;1601585
35.07;36.49;34.84;36.05;3449033
36;36.56;35.27;35.54;1836331
35.47;35.65;34.11;34.23;2372750
34.2;34.82;33.87;34.38;1634974
34.79;35.35;34.3;34.78;1205512
34.54;35.01;34.12;34.31;1435242
34.59;34.99;34.17;34.59;1013598
34.62;34.64;34.24;34.24;1284339
34.14;34.79;34.14;34.55;986912
34.87;35.09;33.52;33.64;1445359
33.5;34.13;32.51;33.15;1664658
33.05;33.48;32.3;32.5;1315029
32.32;33.85;32.32;33.7;2010330
32.85;33.32;32.55;33.1;2093312
33.59;34.2;33.3;34.14;1826404
33.88;34.5;33.58;33.75;1852197
33.65;34.99;33.58;34.62;2220445
34.92;35.69;34.44;35.42;2126586
35.2;35.77;34.95;35.07;1500293
35;35.38;34.33;34.9;1417808
35.03;35.46;34.63;35.2;1130902
34.85;35.2;34.34;34.79;1407881
35.29;35.29;34.3;34.78;1023354
34.88;35;34.42;34.67;1057894
34.87;35.26;34.34;34.8;612383
35.06;35.17;34.34;34.9;988877
35.01;35.25;34.6;34.87;907865
35.09;35.17;34.62;34.99;1086071
35.13;36.34;35.12;35.94;1510082
36.25;36.25;35.48;36.13;1208386
36.39;37.3;35.9;36.85;2055468
36.72;36.97;36.13;36.6;1755755
36.6;36.7;36.05;36.37;1231255
36.17;36.35;35.89;36;846986
36.17;36.26;35.6;36.1;897571
36.2;36.45;35.25;35.29;1419881
35.41;36.19;35.11;35.95;2356992
36.17;36.5;35.16;35.69;1361185
35.9;36.1;35.51;35.59;1188960
35.98;36.45;35.7;36.25;882947
36.12;36.25;35.58;36.05;1058946
36.08;37;35.78;36.6;1509044
36.5;36.8;35.85;35.92;1399589
36;36.38;35.21;35.33;1623330
35.25;36.16;35.25;35.7;1058879
36.15;36.15;34.74;35.1;1226244
35.22;35.37;33.79;33.9;1783204
33.65;34.38;33.32;33.68;1386333
33.54;33.75;32.62;32.96;2409076
33;33.95;32.64;33.44;1465708
33.74;34.57;33.37;34.3;1149271
35;35.28;34.55;34.72;2090357
34.95;35.82;34.65;35.67;2061653
36;36.09;34.95;35.39;2303852
34.97;35.17;34.16;34.52;1678941
34.54;34.54;33.86;34.28;1587427
34.56;34.56;33.58;33.75;1488603
33.2;33.45;32.56;32.99;2169424
32.66;33.21;32.33;32.85;1635801
33;33.18;32.25;32.45;1969672
32.49;32.87;30.73;31.57;2630237
31.35;32.5;31.22;32.5;2840506
33.05;33.45;32.21;32.47;2378222
32.48;34.07;32.11;33.75;2501976
34.01;34.64;33.72;34.27;2062321
34.39;34.41;33.25;33.55;1434478
33.5;34;33.12;33.79;1483628
33.95;34.01;33.31;34.01;1887807
34;35.12;33.8;34.17;2278437
34.19;35.05;34.19;34.96;1249860
35.06;35.1;34.54;35;3282625
35.29;36.05;35.07;35.82;2211514
36.07;36.07;35.21;35.28;1858638
35.74;35.75;34.83;34.99;1479137
34.67;35.14;34.55;34.85;1235789
35.24;35.45;34.71;35;1107632
34.76;35;33.59;33.59;1842977
33.51;33.73;33.15;33.15;1553223
33.59;34.6;33.2;33.94;1384151
34.21;34.45;33.7;34.38;1244298
34.41;34.74;33.8;34.5;1457427
35.6;35.8;35.12;35.45;2297327
35.75;36.41;35.2;35.9;2282793
35.68;36.4;35.52;36.29;1212422
36.36;37.1;36.05;37.1;1884591
37.06;37.09;35.77;36.34;1752858
36.3;36.8;35.52;35.99;1535490
36.1;36.52;35.65;36.3;1187192
36.59;36.99;36.02;36.47;1419653
36.09;36.79;36.08;36.28;896395
36.05;36.18;35.55;35.96;817137
35.51;36.2;35.46;36.19;830528
36.56;36.78;35.6;35.93;1529244
36.05;37.4;36.01;37.01;1705521
36.39;36.85;35.5;35.61;1497500
36.27;36.38;35.41;35.97;1238468
35.26;35.85;34.91;35.58;1737878
36;36.2;35.14;35.58;1191544
35.33;36.54;35.33;36.45;1082551
36.65;37.19;35.97;36.62;1687555
36.57;37;36.1;36.36;1388897
36.2;37.13;36.14;36.47;1558428
36.87;37.49;36.7;37.35;1528121
37.5;38;37.04;37.32;4671230
37.8;38.34;36.99;38.18;1840198
37.82;38.5;37.55;38.39;1616730
38.31;39.09;38.25;38.87;1448501
38.68;38.99;38.22;38.43;1240979
38.05;38.35;37.56;37.93;1355513
37.63;37.99;37.31;37.49;1007043
37.82;37.86;37.19;37.35;1815187
37.35;37.7;36.88;37.5;1308051
37.52;37.75;36.89;37.56;1640487
37.8;38;37.4;37.8;949775
38.37;38.58;37.73;37.83;1314349
37.45;38.3;37.45;37.8;1392633
38.1;38.67;37.76;38.36;2324052
38.2;38.7;37.92;38.01;2094988
38.2;38.29;37.66;38;1564822
37.53;38.46;37.53;38.28;956144
38.4;38.5;38.02;38.39;666361
38.16;38.41;38.09;38.41;319019
38.2;38.45;38.11;38.35;600905
38.51;38.78;38.23;38.45;600618
38.14;39.1;38.14;38.81;498696
38.95;39.22;38.42;39.17;576558
38.85;39.1;38.3;38.65;1613479
38.72;38.8;38.15;38.59;1073946
38.65;38.96;38.16;38.44;1320364
38.44;39.88;38.44;39.5;1512111
39.9;40.38;38.75;38.84;1643354
38.79;39.5;38.52;38.97;967865
38.95;39.3;38.31;38.36;1461165
38.26;39.23;38.25;39.09;1548067
38.95;38.95;38.55;38.85;1232973
38.7;39.84;38.6;39.65;1460000
39.5;40.15;39.4;39.84;1054434
40.23;40.47;39.89;39.97;1573851
39.81;40.08;39.61;39.85;1599588
39.8;40.3;39.75;39.88;1973621
40.2;40.25;39.62;39.73;1047732
39.66;39.92;39.1;39.29;1103580
39.84;41.44;39.72;40.63;2540006
40.83;41.85;40.18;40.42;2741290
40;40.44;39.79;40;1388951
40.5;42;40.28;40.92;2707653
41.25;41.65;40.68;41.12;1556388
41.35;41.55;40.4;40.49;1554753
40.5;40.7;40.2;40.3;1309874
40.16;41.19;40.16;40.79;1166931
40.98;41.53;40.7;41.1;1297416
41.48;42.2;41.41;41.7;1298272
42.15;42.2;41.38;41.65;1148963
41.54;42.61;41.53;42.35;1787089
42.89;43.2;42.36;43.18;2122722
43;43.15;42.35;42.41;1325509
42.3;42.65;41.91;42.28;874901
41.9;42.88;41.9;42.33;944728
43;43;42.06;42.27;959649
42.5;43.42;42.26;42.98;1233148
42.98;43.62;42.85;43.12;1243408
43.18;43.68;43.16;43.17;751431
43.27;43.29;42.12;42.24;1860636
42.13;42.6;41.81;42;3293509
42.01;42.4;41.67;41.97;1344931
42.39;42.71;42.05;42.25;1827020
42.08;42.84;42.08;42.56;1367151
42.65;43.62;42.62;43.19;1255241
42.78;43.99;42.75;43.43;1635990
43.45;43.88;43;43.22;1499738
43.3;43.75;42.65;43.5;1167729
43.5;44.09;43.29;43.53;1087589
43.3;43.39;42.04;42.57;1854958
42.13;42.45;41.87;42.25;1041989
41.6;41.6;40.26;40.65;2344941
39.84;40.6;39.18;40.51;2403803
40.21;40.49;39.09;39.09;1491493
39.15;39.9;38.52;39.6;1622087
39.6;41;39.6;41;1659205
40.66;41;39.75;39.8;1106434
40.01;40.43;39.41;39.97;1337432
39.35;39.8;38.31;38.72;1275686
38.48;39.48;38.48;39.3;1981517
39.15;39.8;38.53;38.81;1701664
39.58;40.3;39.01;40.04;1692688
40.51;41.23;40.4;41.04;1925552
41;41.78;40.48;41.62;1344110
41.58;41.58;40.57;41.15;1661747
41.11;41.3;40.74;41.11;1690866
41.2;41.45;40.9;41.23;1543078
41.43;42.87;41.25;42.46;2641177
42.6;42.9;42.04;42.58;1324026
41.8;43;41.8;42.54;1850420
42.51;43;41.95;42.57;1465896
43;43;41.81;42.15;1093512
42.25;42.81;42.01;42.34;929472
41.55;42.24;40.9;41.86;1835864
41.54;42.26;41.5;41.87;1054160
41.83;42.48;41.72;42.02;1895345
42.1;42.4;41.65;41.8;1622699
42.22;43.33;41.93;43.02;1808847
42.31;43.19;42.3;42.55;1271537
42.9;43.66;42;43.36;2241429
43.7;43.99;43.31;43.67;973412
43.8;44.45;43.33;43.99;1540720
43.94;44.25;42.75;43.92;1151665
44.2;44.28;42.8;43.2;1463880
43.12;43.3;41.7;41.85;2279682
41.7;42.38;41.7;42.12;1849075
41.41;42.85;41.41;42.63;734274
43.27;43.27;41.7;42.72;927872
42.28;42.84;42;42.73;820849
42;42.55;40.63;41.09;1756092
41.23;41.23;39.66;40.36;1969423
39.42;39.78;38.79;39.03;2265402
39.25;39.89;39.13;39.58;1273126
39.68;39.84;39.02;39.07;902886
39.35;39.78;38.85;39.48;898848
39.2;39.47;38.93;39.38;1104664
38.8;39.38;38.12;38.78;1387719
38.76;39.15;38.23;38.83;1301884
39.31;40.76;39.11;40.11;1708335
39.58;40.26;39.51;39.71;684544
39.98;40.31;39.54;39.91;546078
40.2;40.9;39.93;40.6;1252393
40.18;40.38;39.76;40.22;874376
40.82;41.14;40.41;40.94;1109173
41.2;41.88;40.96;41.46;3091887
41.8;41.94;41.01;41.25;1242751
41;41.55;41;41.23;220467
41.42;41.45;40.2;40.7;1210359
40.92;41.5;40.4;41;2037176
40.93;41.16;40.45;40.95;803192
41.19;41.88;40.95;41.73;1195309
41.7;42.26;41.7;42.02;906779
41.98;42.44;41.51;42.44;1207489
42.58;42.69;41.73;41.88;1330818
41.82;42.28;41.61;41.97;719517
42.05;42.05;41.15;41.58;855420
41.32;41.57;40.8;41;1114767
41;41.74;40.86;41.38;1263974
41.54;41.82;41.34;41.54;743222
41.51;42.24;41.51;41.65;1346855
41.73;42.4;41.42;42.19;2161759
42.4;42.63;41.61;41.91;6896994
41.99;42.42;41.75;41.87;2369177
42.21;42.55;41.81;41.89;1692870
41.29;41.74;41.2;41.26;2417225
41.26;41.64;40.4;40.9;1285290
41.09;42;40.9;41.69;1722608
41.23;41.71;41.22;41.36;2100131
41.56;41.56;40.78;40.97;3004696
41;41.65;40.6;40.72;1702997
40.58;40.87;40.06;40.19;1130651
40.09;40.44;40;40.18;748799
40.1;40.38;39.77;40.23;1180894
40.23;40.53;39.81;40.25;1462295
40.07;40.24;39.57;40.12;1270880
39.67;40.48;39.67;40.05;1047315
39.76;40.41;39.76;39.83;872192
40.13;40.38;39.95;39.95;1416931
39.8;40.1;39.22;39.66;1096200
39.51;39.85;39.4;39.4;846798
39.42;39.89;39.02;39.31;741369
39.01;39.69;39.01;39.04;748554
39.1;39.46;38.61;39.31;1302355
39.8;40.05;39.35;39.65;1322554
39.15;39.4;38.72;38.85;1229218
38.99;39.44;38.74;38.74;1128338
38.72;38.98;38;38.03;6045122
38.02;39.15;38.02;39.13;1613665
39.6;39.79;39.16;39.25;1995388
39.59;40.71;39.41;40.09;1889681
40.85;41.15;40.26;40.6;2020111
40.32;40.53;39.93;40.52;1452605
40.6;40.75;40.27;40.48;1136744
40.48;40.75;40.25;40.63;1383277
40.92;41.69;40.75;41.11;1682011
40.65;41.39;40.1;40.12;2194968
40.3;40.46;39.48;39.81;1487682
39.95;40;39.34;39.99;1548693
40.01;40.18;39;39.71;953147
40;40.23;39.37;39.46;1417927
39.15;39.68;39.01;39.5;848630
39.36;39.89;39.13;39.76;599503
39.58;40.16;39.54;39.91;800457
39.99;40.05;39.51;39.82;514065
40.16;40.36;39.61;39.91;1049223
39.98;40.19;39.67;39.98;683832
40.48;41;40.22;40.75;1000466
40.93;41.38;40.7;41.02;898527
41.39;41.44;40.91;41.22;1197121
41.45;41.77;41.28;41.53;830908
41.59;41.75;41.22;41.66;738546
41.78;41.85;41.54;41.72;520779
41.6;41.87;41.1;41.28;2004803
41.77;41.78;41.18;41.39;1115633
41.15;41.9;41.05;41.65;1208676
41.67;42;41.37;41.9;1173554
41.88;42.1;41.65;41.81;783062
41.9;42.88;41.9;42.61;2310674
42.45;42.66;42.12;42.42;1397576
42.42;42.42;42;42.17;925747
42.38;42.51;41.91;42.4;838819
42.58;42.9;42.58;42.67;1093936
42.69;42.69;42.1;42.2;1270331
42.2;42.63;41.95;42.08;1089994
42.29;43.1;42.29;42.49;1652188
42.55;43.06;42.26;42.77;1417897
42.65;42.81;42.25;42.37;874654
42.33;42.76;42.18;42.35;1158545
42.14;42.67;41.72;41.78;1235784
41.73;41.9;41.22;41.32;2123101
41.42;41.65;40.95;41.18;1229314
41.22;41.27;40.87;41;1091787
41;41.48;40.75;41.37;1326555
41.44;42.25;41.44;41.77;2023934
42;42.13;41.24;41.33;2784566
41.55;42.57;41.48;42.56;1888981
42.75;43.3;42.75;42.8;2032281
42.98;43.25;42.48;42.76;1311320
42.78;43.07;42.66;43.04;1181541
43.04;43.2;42.44;42.44;1093744
42.5;43.24;42.28;42.61;1517079
42.59;42.67;42.19;42.31;1408726
42.1;42.37;41.61;42.24;881897
42.69;43.1;42.33;42.46;1363582
42.01;42.31;41.9;42.07;1213197
42.05;42.3;41.61;42.17;844601
42.46;42.46;41.89;41.98;721265
42.46;43.03;42.46;42.59;1241117
42.4;42.59;42.01;42.15;1348039
42.7;43;42.35;42.69;1525468
42.74;43.5;42.57;43.25;1758100
42.72;42.72;41.94;42.13;1449804
42.2;42.79;41.96;42.54;1297045
42;42.2;41.42;42.17;3087605
42.41;43.25;42.28;43.02;2078429
42.9;43.48;42.9;43.05;1216249
42.81;43.64;42.81;43.45;686451
43.49;43.6;42.92;43.32;1340561
43.74;43.9;43.5;43.81;1706607
43.52;44.15;43.12;43.22;1453849
43.92;44.85;43.85;44.54;2971129
44.54;44.72;44.03;44.31;914209
44.37;44.6;43.81;43.9;1272540
44.18;44.42;43.94;44.27;1223429
44.26;45;44.04;44.9;1270596
45;45;44.32;44.44;1195943
44.7;44.89;44.31;44.43;975493
44.71;44.74;44.03;44.35;985666
44.21;45;44.21;44.89;1272631
44.35;44.98;44.17;44.33;1065333
44.58;44.91;43.8;43.82;1170297
43.5;43.7;43.32;43.53;888746
43.84;44.03;43.55;43.67;592633
44.1;44.1;43.36;43.5;500900
43.85;44.04;43.5;43.76;814378
43.65;43.72;43.22;43.58;759187
43.79;44.18;43.11;43.11;1099434
43.65;43.65;42.72;42.81;1510819
42.82;43.84;42.81;43.58;1559941
43.9;44.58;43.78;44.35;2065608
43.5;44.28;43.42;43.8;3406585
43.6;43.86;43.25;43.6;1066465
43.6;44.25;43.49;43.93;1166427
43.51;44.21;43.5;44.02;1114238
43.95;44.2;43.1;43.48;1737328
43.73;43.9;43.53;43.66;1138562
43.99;44.6;43.83;44.37;1489175
44.51;44.8;44.29;44.54;1396987
44.5;45.11;44.5;44.9;1475431
45;45.1;44.34;44.74;1305615
44.62;44.67;43.22;43.47;2440667
43.4;43.98;43.32;43.76;967320
43.7;44.22;43.56;44.19;1029020
44.56;44.77;44.25;44.47;1121758
44.47;44.95;44.31;44.57;771570
44.85;44.85;44.1;44.45;181808
44.45;45;44.3;44.55;628404
44.73;44.79;44.42;44.54;384804
44.74;45;44.52;44.74;575993
45;45;44.61;44.78;376789
44.6;44.78;44.2;44.32;383765
44.36;45.59;44.35;45.32;1257107
45.35;46.2;45.35;46.06;2051131
46.06;46.07;45.1;45.24;1541506
45.05;45.66;45.05;45.47;1169994
45.45;45.73;45.23;45.4;1442126
45.68;45.8;44.84;45.09;1370805
45.4;45.4;44.61;44.84;1572391
44.79;45.91;44.62;44.79;1840064
45.06;45.51;45.04;45.11;1291640
45;46.19;44.62;45.95;1566060
46.03;46.3;45.92;46.24;503600
45.89;46.2;45.58;46.13;955887
46.34;46.96;46.2;46.69;1405799
46.58;46.58;46.02;46.14;1120160
45.72;46.6;45.72;46.34;799570
46.3;46.31;45.55;46.14;1174606
46.19;47.15;46.15;46.95;1638411
47.16;47.45;46.56;46.85;1470426
47.18;47.2;46.22;47.19;1597550
47.19;47.5;46.5;46.77;1040493
47.1;47.59;46.9;47.37;915112
47.35;47.7;47.03;47.7;1360506
47.9;48.06;47.55;48.06;956362
48;48.43;47.81;48.07;1214579
48.4;48.84;48.2;48.84;1209835
48.76;49.25;48.35;48.9;1458443
49.09;49.09;47.78;47.91;1841397
47.91;48.28;47.4;47.7;1492195
47.9;48.14;47.5;47.8;977072
47.74;48.17;47.4;48.17;1197744
48;48.43;47.9;48.39;797582
48.3;48.89;48.09;48.7;797965
48.83;48.83;47.98;48.31;1298478
48.11;48.29;47.86;47.95;991088
47.88;48.45;47.66;48.11;1291528
47.93;48.39;47.29;47.55;870606
47.76;47.76;46.76;47.01;1276818
46.53;47.46;46.15;46.45;1837777
46.2;46.2;44.85;45.61;2871902
45.88;46.96;45.81;46.81;2346534
47.13;47.26;46.34;46.72;1408048
46.22;47.47;46.22;47.13;1547964
47;47.07;46.45;46.7;1214965
46.52;46.9;46.24;46.51;1068784
46.8;46.89;46.43;46.58;1201194
46.5;46.86;46.47;46.79;1015153
46.73;47.18;46.65;47.05;1437769
47.19;47.65;46.7;46.8;1221679
46.7;47.19;46.5;46.67;1740623
47.13;47.34;46.65;46.65;849156
46.76;47.28;46.73;46.87;824196
47;47.57;47;47.39;1445498
47.33;47.46;46.28;46.52;1819248
46.69;46.96;46.42;46.75;1063894
46.8;47.18;46.75;46.88;1430933
46.99;47.35;46.7;46.76;730649
46.8;47;46.26;46.93;1355907
46.72;46.81;46.11;46.63;1174164
46.79;46.87;46.35;46.63;1058024
46.35;47.1;46.3;47.1;1234834
46.99;47.56;46.63;47.08;1218205
47.16;47.5;46.92;47;1315564
47.2;47.48;46.95;47.13;850175
47.15;47.2;46.45;46.66;1466437
46.7;47.23;46.46;47.09;1334024
47.23;47.4;46.35;46.65;1687767
46.7;47.08;46.36;46.63;1364426
46.99;47.17;46.6;46.68;1214247
46.75;47.44;46.71;47.22;1236088
47.25;47.73;47.05;47.49;1384530
48.35;48.8;47.63;47.7;2170278
47.7;47.84;47.22;47.39;1246692
47.1;47.2;46;46.01;2367676
45.2;45.3;43.6;44.65;2723904
44.7;44.99;44.55;44.63;1586753
45.08;45.24;44.41;44.45;1802230
44.4;44.68;43.8;43.91;1845251
44.54;44.72;44.22;44.72;880415
44.73;44.99;44.25;44.61;1379383
44.79;45.13;44.29;44.88;1337424
44.86;45.1;43.42;43.52;2373840
43.95;44.47;43.38;43.85;1490658
43.21;43.91;43.2;43.6;1520418
43.94;44.56;43.81;44.26;866774
44.49;44.75;44.17;44.34;1256228
44.65;44.81;44.07;44.67;1151845
44.62;45.3;44.46;44.99;759244
45.17;45.6;44.78;45.52;857398
45.71;45.71;45.07;45.36;1385080
45.26;45.59;44.91;44.95;1001379
44.75;45.79;44.56;44.86;1618228
44.9;45.5;44.9;45.14;887670
45.13;45.37;44.3;45.01;959077
44.75;45.38;44.75;45.15;643528
45.49;45.51;44.7;45.17;1034331
45.4;46.15;45.3;46.14;1421092
46.25;46.72;46.15;46.55;1005989
46.69;46.92;46.41;46.41;1045602
46.86;46.99;46.52;46.75;655291
46.81;46.9;46.14;46.68;1013089
47;47.6;46.81;46.99;1528939
47.15;47.47;46.85;46.94;4277706
46.95;47.29;46.77;46.78;924602
46.97;47.64;46.81;47.58;1041065
47.75;47.8;46.68;46.77;2003534
46.99;47.37;46.81;47.35;1174618
47.49;47.49;47.04;47.2;1105629
47.4;47.65;46.72;47.01;1250216
47.22;47.23;46.61;46.7;824660
46.99;47.38;46.84;47.1;1346945
47.01;47.25;45.87;46.03;3059217
46.07;46.3;45.84;45.94;1628071
46.34;46.68;46.13;46.37;1444941
46.37;47.2;46.37;46.93;1301763
46.64;46.92;46.44;46.65;1242603
46.8;47.19;46.49;46.56;1546291
46.45;47.02;46.45;46.93;1405052
46.91;47.45;46.63;47.11;1864501
47.11;47.11;46.46;46.77;1410344
47.06;47.23;46.64;47.04;1031812
47.51;47.51;46.89;47.25;1432301
46.38;46.63;46.2;46.41;1653114
46.24;46.24;45.33;45.5;1443381
45.22;45.58;44.94;45.11;1354579
45.21;45.59;45.12;45.51;809047
45.51;45.99;45.42;45.87;1327130
45.66;46.02;45.55;45.89;1742728
45.91;46.46;45.77;46.45;1434690
46.38;46.38;45.93;46.02;1433685
46.01;46.15;45.34;45.49;2551027
45.76;46.4;45.52;46.36;2437789
46.06;46.5;44.13;45.42;3704857
45.95;46.07;45.54;45.88;1666448
46.38;46.52;46.2;46.48;1901412
46.49;46.82;46.28;46.53;1811492
46.8;47;46.61;46.86;1862609
47;47.18;46.86;46.96;1049049
47.14;47.4;46.54;46.74;1241970
46.97;46.97;46.41;46.71;862601
47.07;47.63;46.96;47.63;3505928
47.77;48.21;47.3;48.09;2282330
48.4;49.75;48.3;48.58;4834819
48.74;49.33;47.9;48.41;3406947
48.49;48.69;47.95;48.02;1915941
48.19;48.5;47.91;48.1;1218321
48.47;48.49;48.08;48.38;1795242
48.71;49.14;48.55;49.11;1688248
49.5;49.89;49.07;49.55;2612486
49.65;49.8;49.27;49.35;1738725
49.55;49.66;49.22;49.62;1752266
50;51.55;49.44;51.4;4065626
51.05;51.4;49.63;49.75;3315871
49.88;49.88;49.01;49.12;2444681
49.52;49.97;49.44;49.63;1392392
49.6;50;49.35;49.95;1308841
50.15;50.5;49.96;50.5;1386281
50.45;50.5;49.93;49.98;1303967
49.93;50;49.48;49.65;801309
49.5;49.78;49.38;49.5;457657
49.84;49.84;49.18;49.27;920356
49.25;49.52;49.1;49.34;1007625
49.1;49.3;48.63;48.92;1446425
49;50.05;48.95;49.7;1364791
49.9;49.93;49.6;49.6;794426
49.43;49.49;48.91;49.07;1645895
48.91;49.32;48.53;49.12;1626458
48.67;48.98;48.61;48.75;1366317
48.59;48.86;48.42;48.57;1294465
48.4;48.95;48.2;48.81;772209
48.86;49.36;48.52;48.86;1483087
48.72;49.35;48.69;49.26;1387589
49.69;49.84;49.17;49.36;1530859
49.33;49.6;48.88;49.09;900622
49.33;49.5;49.09;49.17;652045
49.2;49.76;49.15;49.35;1360752
49.41;49.83;49.07;49.1;1439770
48.9;49.28;48.69;48.89;1040007
48.9;49.3;48.9;49.1;842413
49.3;49.49;49.05;49.22;939564
49.27;49.47;48.56;48.88;973553
49.15;49.15;48.54;48.78;760100
48.6;48.83;48.5;48.8;921366
48.62;48.88;48.56;48.8;1720281
48.5;48.97;48.11;48.5;1543614
48.5;48.7;47.7;47.75;2683882
47.6;47.6;46.93;47.4;2965698
47.05;47.19;46.61;47.06;2028313
47.21;47.35;46.62;46.81;1304383
47.4;47.8;47.22;47.47;2018457
47.5;47.88;47.2;47.31;1398163
47.6;47.8;47.31;47.68;1161388
47.68;48.2;47.55;47.78;1315084
48.3;48.4;47.77;47.86;1318140
47.87;48.46;47.87;48.2;1020833
48.5;48.82;48.02;48.65;1503265
48.48;48.6;47.88;47.98;2161395
47.7;47.94;47.32;47.56;1910658
47.3;47.58;46.96;47.13;1624951
47.46;47.8;47.13;47.2;935435
47.43;47.68;47.1;47.22;1055264
47;47.48;46.76;46.98;994232
48;48.24;47.55;47.55;3259513
47.35;47.99;47.2;47.7;2085371
47.74;47.94;47.1;47.41;1315958
47.71;47.79;47.12;47.26;1183322
47.07;47.31;46.55;46.58;2316477
46.98;47.29;46.62;46.74;1322345
46.5;46.73;45.62;45.91;2588807
46.1;46.1;45.46;45.78;2326831
46.18;46.18;45.56;45.74;1527117
44.5;45.58;44.44;45.47;2973718
45.02;45.47;44.87;45.08;1746223
45.15;45.29;44.61;44.98;1622671
45.41;45.74;45.25;45.7;1610196
45.97;45.97;45.48;45.56;1097712
45.45;45.74;45.05;45.4;1492483
45.9;46;45.57;45.63;1587133
45.75;45.75;45.14;45.45;2025506
45.32;45.65;45.2;45.44;1350595
45.7;45.84;45.05;45.2;2365012
45.01;45.48;44.75;44.97;2301928
45.28;45.51;45.1;45.41;1631847
45.95;45.95;45.57;45.78;1480107
46;46.28;45.72;46.06;1937456
45.66;46.49;45.65;46.25;1927913
46.46;46.48;45.68;46.02;1744912
46.52;47.75;46.5;47.43;5433243
47.99;48.24;47.77;47.98;3164409
47.9;48.65;47.9;48.18;1886869
48.28;48.43;48.11;48.24;2002130
48.6;48.69;48.3;48.47;2357494
48.5;48.6;48.12;48.36;1107957
48.6;49.01;48.41;48.89;2803374
49.39;49.7;49.25;49.28;4078370
49.36;49.5;49.11;49.3;1719808
49.05;49.35;49.02;49.15;2262359
49.27;49.5;49.1;49.35;2192538
49.6;49.63;49.1;49.5;1908458
49.6;49.89;49.3;49.5;1977062
49.6;50.1;49.6;49.84;2557743
49.92;49.93;49.6;49.71;1231826
49.69;49.77;49.5;49.61;1377435
49.51;49.7;49.31;49.61;1013207
49.7;49.89;49.51;49.51;2238624
49.52;49.87;49.52;49.61;1695775
49.84;49.98;49.55;49.77;1420777
49.71;50.1;49.71;49.94;2258668
50;50.15;49.9;49.99;3478297
49.95;50;49.71;49.71;2225914
49.52;50;49.52;49.95;1460508
50;50.45;49.85;50.3;2036072
50;50.45;49.9;50.15;1077943
50.05;50.6;50.05;50.4;822144
50.4;50.7;50.2;50.7;909528
50.6;50.7;50.4;50.55;726579
50.35;50.8;50.35;50.6;649189
50.4;50.55;50;50.25;680360
50.4;50.55;50.15;50.35;461479
50.35;50.95;50.25;50.8;1745852
51;51.3;50.85;51.05;1592206
51;51.35;50.95;51.2;1599680
51.3;52;51.2;51.75;2163745
51.6;52.3;51.4;51.5;2047409
51.8;52;51.25;51.5;1121035
52;52.15;51.7;52;1411647
52.5;52.5;51.8;52.1;1476115
52;52.2;51.35;51.7;1731022
51.75;51.75;51.35;51.55;929406
51.25;51.35;51.05;51.2;1242389
50.8;50.85;50.4;50.65;2356172
50.7;51;50.45;50.7;1832382
50.6;50.95;50.25;50.35;1471721
50.05;50.4;49.8;50.3;1474628
50.05;51;50.05;50.65;1798723
50.95;51.85;50.8;51.45;2327794
51.7;53.6;51.65;53.6;4143001
54.6;55.25;53.8;53.9;4279174
54.05;54.15;53.55;53.9;1061794
53.9;54.2;53.4;53.95;1895972
54.1;55.5;54;55.25;2533175
55.3;55.4;54.55;54.75;1798885
55.1;55.45;54.65;54.95;2093462
55.45;55.9;55.05;55.35;1683260
55.75;55.9;54.75;55.2;1239023
55;55.3;54.75;55;895240
55.4;56.05;55.35;56;1413357
55.95;55.95;55.15;55.5;1045230
55.55;56.45;55.1;56.45;1811907
56.25;56.35;55.4;56.1;1638488
55.9;55.95;55.1;55.35;2100223
55.5;55.7;55.15;55.55;763228
55.2;55.75;55.15;55.55;1207847
55.4;55.5;55.15;55.3;457918
55.35;55.95;55.15;55.6;1449731
55.15;57.45;55.15;57.45;2311328
57.45;57.5;56.2;56.45;1827216
56.25;56.9;56.05;56.75;724340
56.85;56.9;56.2;56.5;1050326
56.55;56.85;55.75;56;1080509
56.05;57.2;55.85;56.1;1393408
55.6;56.3;54.65;55.4;1983263
55.4;55.4;54.8;55.2;1423638
55.6;55.75;55.2;55.45;1086484
55;55.4;54.6;55.05;1210320
54.75;54.95;53.75;54.5;1832525
54.7;55.1;54.3;55;1589941
54.95;55.8;54.65;55.65;1474772
56;56.75;55.85;56.05;1573516
56;56.65;55.85;56.25;800108
56.5;57.15;56.15;56.55;1394415
56.75;57.15;56.55;56.7;1161935
56.6;57.25;56.25;56.55;1219300
56.9;57.45;56.7;57.15;1344022
57.1;58.3;56.75;58.15;1755395
57.35;58.05;56.85;58;1786094
57.85;58;57.1;57.85;823841
57.65;58;56.4;57.8;1146795
57.55;57.75;56.95;57;618264
57.15;57.45;56.15;56.4;1324612
56.3;57.15;56.25;56.85;815502
56.95;57.85;56.95;57.6;1169031
57.65;57.95;57.5;57.65;894712
57.95;58.4;57.55;58;1216023
57.9;58.35;57.5;58.25;1249999
58.25;58.35;57.4;57.65;1056893
57.7;58.5;57.7;58;1060990
57.95;58.25;56.75;56.8;1461540
56.65;57.05;56.45;56.8;670989
56.45;56.6;55.2;55.55;1859243
55.65;55.65;54.35;55.3;2088632
55.15;55.3;54.65;55.1;617690
54.6;55.5;54.5;54.9;1073681
55.55;56.8;55.2;56.35;1546733
56.4;56.9;56.1;56.6;1118695
56.9;58;56.75;57.8;2272637
57.45;57.85;56.95;57.5;1360740
57.95;58.6;57.1;58.4;1811526
58.8;60.15;58.6;59.3;2648094
59.3;59.3;57.65;58.2;1995082
59.7;60;59;59.45;2763439
59.2;59.75;58.55;58.65;1236168
58.7;58.8;57.7;57.95;1751999
57.95;57.95;57.25;57.85;1465993
57.9;58.9;57.85;58.85;1212482
59;59.75;58.95;59.6;1059463
59.5;60.1;59.4;60;1109526
60.1;60.6;59.55;59.95;1388656
59.95;60.8;59.2;59.35;1117710
58.8;58.95;57.1;57.1;2156774
56.8;57;55.25;55.4;2717082
55.8;56.4;54.85;55.3;1804537
55.85;57;53.9;53.95;2784558
54.55;54.9;53;54;2423554
53.95;54.9;53.45;54.15;2332580
54.15;54.15;51.6;51.95;2673697
52.25;54.5;52.25;53.85;2352116
53.15;53.65;52.5;52.8;2279328
52.8;54.05;52.3;53.75;1095796
54.15;55.3;54;55.05;1628686
54.85;55.55;54.65;55;631412
54.75;55.1;53.25;53.4;1908231
53.1;54.7;52.7;54.65;2165532
54.65;55.15;53.55;54.15;1460909
54.5;55.65;54.5;54.7;1569417
54.6;54.9;53.05;53.2;1890488
52.2;52.95;51;51.5;2923770
51.95;52.3;50.35;51.05;3186736
50.05;50.6;49.06;49.06;3539614
50.95;51.75;50.15;51.35;3456304
51.25;51.6;50.6;51.1;1669172
50;50.7;49.93;50.2;2336285
50.45;51.8;50.25;51.4;4085785
52;53.3;52;53.05;2702084
54;54.3;52.3;52.6;2830015
53.2;54.4;52.85;53.2;1856541
52.55;54.2;52.5;54.05;3034865
54.45;54.45;52.9;54.15;1698899
53.65;54.2;52.9;53.25;2273305
53.55;54.1;53.25;53.75;835332
54.1;54.2;52.9;52.95;1107915
53.5;54;52.9;53.1;1517614
52.95;53.55;52.5;52.85;948423
53.15;54.75;52.9;54.6;1655870
55.1;55.95;54.7;55.9;1909846
55.95;56.15;54.4;55.15;1462304
54.75;55.65;54.6;55.55;930974
55.4;55.75;55.1;55.25;2877604
55.35;56.15;55.1;56;1201922
55.85;55.85;54.8;55.35;1118016
55.1;55.95;54.7;55.6;1914349
55.2;55.55;54.15;54.5;2752338
54.95;55.45;54.55;54.95;1637806
54.5;54.55;53.3;53.55;1431475
52.95;53.2;52.2;52.2;1164348
52.35;52.45;51.45;52.1;977941
52.05;52.2;51.1;51.35;1302629
51.6;53.3;51.45;53.3;1548885
53.55;54.5;53.5;53.95;1402955
53.6;54.5;52.9;53.2;1148067
53.45;54.2;53.25;54.2;857796
54.65;55.4;54.4;55;1206439
55.25;55.7;54.35;54.55;1372888
55.1;56.15;54.5;56.15;1559767
56.85;57.1;55.1;55.85;2366700
56.05;56.25;55.75;55.9;1134619
56.7;56.7;54.75;55.1;1379179
55.3;56.9;55.2;56.9;1555215
57;57.05;56;56.15;2624560
56.55;57.05;56;56.95;1157747
56.25;56.75;55.5;55.7;923225
56.6;56.65;55.65;56.05;889629
56.35;56.6;55.7;56.55;992802
55.85;55.95;55.25;55.6;1174825
55.95;56.1;55.25;55.9;738571
56.45;56.65;55.85;56.5;708224
56.35;57.2;56.05;56.9;1081577
57.1;57.45;56.75;57.4;1066940
57.4;57.5;56.95;57.5;1079678
57.5;57.7;57;57.35;1068245
57.3;57.5;56.75;56.9;1133027
57.2;57.6;56.95;57.4;971161
57.5;57.6;56.6;56.75;1131237
56.55;57.3;56.35;56.9;1009372
57.05;57.2;56.65;56.8;446992
56.9;57.55;56.45;57.5;576977
57.7;57.85;57.15;57.4;955760
57.7;58.2;57.45;57.75;898061
57.9;58.3;57.45;57.95;1052079
57.9;58.85;57.75;58;1112344
58.25;58.75;58.2;58.5;777637
58.6;58.6;57.5;57.7;1169316
58;58.15;57.05;57.3;964933
57;57;56.2;56.35;1559892
56.55;56.8;56.3;56.5;881267
56.3;56.55;56;56.45;845097
56.45;57.4;56.15;57.3;1070947
57.5;57.5;56.95;57.3;1144208
57.35;57.5;56.75;57.1;984130
57.25;57.65;56.85;57.2;2659640
57.4;57.65;56.9;57.3;966442
57.4;57.6;56.75;57.05;1142488
57;57.8;56.8;57.8;1210492
57.75;58;57.35;57.55;2092595
57.3;57.4;56.7;56.9;1235039
57.2;57.65;56.85;57.1;1058407
57.4;57.85;57.25;57.65;1810982
57.3;57.5;56.35;57.05;2454659
57.3;57.35;56.65;57;1669063
57.2;57.75;57.1;57.2;1543691
57.7;58.1;57.45;57.7;1550966
57.4;57.6;57;57.2;823093
57.55;58.15;57.35;58;1314610
58.45;58.7;58.25;58.55;1576454
58.6;58.6;57.75;57.95;1207304
57.65;57.65;56.9;57.25;1637443
57.6;57.85;57.05;57.65;1815807
57.75;57.9;57.25;57.6;1299650
57.75;59.15;57.6;58.85;3940852
59.15;59.4;58.6;58.7;1550773
58.95;59.15;58.4;58.75;912558
58.85;58.9;57.7;57.8;1186518
58.05;58.35;57.55;58;2166330
57.7;58.15;57.55;57.75;1593211
57.95;58.05;57.45;57.8;1584608
57.95;58.85;57.9;58.65;1543625
58.3;59.1;57.85;58.3;1818331
58.75;59;57.95;58.05;2214192
58.5;58.75;58.25;58.5;1448278
58.55;58.85;58;58.25;1021289
57.95;58.2;57.65;58;1094420
58.15;58.35;57.75;57.75;1086961
57.95;58.3;57.85;58.1;816403
57.95;57.95;56.65;56.95;2278520
57;57.55;56.65;57.3;1430372
57.45;58.1;57.4;58;1183842
58.1;58.5;58;58.3;1136618
58.2;58.3;57.2;57.8;1681090
58;58.1;57.25;57.65;1505581
57.6;57.85;57.2;57.65;1097524
57.75;58.85;57.55;58.6;2093652
58.75;59.25;58.55;58.85;1857593
59.35;62;59.2;61.5;5959186
61.65;61.7;60.45;60.55;2348468
60.55;61.25;59.75;60.4;2555398
60;60.5;59.25;60.45;1457318
60.45;60.8;59.95;60.4;1601360
60.25;61.3;60.2;61;2073439
60.85;61.2;59.9;60.15;1392661
60.2;60.55;59.3;60.05;2100215
60.1;60.35;58.6;58.75;1617173
58.65;58.95;57.85;58.15;1641779
58.85;59.45;58.25;59.3;1648379
59.5;61.75;59.1;60.25;4469544
59.85;60.95;58.55;58.9;2511220
59.4;59.75;59.15;59.65;1313347
59.85;59.85;58.75;59.8;1598101
59.75;60.55;59.55;60.25;1943448
59.95;61.4;59.9;60.7;2056666
60.45;61.15;59.6;60.5;2046583
61.05;61.15;60.65;60.85;1716597
61;61;59.95;60.15;2817810
60.5;61.05;60.4;61.05;2239192
61.35;61.5;60.75;61.45;2855730
61.7;62.6;61.25;62.05;2858130
62.4;62.5;61.6;61.8;1663727
61.5;61.85;60.95;61.2;1533779
61.75;63.2;61.75;63.1;2134468
63.15;64.25;62.8;63.6;1958305
63.65;63.65;62.95;62.95;1179044
63.4;64.05;62.9;64.05;991485
64.05;64.3;63.35;63.75;886375
63.55;63.9;63.25;63.65;573309
64.3;65.2;64.05;64.8;1243619
64.7;65;63.8;64.4;1186710
64.1;64.85;63.9;64.65;1489965
64.55;64.9;63.7;63.7;2217053
65.5;65.95;64.7;65;3291151
65.95;68.8;65.95;68.05;5456347
67.85;68.65;67.4;67.65;2470714
67.85;69.2;67.7;69.15;2041384
68.55;69.7;68.3;69.45;1522811
69.45;70;69.4;69.8;1356055
69.7;70;68.2;68.2;2468169
67.2;68.55;67.2;68.5;1993924
68.95;69.45;68.3;68.4;1677709
68.85;71.5;68.85;70.95;3294805
71.6;71.7;69.8;69.95;3140426
70.25;70.7;69.3;69.9;1592489
70.15;70.6;69.5;70.3;2091594
70.5;70.7;68.55;69.25;3380264
68.5;73.5;68.45;72.65;6415038
72.4;74.4;72.3;73.15;2650668
72.7;73.4;71.95;72.85;2310381
72.2;73;72;72.4;1334386
72.55;73.6;72.2;72.65;2508395
72.35;73.25;72.15;72.8;1911113
72.35;73.65;71.95;73.25;2068575
72.55;73.25;72.25;72.4;1444824
72;72.2;71.55;72.05;2894555
71.8;73.7;71.8;73.05;2807745
72.9;74;72.9;73.45;1515426
72.55;72.75;72.25;72.6;1744018
72.3;74.15;72.3;73.55;1586772
73.55;75.35;73.55;74.6;2575299
73.8;74.85;73.7;73.95;1266698
73.25;74.2;73.25;73.5;1333723
73.31;74.7;73.31;73.55;1556254
73.02;74.1;72.91;73.8;1397109
73.12;74.73;73.12;74.11;2260555
74.01;74.95;73.85;74;1640261
74.09;74.47;73.34;73.59;1285021
73.99;75;73.65;74.36;1169231
74.69;74.69;70.26;71.4;5644164
69.22;71.44;69.05;70.4;4797201
70;71.49;69.25;70.7;4655169
70.83;72;68.9;69.8;3273663
68.1;68.63;67.51;68.25;3827794
68.73;69.55;68.5;69.3;1949491
69.32;70;68.95;69;2343264
69.7;70.71;69.05;70.52;2371014
70.55;70.64;69.36;69.93;2838429
69.95;71.58;69.94;70.24;3036587
70.01;70.95;69.4;69.46;2197151
68.11;68.45;67.2;67.29;3293892
68.58;69.29;67.95;69.26;2890900
68.87;70;68.4;69.31;3244720
70.69;71.1;70.1;71.1;2192353
70.53;71.9;69.84;71.83;2022826
71.8;72.62;71.01;71.79;1493554
73.45;73.82;72.62;73.65;2259722
73.82;73.82;72.72;73.62;1618641
73.84;73.98;72.19;72.59;2032790
73.32;73.74;72.55;73.17;1847073
72.79;73;71.74;71.75;1813480
72.19;73.15;72.07;72.9;1471375
72.99;73.72;72.31;73.17;1143624
73.13;73.7;72.21;72.68;1559565
73.5;74.34;73;74.22;1732718
74.5;74.59;73.65;74.08;1366832
73.81;74.39;73.7;74.21;1002553
74.17;74.39;73.85;74.18;1595690
73.7;74.32;73.35;73.44;1712090
73.5;73.97;72.25;73.1;2283261
73.1;73.79;72.59;73.12;1185692
73.21;74.03;73.2;74.03;1482506
73.46;74.03;73.14;73.89;1462289
73.85;74.05;72.77;73.11;2062398
72.01;74.02;72;73.88;3338421
74.5;75.94;74.12;75.8;4097422
76;76.6;75.59;76.39;2226918
76.3;76.6;75.32;75.99;2500571
76.49;77.07;76.09;77.07;2193487
77.9;78;77.21;77.51;2143922
78.75;78.79;77.36;77.49;2253482
78.39;79.15;78;78.85;1761664
79.49;79.67;78.7;79.09;2005241
79.7;80.26;78.73;79.7;2306489
79.69;81.3;79.48;81;2311889
81.25;81.42;80.39;80.76;999111
80.26;80.75;79.84;80.03;1833009
80.78;80.78;79.5;80.04;1356826
80;80;78.82;79.08;1642712
78;79.99;78;79.76;2231146
80;80;79.29;79.62;995010
79.61;80.7;79.4;80.7;2179231
80.8;80.81;79.7;80.02;1700821
80.5;80.91;80.08;80.39;964737
80.4;81.45;80.2;81.32;1523884
81.4;81.78;80.76;81.31;1256116
81.62;82.2;81.12;81.83;1311122
82;82.18;81.2;81.45;1439598
80.51;80.85;79.14;79.99;3493280
79.43;79.92;79.3;79.73;2046932
79.87;80.62;79.8;80.46;456330
80.77;80.77;80.07;80.31;1331378
79.55;80;78.73;79.92;1623586
80.69;81.73;80.5;81.49;2348909
81.16;82.93;81;82.64;1477572
82.11;82.4;81.36;81.49;1481813
81.37;81.76;80.84;81.26;2106749
81;81.16;79.6;79.76;2581462
79.9;80.36;78.6;78.73;2854377
78.03;78.72;77.5;78.35;2927855
79.46;79.47;78.9;79.26;2099797
79.3;79.33;78.16;78.7;1831385
78.7;79.88;77.85;79.44;2156291
80.4;81.82;80.3;81.74;3288501
82;83.25;81.7;82.88;3704156
83;84.81;82.92;83.71;2751994
83.9;84.18;82.87;83.4;1338258
84;84.95;83.43;83.66;1999764
82.23;82.23;81.26;81.9;2970463
82.2;82.66;80.93;81.4;1963888
80.36;82.15;80.22;81.89;2363521
81.15;81.78;80.71;81.27;1565547
80.5;82.1;80.2;81.98;1896494
82.59;83.38;82.26;82.63;2169980
82.91;83.65;82.28;83.37;1651814
82.75;83.31;82.6;82.96;1314385
83.86;84.66;83.41;83.95;2411964
83.89;84.39;83.7;84.04;838559
84.3;84.35;83.29;83.86;1376043
83.95;84.41;83.89;84.26;1370789
84.08;85;83.98;84.25;1431554
84.71;85.7;83.38;83.77;1980816
83.25;83.87;82.63;83.55;1645799
83.63;84.79;82.94;84.74;1979505
85.5;85.85;84.1;84.51;1667545
84.35;84.72;83.57;84.11;1540127
84.3;84.3;83.02;84.02;1810132
83.42;84.2;82.92;83.2;2142379
83.94;83.97;82.8;83.97;1901647
83.47;84.11;81.89;82.35;3099179
81.81;83.58;81.51;83.18;1782382
83.26;83.85;82.44;82.87;1908383
82.5;82.56;81.5;82.22;3197350
82.47;82.85;79.4;80.26;3762423
80.7;82.4;80.27;81.28;5360691
80.64;82.3;80.5;81.06;2893800
82.17;82.73;81.72;82;3182342
80.2;82.25;80.11;81.43;3383317
82.24;83.13;81.83;82.17;2205702
82.69;83.1;81.49;81.69;2306660
80.5;80.91;79.6;80.03;3449432
80.46;81.2;79.91;80.65;3168797
81.6;82.17;79.27;81.75;4680103
81.82;81.82;80.22;80.63;3382155
79.13;80.88;78.86;79.65;5189978
80.11;81.78;80.11;81.58;3067444
80.43;81.17;79.81;80;2354521
78.98;80.7;78.61;80.4;2869330
78.7;79.34;78.14;78.46;7424297
78.56;80;76.89;77.25;6843419
77.82;78.48;76.78;77.03;3162411
77.45;77.9;75.76;76.97;2242512
77.5;78.17;77.48;77.51;2231515
78.31;78.95;77.29;77.29;2921873
76.71;78.56;76.7;77.84;1382754
78.42;79.13;77.96;78.12;1084911
77.63;78.18;76.81;77.1;2249832
76.87;78.45;76.34;78.4;2902650
79.35;79.95;78.12;79.27;2132123
80;80.49;79.23;79.86;2178715
80.1;80.48;79.49;80.25;1186240
79.99;80.01;79;79.37;1795367
79.01;79.1;76.32;76.41;5193627
77.2;77.56;74.75;75.42;3391406
75.18;76.03;71.71;72.04;3909442
72.19;72.7;70.55;70.75;4125059
71.73;72.89;70.97;71.75;3675957
72.03;72.23;70.26;71.78;4802157
71.75;72.19;70.6;71.83;4935063
71.49;71.99;70.66;71.51;3971071
71.71;71.71;69.12;69.61;4554018
69.14;71.64;69.12;71.27;5499369
73.35;74.97;73.11;74.97;6237339
74.3;74.59;73.06;73.5;4342577
72.91;74.15;72.7;73.82;4257726
73.79;73.82;72.34;72.57;4753165
72.44;72.66;68.97;69.92;8515746
70.52;70.9;68.95;69.47;6635305
73.3;73.49;72.03;73.09;9971504
73.13;73.67;72.63;73.19;3725694
73.27;75.75;72.2;75.74;3923611
75.82;77.1;75.75;76.71;3285024
77.2;77.6;76.34;77.1;1945665
76.55;76.8;75.54;75.96;3354367
76;76.3;75.42;75.85;2344791
76;76;75.45;75.83;1210844
75.9;76.02;74.64;75.5;2394741
75.95;76.09;75.26;75.64;2639479
75.84;76.3;74.89;74.92;2028335
73.51;73.7;71.87;72.6;4831827
72.8;72.99;71.6;71.86;2453654
71.31;71.58;69.41;69.96;4579280
70.5;72.44;69.65;71.98;3559003
72.4;72.45;69.96;70.29;5876342
70.28;71.02;69.6;70.23;4955202
69.2;70.13;68.6;68.95;6114217
69.15;71.27;69.15;70.88;4369819
72.45;73.25;71.5;72.03;7015201
73.47;73.52;71.71;73.43;5413264
73.55;74.9;73;74.15;3835380
74.83;74.89;73.81;74.53;1937310
74.1;74.1;72.87;73.24;3464851
73;74.21;72.3;73.99;2296720
73.9;74.24;72.34;72.81;2286232
72.61;72.86;71.29;72.41;2661907
72.37;72.55;71.39;72.33;1376501
72.33;72.96;72.12;72.63;1580885
73.5;73.8;70.91;71.37;3633492
70.28;72.64;69.83;72.2;3920466
72.15;72.22;69.85;70;3848197
70.04;70.34;69.08;69.8;2372396
69.5;69.55;67.75;68.41;3830615
69.77;70.15;69.2;69.94;3472976
70;70.5;68.79;69.52;2689762
69.47;69.7;68.61;69.13;2803786
69.1;70.8;68.01;68.04;2759503
68.59;69.95;67.13;69.55;2668646
68.61;68.9;66.81;67.36;3512167
67.65;68.26;66.65;66.7;2497456
66.36;67.35;66.05;67.05;3296839
67.57;68.05;65.24;65.24;3141219
65;65.71;63.54;63.72;3674794
64.38;66.86;62.69;66.65;4355572
67.46;68.28;66.95;67.75;2421309
67.65;68.79;66.83;67.25;3485495
66.87;67;65.65;66.24;1662296
66.05;66.3;63.96;64.14;2358540
64.85;67;64.66;66.75;2355647
67.3;69.17;66.92;67.83;2602486
68.77;69.28;68.15;68.49;1936397
68.37;71.34;68.11;70.05;2978458
70.37;71;69.49;70;2019479
69.12;70.97;68.13;69.94;2434573
69;69;67.59;67.76;2594689
68.39;69.44;66.78;67.48;2254716
66.61;66.7;65.53;65.71;2910672
65.5;66.55;65.19;65.21;2095242
65.55;65.6;64.02;64.16;2238345
64.72;65.17;62.6;63.1;3185479
63.61;65.45;63.6;65.05;7602103
65;65.45;64.55;65.03;494372
65.15;66.11;64.53;65.16;1454106
64.96;65;64.01;64.51;1095791
64.52;64.52;63.8;64.49;266310
64.24;65.26;62.38;62.83;1995639
62.42;63.23;61.3;62.09;1883758
61.94;62.6;58.85;59.81;2853818
59.7;60.5;58.15;58.83;2875617
58.99;59.37;58.09;58.27;2321641
57.99;58;56.2;56.98;3350476
57.69;58.08;56.3;56.83;2390601
57.12;58.2;56.96;57.44;3027362
57.25;58.76;57.25;57.89;1811286
58.07;58.19;56;56.16;1947386
56;57;54.85;55.95;2891395
56.46;56.9;54.2;54.5;2416876
54.38;54.9;53.03;53.72;4773942
52.11;52.65;49.1;50.63;6388604
48.1;53.2;46.5;52.21;7831930
53.99;54.6;49.62;50.57;5390777
55;55.71;53.15;55.66;4695615
53.8;56.42;52.2;52.22;5116214
50.6;51.66;49.7;51.41;3434656
51.58;53.26;51.58;52.82;3391778
52;52.5;51.13;51.76;2109017
51.59;52.39;50.15;52.07;2196354
53.01;55.2;52.6;55.2;4745214
55.56;57.1;55.23;55.59;2915520
55.2;55.38;52.07;52.16;3843434
51.22;52.51;51.16;52.04;2541578
51.64;51.64;49.5;50.04;4420679
50.51;51.2;49.35;49.84;3528911
49;50.33;49;49.6;3301645
50.2;51.11;49.2;51.11;4831255
50.49;51.35;49.8;50.85;2570833
51.81;51.92;50.75;50.98;2092431
50.6;51.54;50.08;50.71;4361753
50.89;52.18;50.89;51.82;1626937
51.5;53.07;50.68;52.28;2749536
51.24;52.32;50.91;51.93;3082559
52.59;54.35;52.45;53.99;5137910
53.49;54.18;52.71;53.12;2871253
53.58;54.62;53.52;54.33;1535279
54.75;55.45;54.26;55.3;3744338
55.55;55.56;54.25;54.92;2624749
54.7;54.78;53.51;53.51;1959524
53.45;53.72;52.01;52.22;2202515
51;52.18;50.4;51.67;2245403
51.61;52.32;50.23;50.88;2472989
51.52;52.08;51.19;51.8;2383847
51.5;51.77;49.23;49.25;3730719
48.7;50.35;48.41;49.66;3148008
49.67;50.1;48.88;49.51;2696205
50.1;51.66;49.52;51.03;2671664
52.1;52.75;50.53;51;2538252
49.96;50.14;49.07;49.81;2398348
49.78;50.01;48.1;48.42;3288473
47.42;47.86;45.41;45.5;4711096
46.44;48.04;46.15;47.93;3916208
48.76;49.79;47.79;48.2;3275935
47.96;48.54;47.08;47.47;3439166
49.7;50.77;49.51;50.76;4238751
50.06;51.39;49.7;49.95;3215369
49.75;51.82;49.75;51.7;3569285
51.76;51.9;50.72;51.22;2129052
50.96;51.75;50.12;51.65;2289942
51.31;54.04;51.31;54.04;3584998
54.2;55.2;54.01;55.19;3207963
55.19;55.73;53.89;54.4;2955108
54.5;55.06;53.51;54.37;1644289
55.06;55.44;54.32;55.44;1508205
55.25;55.25;53.3;53.77;1821108
53.62;54.19;53.25;53.41;1236574
53.42;53.55;51.25;52.26;2296520
52.45;52.94;51.11;51.3;1932599
50.89;51.4;50.36;50.81;1597001
51.2;51.79;50.33;51.28;1222777
51.88;52.3;51.32;52.02;1516423
52.14;52.74;51.5;51.88;1435012
51.92;53.46;51.73;53.29;2350189
53.14;53.14;50.5;50.5;2284567
50.49;50.82;49.22;49.76;2661618
50.9;52.06;50;52.06;2697317
51.89;52.4;50.64;51.5;1722783
51.8;53.42;51.76;52.79;1659938
52.8;53.52;52.56;53.05;996612
52.75;52.86;51.62;51.84;1460479
51.81;52.25;50.63;51.75;1269329
52.58;52.85;51.54;52.41;2068788
52.39;53.12;52.1;52.96;1057355
52.6;52.64;51.82;52.05;2013820
52.51;54.11;52.1;53.14;1978034
52.88;53.75;52.73;53.25;1564424
52.73;53.21;52.01;52.48;2031286
52.73;52.88;52.07;52.2;896147
52.63;52.71;51.86;52.06;1410477
52.4;53.05;52.03;52.8;1941583
52.65;52.95;52.3;52.78;1554295
53.55;55.88;53.01;55;4004665
55.5;55.7;54.57;55.4;1926021
54.99;55.46;54.56;54.75;1581517
54.95;54.95;53.29;53.85;2005894
53.36;54.1;52.75;53.91;1457614
54.17;54.29;52.61;52.61;2034773
52.76;53.65;52.71;52.97;679506
53.09;53.4;52.48;52.95;1437649
53.06;53.78;52.67;52.81;1235801
52.8;52.85;50.95;51.11;5227946
51.5;52.04;51.15;51.84;2022949
51.62;52.1;51.12;51.72;1792418
51.5;52.49;51.5;52.14;1294142
52.27;52.27;51.01;51.45;1464082
51.89;52.28;50.49;50.85;1838926
51.25;52.07;49.05;49.05;2692500
49.01;49.21;47.38;47.62;3025992
47.28;48.58;46.67;48.12;2730331
48.6;49;45.73;45.73;2966753
46.07;46.68;45.8;46.35;2056418
46.5;46.65;45.71;46.28;2049151
45.33;45.73;44.68;45.22;3979453
45.49;45.5;43.57;44.15;4929759
43.87;44;42.15;42.57;4062341
42.1;42.43;41.12;41.88;3502100
42;42.49;39.53;40.01;6338670
40.24;40.96;39.9;40.03;2693421
40.24;40.38;38.4;39.51;4037701
39.82;41.63;39.62;41.48;4415678
40.91;42.26;40.38;40.63;5601140
40.62;41.65;39.7;41.05;3702000
40.94;41.33;39.25;39.74;3062470
39.36;39.5;37.61;38.27;4445066
38;38.2;35.66;35.95;4484687
35.5;37.99;34.4;37.82;4947606
37.84;37.91;36.6;36.6;1818382
36.85;37.16;36;36.9;2015630
36;36.24;35.52;35.9;3002259
36.45;37.48;36.15;37.12;2483466
36.25;36.25;34.51;34.89;4089638
34.8;35.3;32.88;32.88;3920548
33.42;34.71;33.28;33.91;1925643
33.34;33.68;32.13;32.62;3104021
32.64;33.53;31.92;33.38;3504464
34.4;37.23;34.01;36.4;5579995
36.06;37.75;35.87;37.72;3530692
37.92;37.98;36.69;37.52;2354693
37.14;37.75;35;37.07;3232191
37.93;38.13;35.52;37.82;3231217
38.3;38.49;36.23;36.68;3540174
35.5;39.31;35.3;39.31;6570798
39.1;39.5;38.3;38.38;2708572
37.9;38.3;36.95;38.02;2336900
39.88;40.44;39.22;39.75;3314642
39.96;40.38;39.28;40.21;2847931
39.3;39.41;38.21;38.25;2441243
38.25;38.7;37.67;37.82;1563921
38.24;40.9;38.1;40.8;3376434
41;41.96;40.8;41.96;3262218
41.68;43.44;41.41;42.04;2398448
41.9;42.34;40.98;42.2;1978463
42.48;44.53;42.48;44.23;2143919
44.68;44.9;43.55;44.04;2483930
43.65;43.86;42.11;42.11;2256540
42.35;42.89;41.61;42.27;1218654
42.7;43.76;42.27;43.45;1301633
43.23;44.05;42.62;43.25;1061802
43.02;43.02;40.78;40.78;2227416
41.08;41.2;39.76;40.17;1871542
39.75;39.93;38.7;39.15;1877193
39.2;40.94;39.16;40.91;1743726
40.9;40.99;40.1;40.34;1048740
39.98;40.37;39.27;40.06;1382262
40.15;40.15;39.01;39.75;1162859
39.75;41.37;39.3;41.25;1466633
41.61;42.24;40.95;41.9;1794968
41.6;42.12;40.81;41.72;1091363
41.54;44.55;41.29;44;3252440
43.6;43.61;42.75;42.97;1072032
43.04;43.08;40.9;40.97;2088102
40.71;40.83;39.57;39.77;2360673
42.55;43.2;41.39;41.96;2910447
41.85;42.57;40.76;41.01;2312457
40.85;41.23;39.98;40.38;1675520
40.2;40.3;38.85;39.34;2526012
39.85;40.09;39.3;39.65;1502956
38.55;40.1;37.63;39.68;3683353
39.08;39.32;37.25;37.36;3640173
38;38.3;35.96;36.2;3380795
36.5;37.16;34.85;35.06;3870983
37.5;40.18;36.6;39.53;6087921
39.4;40.41;39.16;39.57;3101148
39.39;39.39;37.5;38.09;1828511
38.5;38.59;37.01;37.81;2044938
38.13;39.32;37.81;39.3;2394213
38.54;38.9;37.62;38.24;1454818
38.25;38.35;35.25;35.56;3415165
34.85;36.84;34.73;36.15;2817445
36.51;36.79;35.14;35.72;1695534
35.92;37.17;34.76;34.87;2008377
35.11;36.58;33.82;36.28;2692104
34.55;34.76;31;31.99;4680994
32.98;33.29;31.1;31.38;3739716
30.07;34.29;28.48;28.86;4755118
29.67;30.94;28.19;28.96;3904830
26.3;28;24.85;26;7263065
28.8;31.3;27.7;30.79;4207301
32.7;33.9;31.01;32.3;4854682
32.13;32.2;27.2;27.56;5153256
26;27.94;25.04;25.4;5418053
26.89;26.89;25.05;26.59;4214026
27.44;28.24;26.8;28.17;2574829
28.6;29.46;28.3;28.76;2151306
27.96;28.17;25.93;26.18;2373553
25.66;27.16;24.91;26.38;4410550
24.92;25.18;23.25;25.18;4323421
23.85;25.79;23.05;24.43;3176642
25.2;25.94;23.28;24.15;3832817
26.3;28.64;26.27;28.64;5287196
29.73;30.29;28.67;29.33;3222769
28.93;30.27;28.38;30.03;1976532
30.37;30.44;29.72;30.24;1576187
30.19;33.06;30.03;33;3431161
33;33.66;31.61;33.36;3186211
32.05;33.12;30.31;30.56;3242622
30.55;31.28;29.06;30.47;2212294
31.58;33.66;31.54;32.15;2213634
31.55;31.85;29.56;29.71;2268619
30.41;30.68;27.82;28.16;3381221
27.67;28.8;27.53;28.13;2125538
29.07;29.63;26.8;26.94;3098961
27;27.8;26.84;27.09;2576194
27.19;27.34;25.75;26.97;1982873
27.01;27.65;26.35;26.55;2795246
25.23;26.39;25.11;25.82;2799183
25.89;27.45;25.31;26;2233521
26.88;29.86;26.61;29.86;3075243
29.38;31.68;27.93;31.04;4020186
30.63;32.12;30.25;31.82;2038326
32.3;32.5;31.13;31.77;1584895
31.66;31.75;30.2;31.43;1808039
31.65;31.77;29.57;29.7;2185185
29.02;31.37;28.6;31.13;1868051
31;31.87;30.22;31.44;1603048
31.35;32.9;30.67;31.31;1800898
30.95;31.04;29.5;30.01;1668223
32.1;33.26;31.85;33.12;2433607
32.68;35.67;32.53;35.35;3617354
35.3;36.54;34.75;36.42;2065495
36.15;36.42;34.82;35.7;2148145
34.15;35.49;33.27;35.11;2273893
35.8;36.2;34.6;34.76;1671318
34.25;34.43;33.15;34;2420054
34.73;34.84;33.34;34.3;2123867
34.3;34.5;33.42;34.08;2374380
33.55;34.8;32.55;34.46;3439300
34.2;34.2;33.3;33.3;1809100
33.48;33.89;32.95;33;1178538
32.73;33.4;31.5;31.5;635380
32;32.18;31.72;32.09;1252260
32.49;33.15;32.12;33.15;1000536
33.81;34.39;33.26;33.6;415393
33.6;35.68;33.6;35.68;1189681
35.72;36;34.6;35.41;1827496
35.65;36.36;35.07;36.1;1438779
35.85;36.73;35.76;36.69;2087477
36.1;36.1;34.3;34.84;2070269
35.24;36.32;34.82;35.53;1429785
35.29;35.61;34.25;34.27;1238334
33.64;33.96;32.89;33.53;2661685
33.77;33.87;29.75;30.01;3826754
30.3;30.68;28.79;29.41;2854082
30.13;31.28;29.5;29.79;2516912
30.27;30.53;28.67;29.22;1929331
29.23;29.81;27.82;28.04;2259975
27.69;28.57;27.1;27.97;3523084
28.7;28.95;26.88;26.88;2887916
27;27.08;25.48;26.51;3145556
26.2;27.97;25.64;27.79;3577941
27.79;27.79;26.41;27.07;2123671
27.7;29.62;27.62;29.25;2730718
29.19;29.44;26.69;27.04;2843953
27.03;27.61;26.08;26.58;2206146
26.115;26.65;25.33;26.33;1948803
26.645;27.55;26.14;27.39;2635594
27.68;30.44;27.4;29.94;3612040
29.115;30.145;28.625;30.085;2779295
30.24;32.24;30.1;32.13;3615714
31.88;33;31.61;32.77;2185390
32.33;32.445;30.64;30.655;2362924
30.5;31.2;30.06;30.69;1841697
30.49;30.49;29.15;29.68;2272755
30.19;30.65;29.06;29.305;2866363
29.155;29.68;28.685;28.685;1255107
28.06;28.145;26.77;26.895;2997807
27.155;27.34;26.05;26.895;1876003
27.305;28.3;26.73;27.99;2472505
24.26;25.3;22.825;23.8;14602274
22.1;22.885;21.13;21.29;7093554
21.03;21.185;18.75;19.36;9603809
19.8;20.31;18.855;19.06;7594810
18.88;19.11;17.34;17.485;11241834
17.2;18.94;16.65;18.32;11226704
17.88;18.685;17.4;17.965;7985156
17.99;18.57;17.83;17.875;7700292
18.22;19.55;17.91;19.475;17029369
19;20.2;18.2;18.26;8961777
18.4;19.53;18.15;19.02;7952612
19.08;19.15;17.975;18.24;4665141
18.55;20.15;18.365;19.965;4724767
20.12;21.485;19.72;20.395;5210254
20.4;21.34;19.815;21;3224601
21.53;21.58;19.795;20.37;4380869
21.2;21.4;20.55;21.335;2930761
21;21.06;20.455;20.785;2734917
21.19;21.45;20.03;20.37;4676443
20.47;21.4;20.45;21.1;4868414
20.79;21.59;20.735;21.22;7874269
21.68;21.975;21.025;21.975;3104422
22.32;22.47;21.51;21.935;2406030
21.75;22.08;21.3;21.765;2667277
22.02;22.03;21.34;21.61;2541729
21.915;21.93;20.785;20.855;2382974
20.4;20.66;19.5;19.5;2584417
19.775;21.25;19.695;21.12;3410020
20.55;21.78;20.23;21.68;2587951
22;24.985;21.995;24.765;7111563
24.5;25.77;24.03;25.02;3696300
25.285;26.21;24.125;24.385;3666046
24.26;24.38;22.5;22.925;3916709
22.455;23.925;22.25;23.43;2594589
23.9;24.48;23.41;24.45;2040179
24.57;26.4;24.335;26.08;3468217
25.58;26.035;24.88;25.08;2047634
25.695;26.77;25.045;26.415;2678355
26.79;27.65;26.09;27.095;4074341
27.9;27.9;25.505;25.83;3475939
26.11;26.445;24.84;25.525;2709135
25.65;27.265;25.6;27.07;4894153
27.03;27.96;26.74;27.09;3722588
27.365;27.385;26.675;27;3350466
26.54;28;26.21;27.675;3220414
27.25;27.25;26.105;26.47;2216653
26.47;27.015;26;26.39;2605603
27.045;28.35;26.515;27.425;6206968
27.605;28.4;27.4;27.855;2189089
28.13;29.4;27.55;28.735;3714703
28.59;29.8;28.415;29.11;3088724
28.5;29.905;27.95;27.95;3505698
28.115;28.805;27.98;28.19;2469265
27.61;28.075;26.12;26.305;3483103
26;26.71;25.32;25.47;3526972
25.25;25.76;24.18;24.185;3610908
24.1;25.85;24.1;25.59;3723368
25.66;26.16;25.54;26.085;3166201
25.57;26.16;25.1;26.13;2229840
26.245;27.565;26.24;27.45;3684800
26.8;27.88;26.7;27.88;2563210
27.01;27.32;26.35;26.45;2389830
26.3;27.375;26.3;27;2846636
26.31;27.18;26.22;26.98;1572970
26.36;26.985;25.67;26.88;2446723
26.76;27.4;26.71;27.15;1917371
26;26.16;24.9;25.37;6217029
25.45;26.085;25.405;25.475;2777334
25.82;27.535;25.82;27.3;2726975
26.9;27.58;26.76;27.235;2861169
26.53;26.995;25.935;26.31;2426536
26.4;27.09;26.245;26.49;2618840
27.09;28.19;27.015;27.245;3666770
27.25;27.3;26.59;26.78;1949899
27.055;27.42;26.8;26.95;2219537
26.465;27.035;25.97;26.15;2823691
26;26.31;25.55;26.135;2041293
26.17;26.75;25.85;26.65;2210626
26.24;26.4;25.36;25.39;2209650
25.5;25.7;25.03;25.39;2348848
25.18;25.28;24.1;24.5;3946901
24.155;24.35;23.05;24.15;5197690
24.15;24.92;24.1;24.63;4460591
24.75;24.755;23;23;3591256
22.9;23.7;22.79;23.03;3840894
23.275;23.8;22.8;23.665;3508105
23.655;24.18;23.05;23.77;2139653
24.065;24.45;23.4;23.505;1777457
23.45;24.45;23.15;24.395;2326824
24.49;24.915;23.825;23.825;3059107
24.005;24.865;23.96;24.76;2493358
24.49;24.53;23.415;23.47;3081665
23.595;23.695;23.02;23.55;1805299
23.385;23.385;22.53;22.705;2579693
22.71;23.51;22.12;22.53;3101258
22.33;22.85;22.21;22.275;2540983
22.22;23.02;22.1;22.365;2294774
22.3;22.41;21.815;21.915;1812200
21.805;22.675;21.62;22.57;2199494
22.775;23.135;22.325;22.975;1805912
23.245;23.94;23.1;23.89;2520172
24;24.82;23.7;24.34;3274706
24.51;24.725;24.02;24.02;2582061
24.535;24.985;24.25;24.75;2181937
24.8;25.63;24.65;25.23;2590213
25.36;25.49;24.745;25.355;2089499
25.5;26.675;25.085;26.675;3718269
26.37;28.57;25.88;27.58;9225727
27.8;28;27.02;27.215;3105540
27.33;27.6;26.15;26.4;2717043
26.575;27.23;26.41;26.965;2564665
27.295;28.85;26.925;28.585;3178946
28.26;28.75;28.12;28.45;2507610
28.5;29.56;28.355;29.47;2696556
29.215;29.545;28.5;29.03;1942082
28.865;30.135;28.8;28.935;2714440
29.105;29.845;28.955;28.98;1857892
28.84;29.885;28.35;29.825;2657838
29.53;29.785;29.06;29.705;1954329
29.85;30.325;28.535;28.615;2780716
28.615;29.1;28.18;28.94;1440922
29.08;30.47;28.965;30.16;2528633
30.2;30.9;29.705;29.87;2536489
29.425;29.495;28.15;28.645;3123017
28.89;29.25;28.44;29.065;1878672
28.71;29.365;28.45;29.075;1228064
29.565;29.72;29.1;29.635;1987546
29.595;31.545;29.375;31.32;3634843
31.6;33.755;31.5;32.7;4129958
32.3;33.635;32.2;33.63;3490454
33.255;33.79;31.905;31.92;3525975
31.895;32.215;31.14;31.43;2362193
31.585;32.33;31.55;32.14;2150149
31.66;31.895;31.02;31.39;1710428
31.5;31.68;30.025;30.025;3521385
29.995;30.17;29;29.635;2962191
29.85;30.77;29.625;30.215;2530850
30.46;31.1;30.3;30.88;2758963
31.35;31.63;30.955;31.51;1292444
31.745;32.14;31.465;31.85;1630057
31.6;33.285;31.55;33.21;3048398
33.45;33.7;32.62;33.01;2415315
33.25;34.5;33.01;34.3;3748194
33.95;33.95;33.125;33.85;2641055
33.95;34.24;33.59;34.07;2324752
33.9;34.44;33.54;34.22;2518808
35.9;36.08;34.815;35.21;3632509
34.995;35.85;34.8;35.85;4710580
35.7;35.99;34.61;34.915;2479113
35.09;35.68;34.915;35.215;2401998
35.175;35.265;34.3;34.505;2250118
34.235;35.07;33.63;33.78;2890748
34.2;34.2;33.305;33.44;2000116
33.44;35.05;32.83;35.04;2537901
34.95;35.45;34.515;35.165;2166531
35.43;35.995;34.81;35.45;2654523
35.62;35.65;33.9;34.025;2663537
33.42;34.225;33.1;33.8;3214433
33.785;34.375;33.4;34.335;1748736
34.575;36.175;34.35;36.175;2756406
36.2;37.46;35.965;36.68;2952788
37.4;37.94;36.915;37.41;2963006
37.49;37.84;37.015;37.475;2013687
37.475;39.345;37.475;39.23;3333339
38.775;39.035;37.955;38.055;2682774
38.755;38.99;38.295;38.97;2697759
38.97;39.61;38.86;39.61;2881755
39.54;39.68;37.74;37.845;4215801
38.25;38.735;37.7;38.505;2710970
38.55;38.7;37.12;37.13;3261198
37.48;37.635;35.72;36.71;4553847
36;36.3;35.7;35.87;2551222
36.64;37.87;36.37;36.41;4920435
36.7;36.905;35.37;35.575;2076651
35.905;36.375;35.315;35.85;2331346
35.6;35.69;33.94;34.175;3406721
34.13;36.07;33.57;35.705;2958746
35.605;35.845;33.12;33.305;3794182
33.31;34.62;33.23;34.3;3014317
33.805;34.88;33.5;34.46;3338354
35.06;36.18;34.82;36.095;3143937
35.58;36.87;35.1;36.67;1754792
36.525;36.94;35.72;36.18;2301543
36.64;37.28;36.5;37.205;1684265
37.05;37.45;36.595;37.085;1639475
37.48;38.1;37.435;37.68;1607841
37.505;38.2;37.3;37.65;1994549
37.65;37.89;37.045;37.89;1669478
38.205;39.16;38.205;39.06;2026929
38.67;39.25;38.475;38.57;1648754
38.7;39.24;38.175;38.495;2031440
38.5;38.65;37.405;37.53;2640792
37.845;38.055;36.395;36.85;3417653
37.41;38.14;37.405;37.95;2132122
37.54;38.485;37.43;37.855;1521586
38.355;38.6;37.835;38.265;1646951
36.94;37.465;35.71;35.8;4307420
35.42;36.85;35.1;36.4;2943252
36.41;36.84;35.75;36.225;2853843
36.745;38;36.735;38;2514068
37.895;38.945;37.895;38.805;2584400
39.54;40.65;38;38.205;3404022
38.18;39.05;37.505;38.53;2797515
38.29;38.93;37.95;38.675;1271950
38.505;38.7;37.3;37.71;2359975
37.71;38;36.505;37.455;3219552
37.3;38.37;37.095;38.015;2091317
37.995;38.455;37.56;37.75;2414994
38.1;38.39;37.755;38.02;1948317
38.02;38.19;37.16;37.665;1780898
37.525;38;37.525;37.75;2225930
37.345;37.74;37.05;37.125;1861065
37.16;37.945;36.91;36.91;2741725
37;37.435;36.59;37.435;1598697
37.585;38.07;37.48;37.805;1275779
38.1;38.53;37.805;37.945;1149089
37.8;37.995;37.575;37.575;239828
37.94;38.475;37.9;38.475;991861
38.49;38.845;38.26;38.64;1263122
38.7;38.995;38.3;38.38;598719
38.38;38.71;38.07;38.07;290487
38.335;39.1;38.335;39.1;1373226
38.985;39.17;38.62;38.915;1318746
38.74;39.085;38.515;38.75;1591851
38.715;38.715;38.06;38.64;1708724
38.94;39.29;38.63;38.9;1571982
39.1;39.445;38.46;38.54;1832104
38.54;38.72;37.37;37.525;2455791
36.995;37.7;36.845;37.1;2262608
37.515;37.6;36.965;37.25;1603494
37.265;37.48;36.07;36.295;3037159
36.35;37.26;36.3;37.2;1673470
36.985;37.385;36.38;37.315;1464872
37.215;37.995;36.655;36.87;2895931
37.3;37.46;35.65;35.67;3145788
35.4;36.03;35.32;35.565;2997511
35.35;35.86;34.765;34.765;2511756
34.42;35.03;34;35.03;3065140
34.7;34.735;33.755;34.025;2648233
35.13;35.145;33.375;33.375;2511274
33.85;35.125;33.585;34.85;3865043
34.5;34.68;34.165;34.265;2413581
34.275;35.245;33.71;35.14;2858216
35.115;35.645;34.9;35.265;2128484
34.81;35.325;33.75;33.775;3105451
33.5;33.6;31.845;32.025;7191651
32.5;33.285;31.805;32.215;4561422
32.4;33.3;32.01;32.985;3417072
33.66;34.125;33.06;33.185;4028199
33.28;33.6;31.88;32.53;3225824
32.455;32.83;31.1;31.36;3856941
31.6;31.955;31.15;31.36;1494368
31.7;32.43;31.455;32.385;2911000
32.97;33.65;32.815;33.44;3713495
33.84;34.25;33.38;34.03;2751583
33.65;34.025;33.365;33.92;2558131
34.2;34.27;33.425;33.5;1555015
33.855;34.23;33.245;33.355;2761836
33.3;33.49;32.545;33.105;2641706
32.9;33;31.785;32;2920299
33.93;34.57;33.5;34.52;7278294
34.755;35.35;34.515;35.075;2602210
35.05;35.59;34.75;35.51;2391737
35.205;36.4;35.205;36.15;2634679
35.67;36.25;35.65;35.955;1871976
36.27;36.56;35.85;36.475;1927157
36.66;36.755;36.3;36.3;1912760
36.22;36.5;35.755;36.185;2142098
35.8;36.125;35.54;36.08;1903669
35.96;36.17;35.78;35.955;1572798
36.07;36.545;35.815;35.99;1683611
36;36.04;35.255;35.375;1639667
35.5;36;35.375;35.79;1288099
35.995;36.85;35.865;36.725;3249388
36.67;37.185;36.36;36.54;2060870
36.695;36.885;35.73;35.955;3083005
35.78;35.95;35.16;35.79;1818943
35.76;36.52;35.76;36.365;1788885
36.26;36.39;35.115;35.515;2760313
35.425;35.865;34.85;35.73;2718639
35.7;35.985;35.6;35.74;1491301
35.925;36.115;35.625;35.93;1894886
36.35;36.525;35.785;35.85;1988436
35.75;36.09;35.375;35.6;1848341
35.78;36.295;35.73;36.13;1754294
36.29;36.58;36.1;36.25;1861695
36.72;37.335;36.55;36.825;3235679
36.645;36.835;35.89;36.555;2419775
36.8;37.535;36.8;37.535;2488298
37.715;37.89;37.06;37.205;1489622
37.07;37.31;36.795;36.96;1611252
37.27;37.78;37.005;37.415;1891395
37.65;37.82;37.075;37.54;1398807
37.335;38.08;36.89;37.085;3212286
36.81;37.19;36.465;36.86;1787058
37.09;37.78;36.9;37.715;2113611
37.9;37.95;37.245;37.245;1955979
37.11;37.52;36.5;36.88;2568094
37.67;39.485;37.145;39.335;5890019
39.71;40.28;39.38;39.675;3402502
39.875;39.91;37.775;37.775;3285906
37.52;37.695;36.25;36.59;4517220
36.52;38.035;36.21;37.92;3623390
38.135;38.15;37.085;37.415;2291060
37.12;37.53;36.55;37.265;1290250
37.49;37.55;35.23;35.45;4597448
35.4;35.535;33.82;34;5175766
33.79;35.01;33.36;33.59;4466708
32.535;33.345;30.94;31.63;7860279
34.75;35.185;33.6;35.185;7569395
34.705;35.515;34.29;35.48;4317112
35.165;36.28;34.76;35.905;3272328
36.18;36.19;35.085;35.37;1790159
35.16;35.415;33.5;33.65;4320183
33.28;33.835;32.645;32.995;3274782
33.71;34.405;33.215;33.94;3473625
33.2;33.49;32.165;32.33;4554902
32.49;32.855;30.61;31.52;5412886
31.27;31.54;30.005;31.065;6056760
31.76;31.89;30.805;31.375;3389409
30.235;30.405;29.305;29.825;5452701
30.505;31.325;30.5;30.7;4578491
30.91;31.65;30.75;31.595;5518695
31.795;31.88;31.25;31.42;4065142
31.4;31.76;31.1;31.39;1778768
31.045;31.85;30.365;31.415;4037611
31.23;31.86;30.925;31.27;4654655
32.055;32.545;31.76;31.905;6710142
32;32.1;30.38;30.61;5759460
30.5;31.25;30.235;30.575;4840356
30.73;30.96;30.01;30.45;4174039
30.37;30.44;29.85;30.27;6113474
30.25;32.56;30.23;32.19;7407693
32.51;32.995;32.195;32.865;5564199
33.415;33.755;33.14;33.67;4354724
33.31;34.125;33.06;33.96;3348205
34.12;34.12;33.085;33.68;4044076
33.79;34.565;33.56;34.055;2942857
34.035;34.41;33.895;34.165;3167990
34.92;35.08;34.665;34.95;2759448
34.52;34.94;33.515;34.005;3732513
33.625;33.9;32.87;33.065;4305299
33.34;33.39;32.205;32.4;4033876
32.525;32.575;31.67;31.91;2915085
32.235;32.82;31.79;32.7;2133275
32.03;32.1;30.815;31.095;4198332
31.25;31.445;30.525;30.895;3474433
30.495;30.74;29.685;30.125;4825505
30.585;30.79;29.995;30.005;3515438
30.285;30.435;29.99;30.055;1775316
30.28;31.26;30.225;30.85;3045702
30.4;31.2;30;31.12;4477031
31.95;32.09;31.405;31.85;3718312
32.1;32.295;31.46;31.55;2987127
31.55;32.34;31.41;31.99;2003848
31.97;32.83;31.97;32.65;2510839
32.87;33;32.225;32.615;1349335
32.39;33.02;31.985;32.22;2680188
32.44;32.625;31.14;31.32;2936136
31.01;31.695;30.96;31.11;1701918
31.35;31.445;30.48;30.9;2153560
31.335;31.82;31.095;31.265;2465223
31;32.49;30.865;32.415;2380142
32.4;33.13;32.2;32.87;3130496
33.2;33.29;32.685;33.29;1834080
33.55;33.985;33.14;33.425;2732544
33.55;33.725;32.9;33.145;2053510
33.25;34;32.94;33.295;2662413
33.98;34.18;32.245;32.665;4235643
33.19;33.88;32.85;33.81;2440843
33.96;33.975;33.365;33.895;2176498
34.07;34.345;33.45;33.89;2604956
33.96;34.295;33.705;33.88;1845451
34.33;34.47;32.85;33.04;3714891
33.6;33.96;33.545;33.9;1847332
33.75;33.78;32.87;32.95;2768011
32.72;32.855;31.43;31.565;3670763
31.395;31.805;31.06;31.445;2432671
31.805;31.805;30.8;30.94;3187060
31.155;31.35;30.58;31.015;1659416
31.27;32.09;31.2;31.96;2628654
31.845;32.265;31.5;31.96;1606786
32;32.25;30.81;30.915;3503269
30.92;31.19;29.95;30.145;3608530
30.195;30.85;29.97;30.385;1696779
29.98;29.98;28.465;28.955;6580424
28.995;29.335;28.25;28.785;3721839
29.31;29.35;28.49;28.685;3993977
28.52;29;28.035;28.755;3524442
28.985;29;28.325;28.49;1334992
27.98;29.095;27.81;29.04;3943414
29.055;30.495;28.875;30.315;5095835
30.35;31.03;29.955;30.62;2903524
30.765;31.86;30.51;31.51;4873107
31.715;31.75;31.3;31.5;1392585
31.365;31.47;30.81;31.045;2034543
30.9;31.67;30.53;31.54;2375974
31.45;32.29;31.15;32.12;2901923
31.96;32.25;31.75;31.84;1646082
32.285;32.43;32.085;32.26;1768328
32.37;32.44;31.83;32.165;2046019
32.15;32.565;31.935;32.165;2099786
32.165;32.245;31.245;31.28;2736570
31.605;32.15;31.31;31.63;6229163
31.9;32.355;31.7;32.295;2107112
32.17;33.23;32.01;32.91;3292838
33.15;33.15;32.175;32.305;2533277
32.64;32.895;31.45;31.975;2277472
31.945;32.72;31.7;32.59;2383711
32.855;33.305;32.8;32.945;2082573
32.89;33.18;32.285;32.985;2049259
33.21;33.53;32.6;32.675;1713406
32.36;33.25;32.16;32.63;2323407
32.775;33.14;32.015;32.135;2180221
32.1;32.16;31.465;31.6;1885351
31.555;32.94;31.455;32.74;3044594
33.01;33.66;32.95;33.5;3476513
33.495;33.52;32.915;33.165;2677727
33.11;33.44;32.62;33.35;2198190
33.5;34.005;33.4;34.005;2086746
33.74;34.2;33.39;34.075;2248907
34.265;34.99;34.265;34.54;2249343
35.6;35.78;34.8;34.96;3878106
35.29;35.3;34.775;35.065;2639516
34.935;35.2;34.72;35.025;1652284
35.095;35.37;34.365;34.495;2277951
34.265;35.1;34.2;35.085;2149435
35.045;35.78;34.8;35.66;2645363
35.465;35.5;34.55;34.605;3861839
34.97;34.98;34.62;34.81;1920967
34.95;34.975;33.8;34.46;3039229
34.305;34.465;33.81;33.97;2150352
34.11;34.535;34.04;34.07;1685197
34.005;34.11;33.465;33.56;2018852
33.94;34.14;33.49;33.8;1711373
33.675;34.39;33.62;34.255;1856318
34.485;34.91;34.1;34.205;2528206
34.65;35.695;34.6;35.69;4137124
35.8;36.495;35.7;36.335;3871217
36.34;36.82;36.1;36.565;2591376
36.745;37.425;36.505;37.12;2913525
36.94;37.41;36.4;36.74;2839977
36.74;36.875;35.585;35.775;3620467
35.22;36.035;34.91;35.57;2952442
35.29;36.225;35.12;36.085;2339407
36.05;36.05;34.96;35.01;3266686
34.99;35.835;34.85;35.725;2252809
36.095;36.85;36.085;36.85;3015972
36.96;37.49;36.75;37.4;2819415
37.6;37.83;36.75;36.91;2425703
36.65;36.76;35.795;36;3667150
36.23;36.605;35.74;36.395;2472351
36.45;36.545;36.105;36.295;1623564
35.915;36.25;35.325;35.995;2284768
36.2;36.675;34.93;34.985;3424081
35.02;35.15;34.1;34.515;3916512
34.85;35.335;34.72;35.075;2761616
35.37;36.55;35.19;36.405;4231669
36.51;37.55;36.405;36.905;3454209
36.92;37.11;36.51;36.875;1697954
37.05;38.87;36.975;38.435;4321924
38.35;39.195;37.805;38.61;2397611
38.9;39.11;38.32;38.695;1768293
38.825;39.225;38.525;38.795;1819280
39.18;39.605;39;39.41;2279708
39.595;39.77;39.015;39.27;1771820
39.16;39.265;38.455;38.81;2406708
38.8;38.89;38.38;38.73;2002050
38.865;39.135;38.75;38.75;2858595
38.915;39.9;38.79;39.315;1725029
39.515;40.54;39.515;40.175;2319988
40.145;40.145;39.465;39.645;1689923
39.59;39.9;38.84;39.17;1247479
38.99;39.17;38.775;38.92;197111
38.8;38.995;38.145;38.88;770321
39;39.24;38.79;38.945;534373
39.06;39.77;39.045;39.455;711657
39.3;39.445;38.825;38.96;709538
38.91;39.08;38.5;38.5;305692
38.975;39.98;38.69;39.98;1263425
39.98;40.15;39.385;39.485;1776709
39.375;39.405;38.37;39.05;1786371
39;39.28;38.045;38.185;1778893
38.245;38.65;37.9;38.05;1751602
37.96;38.115;37.47;37.61;1835496
38.1;39.245;38.05;39.235;2579419
39.905;41.01;39.75;41;4164382
41.945;42.52;41.06;41.89;4769545
41.7;42.545;41.57;42.355;3086317
42.36;42.52;41.875;42.065;1298762
42.3;42.85;42.08;42.4;1939659
42.58;42.7;41.41;41.49;2347300
41.335;41.835;41.01;41.44;2510377
41.625;42.575;41.24;41.6;3549955
42.645;42.715;42.03;42.715;2406582
42.9;43.39;42.745;43.125;2405935
43.345;43.87;43.215;43.51;1800286
43.505;43.7;42.715;42.715;2427129
42.575;42.73;42.005;42.005;2089654
41.86;42.445;41.085;42.32;2058728
42.645;42.8;42.055;42.575;1717327
42.58;42.805;41.625;41.795;1791614
41.945;41.945;41.08;41.57;1944464
41.85;43.07;41.8;43.07;2707624
43.23;43.87;43.08;43.705;2413544
43.65;43.675;42.985;43.42;1618770
43.36;43.6;42.96;43.19;1626995
43.1;43.1;41.87;42.495;2362424
42.55;43.48;41.63;43.315;2225000
43.8;43.8;42.94;43.04;1415951
42.9;43.245;42.44;42.57;1196929
42.62;42.995;42.165;42.435;1599059
42.615;42.71;41.755;41.865;1782971
42.01;42.75;41.83;42.75;2858870
42.745;42.875;41.93;42.17;2026539
41.7;41.785;40.71;41.285;3087391
41.18;41.285;40.33;40.635;2071665
40.48;41.035;40.1;40.775;1899922
42.4;43.42;41.97;43.025;3951976
43.165;43.77;42.925;43.325;2245033
43.89;44.85;42.825;42.825;3226250
42.715;43.24;42.14;42.85;2631209
43.06;43.73;42.995;43.33;2324668
43.38;43.67;42.16;42.365;2424848
42.26;42.5;41.8;41.89;2230098
41.93;42.285;41.555;42.19;1559710
42.11;42.71;41.725;41.91;1535947
41.555;41.82;40.865;41.39;2053256
41;41.075;40;40.32;4179945
40.25;40.9;39.9;40.085;2315773
39.33;40.295;38.4;40.015;5888357
40.385;40.4;39;39.135;4403626
39.59;40.46;39.34;40.285;3724986
40.36;41.24;40.36;40.7;4145866
41.52;41.95;41.095;41.93;2340148
41.94;42.03;41.36;41.64;1638316
41.48;42.4;41.4;42.4;2071274
42.345;43.215;42.1;42.97;2189830
43.2;43.73;43.1;43.46;1939173
43.4;43.5;42.87;43.125;1760738
43.22;43.68;42.675;43.62;1623948
44;44.445;43.79;43.82;2039154
43.82;43.995;42.96;43.205;2146251
43.5;44.49;43.405;44.49;2692850
44.335;44.85;44.25;44.565;1660665
44.555;44.885;44.335;44.86;2165137
44.9;45.37;44.79;45.21;2192186
45.2;45.575;44.925;45.195;2324489
45.43;46.43;45.38;46.2;3024597
45.9;46.1;45.2;45.575;2090185
45.21;45.6;44.465;44.67;2525730
44.9;45.8;44.82;45.58;1944148
45.145;45.2;44.475;44.57;3287731
44.55;44.72;44.3;44.53;1901832
44.55;44.615;43.29;43.635;2573918
43.85;44.34;43.655;44.085;2307600
44.595;45.885;44.53;45.67;2526361
46.1;46.855;46;46.76;2556874
46.76;47.315;46.395;47.09;1802812
47.09;47.42;46.755;47;1798951
47.5;47.64;46.5;47.16;2121963
47.5;47.565;46.44;46.635;2259751
47;47.095;46.61;46.675;1276492
46.735;46.94;46.23;46.94;2636958
47.245;47.425;46.105;46.24;2698775
46.495;46.535;45.34;45.545;2660174
45.6;46.49;45.095;46.305;2676266
46;46.5;45.57;45.86;2017744
46.035;47.34;45.865;47.135;2545261
47.1;47.27;46.4;46.46;1947187
46;46.14;45.52;45.86;2415430
46.095;46.2;45.11;45.155;2110843
44.9;45.38;44.55;45.3;2037011
44.975;45.24;44.03;44.125;2655043
44.6;45.1;44.49;44.685;1821077
45;45.565;44.705;45.36;1955760
45.36;45.93;44.9;45.025;1806263
44.5;44.5;43.83;43.84;2446366
43.98;44.59;43.91;44.115;1627195
43.75;44.25;43.435;44.195;1526955
44.3;44.75;44.15;44.435;1711975
44.88;45.38;44.82;45.085;1776686
45.065;45.305;44.695;44.695;874104
45.25;45.955;45.235;45.925;2651209
46.145;46.44;45.535;45.625;1618399
45.06;45.155;44.62;44.7;1254399
44.895;45.17;44.07;44.49;1479899
44.315;44.605;44.02;44.255;1121647
44.1;44.505;43.75;44.11;1331200
43.89;44.04;43.4;43.64;1914389
43.59;44.055;43.33;43.88;1996925
43.715;43.99;42.29;42.51;3467581
41.475;41.58;41.25;41.46;2012451
41.615;42.5;41.52;42.165;2715577
42.135;42.16;40.915;41.085;2691705
40.505;41.28;40.38;41.21;2731062
41.185;42.08;40.505;41.74;3969343
41.07;41.465;40.855;41.42;1574279
41.505;42.68;41.49;42.58;2266646
42.595;42.86;42.14;42.64;1740391
42.335;42.4;41.24;41.36;2281827
42;42.36;41.35;41.53;2190524
41.46;41.865;41.05;41.45;1449930
41.525;42.225;41.365;41.985;2175125
42.25;43.845;42.245;43.845;2855919
43.9;44.735;43.8;44.655;2219793
44.655;45.38;44.31;45.055;1615441
45.055;45.295;44.8;44.8;1397723
44.79;44.89;44.27;44.39;1683123
44.36;44.64;44.055;44.53;1986457
44.69;45.35;44.375;44.91;1786212
44.965;45.25;43.95;44.085;2353530
43.715;43.95;42.28;42.565;2559515
41.55;42.39;40.5;42.07;3293993
41.91;42.65;41.735;42.6;1663547
42.16;42.275;41.74;41.74;1670555
41.505;41.79;41.08;41.39;2232143
40.9;40.975;39.935;40.035;2312634
40.2;40.88;39.86;40.34;2255330
40.62;41.33;40.32;41.285;2212753
41.5;42.4;40.665;41.955;2175885
42.62;43.01;42.11;42.475;1761143
42.095;42.565;41.94;41.94;1391862
42.09;42.32;41.035;41.145;1777777
41.025;41.165;40.135;40.49;2107220
40.4;40.4;38.685;39.55;2880884
39.25;41.25;38.905;40.4;3590571
41.045;41.42;38.715;38.905;2799161
38.7;38.935;37.69;37.81;2907837
37.21;38.28;36.935;37.54;2589901
38.3;38.65;35.13;35.275;4952120
33.33;36.47;33.155;34.85;5622992
34.065;35.325;32.62;32.62;4481837
32.825;34.275;31.405;34.175;6422651
35;35.2;31.32;31.425;6862358
32.545;33;30;32.795;7330979
32.795;35.2;32.02;34.675;4648912
35.125;35.47;34.37;34.84;1838372
34.785;34.84;33.755;34.755;2088547
34.6;35.32;33.92;34.845;2335970