41.34;41.9;39.52;40.2;706883
39.15;39.88;37.7;37.7;1096301
38;38.25;36.11;36.11;1450034
36.25;37.66;36.12;37.5;1048993
38;40.5;37.5;39.5;1679722
40.15;42;38.65;38.65;1204861
39.9;40.57;38;39.15;1280035
39.5;39.65;38;38.3;1121790
38.1;38.9;37.4;38.05;1102473
37.58;40.5;37.58;39.69;1976035
40.8;41;38.26;39.05;1076833
39;39;37;37;1331785
37.1;37.99;36.3;37.1;1641156
37.1;37.77;36.3;37.01;1471631
36.43;37;36.2;36.75;894263
36.31;37.5;36.2;36.2;995367
36;36;34.7;34.85;1675970
36;37.5;35.13;37;1893725
37.5;38.25;37.2;38;2048329
38.1;39.35;37.5;38.5;1237415
37.75;39.03;37.55;38.5;1169747
38.25;39.2;38.2;38.8;808844
39.24;39.8;38.25;39.8;970385
39.42;40;38.75;39.5;1431931
38.57;39.67;37.02;39;1146365
39.24;39.88;38.11;39;981778
39.01;39.95;38.8;39.24;946807
39.25;39.5;38.25;38.6;953435
38.8;40.2;37.55;39.5;931245
39.5;40;38.05;39;1032060
38.25;40.27;38.25;39.5;865822
39.05;39.75;38.5;39.75;907028
39.9;41;39.22;41;1442558
40.5;43.19;40.3;43;2645874
43;43.12;42.2;42.9;1067168
41.99;42.69;41;41.4;1067011
41.75;41.8;39.75;40.9;1388360
40.63;42;39.55;40.99;1279066
40;40.95;37.41;40.7;1696925
39.64;40.6;39.52;40.5;6305375
40.35;41;38.5;40.15;1508661
39.3;40.7;38.76;39.99;1891183
39.5;40.5;38.11;40.5;896806
39.52;41.98;39.52;41;1086050
41.5;41.9;39.8;41.9;913766
40.6;41.85;40.31;41.6;733577
40;42;40;41.6;669166
40.25;41.8;40;40.7;925399
40.75;41.45;39;40;842623
39.4;40.5;39.15;39.69;1099810
39;39.7;38;38;965146
38.9;40.7;38.44;39.7;1353116
39.7;40.5;38.8;39.5;1192759
39.61;42.84;39.61;42;1897422
40.2;40.5;36.2;39.75;4223912
38.6;39.85;38.6;39.1;921110
39.3;40.78;38.85;40.4;805760
40.4;41.86;39.2;41;839398
40.03;41.05;39.99;39.99;951443
39.8;40.39;38.92;39.25;1436730
38.95;40;38.8;39.19;724920
38.6;39.69;38.5;38.7;773416
38.3;40;38.25;39.17;669658
39.17;39.8;38.37;38.55;1568887
40.5;40.5;38.92;39.85;1206429
40.6;40.6;38.54;39.65;969961
39.92;40.7;39.6;40.24;1346368
40.36;41;38.81;40.36;999064
41;41;38.4;40;1171145
40.01;40.17;38.8;40.13;787758
39.63;41.9;39.5;41.7;971447
42;42.13;39.1;39.37;1247670
39.9;42;39.51;42;1135935
41;42.95;40.7;42.95;1294478
42.99;42.99;41.77;41.9;999265
40.55;41.95;40.05;41.7;974048
41.21;41.8;39.6;40.52;642938
41.25;43;40.8;43;926970
43;45.05;42;44.8;3951454
42.81;44.7;42.31;44;1023921
44.5;44.5;40.5;41.1;1513395
42.1;42.1;40.26;40.7;1448426
39.2;42.49;39.2;41.05;1399410
41;42.79;41;42.24;1423783
42.9;44;42.11;42.5;903388
43.98;43.98;41.66;43.01;747849
43;43.4;42.4;42.95;911459
42.95;43.49;42.88;43.29;350736
42.9;44.35;42.9;43.5;694194
43.5;44.5;42.75;43.9;715209
44;45.1;43.06;45.07;812832
44.24;44.5;43.12;43.5;652683
43.75;44.08;43;44;599203
44.05;44.5;43.1;44.3;846989
43.5;44.2;43.42;44;862275
43.41;45;43.41;44.8;1046445
44.94;44.94;42.69;43.5;1873985
43.05;46;41.8;45.25;1363843
45.3;45.65;44.25;45;1537847
45;46.75;44.15;46.75;2390894
45.75;46.5;44.57;45;933587
45.4;46.5;44.95;45.35;582752
45.5;46.5;44.9;46.19;6050046
45.61;46.32;45.01;45.89;1445915
45;46.9;45;46.75;1844620
45;46.94;45;45.73;952144
45.02;46;44.46;45.45;896038
45.5;45.9;44.5;44.5;744416
45;45.45;42.75;44;941160
43.77;44.27;42.01;43;774950
43.01;44.7;42.5;42.57;614498
42.6;43.94;42.6;43.78;374289
43.15;44.75;43.06;44.7;772200
44.8;45;43.61;45;772392
45;45.15;43.95;43.95;809797
45.9;46;44.2;45.58;950329
46;46.4;45;46.4;457345
46.5;48.15;45.8;47.3;1503600
47.75;47.75;46.15;46.85;1079780
47.8;47.8;46.06;46.5;1505302
47;48.29;46.12;48.29;2122381
47.3;48.7;47.3;48.5;719247
48.27;50.3;47.32;49.85;893944
49.99;54.1;48.81;52;4577190
52;54.4;49;49.5;4744934
50.5;50.5;48.56;49.9;1536281
49;51.4;49;51;737767
51;51;49.21;50.2;904120
50.3;50.75;49.5;50.05;857187
49.55;50.1;48.2;48.3;970581
48.1;50.95;48;50.15;1143897
50;51;49.28;50.3;741959
50.3;51.2;49.7;50.5;810341
49.8;51.8;49.8;50.2;787082
50.25;50.25;48.75;48.75;642212
48;49.24;47.5;48.65;1299383
49;51.4;48.88;50.2;1180736
49.9;50.5;49.15;49.25;696192
49.1;53.45;49.02;52.65;816922
52.5;53;51;52.05;868583
52.85;53.5;51.1;52.4;1012942
54;54.5;52.55;53.5;529300
54.5;54.5;52.2;54.4;677239
52.75;56;52.75;55.05;1037780
54.65;58.8;54.65;57.2;1210254
57.2;58.7;55.8;57.55;1496897
58;58.9;56.5;58.55;1187481
58.6;59;55.25;56.75;1521048
55.7;57.2;54.7;54.7;1019614
54.85;56.2;53.95;55.5;1383653
55.35;58.1;55.05;57.5;988008
58.4;58.4;56.7;58;1356770
58.3;58.4;56.65;57.05;790854
56;57.55;55.15;57.45;1030815
57.9;58.3;56;56.5;525232
57.2;57.2;54.75;55;676205
55.65;56.45;54.5;55;548843
56;56;54.5;55.4;846683
55.8;55.8;53.6;54.55;734040
54.4;55.6;53.65;53.75;926830
54;55.4;53.5;54.9;467909
55.2;58.3;54.7;57.2;1136213
57.8;57.8;55.5;55.9;809557
56;58.45;54.8;55.75;1533993
56.2;59;56;58.7;872455
58;58.7;57.3;57.5;683954
57.05;58.6;56.4;58;4544678
57.3;58.4;56.95;57.15;928959
57.65;57.9;54.9;54.9;1786386
55.5;58.75;55.5;57.55;1946325
57.25;57.45;56.3;56.55;924398
58.1;61.1;57.2;60.1;3095452
60;61.35;57.75;58.35;1922671
58.1;58.75;56.8;58.4;1414115
58.35;58.4;56;56.25;1292915
56.5;56.5;55;55.25;1586561
54.7;57.5;54.7;57.1;1356355
57.6;58;55.55;56.5;904404
57.4;58.85;56.9;57.9;1566546
58.1;58.5;56.2;56.6;4470622
56.95;56.95;55;55.8;1216541
56.25;57.5;55.55;57.2;946488
55.05;56.15;54.75;55;23172522
55.25;55.5;52.1;54.75;1547361
54.9;57.5;54.1;57.5;2094107
58;58.25;55.7;57.5;1467678
58;58.6;56.2;58;2797783
57.55;59.75;57.25;59.5;1529617
60;60.95;59.25;60;1984934
56.3;62.3;56.3;60.9;2521211
59.8;62.05;59.15;61.4;1226696
60.6;63.1;60.45;60.55;1320766
60.75;62.75;60.65;62.4;1274923
63;63.4;60.6;61;1053321
61;63;60.55;61.2;1303182
60.9;63;60.3;61.8;966235
62;62.35;60.95;61.05;1839455
61.1;62.9;60.95;61.4;1073107
61.4;62;58.1;59.5;1136863
58;60.75;57.75;60.75;735101
60.1;60.85;58.6;60.45;711619
60.9;62;59.1;62;1251624
60.8;62;59.7;60.8;918074
60.5;62.3;59.25;60;1035633
60.05;60.8;57;58.75;2183864
57.3;61.75;57.3;60.8;799344
61.75;61.95;59.5;61.3;967553
61.3;63.5;61.3;62.8;1219125
63.5;64.55;61.5;62.75;1187652
63;63;60.6;61.5;849049
61;62.7;61;62.5;998501
62.25;62.3;60.6;62;978958
62.5;62.5;59.8;61.6;636069
61.05;62.6;60.4;62.45;1393579
62.3;63.5;61.25;63;1045542
63.4;63.8;62;62.25;673826
63.3;63.3;62.3;62.5;644123
64;64.8;62.5;62.85;1775704
63;65.2;62.7;65;1130524
65.45;66.6;63.8;66.3;1197355
66.3;68.25;65.05;65.85;1644004
65.2;66.5;64.6;66.2;1246975
65.8;68.55;64.75;68.5;1281641
68.85;69.2;66.9;68.5;967895
68.3;68.75;67.3;68.05;1567615
67.55;68.4;66;66;1271434
66.5;66.85;64.75;66;1413624
65.45;66.3;64.25;65.8;772672
66;67.95;65.5;67.8;402509
67.65;68.1;65.85;66.95;1056081
67.75;67.75;65.35;65.8;1147727
66.35;67.6;65.75;67.15;6746391
67.45;68.5;66.2;67.85;847296
68;70.8;67.5;70;1671597
68.9;69.3;66.8;66.8;1505862
67.2;68.2;66;66;828563
67;69.5;66.5;67.6;1584555
67;67.15;60.85;62.75;2442020
62.75;64.4;61.2;63.5;1257277
63.7;65.1;61.35;61.35;1515893
62.75;64;62.15;63.7;1257017
63.55;63.95;62.1;63;919038
63.5;64.7;60.7;61.8;836626
62.5;64.85;60.8;62;943131
63.2;63.3;61.3;61.85;894323
62.05;63.4;60.2;60.9;1025987
59.7;62.6;59.3;62.1;1441485
62.5;64.75;61.55;63;1098371
61.55;65.3;61.55;65.3;1030176
64.8;67.25;64.65;66.5;1012290
65.05;69.2;65.05;67.6;762498
68.5;68.95;67.1;68.3;1151693
68.1;71;67.5;71;1462559
70.8;71;69.05;69.2;767288
68.1;68.75;66.8;68.25;1089807
66.05;67.65;62.5;64.5;2296293
63;65.35;60.8;62.4;2737902
62.4;62.9;60.6;61.9;1170648
62;62.5;55.75;59.8;2304864
59.05;59.9;57.6;59.8;1016678
59;59.9;58.5;58.6;1367831
58.5;58.6;55.75;56.05;2070377
56;57.4;55.85;57.2;1154716
57.3;59.15;56.35;57.4;1345004
57.5;59.7;57.5;59.3;1179590
59;59.5;57.2;59.1;1132004
58.65;59.8;55.6;57.25;1621363
57.9;59.75;57;59.75;959448
57.1;59.95;57.1;58.45;1193781
59;59;57;57.25;1419005
57.4;60.5;56.9;60.5;2925784
58.6;61.75;58.6;61.75;1490461
61.5;61.5;59.4;59.5;767991
60.8;61;59.5;61;1174460
61.55;61.9;59.8;61.9;1533936
60;60.75;58.15;60;3519352
60.5;60.5;58.6;58.95;1371466
59.4;61;58.2;61;2055755
61;62;60.1;61.85;1230726
62;62;61.05;62;1281566
62.4;63.6;61.65;63.2;1137482
63.2;63.7;62.2;63;888021
63.4;64.4;62.6;64;1381692
64.5;65;64;64.6;1338247
64.5;64.8;64.1;64.45;1122330
64;64;62.9;63.3;1430254
63.4;64.5;63.1;63.1;1431277
62.75;64.4;62.75;63.85;956516
65;65.7;62;62.85;1892211
63;64.3;63;63.5;1583747
63.15;63.75;61.2;63;1532559
62.35;63;59.85;60.05;1733455
61.05;61.65;59.1;61.65;9070295
61.1;61.65;59.75;60.5;1856631
60.9;61;58.1;59;1638194
59;60.7;57.5;57.5;10682430
57.95;60.35;57.7;59.5;4348920
59.8;61.9;59.5;60.5;1338710
61.7;61.7;58.75;59.45;2013688
59.15;60.5;58.2;60.4;1109165
60;60;56.7;57.05;1954153
56.75;57.2;56.25;56.35;2017526
56.15;56.6;55.25;56.25;1277265
55.35;56.15;54.7;56;1920974
56.1;56.2;52.6;55.5;2252134
55.5;56.5;54.4;56.5;1087358
56.4;57;53.15;53.4;1848817
53.2;58.6;53.2;57.2;3283391
57.5;60.45;57.25;60;2424473
59;61.8;58.7;60.8;2085936
60.5;60.8;57.5;57.6;3964097
57.85;60.7;57.85;59.65;1642202
58.85;59.95;58;58.25;1330083
58.4;59.65;58.4;59.65;1732008
59.2;60.75;58.75;59.5;1092294
59.1;60.75;59;60.75;1348844
61;63.5;61;63.2;2300059
63.9;64.3;62.7;63.2;1732967
63;63;60.6;61.5;2443484
61;64.7;59.35;63.9;2992828
64.1;65.5;63.4;64.8;1734354
65.5;65.8;63.95;65.8;1192535
64.8;65.75;64.4;65.15;945655
65.5;67.25;64.4;66.1;1857724
65.55;67.25;64.6;65.4;1596229
64.8;65.25;63.25;63.5;1571884
63;64.15;62.5;63.5;1550610
64.25;65.2;62.65;63.25;2049416
61.05;61.9;60.25;61.8;23669787
61;61.95;61;61.7;1554296
61.75;61.9;60.75;61.4;811859
61.55;62;60.9;61.15;1365252
62.1;63;61.5;62;3464033
62.1;65.85;62.1;65.05;4636502
64.7;66.75;64.7;66.05;2870616
66.2;68;66.1;67.6;2058396
68;68.35;66.15;66.4;2218802
66.15;67;65.65;66;1097124
66.5;66.85;65.1;66.6;1055382
67;67;66.35;66.5;392764
66.8;67.8;66.3;67.1;1017953
67.25;68.9;67.05;68.5;2446344
68.25;70.7;68.25;70;2854705
70;70.8;69.05;70;4041253
69;70.15;69;69.55;2320784
69.6;73.3;69.4;71.45;3643777
70.75;71.5;69.95;71.35;2478783
72.25;73.85;70.6;71.65;3036104
71;72.9;70.6;72;1596486
72.4;72.5;70.75;72.5;1993373
73.4;74.7;71.85;73.4;2110512
73.4;75.3;72.75;72.75;6847477
72;73.45;71.6;72.25;1253618
71.9;73.5;71.6;71.75;1748861
72.5;73.9;71.3;73.2;647726
73;73.7;71.6;71.9;1217869
72.7;72.7;70.8;71.35;1152691
71.35;72.85;71.35;72.5;1590262
72.5;72.5;71;71.8;2093994
72;73.25;71.8;73.05;1426100
73.05;73.5;72.1;72.35;3396300
72.35;72.9;71.35;72.9;1347789
72.5;74;71.75;71.75;1042213
72;72.95;71.55;71.55;1049427
71.25;72.35;71.05;71.2;1280721
71;71.5;69.6;70.1;2102153
69.7;72.4;69.7;71.1;2730934
71.1;72.1;70.5;71;3261551
71.9;72.4;71;71.6;964092
71.5;74.15;71.5;73.95;3369287
74.1;77.15;74.1;77;4083865
77.5;78.45;75.95;76.4;4110909
76.3;78.05;76.05;77.2;2559532
76.25;77.2;75.7;76;1696882
75.4;75.55;74.05;75.05;2561974
74.85;75.9;74.3;74.7;1558447
74.4;77.2;74.1;77;2199648
78;78.5;76.4;77.5;2504678
78;78.1;76.55;77.35;3746754
76.95;77.25;74.25;74.25;1874947
74.5;74.5;73.3;74;1591913
73.5;73.9;72.55;73;1488881
74;74;72.5;73.05;1735287
73.3;75;72.3;74.5;1489471
73.5;75;71.55;72.8;3319432
71.25;73;71.25;72.15;2343289
72;72.75;71.9;72.1;1488523
73.45;73.65;70.75;73;1722122
72.7;72.95;71.65;72.5;1103157
71.8;72.85;71;71;1228251
71.5;71.5;69;69.35;2741411
70;70.75;69.1;70;2236479
69.3;70.85;69.25;70;885609
69.3;71.3;69.15;70.2;1418222
70;70.85;69.25;69.25;2009628
69;70;66.5;66.55;1875875
68;68;66.5;67.2;3543642
68.35;70.15;68;70.15;2289420
70.15;71.3;69.05;69.1;975570
70.5;72.2;69.2;71.8;1889033
71.4;72.9;71.4;72.1;973018
72.65;74.2;70.65;70.65;1968911
71;71.2;68.7;69.35;1280297
69.8;71.45;69.15;69.95;1449841
69.8;70.35;68.1;68.85;917067
68.4;68.6;66.8;67.15;1137045
66.2;68.1;65.8;66.5;1332642
67;68.75;66.3;67.5;897815
68.1;69.65;66.6;69;1238179
69.35;71.1;68.6;69.2;1925243
69.4;72.1;68.7;71.75;1745212
72;74;70.65;73.75;3275042
73.8;75.3;70.7;71.6;2716893
71.75;72.5;70.25;72.3;1416740
72.3;74.4;72.3;74.05;1933521
73.6;75;72.75;73.6;1552544
74.25;74.4;73.2;74;984423
74.3;75.1;73.7;74.5;1656559
74.25;75.8;73.8;74.5;793078
74.5;75.3;73.05;73.5;1767700
73.65;73.9;71.7;73.25;5411165
73;74.5;71;71.8;1984461
72.7;74.65;71.9;72.05;2608543
72.85;72.85;70.5;71.5;809521
72.5;72.65;70.75;72.2;1628224
71.85;75;70.95;74;2138424
74.5;77.2;73.95;76.75;3346948
76.8;77.4;75.3;76;3254489
75.8;76.2;71.3;73.5;3580113
74.05;75.1;66.7;70.25;2669743
68.1;74.45;68.1;71.1;2867023
70.55;74;70.55;72.45;2230201
71.5;73;68.85;69;2224370
69.8;72.75;69;71.75;2910521
71.7;73;70;72;2049137
72;72.8;71.3;71.7;2120808
71.5;72;69.75;70;2574513
69.4;70.5;65.15;69.5;3504108
70.9;71.75;69.7;70.9;1766739
70.5;70.65;69;69.95;2451351
69.15;71.8;69;70.1;1801186
69.95;70.95;69.5;70.5;2383033
72.4;73.5;71.5;71.5;2804678
72.95;73.75;71.5;73.05;1654145
73.85;74.15;69.25;72;4477690
72.5;72.5;69.5;70.2;3441453
70.5;71.15;69.8;70.5;2423018
70.05;72.5;69.75;72;2049543
71.25;72.9;70.1;72.7;1165455
73;74;72.15;72.65;1151285
73;75;72.15;74.7;1744933
75.1;77.75;74.7;75.85;2611410
75.75;76.95;73.6;75.5;1766383
74.7;75.45;74.15;74.6;962297
75.2;75.25;73.5;74.85;1093462
75.95;76.85;74.95;75.25;1345219
75;76.8;74.5;76;1534957
75.85;76.3;73.85;75.4;1451146
74.8;75.85;73.5;75.85;1060864
76;79.2;75.7;79;2329107
78.5;80.4;77.4;78;2914508
78;78;75.7;76.05;2332789
76.15;76.8;75.15;76.2;1451686
75.9;75.9;73.65;74.3;1434674
73.1;74.3;72;72;1559609
71.9;74.5;71.8;73.25;1526278
74.7;75.3;72.95;75.3;982273
74.5;75.8;73.9;74.05;1064034
74;77;74;76.5;1152519
76.75;77.2;74.8;76.05;1074204
76.3;77.4;75.05;77;1432203
77;79;76.5;77.05;2483983
76.55;78.45;76.35;77.25;1510213
77.25;77.4;71.1;75;1427431
75.4;78.1;75.25;77.75;1356553
76.9;79.2;76.25;77.15;1360691
78.2;78.95;74.55;75.9;1446861
76.9;77;74.1;76.05;1718500
75.6;77.15;73.65;74;1413035
73.6;75;73.15;74;1521003
74;76.5;74;74.75;1518408
75.7;76.65;75.25;75.8;895306
76.85;77.3;75.85;76.2;2300487
76.8;76.8;74.8;75;1826867
75.3;75.95;74.9;75;1947523
74.7;77;74.6;76.8;6445954
76.4;77.25;75.75;76.2;2149538
77.7;77.9;76.4;77.4;3384060
76.5;77.6;76;77.4;1243182
77.35;78.4;76.7;78.4;1649131
78.55;78.8;77.45;78.3;1489642
77.75;78.15;77.15;78;2078161
77.5;78.45;77.15;78.05;1476487
78.5;79;77.05;77.8;1350694
78;78.8;77.5;78;1570060
77.75;77.75;76.05;76.05;2300464
76.85;77.2;75.25;76.25;1562092
76.4;76.4;73.8;73.95;2028312
74.9;77.2;74.25;76;1500042
76.8;77.4;76.15;76.15;1570948
77.55;77.55;76.5;77;1389427
77.3;80.6;77.15;80;1925949
79.75;83.3;79.1;83.3;2635135
83.3;83.8;82.2;83.5;386067
83.7;85.8;83.7;85.8;1319349
85.5;86.5;83.2;83.8;1053533
83.75;83.75;81.2;82.5;1200995
82.75;83;80.9;81.2;1547830
81.05;81.6;79.65;80.85;1549123
80.45;80.95;79.2;79.8;878541
80;80.75;79.1;79.15;1877255
79.45;80.95;78.6;80.95;1745298
81;81.45;78.45;79.15;1681714
79.55;81.15;79.55;80.5;1445397
80;80;78.65;79;779612
79.1;81;79.1;81;1829391
80.85;80.95;79.6;80.15;1324627
79.7;81.45;79.65;81.05;1675312
79.9;80.95;79.3;80.5;1909655
80.05;82.5;79.75;81.95;1378212
82.5;84.3;82.2;82.85;2553017
82.85;83.45;81.3;81.8;2162558
81.75;81.75;79.1;79.2;3520264
78.8;79.15;77.65;78.55;2529758
78.55;80;78.4;79.1;1172702
79;79.3;78.1;78.2;2210136
77.2;77.55;76.3;76.9;2875020
77.8;78.3;77.2;77.8;2365333
77.8;78.1;75.6;76;2372730
76.4;76.5;74.7;75;3259892
75.05;76.1;74.95;75.5;3406588
76;78.3;75.65;77.85;3007144
75;75;71.15;71.8;10931973
71;72.3;69.15;70.9;8508723
71.15;71.9;71.15;71.65;2369567
72;72.5;70.25;70.8;2938352
71.05;71.8;70;70.5;1998073
70.5;72.65;70.5;72.2;2047647
71.3;73.4;71.3;72.3;1871165
72.1;73.2;71.6;73;1381644
74.25;74.25;71.85;73.5;4357806
73.9;75.15;73.35;73.65;2810516
74.75;74.85;72.85;73.2;1803825
73;73.5;71.6;72.5;1139272
72.05;73.25;71.7;72.85;1534923
73.55;74.7;72.95;74.05;6811148
74.6;75.6;74.25;75.6;1121889
75.6;76.25;75.1;75.9;2590191
75.8;75.9;73.6;74.3;2025973
75.15;75.8;73.9;75;1964971
75.2;76;74.5;74.5;2140460
74.55;76;74.15;75.05;1455915
76;76;71.2;72;3058315
72.25;72.55;71;71.65;2154711
71.65;71.95;70.3;71.25;2928386
71.8;72.5;70.55;71.6;1683928
72.3;72.9;71.95;72.05;1591350
72.6;73.95;72;73.1;1401473
72.45;73.8;72;73.65;1292365
74;74.25;72.7;73.4;1186048
73.5;73.55;72.6;72.8;1613876
72.75;73.35;71.85;71.85;1464775
71.85;73.55;71.35;71.6;1438951
72;72.95;71.5;71.6;1152405
71.65;73.15;70.6;70.95;1272890
71.25;72.2;70.65;71.3;1381006
72.15;72.35;70.15;71;2397743
71.4;74;71.3;73.6;3084091
73.2;73.95;71.85;71.95;1857837
72.8;73.1;71.2;72.2;2641969
71.15;71.5;68.5;69;3625537
69.5;70;68.2;69.5;2696799
69.55;70.55;68.2;69.2;1716674
70;70;68.75;69;1138577
69;70.4;68.6;70.1;1584480
70.05;71;68.75;68.8;1608769
69.2;69.55;68.15;69.5;1360621
70;70;68.45;69.1;1226285
69.85;70.9;69;70.9;1517900
71.35;71.85;69.1;69.15;1854206
69.95;69.95;68.25;68.6;1752479
68.7;69;66.9;68.75;1859316
68.8;68.8;68.05;68.4;1491749
68.5;70.75;68.5;70;1884386
71;73.25;70.95;71.3;3294760
71.8;71.8;70.25;70.7;2244162
70.95;71.6;69.35;70.25;2367645
69.8;70.75;68.75;68.95;1999841
69.25;71.85;69.15;71.05;2190869
72;72.3;70.75;70.75;1565725
70.75;71.85;70.35;70.5;1327470
70.45;71.8;70.2;71.35;932294
70.7;70.75;68.5;69.1;1593858
69.55;69.8;68.55;69.25;1536142
69.25;69.45;67.95;68.7;733557
67.65;68.6;67.2;67.55;1003752
67.15;68.35;66.35;68.35;3525606
69;69.85;68.35;69.05;1051834
69.25;70.05;68.6;69.15;1246062
69.15;71.3;68.7;70.85;1816627
71.3;71.7;69.4;69.4;2021094
69.65;70.25;68.25;68.6;786529
67.9;69.8;67.6;67.75;1691010
67.4;67.55;66.25;66.25;2244855
66.9;67.35;65.2;65.5;2692220
65.15;66.4;64.6;66.2;2778266
66.2;67.75;66;67;1011986
67.7;68.2;66.2;66.7;3980419
66.7;67.1;65.95;66.8;3090047
67;67.15;65.15;65.9;1448220
66.2;66.6;64.2;64.95;2772964
65;65;62.7;63;1502397
62.9;62.9;59.45;59.95;3154956
60.85;61.15;58.75;59.4;5906095
59.9;59.9;57.7;59.2;4607616
58.75;59.2;57.55;58.8;3663701
59.65;59.9;57.8;58.7;2141294
58.95;59.35;57.2;58.15;3549359
57.3;57.3;55.05;55.5;3391070
56.5;56.65;54.2;54.65;3194552
54.3;55.25;53;54.8;3290461
57;59;55.65;57.9;4105468
59;59.85;57.3;58.9;3433580
57.55;59.7;57.2;58.5;2816401
57.8;59;56;57.9;2895137
57.75;60.6;57.25;58.9;2436459
59.5;59.8;55.85;56.5;2830099
57.4;59.75;57.4;59.7;2116483
57.3;58.7;54.45;57.6;7260849
60;60.7;57.2;58.8;5173255
59.65;61.6;59.25;61.6;2997235
61.2;63.1;60;60;2103534
59;60.65;58.05;58.55;2076886
58.65;60.05;56.2;57.4;2703405
58.45;59.9;57.7;59.9;1739267
60.6;63;60.35;62.7;2329936
62;63.9;61.2;62.9;2201287
63.25;64;61.1;63.1;1647886
61.85;62.35;59.7;60.3;2074630
58.2;59.35;56.05;57.15;3142663
57.55;58.6;55.25;56.1;3401390
56.2;59.45;53.2;53.95;2758553
56;56.4;51.9;54;3243027
54.75;57.75;53.75;57;2401339
57.8;60.45;57.05;59.4;3255825
58.75;59;56.5;57.85;2446898
57.55;57.6;54.9;55;1833204
55;56.6;51.4;52.25;4325056
51.9;53.3;49.78;52.5;3848521
54.3;54.8;51.6;52.6;3623549
52.5;54.25;51.05;54.25;2711934
55.05;59.55;54.8;59.3;2561810
60.1;61.3;58.3;59.65;2129439
60.8;63.1;58.25;60.2;2328984
60.8;62.25;57.3;57.9;1987364
58.1;60.25;57.4;58.75;1950062
59.95;61.05;57.5;59;2214226
58.15;62.7;57.1;62.2;2479216
63.5;65.2;63;64.4;2952749
65.2;65.85;61.75;63.6;3408197
64.5;65.25;61.7;65.25;1919096
65.15;65.8;62.75;63.65;2006868
64;65.35;62.6;65.35;1942050
63.7;65.35;62.7;63.25;1680746
65;65.35;64;64.5;1572820
64.5;65.75;64;65;1523348
64.5;65.45;63.45;65.35;1627900
64.5;65.3;62.05;62.3;1766108
62.1;64.5;61.7;62.6;1654643
62.7;64.4;62.05;64.4;1152260
64.6;64.6;62.65;63.2;1075840
62.85;64.7;61.55;61.65;860975
62.05;63.45;61;63.2;1417468
62.05;62.35;60.6;61;1155400
60.7;61.35;58.3;59.55;1769114
60;61.5;58.8;61.15;1548646
58;58;54.2;55.2;4686400
55;55;52.65;53.55;4016007
54;56.8;53.6;55.9;3168744
56.9;57;54;56.7;2277540
56.1;57.95;55.1;57.95;2170611
57.6;58.3;55.8;57;2094951
58.1;59.45;57.3;59.3;1717258
59.95;62.75;58.7;62.2;2390177
61.05;61.8;59.4;59.45;2019630
58.8;59;56.3;57.1;2275484
58;58.35;55.6;57.9;1546851
59.5;60.25;57.6;58.3;1784199
57;58.3;55.9;56.6;2388109
56.75;57.2;53.7;55.5;1997515
54.7;57.45;54.2;55.3;2141248
55.15;56.3;52.9;53.55;1573257
53.4;54.45;50.5;52.9;2084368
52.8;55.55;52.55;54.95;1962475
56.4;59.35;55.7;59.35;3108987
59.4;59.65;57.6;59;1946918
57.05;57.3;55.3;57.05;2146646
57.1;59.6;56.3;59.45;2492849
61;62.45;59.85;61.4;3252023
60.25;62.2;59.75;60.05;2550144
59.1;59.35;57.35;58.75;2389329
57.6;58.4;57.05;57.3;1902415
57.95;59;56.55;57.25;1966595
57.95;58.6;57.4;58.2;2362070
57.1;60.2;56.7;59.35;2537485
59.5;61.4;57.55;59.4;3088202
60.1;62.2;60.05;60.8;3109127
61.8;63.6;60.95;63.4;3069652
62.5;65.9;61.55;62.75;2216815
63.4;64.6;60.8;62.8;2607712
60.3;62.45;59.85;61.5;1950296
61;62;60.25;61.75;1884267
62;63.9;61.5;62.2;2282392
62.3;62.5;59.6;59.6;2329853
60.35;62.4;59.95;61;2169796
60.7;62.35;59.95;61.1;1311971
62.5;62.8;60.3;60.75;1499646
60.45;61.6;58;58.8;1785616
59.5;61.3;57.7;60.6;1341072
60.05;62.45;60;61.75;1861990
61.35;61.65;59.15;61.15;1137887
61.8;62.85;60.2;62.35;1163380
62;63.05;60.8;62.2;1031966
63.1;63.1;60.2;60.7;1572595
61;61.8;58.35;58.95;2121108
58.15;60.25;56.6;57.2;2455455
57.2;57.65;56.2;57.05;1108451
57.05;57.5;55.6;56.85;1688934
56.3;57.1;55.05;56.15;2169070
55.7;58.4;55.15;58.4;2077938
59.3;59.9;57.8;59.6;2133282
59.35;61.3;59.15;60.95;2355214
60.05;60.6;59;59.95;1585697
60.5;60.5;57.75;59;1476310
60.45;61.15;58.6;60;1570406
60;60.9;59.3;60;974994
60.2;60.2;58.8;59.9;1264502
59.6;59.85;57.5;58.75;1727481
58.75;60.25;57.5;59.95;6192106
60;60.8;59.35;60.05;890134
60.3;60.3;58.7;59.4;1115866
59.7;59.7;56.7;58;1639913
57.55;57.9;55.7;55.9;1791453
55.6;57.5;55.4;56.55;1839554
56.75;58.3;56;56.4;1685976
56.25;57;54.25;56.5;1370800
57.9;57.9;55;55.1;1267257
55.2;57.05;55.1;56.6;1976203
56.8;58;56.2;57.2;1323222
57.2;57.35;55;56.75;1937606
56.9;56.9;55;56;1486477
55.35;58.4;55.35;57.7;1570171
58.1;58.3;56.9;57.5;2700058
57;57.65;56.65;57;2856890
57.65;58.1;55.3;56.75;3125870
56.5;58.55;56.1;58.55;2459401
58.1;58.7;57.2;58.45;2433960
59.1;59.1;58;58.7;362052
58.15;59.15;56.55;56.9;780260
56.9;57.8;56.45;57.25;1312285
57.85;58.8;56.65;58.25;999805
58;59.5;56.85;59.25;1633888
59.3;59.5;57.65;58.1;2424066
58.35;58.55;57;58.55;1677374
58.45;58.6;56.85;57.1;1345295
56.75;57.45;55.5;55.8;1495030
56.4;56.9;55.35;56.9;1777545
56.9;57.85;55.55;56.6;1632202
56.4;57.6;56.05;56.2;1119067
56.75;56.85;54.95;55.9;1528221
56.4;56.4;54.4;54.55;1505482
54.5;54.7;53.35;53.4;2888468
53.25;53.7;52.2;52.35;2386315
51.5;51.9;49.87;50.1;4293073
50.25;51.5;50.2;50.95;3414571
51.35;51.4;49.43;49.5;4474029
49.25;50.6;48.65;49.37;2924930
49.46;49.7;47.22;47.48;3935529
47.33;47.74;45.75;45.99;3136771
46.3;47.05;44.6;45.23;2493299
45.15;48.5;44.71;48.16;3909945
48.6;49.89;48.5;49.73;3798672
48.62;48.96;47.45;48.65;3370988
49;49.45;48.32;48.5;1693697
48;48.25;46.5;46.55;1954144
46.35;46.56;45.17;46.5;1716824
45.85;47.63;45.75;46.39;1947762
46.74;46.74;44.45;44.51;1848981
45;45;42.91;43.15;2471920
43.34;44.44;43.27;43.77;1464837
43.36;43.5;42.57;42.8;1540252
42.5;42.68;41.65;41.75;1381425
41.7;43;41.6;42.71;2731295
42.95;45.1;42.79;44.8;2490211
45.94;49.3;45.13;48.9;6225215
48.7;48.89;46.7;47.49;3533724
48;48.17;47;47.4;2586684
46.5;49.5;46.5;49.26;2365629
49.24;49.5;48.75;49;2021671
48.1;48.5;47.6;47.97;2133111
48.78;48.88;47.5;48.1;6179362
47.61;49.25;47.6;48.82;2135475
48.47;49.9;48.31;49.62;2074207
49.9;50.2;49.08;49.57;2190951
48.8;49.2;46.8;47.91;4139131
47.25;47.86;46.81;46.97;1943609
46.7;47.85;45.92;47.3;2253974
46.85;47.5;46.06;47.21;3289011
47.05;47.05;45.01;45.01;1876667
44.2;44.86;42.56;43.9;3698139
44.14;44.26;41.5;42.69;3966589
42.88;45.7;42.48;45.41;3540398
46.4;47.61;44.4;47.61;3110474
45.83;50.4;45.5;49.3;2017356
49.3;50.5;47.23;48.09;2288009
48.7;50;47.9;49.24;1466555
48.75;50.7;48.65;49.78;1882169
50.35;52.8;50.15;52.5;2526837
51.35;52.1;48.42;48.75;1590137
47.98;51.15;46.6;50.7;1938180
51.25;51.6;49.12;49.31;1844269
49.14;49.51;46.91;48.22;2158491
48.79;49.39;48.02;49.13;1705961
47.94;47.94;45.84;46.11;2392249
46.4;48.1;46.32;47.5;1966135
48.1;50.7;48.1;50.35;3001252
50.3;51.8;50;50.85;1927668
51.25;53.5;50.55;53;2557032
54.15;55.85;53.75;54.3;3921778
53.85;55.3;53.5;54.55;3645944
53.95;55.15;52.9;53.75;3352200
53.1;53.85;52.2;52.25;2113190
52.3;53.75;52.3;52.75;2194507
52.3;53.95;51.8;53.55;1474987
54.1;55.2;54.1;54.8;1861556
55.7;55.75;52.8;53.15;2256264
52.85;54.7;52.2;54;1504462
54.45;54.5;52.95;53.1;1369187
54;54.4;53.1;53.9;1972294
52.5;53.15;51.85;52.1;3069165
51.75;53.2;51.4;51.7;1906934
51.4;52.9;50.85;52.65;2091529
53.2;54.05;52.4;52.4;2970591
52.55;54;52;53.45;1872074
53.9;54.4;52.9;53.5;1530568
54.2;55.4;54.15;54.7;1216912
54.2;55.4;54.1;55.4;1589862
55.6;56.1;54.1;54.6;4543210
54.55;55;53;53.4;1286704
53.45;54;52.55;53.85;1295007
54.25;54.45;52.8;53.65;1165755
53.7;54;52.6;53.55;1138098
53.5;54.1;52.6;53.6;1504051
53.1;54;52.35;53.8;1807395
53.6;54.75;53.1;54.1;1755949
53.5;53.5;50.75;51.8;2118213
51.7;51.7;49.85;51.05;3151315
50.5;50.95;49.75;50.95;2026302
51.05;52;50.75;51.4;2458746
51.55;52;50.4;51.4;1656150
51.05;51.9;50.8;51.15;739298
51.05;51.45;49.97;51.4;2196079
52.05;53.25;51.75;52.85;5438520
52.5;53.75;52.4;53.65;1454654
53.25;55.45;52.9;54.35;3203875
55.4;55.4;53.5;55.05;2719725
54.55;55.7;54.25;55.15;2354136
55.6;56;54.7;56;2272395
55.35;55.35;53.4;53.7;4339407
54;54.75;52.6;53.1;4490402
53.1;53.15;51.9;52.2;1658151
52.55;52.85;51.9;52.35;1932976
52.8;53.45;52.6;52.75;1498642
53.3;54.4;52.8;53.9;2052215
54.9;55.35;53.4;53.8;3276138
53.9;54.75;53.15;54.3;1807923
55.45;55.8;54.55;55.65;1904539
55.8;58.2;55.5;57.05;3951529
57.1;57.65;55.9;56;3175554
55;56.5;55;55.7;4896292
55.2;55.2;52.85;53.05;3041667
53.4;53.75;52.45;53.1;3488159
53.25;53.4;51.95;52.5;3085588
52.05;53.75;51.35;52.1;3926968
53;53.2;51.2;51.4;3003163
51.1;52;50.65;51;3271807
50.7;51.15;50.15;50.4;1798670
51.05;52.5;50.8;51.7;2394414
52.4;52.65;51.25;52.5;2671928
52.05;52.5;51.45;51.5;1923024
52.2;53.5;51.75;53.25;1712798
52.85;53.55;52.05;53.35;1582716
53.4;53.5;52.3;53;2408757
53.05;53.25;52.15;52.75;1222134
52.45;53.85;52.4;53.3;1178869
53.65;53.75;52.7;53.65;1042655
53.7;53.75;51.8;52.2;2286822
52.1;52.65;51.45;51.8;1890378
51.8;52.6;51.15;52;1557673
52.2;52.45;51.75;52.15;1307871
52.5;52.9;51.25;51.9;2039409
51.95;52.2;51.5;51.9;1156492
52.25;52.6;50.65;52.1;2674615
51.65;53.75;51.05;53.5;2577565
52.6;53;51.35;51.7;2178058
51.8;52.8;51.15;51.9;1421298
51.8;52.3;50.7;51.5;2674750
51;51.5;50.25;50.4;2532846
50.55;50.85;49.6;50.1;3024225
50;50.15;49.14;49.68;1899615
49.45;50.25;48.46;49;1675405
49.15;49.55;48.7;49.25;1937445
48.86;49.03;47.61;47.9;2999997
48.16;48.29;47.62;48.15;2939625
48.5;49.14;48.16;48.75;2089961
49.12;49.12;47.91;48.4;2310231
48.5;48.65;47.81;48.1;2898443
48.4;48.8;48.04;48.49;2387068
48.41;49.44;48.21;49.43;2339566
49.46;50.25;48.98;49.72;1193755
50.05;50.05;49;49.8;1236448
50;50.15;48.72;48.75;1889059
48.9;48.9;48.01;48.1;1775108
48.31;49.5;48.3;48.87;1916855
48.92;49.4;48.61;49.39;1622921
49.1;49.26;48.71;48.76;943010
48.98;49.34;48.15;48.4;1394654
48.84;49.83;48.62;49.7;2233459
49.86;51.25;49.3;51;2320465
51.1;51.65;50.85;51.2;1878976
51.6;53.2;51.15;52.85;1682324
53.5;53.55;50.9;52.4;3991503
52.8;53.2;52.05;52.6;3074292
52.4;52.5;51.55;52.25;2021035
52.05;53;51.95;52.5;1391333
52.5;53;52.15;52.75;904281
53.4;53.7;52.85;53.65;1770737
53.85;55.2;53.65;54.75;3567647
54.8;55.35;53.9;54.3;2249215
54.15;54.7;54;54.2;1456598
54.3;55.05;54.25;54.8;1248264
54.75;55.65;54.65;55.5;1320469
56.1;56.15;55.6;55.9;1759094
55.95;56.75;55.7;56.55;1956619
56.5;56.75;55.85;55.9;2131046
55.5;55.6;54.45;54.45;2028639
54.15;54.8;53.3;54.55;1992254
54.55;54.65;53.9;54;1820022
53.05;53.75;52.3;53.55;3168524
53.1;53.65;52.9;53.3;1729651
53.05;53.75;52.25;52.55;2934026
52.45;52.8;51.9;52.2;2584180
51.65;52.75;50.8;52.65;3090617
52.85;53.1;51.7;52.2;1731764
52.1;54.5;52;54.5;1716721
54.2;54.55;52.85;53.1;1314722
53.35;53.35;51.75;52.5;2047754
52.2;53.2;51.7;52.1;1316027
52;53.4;51.65;53.4;1675516
53.4;53.4;52.15;52.8;1485297
52.9;53.6;52.5;53.6;1264031
53.55;53.7;52.3;52.95;1400454
53.25;53.7;52.6;53.15;1227194
52.7;53.6;52.3;52.9;1170742
53.05;53.65;52.8;52.85;1426882
52.9;53.5;52.3;53.25;1384302
53.75;54.65;53.6;53.95;2516725
53;53.25;51.85;52.5;2411701
51.65;52.2;51.15;51.8;2303500
51.6;52.2;51.45;51.95;1067936
52.05;53.45;51.85;52.55;1118372
52.75;53.35;52.55;53.15;1237757
53.55;53.7;52.6;53.6;1164553
53.6;54.2;52.9;53.75;1281401
53.4;53.8;52;53.25;2561106
53.2;54.6;53.2;54.3;1366348
54;54.9;53.9;54.65;1107401
54.25;54.7;53.9;54.05;1203898
54.2;54.6;53.65;54.05;1309869
54.05;54.85;53.75;54.4;1743175
54.05;54.25;53.65;54;870603
53.55;54.2;53.3;53.75;714535
53.6;54.15;53.6;53.95;1008443
54.15;54.6;53.4;54;2641654
54.1;56.65;54.1;56.05;4639814
55.55;56.35;55.2;55.6;2182362
56.15;56.7;55.85;56.2;1851638
55.3;55.8;54.55;55.25;1776255
55.2;55.3;53.75;55;1703349
54.85;55.85;54.5;55.7;1323065
55.85;57.35;55.7;57.1;1900241
57.25;57.85;56.6;56.85;2132434
57;57.15;55.95;56.3;2093601
56.5;56.8;56.2;56.7;1308166
56.75;56.75;55.55;56.5;7257429
56.3;56.8;55.25;56.5;3552376
56.5;56.85;55.5;55.65;2650179
55.75;56.7;55.7;56.45;2006424
56.4;56.65;55.6;56.4;1786146
56.1;56.5;55.6;55.95;1471506
55.45;55.8;55.3;55.7;934183
56.1;56.15;55.4;55.4;2053609
55.4;56.45;55.1;56.35;1828137
56.45;56.6;55.75;56.25;1572348
56.7;56.9;55.65;56.25;956805
57.2;57.65;56.85;57.1;1552535
57.05;57.9;56.7;57.7;1913323
57.85;58;56.85;57.85;2304607
57.45;59.2;57.4;58.9;2114649
58.8;59;57.35;58.15;1885023
57.3;58.8;57.3;58.05;1210263
58.55;59.45;58.45;58.8;1475963
58.7;59.2;58.5;58.8;386510
59.2;59.3;58.7;59.15;625903
59.35;59.9;58.9;59.05;898213
58.2;60;58.2;59.7;659377
59.85;60.5;59.55;60.4;689168
60.1;60.75;59.85;60.3;1600543
60.5;60.6;59.35;59.55;1633321
59.65;60.1;58.85;59.3;1437539
59.3;59.75;57.5;57.95;3333952
58.45;58.8;57.05;57.35;2167378
57.3;57.6;56.8;56.9;1458778
57.05;57.35;56.6;57;1456251
56.7;57.95;56.7;57.7;2384559
57.5;58.4;57.45;57.5;1829805
57.55;61.25;57.55;59.6;4849422
59.75;60.9;59.2;59.5;2185742
59.3;59.7;58.8;59.3;1888780
59.05;60.5;59.05;60;1424258
61.5;63.25;61.2;62.05;4253526
60.5;61.7;57.1;57.75;7604957
55.5;56.75;54.2;54.5;11324396
54.1;56;54.1;54.9;9714658
54.35;55.65;54.35;55.55;5259551
55.4;55.95;55.1;55.1;2464159
55.5;57.45;55.3;57.2;6334545
57.35;57.6;56.15;56.2;1868723
56.2;56.45;55.4;55.75;1952154
55.7;57.05;54.85;56.25;3288825
56.45;58.3;56;57.3;3577125
57.35;58.2;57.35;58.05;3295813
57.9;57.9;56.45;57.15;1887058
57.4;57.4;56.2;57;1382498
57.1;57.2;55.95;56.55;1876459
56.8;56.85;54.85;55.6;2506904
55.3;55.85;55.2;55.35;1357471
56;56.2;54.9;55.3;1253140
55.35;55.75;55;55.7;2229528
55.6;56.1;55.35;55.6;1746834
56;57.05;55.85;56.95;2356338
57;57;55.3;55.8;1636731
56.3;56.5;55.55;56;796444
56;56.15;54.3;54.6;2755878
54.8;54.85;54.4;54.7;3322692
54.7;55;54.4;54.75;1984559
55.2;55.55;54.85;55;1577479
55.65;55.7;55.15;55.4;1245588
55.65;55.65;55;55.65;1321221
55.05;55.25;54.5;54.95;2300815
55.55;55.55;55;55.3;1554652
55.35;56;54.6;55.3;1918713
55.35;55.6;55.1;55.25;700560
55.05;56.95;55.05;55.75;2975903
55.4;56.8;55.4;56.7;2609591
56.1;56.8;54.5;55.2;3269061
54.65;57.55;54.25;57.1;4645522
56.65;57.05;55.3;55.3;2052954
55.2;55.7;55.05;55.45;1649080
55.25;56.35;54.75;55.75;2023956
55.4;55.75;54.7;55.05;1360239
55.3;56.2;55.05;56;2033324
55.35;55.9;54.6;55;2615381
55.2;56.35;54.9;55.05;3072500
55.05;55.2;53.1;54.3;4652301
54.15;54.65;53.2;54;2558692
54;54.3;53;53.7;3104428
53.55;53.9;53.3;53.5;1325522
53.5;53.65;52.9;53.2;1970857
53.4;53.6;53;53.15;1989552
53.85;53.85;53;53.5;1453151
53.85;54.5;53;54.4;2129556
54.35;55.4;54.25;54.65;1874948
54.2;55.1;53.5;53.5;2115880
53.85;54.5;52.5;52.5;2369763
53.25;54.4;53.1;54;2216343
54.45;54.95;53.8;54.15;1597587
53.7;54;53.1;54;1411565
53.8;54.65;53.8;54;1519410
54;54.6;53.7;54;2573954
53.7;54;53.3;54;954702
54;54.3;53.7;54;1714367
53.1;54.6;53.1;54.25;2553132
54.95;56.15;54.7;55.85;4672218
55.9;56.9;55.25;55.95;3271690
52;53;50.65;52.05;16700828
52.05;52.15;51.4;51.4;8568717
51.1;51.15;49.42;49.77;13299042
49.8;51.45;49.49;51;10042768
51.5;53.6;51.5;53;19175304
52.9;53.2;52.55;52.8;5215104
52.4;52.7;51.9;52.25;10525129
51.55;52.65;51.2;52.2;5564090
52.05;52.7;51.7;52.4;5947879
52.5;53.65;51.95;53.65;10951613
52.6;53.6;52.5;52.9;7724700
53;53.2;52.35;52.8;7138556
52.85;53.1;52.55;52.7;4905694
52.75;53.3;52.5;53.15;4138539
52.95;53.7;52.75;53.45;5438723
52.8;53.6;52.75;52.75;4840935
53.25;53.5;52.9;53.15;3945574
53.55;54;53.25;54;3442393
54;54;53;53;1780910
53.35;53.35;52.65;52.8;1795794
53;53.5;52.75;53.2;2518219
52.95;53.35;52.8;53.3;4233943
53.9;54.05;53.2;53.6;2273284
53.75;54.6;53.75;54.6;4270030
54.65;54.7;54.1;54.1;3032434
54;54.45;53.85;54.15;593691
54.05;54.1;53;53.1;2183291
53.15;54.1;53;53.55;2463915
53.55;53.75;52.8;53.4;3309885
53.7;54.2;53.4;53.9;3456481
54;54.75;54;54.7;2677834
54.7;54.95;54.25;54.9;4795324
54.25;54.9;53.9;53.9;2820533
53.95;54.35;53.75;54.2;1959043
54.3;54.5;54.05;54.05;1856674
53.95;54.15;52.9;52.9;2458752
53.4;53.8;52.9;53.7;2994711
54.1;54.2;53.7;54.1;3006089
54;54.2;52.8;52.85;3900324
52.55;53;52.25;53;9541689
53.2;53.25;52.45;52.85;3583591
53.1;53.5;52.55;52.55;3975640
52.75;52.85;52.2;52.35;4140672
52.5;52.9;52.05;52.4;5065536
52.35;53.15;52.15;52.4;4642040
52.5;52.95;52.15;52.35;3920421
52.65;52.7;52.35;52.55;3773988
52.55;52.8;52.1;52.1;4328103
52.35;52.7;52.2;52.4;3012348
52.3;52.45;52;52.05;2318289
52.15;52.3;52;52.1;961282
52.05;52.25;51.7;51.8;1898975
52.05;53;51.85;52.65;3832701
52.8;53.75;52.7;53.45;3547716
53.4;54.15;53.3;53.85;3234381
53.8;54.45;53.7;54;3134318
54.35;54.55;53.9;54.1;2607138
54;54.5;53.6;54.3;2341531
53.85;54.15;53.35;54;2865836
53.85;54;53.1;53.45;2754701
53.25;53.5;53;53.25;1927437
53.2;54.25;53.2;54.25;2902768
54.7;55.4;54.5;55.25;3141779
54.8;55.4;54.4;54.75;3635037
55;55;53.75;54.65;4154626
54.35;54.6;54.1;54.1;3450909
54.1;54.2;53;53;9938985
53.25;53.5;52.3;52.6;7041255
53;54.25;52.9;54.2;5614018
54.25;55.3;54.05;55.1;10772970
54.8;55.55;54.8;55.35;3594604
55.5;55.65;55.1;55.55;2469242
55.35;55.75;55.15;55.55;3446317
55.6;56.2;55.6;55.8;2808986
54.95;55.8;54.85;55.2;4738497
55.7;56.05;54.15;54.45;4129326
54.35;55.35;53.9;55.3;3648544
55.2;56.1;54.85;55.8;4830222
56;56.45;55.1;55.55;5649213
55.3;56;54.75;55.8;2612298
55.6;56.15;55.35;56;2428124
56;56.25;55.35;55.8;3028711
55.8;55.8;55.25;55.6;2585248
55.75;55.95;55.2;55.65;3571240
55.9;56.05;55.7;56;4721727
56.1;57;56.1;56.95;3471177
56.85;57.05;56.7;56.95;3547407
57;57.3;56.9;57.2;3330181
57.3;58.1;57.3;58.1;5069120
58.15;58.6;57.85;58.6;3420371
58.85;59.55;58.8;59.05;3597614
59.4;59.4;57.75;58.4;5875014
58.2;58.55;57.55;57.95;4139511
58.2;58.2;57.35;57.65;3297321
57.65;58.25;57.45;58.1;2406390
58.25;58.25;57.8;57.9;2526807
56.9;56.95;55.95;56.2;11976630
56.25;56.25;55.7;56.05;5757572
56.05;56.4;55.9;56.35;4905199
56.3;56.65;55.95;56.4;4137622
56.6;57.1;56.45;57;2717536
56.75;57.45;56.4;57.45;3487648
57.2;57.85;57.1;57.25;3804308
57.2;57.35;56.85;57.3;2805676
57.5;57.65;57.1;57.35;2458987
57.3;57.6;56.8;57.35;2707599
57.4;57.75;57;57.4;3518026
57.25;57.8;57.05;57.05;3468954
57.05;57.45;56.85;56.9;4388383
57;57;56.45;56.8;4322281
57;57.35;56.5;57.3;2658946
57.15;58.5;57.15;58.3;6955945
58.3;59.5;58.25;59.5;19281323
59.35;59.9;58.35;58.4;45842166
58.5;59.4;57.65;59.4;8798476
59.4;60.15;59.4;59.9;5372877
59.9;60.3;59.45;59.85;5924507
59.85;60;58.9;59;5330969
59.3;59.45;57.75;58.2;6300421
57.7;58.7;57;57.7;6413128
57.8;57.8;57.25;57.6;3272803
57.1;57.65;56.5;56.75;4257656
57;57.95;56.95;57.85;4453101
57.7;57.75;56.6;56.75;4560434
56.55;57.45;56.1;57.45;4087536
57.4;57.65;56.6;56.75;2588563
57.3;57.9;57.3;57.8;3613238
57.15;57.7;56.8;56.9;3629377
57;57.45;56.35;56.85;3961635
56.8;57.2;56.2;56.6;3446282
55.75;55.8;54.95;55;4345060
55.05;55.5;54.5;55.35;3279662
55.5;57.4;55.3;57.3;4762343
57.6;58.4;57.35;58.2;4934729
58;58.2;57.3;57.3;3771789
57.2;57.75;57.05;57.55;1762501
57.7;59;57.6;59;4063442
59.4;59.65;57.25;57.4;10495099
57.25;58.45;57.25;57.95;4661578
58.65;59.65;58.65;59.25;5424282
59.45;59.55;58.6;58.85;2929293
59.05;59.35;57.7;57.9;8354380
58.75;59.1;58.4;58.75;5980295
58.65;59.4;58.45;59.25;3721869
59.35;59.65;59.1;59.55;3041912
59.75;59.95;59.3;59.3;2963835
59.35;59.55;58.65;59.05;2591769
59.15;59.8;58.7;59.8;4016576
59.35;59.85;58.85;59.2;3212517
58.8;58.8;57.25;57.85;6379446
57.75;57.75;56.95;57.25;3765707
57.6;57.95;57.1;57.35;3028430
57.7;57.75;56.6;56.85;2876804
57.2;57.95;57;57.4;2291702
57.25;57.5;56.55;57.05;1971071
57.25;58.25;57.25;57.35;2808631
57.65;57.75;56.25;56.65;4819689
56.3;57.05;56.15;57;4549260
56.85;57.5;56.3;57.1;5066809
57;57.7;56.5;56.7;4143239
56.5;56.95;56.4;56.8;1740434
57.15;58.2;56.9;57.55;3774090
57.25;57.4;56.7;57.25;2672713
56.85;57.65;56.45;56.6;4171626
56.9;57.65;55.75;56;7078982
56.5;57.65;56.2;57.3;4032409
57.7;57.75;56.8;57.1;4562598
56.55;57.45;56.55;56.8;2890963
56.8;58.2;56.8;57.7;4939093
58.15;58.35;55.95;56.7;7880277
57.05;58.45;56.85;58;4186445
57.8;58.45;57.25;58.3;2925466
58.7;58.85;57.75;58.6;3611656
58.5;58.9;58.3;58.65;1888628
58.75;59;58.5;59;418199
58.75;59.45;58.6;58.9;1870047
59.15;59.2;58.6;58.9;884664
59;59.35;58.75;59.1;1281419
59;59.4;58.95;59.05;931473
58.75;58.95;58.4;58.8;965408
59;59.9;58.6;59.3;2772341
59.5;59.8;58.95;59.1;2832380
58.6;58.85;57.8;58.25;4471949
58.4;58.65;57.65;57.65;4091467
57.6;58.3;57.35;57.85;3204309
58.45;58.45;57.8;58.15;3200457
58.7;58.7;57.55;57.85;4924450
57.7;57.9;57.2;57.4;3321207
57.6;58.3;57.6;58.2;3595520
58.05;58.3;57.6;57.75;3350072
58;58.1;57.65;58;1857014
57.85;58.2;57.65;58.05;3537810
58.05;58.1;57.35;57.75;3917459
57.5;57.75;57.25;57.4;4044115
57.05;57.75;57.05;57.7;2863573
57.4;58.05;57.25;57.95;2945419
57.8;58.15;57.6;58;3130332
58.05;58.4;57.3;57.3;4087243
57.7;57.95;57.3;57.95;3402822
57.6;57.7;56.85;57.1;10492836
57.25;57.55;56.95;57.25;5885116
57.05;57.35;56.5;56.85;5210865
57;57.15;56.4;56.45;3869344
56.6;57.15;56.5;57.05;5148404
57.35;57.5;57.05;57.4;3549097
57.6;57.8;57.4;57.8;3070268
57.75;58.1;57.6;57.8;3308200
57.75;58.1;57.5;57.5;4730939
57.75;57.85;57.35;57.6;2415086
57.5;57.75;57.25;57.75;3740413
57.6;58.05;57.55;58;3452761
57.85;57.9;57.35;57.6;3883866
57.7;57.75;57.3;57.75;3827117
57.8;58.1;57.4;57.55;4966537
57.55;59.05;57.55;58.55;9132004
59.5;60.85;59.35;60.85;9134036
60.8;61.2;59.9;59.9;6490496
59.55;59.7;59;59.3;5536809
59.5;59.5;58.4;58.85;5349433
59.1;60.05;59;59.95;5334753
60.5;61.05;60.35;60.4;6499572
61.25;61.75;60.55;61.5;8776549
61.75;62.55;61.3;62.4;6078322
62.3;63.3;62.2;63.05;7580672
63.6;63.65;62.6;63.65;5806243
63.6;64.3;63.1;64.3;4300748
64.15;64.2;62.15;62.8;7684627
62.7;63.15;61.9;62;5325570
61.85;62.7;61.55;62.2;4215559
62.45;62.75;62.2;62.2;2102870
61.75;62.05;60.8;61.85;3782230
62.15;63;62;62.9;3733798
62.65;63.45;62.5;62.7;5255534
62.6;63.1;62.6;62.9;2348049
62.95;63.2;62.5;63.15;4482133
62.95;63.2;62.25;62.55;2616893
62.6;65.3;62.2;64.05;11309726
63.55;64.2;63.5;63.9;3063490
64.35;65.45;64.1;65.4;4242782
65.7;65.9;64.9;65.65;5906272
65.25;65.9;65.1;65.6;3598950
66.2;66.5;65.05;65.05;5202780
65.05;65.85;64.55;65.45;3936371
65.45;65.45;64.55;65.05;3464034
65.6;66.85;65.5;66.6;4601126
66.7;67.55;66.65;67.55;4703614
67.45;68.35;66.8;67.75;6551911
68;68.2;67.45;67.5;3626205
67;67.4;66.3;66.65;4326171
66.1;66.6;65.7;65.85;3531914
66.4;67.1;66.4;67.05;4094487
67.45;68.8;67.45;68.45;7539043
69;69.25;68;68.25;8372553
67.4;67.8;66.65;66.8;7805751
67.45;67.45;66.35;67;5992730
67;67.1;66.5;66.85;4991502
66.4;66.75;66.05;66.2;4121182
66.5;67.1;66.5;66.95;2646952
67.05;68;66.7;68;3599503
68.1;68.45;67.2;68.4;3155947
68.1;69.15;68.1;68.85;5307658
69.4;69.75;68.15;69.2;5231998
68.55;68.95;67.65;68.4;4921300
68.65;68.85;67.75;68.05;2242144
68.2;68.6;67.65;68.6;3680809
68.95;70.35;68.85;70.35;4843208
70.35;70.95;69.95;70.3;3933106
70.45;71;69.75;70.4;4578409
70.15;70.8;69.55;70;3539669
69.7;70.2;69.35;69.75;3383567
69.3;70.05;69.05;69.2;3704280
69.75;70.15;69.25;70.1;2656575
70;70.8;69.35;69.95;2871090
69.4;70;69.3;69.9;1395013
70.3;70.3;69.25;69.85;3069504
69.9;70.3;69.45;70.3;3840349
70;70.6;69.2;69.65;3815771
69.7;71.2;69.65;70.9;5438398
70.9;71.3;70.75;71.25;2584986
71.3;71.85;71.15;71.85;3118528
71.65;72.35;71.4;72;2898856
72;73.2;71.9;73.15;9148347
73.15;73.2;72.25;72.45;2366772
72.45;72.85;72.1;72.85;1312941
72.65;73.8;72.5;73.3;5734241
73.5;73.65;72.5;73.6;2943570
73.75;73.9;73;73.7;2712080
73.8;74.1;73.15;73.25;2781078
73.35;73.8;72.95;73.2;2305125
72.4;72.85;72.25;72.8;3572419
72.4;72.75;72.05;72.4;2394157
72.1;72.2;71;71.35;3554583
71.9;72.1;70.8;71.35;3501414
72.4;72.5;71.8;72.15;3231107
72;72.35;71.65;71.95;2758895
72.35;72.5;71.15;71.15;3314062
71.4;71.85;67.15;67.3;15704259
67.9;69.1;67.5;69;9496744
68.85;69.65;68.55;69.3;5223607
69.35;69.85;69.2;69.7;2275275
69.7;70;69.25;69.4;2811975
69.6;69.6;68.25;69;3070631
68.65;68.65;67.85;67.85;2934676
67.2;67.8;67.1;67.25;3989777
67.4;67.95;67.05;67.9;3326735
68.7;68.8;68.25;68.45;3833780
67.95;68.35;67.55;67.9;4411714
67.6;69.15;67.6;69;3215212
69.4;69.4;68.5;68.7;1941389
68.6;69.1;68.25;69;2151909
69.4;69.6;68.9;69.15;2506211
69.05;69.05;65.4;68.3;7125376
69;69.35;68.35;69.35;2702646
69.75;70.45;68.6;69.2;2887083
69.1;69.5;68.25;68.6;2664475
68.9;69.8;68.35;69.75;3070630
70;70.5;69.65;70.2;2868640
70.3;71.15;70.05;70.95;2887166
71.05;71.2;70.05;70.45;2720150
70;70.45;68.85;70.45;6905074
70.2;70.7;69.6;70.1;3051203
70.5;71.85;70.2;70.75;4566877
70.65;70.8;69.65;70;2045552
70.4;70.75;69.75;70.55;1805033
70.55;71.6;70.4;70.7;2304798
71.4;71.45;70.6;70.65;2331115
71.05;71.6;70.6;71.55;2634268
71.45;72;71;71.35;2626913
71.55;71.9;70.8;71.2;1502611
71.25;72.6;71.05;72.4;1810116
72.4;72.4;71.2;71.55;2497542
71.2;71.8;70.75;71.1;2245447
70.95;71.4;70.25;70.25;2523449
70.3;71.35;70.2;70.85;2271481
70.85;71.6;70.7;71.6;1831487
71.75;72.2;71.25;71.75;2887511
71.65;71.75;70.9;71.35;1792995
70.45;71.25;70.25;70.65;2003923
70.45;70.55;69.75;70;1514558
70.2;70.5;69.3;69.5;2289475
69.1;69.7;68.8;69.1;2824113
69.3;70.6;68.85;70.6;3842428
70.85;72.7;70.7;72.7;4312160
72.2;72.4;71.4;71.8;2292777
71.5;71.7;70.6;70.65;2298139
70.55;70.75;69.7;70.3;3132064
69.75;70;69.3;69.75;3376833
69.7;70.3;69.05;69.1;3072494
68.45;69.75;68.15;69.6;2096341
69.6;70.15;69.45;69.9;3614688
70.6;70.7;68.3;69.2;11162746
69.5;69.5;67.7;68.4;8116073
68.1;68.8;67.6;68.7;4269846
68.75;69.4;68.4;68.9;1662910
69.05;69.75;67.8;68.3;6128637
68.35;68.7;67.3;67.65;5416247
67.4;67.7;66.4;66.6;5512360
67;68.05;66.65;67.1;4807137
67.35;67.6;66.7;66.85;3480890
67;67.1;65.65;65.65;4781369
65.95;66.3;65.65;65.95;7172328
65.6;66.3;65.35;66;4347377
66.35;67.15;66.1;66.1;7123116
66.25;67.15;65.9;66.4;3492528
66.6;67.05;65.95;67;3540105
66.3;66.8;65.6;65.7;4678450
65.55;66.55;64.9;66.25;6179117
66.25;66.9;65.5;66.6;5057737
67.4;68.2;67.25;68;5359283
68;68.6;67.5;67.75;3405412
67.95;68.35;67.5;68.05;3730823
68.25;68.5;67.55;67.65;3009982
68.6;68.8;67.75;68.75;3424563
68.9;69.7;68.8;69.35;3616352
69.45;70.3;69.35;70.1;3756876
70;70.65;69.85;70.4;4877262
69.8;70.1;69.2;69.55;5466284
69.15;70;69.1;69.6;3726500
69.9;70.15;69.4;69.85;2515048
69.9;70.35;69.25;69.3;3762136
68.95;69.7;67.85;68.05;6997847
67.6;68.25;67.3;67.7;3388613
67.65;68.9;67.65;68.65;3948467
68.4;68.75;67.75;68.3;2575208
68.35;68.8;67.6;68.1;4666410
67.8;69.15;67.8;68.7;5844806
69.8;70;68.05;68.4;3733815
68.3;68.85;67.3;67.45;4035227
67.6;68.15;67.1;68.1;3001064
68.45;68.8;67.3;67.3;3356123
67.05;67.3;66.5;67;4554778
66.5;66.5;65.1;65.2;4815772
64.7;65.65;64.7;65.3;4677609
66;66.8;65.9;66.8;4689752
66.6;66.9;65.9;66.15;4039647
66.1;66.45;65.35;65.8;5690467
66.05;66.85;65.75;66.6;4062881
66.35;67.1;66.1;67;4050399
66.95;68.45;66.95;67.9;4391497
70;70.8;68.8;69;9111782
68.9;68.95;67.55;67.8;4083651
67.95;68.2;67.65;67.95;3887253
68.9;69.75;68.5;69.35;3928300
68.9;70.15;68.45;69.05;4202211
68.65;69.15;68.5;68.6;2976156
68.1;68.45;67.7;68.35;3044376
68.55;69.15;67.9;68.3;2917069
68.25;69.75;68.25;69.3;4308391
69.45;70.1;69.3;69.85;3522295
69.6;70;69.3;69.35;2589371
69.95;69.95;69.25;69.8;3070774
70;70;69.05;69.4;1719437
69.55;69.75;69.15;69.4;1161399
69.95;70.2;68.5;68.9;5011072
69.05;69.35;68.85;68.95;2756803
68.75;69.1;68.2;68.6;5255703
68.8;69.5;68.75;69.4;2506248
69.5;70.9;69.15;70.7;3490106
70.5;71;70.1;70.4;2518710
70.4;70.6;69.8;70;2606098
70.15;71.2;70;70.6;3443872
70.05;71.3;69.9;71.25;2943581
71.3;71.65;70.5;70.7;2302088
70.7;71.1;70.15;70.65;3540809
70.55;71.9;70.55;71.9;3155507
72;72;70.8;70.85;3950638
71.3;71.3;70.2;70.6;3503576
70.55;71.8;70.3;71.8;7495330
73.6;74.65;73.3;73.8;6924929
73.55;75;73.55;74.85;5247509
74.65;75.6;74.2;75.55;4162078
75.25;75.8;75.05;75.3;2756989
75.75;76.2;75.1;75.95;1848520
75.95;76.7;75.4;75.6;1544708
75.65;75.7;74.25;74.9;2217995
75.4;75.5;74.8;75.3;1273583
75.05;75.25;73.8;74;1823381
74.3;75.35;74.2;75.3;970918
75.25;76.6;74.9;75.3;3316300
76.5;77.4;75.8;77.25;4178420
77.15;78.7;77.15;78.05;4465049
78.2;78.8;78;78.4;4035603
78.4;79.15;78.2;78.8;4793918
78.6;78.75;77.7;78.4;4020880
79.1;79.3;78.1;78.6;3841182
78.95;79.1;77.85;78.2;3392702
78.4;78.6;77.45;77.7;3174622
77.75;78.1;77.2;77.6;2433694
77.05;77.05;76.2;76.2;4863450
75.55;76.55;74.6;75.65;6626790
75.65;76.65;75.6;75.8;3307541
76.25;77.15;76.15;76.15;4704505
75.4;75.4;74.45;75.15;4800359
75.1;75.45;73.45;73.85;5904201
72.45;74.15;72.1;73.65;7466272
73.95;75.2;73.55;75;5749689
75.5;75.75;74.1;75.65;4656134
75.35;75.35;74.1;74.55;3749148
74.9;75.65;74.25;75.45;4101732
75.9;76.7;75.8;76.35;4343028
76.55;76.8;75;75;3098290
75.2;75.75;74.35;75.75;3160320
75.95;76.4;74.4;74.85;3223425
75.2;75.55;74.5;75.3;3810210
75.15;75.45;74.05;75.15;3517245
75.6;75.9;75.05;75.5;2950098
74.95;75.45;74.4;74.55;2702037
74.8;74.8;73.6;74.55;4095750
74.3;75.05;74.1;74.55;3077672
74.8;75.2;73.75;73.9;3419406
74;74.2;73.35;73.85;3359744
73.8;74.35;73.15;73.9;4765648
70.95;72.15;70.6;71.7;8607694
72;72.8;71.8;72;6676978
71.75;71.8;71.25;71.7;4968448
71.8;72.1;71.3;72.1;4848870
73;73.3;71.7;72.5;4255820
72.9;73.35;72.3;73.35;3491909
73;73.25;71.25;71.4;5715910
71.65;72.6;70.9;72.15;3972866
71.75;72.3;70.4;71.1;5686471
70.85;71.15;69.8;70.25;4384285
70.5;71;70.1;70.2;2846151
69.85;71.15;69.5;70.85;5370530
71;73;70.75;72.65;6724381
73.75;74.35;72.65;73.1;5755106
72.65;73.75;72.4;73.6;3674631
73.65;75.4;73.35;75.35;5429697
75.05;75.25;74.5;75;2704026
75.1;75.4;74.2;74.6;3384407
74.05;74.65;73.65;74;3611541
74.2;74.85;73.65;73.65;6662285
73.5;74.4;72.75;73;3517049
73;73;72.05;72.5;3535002
78;79.85;76.85;78.6;26942664
78.8;78.95;77.15;77.15;5706408
77.5;78.35;77.15;77.45;4038309
77.15;77.3;75.5;75.75;3801096
75.8;76.5;75.5;75.95;4838527
76;77.5;75.8;77.25;4046335
77.95;78.7;77.8;78.3;5288254
77.55;79.1;77.5;78.5;4223766
79.1;79.1;77.6;78.15;3052910
77.75;78.05;76.95;77;3270864
76.35;76.95;75.85;76.65;3378341
76.8;77.25;75.5;75.8;3472831
75.7;75.7;74.65;74.65;5380006
74.55;75.7;73.8;75.55;4787811
76.5;76.9;75.25;75.35;4749697
75.2;75.5;74.45;74.8;6167504
75.05;75.2;74.55;74.95;2749556
75.05;75.4;74.6;74.95;2342435
75.5;75.8;74.2;74.95;3492878
74.6;76.45;74.6;76.2;3404791
76.5;76.7;75.55;76;3848100
75.4;75.7;74.7;74.85;2519800
74.9;75.35;74.15;74.45;3009443
75.1;75.2;74.1;74.15;2740870
74;74.15;72.85;73.6;6196574
73.75;75.85;73.15;74.75;8230668
74.5;75.9;74.25;75.85;4416431
76;76.15;75.05;75.05;3862838
75.2;77.05;75.05;76.65;6161696
77.1;77.4;75.45;75.9;4885669
76.05;76.25;74.7;75;3108076
75.5;76.05;74.9;75.85;4250080
75.5;76;75.15;75.15;3092650
75.55;76.8;75;75.1;3804332
74.55;75.3;73.9;74.4;4344552
74.4;74.9;73.05;73.65;4650188
73.75;75.95;73.15;75.7;5208408
75.7;76.35;73.4;73.45;5791489
73.5;74.4;72.35;73.5;5005591
73.6;74.2;72.4;73.3;4610117
73;73.9;72.05;72.1;5177784
72.65;74.15;72.2;73.8;5236014
73.5;74.05;72.1;73.35;4259556
73.75;75.2;73.4;74.95;3259211
75.85;76.15;74.55;76.15;3410152
75.65;76;75.05;75.65;1136554
75.25;76.1;73.25;73.5;4996862
72.95;74.2;72.35;73.55;6464444
73.35;74.05;72.7;73.7;3863214
74.6;75.45;73.7;74.1;3902334
74;74.4;73.15;73.65;2322104
72.55;73.5;72.45;72.55;4382107
71.95;72.4;70.75;72.35;4066667
70.2;72.1;70.2;71;6914216
71.6;71.95;70.9;71.85;4257712
71.55;71.75;71.1;71.3;2178956
70.5;71.3;70.1;70.6;5164413
71.35;72.2;69.8;71.6;4508256
71.65;73.5;71.35;73.5;5414795
73.7;74.4;71.65;72.25;14224437
72.6;73.45;72.1;72.8;3365339
72.15;73;71.35;72.7;4423410
72.6;73;71.7;72.95;4044339
73.6;74.75;73.6;74.65;4378274
74.8;75.45;74.5;74.85;3199787
75;75.3;74.3;74.5;10459690
74.55;74.85;72.95;73.35;3424294
73;73.9;72.8;73.1;3069075
73.7;75.8;73.5;75.8;4096676
76.15;76.4;74.8;76.3;4547867
76.1;77.1;75.9;76.9;5757901
76.4;76.8;76.05;76.75;1697680
76.25;76.9;75.65;75.9;6606965
76.2;77.85;76.1;77.6;7024551
77.1;77.9;76.7;77.55;3297679
77.3;77.9;76.35;77.7;4538006
76.75;78.3;76.75;77.35;11500184
77.85;78.5;77.75;78.1;7061563
77.2;77.5;75.55;75.85;4773115
75.25;76.45;74.8;75.6;2955248
76.2;76.35;74.8;75.25;3585659
74.9;75.75;74.2;74.7;3346388
74.5;76.7;74.25;76.35;3843982
76.5;77.5;76.4;76.85;3072817
76.35;77.8;76.1;77.2;3347879
76.7;78.35;76.55;78.3;3111446
78.3;79.25;78.05;78.6;3236483
78.2;79.05;77.9;78.55;3093726
78.8;79;74.65;75.5;9524236
75;75.35;73.7;74.7;5728742
74;75.4;73.95;74.45;4063948
74.1;74.75;72.95;73.45;3842397
74.2;74.4;72.75;73.35;4328029
73.7;74;72.6;73.15;3939167
73.7;74.85;70.7;71.05;11419392
70.15;70.7;68.95;69.8;8997218
70.2;70.9;68.3;69.55;12062480
69.15;69.15;68.05;68.85;9276375
68.3;68.5;67.55;67.8;6694353
67.85;68.35;67.35;67.8;4168289
68.2;68.75;68;68.6;2626500
69.4;70.75;69.15;70.3;5626409
70.6;71.35;70.4;70.9;5477102
71.2;71.3;70.6;71;4688837
70.55;71.15;70.2;70.7;3553963
70.45;70.65;69.15;69.5;4906777
69.75;70.4;69.1;70.05;3936980
69.8;70.55;69.65;69.7;2595794
69.45;70.45;68.85;70;3567256
69.85;69.95;68.6;69.2;3954694
69.2;70.25;68.9;69.9;1548520
69.9;70.75;69.7;70.1;2370950
70.65;70.65;69.7;69.95;2557747
70.4;70.65;69.2;70.05;2993817
72.5;72.5;70.25;70.7;11527410
71;71.1;70.05;70.3;2967803
70.25;70.9;69.15;69.8;3938353
69.55;70.25;68.45;68.7;5049043
68.5;69;68.1;68.35;3825900
68.5;68.5;66.9;67.6;4975882
67.3;67.55;66.9;67.5;3915228
67.75;69.15;67.5;68.9;4738683
69.35;69.65;68.4;68.95;3830348
69.3;69.7;67.7;68.1;4972968
68.35;68.7;67.5;68.05;8637159
68.3;68.35;67.3;68;2785852
67.95;68.45;67.4;67.85;3431467
67.95;69;67.85;68.7;3856473
69;69.7;68.65;69.65;5867963
69.25;69.65;68.2;68.65;4046888
68.85;69.7;68.8;69.2;2925050
69.7;70.25;69.5;69.9;3437328
70;70.25;68.95;69.45;4127395
69.8;70.4;69.5;69.75;5044074
69.95;70.45;69.7;70.2;3202447
70.3;70.9;70.15;70.35;3682750
70.35;70.65;69.9;70.2;2422841
70.5;70.6;69.3;70.05;4002270
70.5;70.5;69.7;70.15;3328877
70.3;70.5;68.05;69;8563112
68.85;69;68.45;69;3832253
69.3;69.75;69.05;69.15;4001220
69.1;69.25;68.4;69.15;3709972
69.2;69.45;68.5;68.75;4403332
68.85;69.2;68.55;69.1;4612581
69;69.7;69;69.7;3270576
69.55;69.9;69.4;69.6;3392093
70;70.4;69.3;70;4865232
69.7;70;69.1;69.45;4559592
69.7;70.35;69.5;70.2;5485784
70.25;70.8;69.7;70.65;2967793
70.65;70.7;69.85;70.4;2748076
70.7;70.7;69.85;70.15;3031947
70.3;70.65;69.15;69.7;6018370
69.65;69.9;67.65;68.65;6366038
68.1;68.55;67.8;68.5;3452890
66.4;67.15;65.2;66.6;15448797
66.8;67.5;66.1;66.8;3672994
66.25;66.7;65.85;66.25;4274635
66.25;66.4;65.65;65.95;4608532
66.25;66.8;66.05;66.55;3143908
66.6;67.4;66.4;67.25;3608325
67.1;67.35;66.15;66.3;5426587
66.4;67.15;66.15;66.65;4095632
66.3;66.5;65.75;65.8;5661874
65.7;66.9;65.65;66.55;3482782
66.7;67;66.15;66.8;3860057
67.1;67.15;66.35;66.65;3351411
66.7;66.85;66.3;66.4;2179316
66.45;66.85;65.75;66.1;6324528
66;67.1;65.75;66.7;3130908
66.8;67.3;66.45;66.8;3210335
67.25;67.3;66.45;66.7;3674591
66.9;67.25;65.85;66.45;2431430
66.3;66.65;65.65;66.1;2971213
65.95;66.45;65.2;65.25;3917941
65.5;65.9;64.85;65.2;3294865
65.7;67.2;65.65;67;4690438
67.35;67.45;66.25;66.3;4938669
66.25;66.95;65.05;65.6;5040153
65.5;66.15;65;65.85;3408406
65.55;68.05;65.55;67.85;8606918
67.8;68.1;67.05;67.6;3898053
67.55;68.8;67.45;68.4;4318391
67.55;68.55;67.25;68.55;5687890
68.95;69.6;68.55;69;4926887
68.75;69.6;68.45;69.35;4228342
69.35;69.75;68.7;69.25;4778460
69.65;69.9;69.2;69.7;2996635
69.7;70.25;69.5;70.15;7341863
69.55;70.05;69.35;69.75;4481913
69.55;69.9;69.2;69.35;3223325
69.7;69.75;68.75;68.85;4175351
68.45;69.15;68.3;68.65;2861287
68.65;69.4;68.4;68.95;2156782
69;70.15;68.65;70.15;2936202
70.05;70.6;70;70.4;2013074
70.35;70.85;69.95;69.95;1643970
70.55;71.1;70.1;70.6;2402455
70.65;70.9;70.15;70.35;2461939
69.85;70.45;69.65;70.3;2910706
70.3;71.8;70.1;70.1;4399292
70.1;70.65;68.85;69.2;3785700
69.35;69.75;68.45;68.65;4455306
69;69.6;68.8;69.1;5253740
69.45;70.65;69.25;70.45;5066251
70.5;70.95;69.85;70.45;3413377
70.9;71.35;70.85;70.9;2813490
70.9;71.4;70.5;70.65;2820890
70.9;71.1;70.05;70.6;3184888
70.9;71.6;70.25;70.6;4201303
70.6;71.5;70;71.25;5010719
71.3;71.65;70.3;70.4;4479509
70.8;71;70;70.5;3468455
70.85;71.35;70.5;71.2;3025331
70.95;71.5;70.5;70.9;3406662
70.25;70.45;69.65;69.95;4462231
70.5;70.5;68.8;69;6147831
68.95;69.5;68.4;68.55;6112596
68.25;68.3;67.25;67.45;6823218
68.05;68.05;66.55;67.7;7101007
68.1;68.15;67.5;67.65;4600869
67.5;68.45;67.3;68.1;4231718
67.65;68.4;67.65;68.25;3322796
68.45;68.65;67.6;67.8;4446008
68;68.6;67.75;67.8;4011706
67.6;67.7;65.8;67.5;9573670
68.75;68.85;67.45;67.8;6199748
66.75;67.45;65.85;66.8;12543909
66.8;67;66.4;66.55;6897393
66.55;67.4;66.5;66.85;4099712
66.8;67;66.4;66.55;4868058
66.74;66.98;66.44;66.51;2808230
66.35;66.76;66.32;66.67;3293030
66.89;67.35;66.56;66.76;4540023
66.85;67.29;66.37;66.56;4235531
66.54;66.68;66.16;66.62;3333877
66.86;66.86;66.4;66.7;3071706
66.17;66.48;65.4;65.65;7896992
65;65.03;63.72;64.26;9385963
64;64.95;62.5;63.62;9870414
63.75;64.65;63.31;64.09;9565521
63.15;64.31;62.72;63.87;5826127
64.05;64.88;63.71;64.41;5522354
64.43;64.78;64.22;64.6;5273695
65;65.37;64.34;65.25;4164831
65.55;65.87;64.8;65.5;5091855
65.5;66.14;64.65;64.85;4240484
64.8;65;64.06;64.2;4746480
63.32;63.4;62.81;62.84;9570085
63.3;63.54;62.85;63.54;5301458
63.25;63.74;63;63.25;6835962
63.78;63.8;62.81;63.74;4699552
63.7;64.6;63.15;64.44;4979205
64.21;64.77;64.07;64.54;3237392
65.54;65.66;64.81;65.34;5497611
65.1;65.5;64.7;65.34;3620128
65.31;65.42;64.02;64.45;4903481
64.88;65.07;64.24;64.5;3570241
64.5;64.55;63.8;64.3;5285251
64.65;65.16;64.25;65;4260591
64.83;65.79;64.14;65.1;4933485
64.84;64.93;64.4;64.74;4847656
64.9;64.99;64.37;64.9;3815215
65.01;65.52;64.73;65.46;3889301
65.83;65.83;65.13;65.52;1939047
65.4;65.45;64.95;65.26;4715888
65.02;66;65.02;65.39;5326060
65.3;65.88;65.1;65.61;3754882
65.89;67.78;65.66;67.44;8132462
67.93;68.38;67.45;68.28;4790648
68.04;68.49;67.34;68.1;4221075
68.2;68.49;67.58;68;4092396
67.32;67.69;66.86;67.3;6276174
67.85;68.08;67.32;67.69;6167327
68.22;68.35;66.86;66.91;4853481
67.25;67.49;66.62;66.99;3894993
67;67.82;67;67.51;3346852
68;68.44;67.5;67.83;3834043
67.55;68.2;67.08;67.45;2968428
67.11;68.29;67;67.48;3247211
67.9;68.57;67.32;68.36;5711528
68.5;68.5;67.03;67.68;5196633
67.76;68.66;67.5;68.32;4551357
68.64;69.17;68.3;68.62;2450988
68.42;68.85;67.5;68.64;3123213
69;69.2;68.09;68.31;2990579
68.65;68.65;67.79;68.13;2893783
67.88;68.19;66.91;67.8;6382933
67.49;67.92;67.21;67.48;3545266
67.4;68.15;67.2;68.04;4534139
67.93;68.95;67.77;68.55;4624966
68.89;68.95;68.12;68.3;2715522
68.51;70.27;68.5;70.06;8019276
70.19;71.38;69.81;71.17;6737345
70.97;71.16;70.16;70.96;4819183
71;71.36;70.32;70.65;4037510
70.25;70.95;69.75;70.58;4491731
70.26;71.06;70.1;70.7;3015675
70.93;71.05;70.31;70.92;545279
71.3;71.3;69.85;70.52;3013036
70.99;71.05;70.14;70.95;4232850
71.23;71.78;71.03;71.66;5511902
71.75;71.95;70.94;71.35;4153138
71.29;71.78;71;71.21;3642174
71.45;71.45;70.33;70.33;4478926
70.49;71.19;69.4;69.58;6290666
68.52;68.95;67.43;67.63;6428767
67.46;68.44;66.62;67.57;5963999
67.82;68.9;66.8;67.52;10361879
66.56;67.26;66.35;66.95;6159078
66.89;67.49;66.15;67.26;4984722
63;63.99;61.53;63;33833525
62.99;63.29;62.2;62.65;16792979
62.61;62.76;61.55;62.04;7531429
62;63.75;61.2;62.1;18053523
62.2;62.62;61.53;61.65;8042186
61.19;61.45;60.5;60.77;9747581
60.75;60.88;60.11;60.4;6839986
60.15;60.25;59.65;60.05;7513154
59.8;60.46;59.78;59.96;7864678
60;60.73;59.85;60.3;6732653
60.7;61;60.18;60.43;6070953
60.79;60.79;59.78;60.1;7031519
59.8;60.69;59.75;60.25;4968053
60.5;60.88;60.32;60.46;4739201
60.55;61.87;60.49;61.17;5635079
61.53;62.3;61.3;61.44;6950842
61.55;61.88;61.25;61.53;3388957
61.7;62.04;61.44;61.56;3781518
61.39;62.04;60.81;60.99;4728845
60.5;60.93;60.35;60.64;4799496
60.88;61.67;60.68;61.55;5967866
62.16;62.33;61.44;61.79;6288056
61.99;62.66;61.53;62.37;6138753
62.3;62.61;61.7;62.4;4156615
61.88;62.38;61.52;61.57;4505536
62;62.6;60.95;62.26;5632051
62.16;63.19;62.13;62.46;6688768
62.31;62.65;61.85;62.24;3700414
62.04;62.47;61.52;61.6;3848466
61.39;62.38;60.95;61.59;6253658
61.95;61.95;60.55;60.55;6434449
60.37;61.07;60.04;60.28;6254537
60.1;60.8;59.9;60.3;5615126
60.43;61.71;60.43;61.5;5028803
59.9;59.9;58.42;59.44;10570217
59.6;60.64;59.5;60.54;7789255
60.56;60.87;59.63;59.79;4631041
59.12;60.55;59;59.93;5467977
60.41;60.89;60.25;60.89;4885340
60.98;61.8;60.7;61.35;7520086
61.4;61.45;60;60.45;6435657
59.4;60.49;58.64;58.64;8689040
59.12;59.89;58.95;59.32;5383927
58.8;59.19;58.57;58.71;6304597
58.46;58.47;58;58.19;6262411
57.57;57.58;56.2;57.02;9384556
56.8;59.1;56.43;57.92;10563365
58.36;59.01;58.16;58.45;4542397
58.67;59.23;57.92;58.72;4094546
59.18;59.35;58.72;58.96;3400690
59.4;59.58;59.04;59.19;3510946
58.61;59.45;58.4;59.31;3549845
59.02;59.73;59.01;59.68;2821662
59.33;59.5;58.21;58.47;3847156
58.06;58.8;57.96;58.64;4150162
59;59.47;58.63;59.19;4571259
59.7;60.29;59.32;59.92;4506768
60.29;60.61;59.93;60.04;2882693
59.7;60.52;59.7;60.44;3368849
60.29;61.06;59.78;59.89;4498225
60.29;60.51;59.5;60.05;3373920
60;60.8;59.57;59.66;5298106
59.8;60.58;59.6;59.69;4036640
60.25;60.7;59.7;60.5;4208442
60;61.72;60;61.4;5121604
61;62.3;60.81;62;4798098
61.45;61.87;61.17;61.5;4367719
60.5;60.82;59.75;60.08;7041432
60.14;61.24;59.75;60.92;4951086
62;62.49;61.13;62.16;5788959
61;61.77;61;61.57;3890139
61.09;61.24;60.22;60.34;8466668
60.38;60.6;60.06;60.39;5309813
60.01;60.65;59.95;60.19;4694210
60.61;60.93;60.26;60.43;3534865
60.65;60.65;59.55;59.92;5005431
59.79;59.85;59.03;59.38;4370899
58.9;59.92;58.82;59.55;4320241
59.8;60.1;59.21;59.89;5530486
59.75;60.37;59.75;60.08;3669932
60.45;61.2;59.95;60.75;6393243
60.68;61.42;60.55;61.08;3263217
61;62.92;60.85;62.2;6990671
62.5;64.19;62.5;63.47;8244164
63.2;63.46;62.75;63.12;4865487
62.86;63.86;62.42;62.92;4425580
62.23;62.66;61.82;62.65;5252638
62.82;62.9;61.82;62.05;2675519
61.59;61.79;60.6;60.99;5396232
60.68;60.9;60.25;60.67;3958833
60.87;61.15;59.74;60.07;4399027
59.71;59.77;59;59.39;4685667
58.67;59.12;58.63;58.93;3606918
58.96;59.45;58.62;59.18;3415928
59.13;59.32;58.47;58.83;2670207
59.5;59.82;58.65;59.6;4997607
59.38;60.02;58.9;59.85;3567944
59.97;60.19;58.54;59.07;5362022
58.77;59.57;58.09;59.25;3674083
60.75;61;59.45;60.54;6431133
60.12;61.15;59.95;60.18;4157375
60;61.17;59.81;60.6;4497058
60;61.44;59.94;60.24;4375784
60;63;59.81;61.57;8769953
61.6;62.06;61.1;61.84;4837177
61.62;62.35;60.85;61.81;5671687
61.99;62.66;61.11;61.48;6465816
61.28;62.12;60.97;61.89;3775750
61.64;63.25;61.26;62.79;5773708
62.85;64.05;62.38;63.3;6162974
61;61.25;60;60.3;13621803
59.89;60.48;59.33;59.99;4766338
59.35;59.96;58.86;59.06;5459585
58.72;60.05;58.62;59.77;5826227
59.05;59.95;58.66;59.02;6561280
59.05;61.83;59.05;61.39;8476884
61.12;63.2;60.71;62.63;6530809
62.76;63;61.22;61.41;4894061
61.04;62.02;60.73;61.83;4040214
62.13;63.45;61.12;63.17;5773196
62.95;63.6;62.43;63.04;4101116
63.2;65.14;62.9;65.01;8083992
64.36;65;64.25;64.54;4611455
63.85;65;63.52;64.53;5179722
64.04;65.79;64.04;65.56;5370701
65.49;65.72;64.52;65.02;4323755
65.07;65.83;64.78;65.7;9085862
65.1;65.4;64.38;64.85;4461514
64.41;65.1;64.15;64.85;4454777
64.04;65.93;63.88;65.27;4952179
64.39;65.11;63.6;63.66;6049974
63.33;64.14;62.92;63.85;3815866
63.05;63.94;62.47;63.01;5757082
63.15;64.57;63.14;63.92;5960086
63.85;65.15;63.43;64.2;5191742
64.06;64.5;63.68;64.35;5304145
65;65.68;64.45;64.99;12819056
64.5;64.94;64.4;64.75;914609
64.42;64.75;63.82;63.92;3335787
63.46;63.77;62.71;63.52;2580388
63.5;63.5;62.8;62.98;817772
62.86;63.73;62.14;62.28;3854354
61.95;62.3;61.23;61.54;4656915
61.5;62.1;60.83;61.1;4995486
61.27;63.4;61.15;62.89;6687015
63.6;65.9;63.15;65.45;9117369
65.05;66.9;64.86;66.55;8384793
66.5;66.7;65.51;65.99;5677612
65.3;65.92;64.84;65.47;4962883
65.37;65.91;64.7;65.2;3318194
64.1;64.8;63.12;63.3;6317856
63.4;64.55;63.15;63.62;6656454
63.78;63.95;61.78;61.99;6979974
61.22;62.31;60.85;61.17;8262917
60.6;60.95;57;57.55;9711466
56.13;59.5;55.05;58.33;11954450
58.75;58.82;55.06;55.06;10955111
56.88;56.94;54.82;56.35;10404964
56.99;57.34;55.23;55.5;6570124
54.86;56;54.46;55.96;4795316
56.1;56.38;55;55.83;4247978
55.58;55.58;53.79;53.98;7168509
53.73;54.6;53.66;54.35;6991893
54.88;55.3;53.26;54.1;6247673
54.1;54.62;53.49;53.85;3995564
54.25;54.44;51.66;52;7816960
52.04;52.95;50.73;52.77;10193806
52.77;54.27;51.81;52.19;8111290
53.01;53.03;51.35;51.69;4264951
51.35;52.43;51.05;51.51;5067874
53;53.1;51.63;52.5;6973130
51.94;54.18;51.85;53.55;5274680
53.81;54.09;52.43;52.75;4336170
52.47;53.1;51.51;51.95;6171156
52.37;53.5;52.15;53.06;3914949
52.74;53.35;52.4;52.88;4273069
52.5;52.82;51.6;51.95;5570297
52.15;52.51;51.62;52.32;4337150
51.8;52.55;51.02;51.66;5706920
52.3;52.76;52.06;52.39;4075818
52.79;52.79;51.64;52.18;5832862
52.21;52.75;51.42;51.81;4786925
51.45;52.2;49.98;50.42;7683852
49.92;50.32;48.58;48.79;8614842
48.4;49.53;48.36;48.9;5278140
49.12;49.31;47.98;48.25;4436933
48.93;49.01;48.47;48.66;4706468
48.92;48.92;47.5;47.73;4203339
47.5;47.72;46.78;47.2;5465556
47.2;47.76;46.73;47.24;4404018
47.53;48.75;47.48;47.73;5414107
48.51;48.51;47.45;47.61;4852384
46.8;47.18;46.16;46.91;4832779
46.9;47.16;44.71;45.56;9193418
44.31;45.81;44.3;44.79;7555730
45.43;46.16;45.06;46.01;6114076
46.47;46.8;45.36;45.69;6798258
45.51;47.27;45.4;46.21;8755805
47.68;48.68;46.84;47.47;5618233
47.41;47.56;46.27;46.5;4520868
46.53;47.36;46.53;47.04;4229450
47.49;48.25;47.05;47.35;4722773
46.8;47.52;46.41;47.52;6141288
47.51;48.93;47.25;48.6;6739735
48.99;49.44;48.22;49.44;4845742
49.51;49.51;48.64;49.14;4232596
49.29;49.81;48.53;49.42;3093568
49.55;49.55;48.54;49.2;3996053
48.92;49.06;48.55;49.06;3876146
48.71;48.95;48.08;48.37;3256482
48.57;48.94;47.7;48.89;4717676
49.01;49.7;47.96;48.04;3748122
47.8;48.3;47.63;48;4693943
48.53;48.61;47.45;47.53;4064171
48.11;48.52;47.64;48.23;3939802
48.1;48.31;47.71;47.75;4268655
47.76;49.2;47.76;48.96;5004904
48.99;49.68;48.56;48.95;3937495
48.71;49.22;48.05;48.28;3237692
48.55;49.6;48.25;49.6;4361083
49.2;50.39;48.93;49.91;4115012
49.93;51.15;49.92;50.62;3099629
50.66;50.74;49.94;50.12;2885255
49.75;50.1;49.27;49.75;3198300
50.05;50.64;48.75;50.15;4712392
50.77;51.21;50.1;51.08;3284736
51.1;51.1;50.34;50.71;1747847
50.84;51.24;50.2;50.77;3296372
50.76;51.07;50.02;50.58;2784817
50.35;50.98;49.99;50.45;2624715
49.31;49.4;47.22;47.5;11813906
47.79;47.97;47.11;47.59;3147754
47.54;48.2;46.91;47.85;3675470
48.28;49;47.77;48.45;6072337
48.23;48.86;47.98;48.5;4371906
48.4;48.4;47.1;47.46;7484410
47.17;48.14;47.17;47.84;3855087
47.75;48.3;47.41;47.7;3629269
47.89;48.36;47.18;47.3;4115574
46.77;47.86;46.77;47.7;2889017
47.85;47.86;46.48;46.48;2887167
46.49;46.86;46.14;46.33;1282367
46.28;47;46.03;46.66;2940474
46.68;47.27;46.29;46.89;3814639
46.93;47.45;46.89;47.17;4429089
47.56;48.28;47.4;47.91;5076946
47.57;47.94;47.1;47.33;3563977
47;47.57;46.75;47.4;3863961
47;47.19;46.02;46.24;5765497
46.47;47;46.07;46.41;3561427
46.4;46.91;44.84;44.86;5068207
44.64;44.91;43.13;43.75;6037928
43.54;43.54;42.41;43.23;7630659
43.46;43.75;42.87;42.88;4756754
43.02;43.47;42.71;42.99;5739111
42.99;43.09;42.22;43.09;4074112
43.33;43.33;41.68;42.02;4380304
42.26;42.37;41.62;42.05;4656172
42.1;42.76;41.89;42.43;7010542
41.8;42.44;41.73;41.94;5210550
42.12;42.58;41.43;41.46;11012904
41.27;42.17;41.27;41.54;4463946
41.49;42.38;41.4;42.02;6118403
42.13;42.75;41.82;42.74;5738656
42.2;43.35;41.95;42.87;6809612
42.45;42.86;41.89;42.16;5117172
42.19;42.5;41.31;42.43;4601425
42.46;42.81;41.73;41.73;4643429
42;43.44;41.61;43.06;6934670
43.46;45.34;43.18;44.94;8321055
44.97;45.17;44.17;44.69;2946585
45;45.23;44.29;45.12;2954963
44.41;46.06;44.22;46;5954231
46.25;46.34;45.26;45.6;4149228
45.2;46;45.1;45.44;4381225
45.31;45.38;43.88;43.88;4213165
44.28;44.75;44.09;44.46;3149585
43.9;44.9;43.02;43.74;6379552
43.89;44.37;43.85;44.24;4433904
44.24;44.73;43.38;44.6;6768445
44.28;45.69;44.28;45.69;6081787
45.5;45.7;45;45.35;3798046
45.22;47.02;44.92;47.01;5091522
47.1;47.3;45.41;46.15;5707091
45.5;46.43;45.45;46.38;3365818
46.28;47.4;46.13;47.2;4392565
47.2;47.2;46.39;46.65;2801147
46.26;47.07;46.08;46.95;4099866
46.6;47.39;45.78;47.3;4767509
46.6;46.73;43.35;45.07;11292694
44.88;46.02;44.75;45.58;5640292
45.77;45.77;45;45.4;2777056
45.71;46.8;45.59;46.79;4060392
46.94;47.15;46.17;46.8;4205362
46.33;46.9;45.93;46.54;3639778
46.69;48.57;46.69;48.46;6314700
48.43;48.6;47.82;48.43;2087800
48.36;48.58;47.7;48.58;3591766
48.22;48.46;47.88;48.19;3195374
48.24;48.66;48.09;48.46;2912864
48.73;49.93;48.73;49.9;4230505
49.95;50.83;49.22;49.8;3905444
49.14;49.45;48.58;48.58;3364406
48.5;48.85;48.05;48.5;2595797
47.93;48.08;46.68;46.75;4143221
47.12;47.68;46.52;47.68;3431112
47.44;47.77;46.95;47.54;1674624
47.3;47.65;46.72;47.43;2327577
47.55;47.65;46.84;47.56;2736367
47.64;48.78;46.86;48.66;4109701
48.88;48.97;48.24;48.61;3449271
48.32;48.93;47.99;48.69;1339310
48.84;49.11;48.24;48.9;2693561
48.9;49.2;48;48.05;2819695
48.08;48.21;46.19;46.2;5022701
46.2;46.84;45.66;45.8;4562706
46.72;47.02;45.88;46.23;4787671
46.35;48.02;46.18;47.5;7054323
49.75;51.17;49.1;50.9;13777129
50.8;51.25;49.67;49.91;6228863
50.4;50.58;49.58;50.55;3486958
49.53;49.99;48.9;49.68;5541617
49.24;49.88;48.07;48.16;6464521
48.69;48.74;47.32;47.52;5965262
46.75;47.28;45.12;45.9;7898191
47.28;47.85;46.13;47.56;10192642
47.32;47.49;45.66;45.66;5321115
45.96;46.03;45.09;45.53;4654207
45.15;45.55;43.7;45.06;3577207
45.29;46.85;45.07;46.85;4284867
46.01;47.19;45.81;46.72;3988111
47.18;47.18;44.75;44.78;4555841
44.18;46.99;44.17;46.55;8884763
46.59;48.07;46.11;48.01;5063950
47.58;49.68;47.43;48.65;6844814
48.94;49.85;48.25;49.57;5979888
48.08;48.49;45.66;45.66;7774497
46.68;47.88;46.05;46.29;7103754
45.5;46.59;43.1;43.47;10406447
43.57;44.2;40.58;41.33;8820112
37.53;40.8;36.06;37.92;16088477
39.01;41.01;38.03;41.01;10346080
42.3;44.3;41.3;42.2;8879057
42.5;43.5;40.39;40.88;7940876
39.6;41.75;39.5;40.66;11353263
42.01;45;41.6;44.45;12268601
45.62;46.77;44.67;46.5;7442409
47;47.8;46.25;46.94;5516734
45.4;46.5;45.24;45.43;5535340
45.86;47.67;43.5;45.7;8990866
42.55;44.99;41.76;44.41;9168839
42.28;44.81;41.23;43.47;6107700
44.75;46.2;43.06;46.11;9384339
49;49.99;47.64;48.88;9775814
49.86;49.9;45.88;47.15;6653045
47.38;49.5;46.75;49.43;7896925
49.02;50.66;48.45;49.16;4017600
49.59;50.98;48.76;49.28;6862145
49.04;49.25;45.22;46.86;7893751
45.8;47.98;45.37;45.57;6288772
45.17;47.52;45.11;47.24;6301040
48;49.15;47.32;47.39;4064142
47.07;48.07;46.39;47.7;4779065
48.65;49.07;47.1;47.32;4711427
47.22;48.3;47;47.75;4473438
48.85;49.85;48.26;48.38;5703338
48.68;48.68;46.3;46.49;5363885
46.47;47.81;45.78;47.45;4364836
47.05;47.57;45.47;45.47;4939830
43.57;44.17;42.45;43.29;8144006
44.03;44.04;38.43;38.81;11413584
40.18;44.5;39.48;44.5;10417312
44.12;44.83;43.22;43.35;6636435
43.19;43.19;41.72;42.17;4062066
42.67;43.14;41.02;41.6;3430354
41.59;43.86;40.76;43.45;4956872
43.45;44.65;43.07;43.07;4715910
42.67;43.8;41.93;43.24;3813212
42.53;44.2;41.35;43.9;4209140
44.21;45.5;43.61;44.01;5210676
43.55;44.6;43.11;43.38;4794441
46.07;46.48;44.56;44.99;4937067
44.5;46.39;44.28;45.5;4597187
45.8;45.89;44.42;45.1;3590856
44.53;45.08;43.66;44.03;3482882
43.15;44.46;42.14;44.25;4746368
44.82;45;43.19;43.36;3522429
43.36;45.47;43.36;44.81;4612725
45.87;46.86;45.08;45.6;5645484
46.25;47.32;45.61;46.18;5267380
45.14;47.79;45.13;47.33;7836222
46.51;47.64;46.5;46.52;4118855
46.08;46.7;44.5;44.51;4194375
44.01;45.24;43.52;44.15;1450323
43.93;45.18;43.66;44.93;1877834
44.63;45.75;44.5;45.75;2296708
46.48;46.64;45.33;45.4;1016591
45.75;46.69;45.2;46.69;2171373
47.08;47.1;45.33;45.62;3837122
45.99;47.45;45.99;47.21;3431245
46.73;48.43;46.46;47.6;3772430
46.75;47.26;46.22;46.82;2811676
46.82;47.98;46.34;47.34;2677417
46.94;47.55;46.72;47.16;1848375
47.16;48.2;46.95;47.72;3173717
47.41;48.94;47.41;48.69;6782492
48.75;49.06;47.45;48.15;4773981
48.56;49.58;48.1;48.94;4210420
49.25;49.71;48.58;49.09;3166253
48.94;49.93;48.59;48.94;4011020
48.4;49.1;47.03;47.42;6051938
47.73;47.73;46.33;46.81;4176369
46.62;47.75;46.31;47.45;4598213
46.75;47.35;45.82;46.55;4796671
46.35;46.74;44.83;45.3;4835560
45.01;45.29;43.78;43.9;6710301
43.96;44.43;43.37;43.61;4205104
43.61;44.69;43.55;44.09;4618187
43.735;44.61;43.135;44.41;3313637
44.855;45.4;44;45.255;3796924
45.25;45.6;44.57;45.235;4432929
44.64;45.7;44.25;45.7;3529043
45.995;45.995;44.055;44.59;5142235
44.295;45.315;44.14;44.68;3584271
44.46;45.9;43.75;43.95;3880135
44.5;47.49;44.5;47.49;6997152
47.03;47.24;46.11;46.365;5084138
46.835;47.5;46.57;46.975;3755914
46.405;46.9;45.86;46.41;2454788
45.995;46.325;45.57;46.04;4302594
46.125;46.985;45.465;46.23;3804040
46.895;47.2;45.625;45.8;3679439
45.06;45.74;44.4;44.465;5567295
44.915;45.555;44.63;44.945;3636645
44.35;45.495;44.15;44.205;4069323
44.43;44.98;43.08;43.685;4755889
44.4;44.7;42.38;42.59;4946434
41.7;41.7;39.82;40.915;7458515
39.94;41.52;39.885;41.095;5370091
40.9;41.8;40.82;41.07;4787458
41.03;41.195;39.91;41.14;6366277
40.58;42.25;40.26;41.305;4864893
41.06;41.285;39.3;39.53;5606178
39.37;40.91;38.425;40.3;6926529
40;40.94;39.1;40.825;5295574
40.62;40.62;39.56;39.795;5601331
39.325;39.585;38.785;39.41;6113679
39.89;40.63;39.66;40.14;5328466
41.15;42.045;40.64;41.8;6087523
41.365;42;40.745;41.76;4426727
41.98;42.785;41.74;42.42;4100342
42.5;43.1;40.39;40.52;6974455
40;41.285;39.8;40.81;5666877
41.3;41.35;40.17;41.07;3615794
41.355;42.445;40.79;41.98;5355813
41.625;42.425;41.495;41.9;3194842
41.9;42.85;41.84;42.28;3186843
42.075;42.62;41.2;41.51;2526438
40.83;41.48;40.35;41.175;3536739
41.29;42.38;41.03;42.38;3933245
42.16;42.33;40.935;41.91;3315724
42.23;43.09;42;43.07;4608841
42.85;42.96;41.32;41.5;4156262
42.255;42.39;40.505;41.39;4516398
41.7;42.295;41.445;41.93;2978528
41.6;42;41.08;41.98;2946760
42;42;41.25;41.75;2620409
41.965;41.965;40.41;40.82;4463597
41.43;41.8;41.07;41.455;2845708
41.66;41.875;41.01;41.875;3183585
42.175;42.645;41.6;42.31;5393101
43.255;43.33;42.56;42.68;4584062
43.475;43.75;41.88;42.58;4691019
42.7;42.73;41.7;42.595;4514985
40.8;41;39.32;39.945;6190559
40.35;40.885;40;40.71;3377409
42.28;42.49;40.95;41.7;4544114
41.695;42.19;41.3;41.63;3466292
43.15;43.45;42.17;43.4;6489538
44.265;44.49;43.145;43.77;5483587
44.3;44.4;42.815;43.77;3379621
43.815;43.84;42.925;43.18;3102056
43.25;44.795;43.18;43.955;3838456
44.675;44.675;43.415;43.825;4855352
44.32;45.1;43.84;44.5;3385605
44.4;44.735;43.475;44;4214049
44.255;44.26;43.31;43.875;3463383
43.915;45.93;43.7;45.35;5178574
45.12;45.5;44.355;44.89;4159591
44.46;44.71;44.02;44.22;3710054
44;44.775;43.95;44.62;2869303
44.62;44.8;44.09;44.37;3134030
44.4;45.22;44.345;45.065;2830258
44.84;44.84;44.24;44.305;2678390
44.255;44.61;43.27;43.875;2829709
44.3;44.83;43.75;44.57;1814062
44.695;45.07;44.135;45.03;2828112
45.01;45.15;44.18;44.395;3142670
44.76;45.2;44.595;45.015;3409936
45.4;45.49;44.44;44.95;4172250
44.7;46.65;44.7;46.57;4707121
46.34;46.775;45.695;46.015;3067405
46.2;46.2;44.825;44.89;3365927
45.125;46.73;45.08;46.42;4439006
46.56;47.15;46.06;46.12;2680406
46.71;46.75;45.455;46.29;2377763
46.73;46.73;45.645;46.22;2829615
46.205;46.575;45.765;45.865;2954185
45.64;46.705;45.345;46.255;2648415
46.23;48.025;45.955;47.65;4313057
47.43;47.5;45.81;45.85;4539452
45.785;47.15;45.7;46.34;3106574
46.11;47.395;46.065;47.01;3879865
47.25;48.32;46.785;47.9;4918934
47.02;48.665;47.02;48.4;7957131
47.9;48.09;47.05;47.05;4099096
46.805;47.77;46.7;47.405;3374185
47.21;47.21;45.93;46.58;4849983
45.745;46.1;44.45;44.45;8822599
42.77;42.78;40.305;40.85;20070193
41.5;41.85;40.55;41.45;10344566
42.07;42.75;41.5;41.87;8141680
42.275;43.49;42.125;43.145;6256496
43.79;43.9;42.21;42.325;5035374
42.705;43.375;42.56;42.815;2535200
42.45;43.4;42.315;43.2;3108930
43.225;43.775;42.6;42.78;2922028
42.5;43.07;42.33;42.36;2735850
42.655;42.655;42;42.205;2530863
41.99;42.145;41.09;41.25;2822492
41.12;42.175;40.905;42.17;2501892
42.255;42.55;41.47;42.17;2374810
42.48;43.2;42.31;43.2;3421730
43.19;44.11;43.01;43.85;3675086
44;44.3;43.65;44.095;2958334
44.33;44.89;44.145;44.645;2959032
44.8;45.38;44.43;45.075;2982720
45.24;45.795;44.95;45.77;3034840
45.96;46.48;45.015;46.31;3974981
46.045;46.735;46.005;46.15;2591777
46.415;46.45;45.835;46.09;2562193
46.8;47.5;46.64;46.98;3935506
47.96;48.135;46.465;47.12;4621798
46.99;47.345;46.33;47.045;3714919
47.05;47.05;45.845;45.96;4766908
46.16;46.74;45.6;46.45;3375584
46.5;47.22;46.27;47.065;2927311
46.84;47.06;46.15;46.34;2619740
46.57;46.725;45.92;46.25;2685711
46.195;47.035;45.615;46.725;3360398
46.615;46.615;45.635;46.315;2144534
46.475;46.6;45.9;46.05;2058364
46.165;46.7;46.025;46.37;2087398
46.575;46.575;45.655;45.77;2708968
45.95;46.25;45.36;45.585;2536630
45.525;45.67;44.64;45.06;3291059
45.1;45.425;44.64;44.89;2332045
45;45.685;44.8;45.445;2500148
45.775;46.15;45.5;45.92;2096347
45.96;47.575;45.76;47.27;5667630
47.75;47.75;46.78;47.32;2146317
47.75;47.99;47.52;47.625;2601990
47.84;47.95;47.24;47.755;2874081
47.52;48;47.115;47.42;1930834
48;48.83;47.45;48.17;3612385
47.515;48.36;47.32;47.32;2512043
47.67;48.3;46.935;47.02;3768558
47.26;47.8;46.705;46.95;3630162
47.05;47.48;46.415;46.58;2762174
46.465;46.87;46.11;46.57;2810161
46.71;47.335;46.64;47.14;1944929
47.17;47.4;46.87;47.305;2325191
47.18;47.545;46.415;47.545;3646513
47.935;48.05;47.22;47.725;2916072
47.795;48.59;47.69;48.095;3067430
47.8;48.465;47.655;48.23;2154597
48.5;48.5;47.34;48.04;3067603
48.32;48.625;47.655;48.49;3652889
48.82;49.24;48.31;49.15;3372752
49.1;50.19;48.91;49.995;9004211
49.99;50.96;49.8;50.82;3010894
50.85;51.34;50.76;51.1;3083496
50.85;51.6;50.51;50.87;2925684
51.68;51.68;49.91;50.13;4089246
50.28;50.85;49.8;50.63;3183693
50.42;51;50.23;50.82;3127026
50.25;50.92;49.92;50.38;3578179
50.39;50.76;49.71;50.15;3577813
50.34;50.73;49.61;49.7;3502980
49.68;50.31;49.3;49.7;3671712
49.75;49.84;49.25;49.8;2509042
49.855;50.31;49.27;50.23;3743488
50.01;50.8;49.615;50.54;2615332
51;51.58;50.62;51.56;2961832
51.13;51.59;50.83;51.29;2217695
51.33;52.54;51.31;52.5;3018629
52.28;52.6;52.11;52.24;2938744
52.8;53.6;52.65;53.31;3677558
53.31;53.9;53.16;53.57;3476421
52;52.45;51.1;51.28;6454952
51.44;52.75;51.38;52.7;2418847
53;53;52;52.25;2498733
52.3;53.14;52.23;52.82;3013748
52.34;52.51;51.42;52.1;3115148
52.05;53.04;51.61;52.03;3885163
52.08;52.51;50.92;51.2;2305389
50.87;52.58;50.65;52.03;3388567
52;52.87;51.7;52.15;4114615
51.8;52.2;50.65;50.88;4337144
50.88;51.5;49.745;49.745;5404138
49.99;50.33;49.51;49.51;4038652
49.25;49.395;48.35;49.03;4393638
49.64;50.05;48.775;49.95;4150241
49.5;50.03;49.14;49.86;2466517
49.92;49.985;48.61;49.03;4006434
49.7;50.62;49.58;50.44;3323690
50.77;51.1;50.35;50.47;2207744
50.81;51.04;50.4;50.51;1727190
50.65;51.63;50.56;51.16;2999007
51.25;51.45;50.73;51.17;1802411
51.6;52.03;51.2;51.87;2462106
51.95;52;51.41;51.5;1843243
51.67;51.91;50.98;51.06;2535751
51;51.15;50.02;50.3;3231086
50.24;50.71;49.7;50.37;3977953
50.77;51.96;50.77;51.77;2844766
51.34;51.88;51.08;51.4;2712159
51.75;52.46;51.51;52.21;3108361
51.63;52.42;51.26;51.3;3030790
50.37;51.66;50.3;51.2;2991398
51.21;51.33;50.32;50.32;2690049
50.73;52.07;50.47;52.07;3213514
51.78;52.93;51.65;52.79;2915994
52.79;53.07;52.57;52.65;2395842
52.26;53.88;52.2;53.29;2990333
52.3;52.82;52.15;52.45;2483168
52.07;52.8;51.96;52.45;3357418
52.34;53.07;52.21;52.37;3178664
52.25;53;52.2;52.9;2463510
52.7;53.3;52.53;52.7;3054999
52.65;52.99;52.55;52.87;2103413
52.95;53.71;52.89;53.19;2702795
53.01;54.43;53.01;54.25;3342003
53.85;54.19;53.44;53.44;2760593
53.62;55.5;53.55;54.7;5707592
54.75;55.24;54;54.81;2947891
54.73;55.8;54.73;55.4;2670479
55.68;56.73;55.39;55.65;3127721
55.46;55.9;55.3;55.41;391497
55.93;56.28;55.73;55.92;1401316
56.19;56.78;56.11;56.13;1956708
55.96;56.21;55.24;55.24;1573818
55.41;55.7;54.61;55.06;672117
55.2;56.79;55.11;56.75;3049603
56.35;56.35;55.56;56;2773347
55.76;56.16;55.38;55.68;2623904
55.37;56.08;55.18;55.96;2776263
55.84;56;55.4;55.65;2659970
55.9;56.67;55.71;56.08;2376580
56.07;56.98;55.5;55.83;3279144
56;56.37;55.67;56.18;2707717
56.05;57.2;56.02;56.91;3095804
57.26;57.79;56.85;56.85;4757559
56.72;57.06;56.01;56.67;2016316
56.34;57.85;55.99;57.69;2687900
57.86;58.9;56.32;56.67;4916147
56.9;57.07;55.15;55.28;4194791
54.72;55.2;54.15;54.65;5710396
54.15;54.43;53.58;53.66;3128567
53.05;54.6;53.03;54.42;3774633
53.96;54.17;53.45;53.8;3468249
54.16;54.2;52.68;52.68;3581821
52.48;54.04;52.18;53.6;4701275
53.22;53.66;52.83;53.23;3345168
53.3;53.9;52.87;53.8;2476272
53.8;54.49;53.46;54.06;3169675
54.05;54.45;53.42;53.42;3480419
53.25;53.55;51.68;51.68;7230154
51.75;53.22;51.72;52.98;3834453
52.72;52.97;51.76;52.66;4164248
53;53.51;51.81;52.2;5720391
52.02;53.48;52.01;52.52;5902227
52.83;53.45;52.56;53.01;3205524
53.08;53.91;53.08;53.2;1827435
53.5;53.73;52.9;53.56;2882975
53.39;54.65;53.39;53.88;4125377
53.66;54.65;53.66;54.43;2655986
53.76;54.86;53.76;54.71;3252556
54.8;54.88;54.01;54.14;3140482
54.49;54.59;54.05;54.05;3607448
53.91;54.24;53.6;53.92;2866216
53.43;53.79;52.49;52.92;4692171
53;53.85;52.94;53.72;4153790
54.11;54.83;54.02;54.82;3034866
54.34;54.99;54.34;54.99;2149775
54.61;55.24;54.42;55.14;2056625
54.7;54.9;54.38;54.81;2546407
54.95;55.8;54.76;55.76;2824574
55.95;56;55.48;55.75;1893761
56;56.32;55.88;56.17;2770020
56.11;56.45;55.87;56.13;2765237
55.97;56;55.32;55.65;2446590
55.8;56.06;55.2;55.4;2765897
55.4;56.2;55.34;55.95;3205162
56.35;57.42;56.22;57.21;4247751
57.45;57.45;56.01;56.28;4200532
56.44;56.85;56.1;56.56;2874431
56.73;56.79;56.17;56.57;6456134
55.5;56.37;55.1;56.33;4584014
56.2;56.32;55.82;56.12;2607629
56.38;56.44;55.51;55.95;2671513
56;56.44;55.75;56.33;2865797
56.46;56.47;55.52;55.72;2803286
56;56.1;55.15;55.49;2259584
55.77;55.93;55.31;55.39;2106150
55.42;55.57;54.77;55.19;3138818
55.75;55.85;54.99;55.16;3239095
55.26;55.36;54.21;54.64;3444409
54.8;55.34;54.7;55.3;3628135
55.03;55.27;54.68;54.96;2524557
55.06;55.6;54.88;55.41;2489555
55.8;55.85;55.1;55.27;2191199
55.29;55.38;54.67;54.67;2575383
55.15;55.4;54.83;54.86;2505630
54.95;55.3;54.8;54.95;2095516
54.91;55.22;54.01;54.04;4815635
54.19;54.27;53.57;54.05;2670573
54.11;54.53;53.65;54.43;2778929
54.54;54.77;53.94;53.95;2663043
53.74;54.47;53.49;53.59;3428274
53.48;53.94;53.32;53.47;2773569
54.23;54.45;53.91;54.09;2920602
54.15;54.42;52.11;52.11;4617527
52.1;52.5;51.31;51.88;5903784
52.48;52.58;50.75;51.41;6703641
51.26;52.09;51.06;51.66;4742176
51.27;51.51;50.53;51.51;2742980
51.75;51.87;50.42;50.49;6007956
50.81;51.4;50.41;50.95;7231737
50.25;50.95;50.1;50.35;7767630
49.85;50.5;48.1;48.5;10727061
49.705;51.62;48.75;51.62;9883145
50.45;51.56;50.4;51.27;5505125
51;52.34;50.59;51.75;4924715
52.01;52.24;51.43;51.71;3126275
51.75;52.01;50.41;50.45;5609899
50.4;51.18;50.13;50.66;3650850
51.1;51.2;50.51;50.97;3597772
50.72;50.9;49.7;50.38;6361682
48.68;48.985;46.725;47.47;8426448
47.185;47.565;45.485;46.81;8344236
46.785;47.14;46.32;46.89;3836390
45.53;46.48;45.21;46.3;5557707
46.65;47.835;46.61;47.33;5272925
47.87;49.095;47.58;49.045;4464888
49.355;49.535;48.76;49.015;4333928
49.29;49.7;48.97;49.45;2169921
49.115;49.54;48.2;49.42;4502328
49.115;49.675;48.755;49.55;3378361
49.97;50.75;49.965;50.28;3728256
50.04;50.51;48.59;48.955;5243177
47.8;48.525;47.66;48.005;6218386
48.375;48.5;47.46;47.91;3616117
48.1;48.51;47.525;48.51;3543269
48;49.655;47.995;49.2;3964122
49.38;49.86;48.96;49.7;4313944
49.8;50.73;49.755;50.58;3704151
50.14;51.07;50.06;50.93;3784746
51.14;51.38;50.76;51.35;4266979
51.38;51.69;50.89;51.11;3279424
51.24;51.6;47.445;49.57;14610282
50.17;50.25;49.585;50;3678066
49.73;50.71;49.45;50.56;4090059
50.32;50.87;50.08;50.29;3931933
50.47;50.54;49.23;49.425;3969983
49.355;49.74;48.765;49.02;2877955
49.305;50.06;49.01;49.9;3085132
49.225;49.555;48.53;48.685;4981733
49.18;49.545;48.84;49.53;4238586
48.63;49.145;47.995;48.225;5491378
48.155;48.2;46.9;47.06;5457607
47.1;47.215;46.49;46.49;2673658
46.525;47.265;46.1;47.035;4544006
46.69;46.935;46.32;46.715;4852532
46.805;47.67;46.55;47.1;5253420
47.32;47.66;46.745;47.54;3581510
47.85;48.345;47.75;48.1;2417398
47.93;48.99;47.9;48.765;2893480
48.76;49.43;48.42;49.1;3084876
49;49.49;48.6;48.71;3177135
48.735;49.18;47.59;47.67;4946820
47.26;48.48;47.255;47.945;2257359
48.14;48.225;46.875;47.14;3021359
47.03;47.6;46.795;46.875;2761006
46.5;47.915;46.32;47.53;3995614
47.4;47.5;45.01;45.51;9400053
45.1;46.06;44.91;45.585;5245653
46.04;46.14;44.83;45.155;5614670
45.35;45.615;45.13;45.43;3205159
45.98;46.2;44.82;44.82;4506334
44.6;44.87;44.01;44.57;4110454
44.715;45.485;44.57;45.41;3387372
45.115;45.675;45.085;45.67;2697154
45.365;46.39;45.26;46.23;3311063
46.295;46.49;45.98;46.05;3058645
46.265;46.28;45.02;45.27;3609686
45.68;46.2;45.585;46.01;3101489
46;46.63;45.76;46.23;2848735
46.01;46.34;45.375;45.45;3045669
45.3;45.75;45.025;45.32;3926964
45.55;45.8;44.53;44.76;3441209
44.935;45.085;44.22;44.72;2459975
44.915;45.325;44.8;45.18;2613615
45.345;45.74;45.12;45.62;3279852
45.805;46.075;45.045;45.045;3829685
45.355;45.745;44.93;44.965;4369448
45.16;46.1;45.025;45.825;3052077
45.26;45.4;44.555;44.745;3513439
44.535;44.96;44.17;44.6;3523167
44.81;44.82;44.11;44.66;3075462
44.515;45.335;44.32;45.26;2173868
45.4;45.94;44.89;45.56;2491467
44.865;45.335;44.75;45.27;4702433
45.19;46.69;45.125;46.62;3682353
46.54;46.815;46.205;46.375;1960318
46.475;46.98;46.12;46.8;2614047
47.06;47.14;46.705;46.76;1626341
46.75;46.92;46.5;46.83;2535053
46.93;48.23;46.79;47.79;4202287
47.605;48.615;47.6;48.47;3263643
48.465;48.93;48.325;48.545;2393800
48.82;49.2;48.55;49.07;2914205
49.085;49.285;48.64;49.21;3439911
49.19;49.53;48.6;49.44;3558036
49.57;49.93;49.45;49.855;3882359
50.11;50.75;49.645;50.13;14171915
50.1;50.9;50.06;50.7;3395046
50.42;50.9;50.37;50.65;2885227
50.48;50.68;49.695;49.9;2988646
50.2;50.36;49.405;49.955;2827763
49.435;50.63;49.435;50.63;2690475
50.64;50.7;49.875;50.01;2093180
49.655;50.19;49.05;49.845;2785586
49.75;50.03;49.2;49.465;2562836
49.295;49.56;48.655;48.875;4165866
48.835;49.23;47.88;48.29;3567472
48.1;48.46;47.51;48.01;2920479
48.075;49.54;47.9;49.28;2876483
49.66;49.95;49.16;49.235;3420961
49.185;49.56;48.81;49.045;3087773
48.705;49.175;48.53;48.96;2263708
49.145;49.685;49.04;49.435;1956935
48.77;48.99;48.5;48.865;3232528
49.175;50.25;49;50;3355041
50.35;50.35;49.57;49.765;3466856
49.8;50.55;49.78;50.47;3919560
50.22;50.48;49.875;50.39;1764840
50.15;50.54;49.64;49.9;2139573
50;50.11;49.48;49.9;1659571
49.67;50.13;49.34;50.01;2758708
49.765;50.14;49.6;49.715;1706471
50;50.27;49.755;49.87;1413052
49.935;50.3;49.38;49.685;2605082
49.5;50.45;49.39;49.53;2927994
49.95;50.5;49.285;49.7;2210171
49.78;50.67;49.685;50.18;2997132
50.7;51.41;50.21;50.44;2640180
50.12;51.08;50.12;50.53;2369159
50.69;50.85;49.82;49.99;2029380
50.25;51.08;50.25;50.79;2817173
51.19;51.26;50.62;51;2525470
51.01;51.19;50.59;51.03;1634345
50.77;51.27;50.65;51.19;2035381
51.12;51.19;50.01;50.47;3090457
50.5;50.73;49.89;50;2316498
49.275;49.68;48.8;49.48;3130352
49.23;49.74;48.965;49.59;2623941
49.135;49.345;48.66;48.665;2772185
48.73;49.55;48.6;49.5;2030975
49.795;50.47;49.68;50.32;2525424
50.32;50.61;49.52;50;2485733
50.47;50.56;49.285;49.34;2133587
49.01;49.32;48.235;48.235;2880151
48.535;48.8;48.055;48.495;2180939
48.755;48.785;48.23;48.53;1578895
48.05;48.54;47.57;48.42;2581798
48.495;48.86;46.97;46.97;4336856
46.8;47.265;46.23;46.58;4486543
47.05;48.2;47.04;47.8;4718548
47.95;47.99;46.48;47.96;5443470
47.745;48.12;47.425;47.92;2858349
47.945;48.035;47.52;47.835;1910441
47.76;49.025;47.75;48.55;2989760
48.445;49.35;48.35;49.145;2429378
49.3;49.58;49.045;49.34;2429301
49.6;49.6;49.06;49.31;1612156
49.425;49.5;48.82;49;3373787
49.18;49.645;48.98;49.63;2479548
49.515;49.835;49.36;49.53;2515102
49.645;49.705;48.78;49.195;3012206
49.395;49.4;48.61;48.655;4442469
48.9;49.47;48.81;48.895;2725445
49.14;49.455;48.98;49.22;2799730
49.435;49.755;49.23;49.5;2184180
49.65;49.69;49.11;49.44;1395439
49.49;49.5;48.9;49.05;293097
48.9;49.04;48.12;48.76;1286178
48.77;48.975;48.595;48.7;1033950
48.85;49.48;48.85;49.15;1301269
49.21;49.29;48.395;48.65;1530358
48.36;48.645;47.85;47.85;816656
48.345;49.39;48.11;49.39;2279536
49.35;50.14;49.13;49.69;3004649
49.535;49.89;49.02;49.84;2575237
49.82;50.93;49.81;50.28;3229713
50.04;50.28;49.71;49.75;3290574
49.405;49.545;48.675;48.905;3583213
48.9;49.44;48.665;49.44;3413899
49.55;51.5;49.44;51.25;4248395
51.5;51.8;50.94;51.8;4348339
51.95;52.23;50.73;51.2;4954369
51.05;51.35;50.84;51.1;1641661
51.12;51.25;50.47;50.91;3201049
50.9;51.29;50.66;50.76;2905148
50.66;50.85;50.05;50.18;2977109
50.4;50.97;50.14;50.87;4554699
50.87;51.07;50.54;50.98;2184116
50.65;51.03;50.4;50.65;2557527
50.99;51.59;50.69;51.4;3305424
51.25;51.59;50.96;51.17;2014118
49.5;49.76;48.5;49.215;6819719
49.47;50.18;48.785;49.875;4577318
50.35;50.88;49.78;50.69;3495892
51.17;51.2;50.5;50.73;3151410
50.74;50.75;49.6;50;3976470
50.2;50.37;50.02;50.3;2428664
50.75;50.89;50.43;50.79;2802827
50.7;51.36;50.7;51.14;2877893
50.48;50.7;50.06;50.34;3677800
50.44;50.5;49.67;50.39;2676171
50.31;50.47;49.65;49.65;3778445
50.19;50.19;49.665;49.93;2209460
49.88;50.1;49.715;49.8;2351817
51.1;51.9;50.81;51.55;9101881
51.5;51.65;50.87;51.36;3309159
51.61;51.61;50.49;50.87;4469781
50.81;50.87;50.1;50.31;2306330
50.2;50.3;48.99;49.205;4391525
49.4;49.585;49.05;49.115;3403755
48.895;49.525;48.6;49.31;3035530
49.5;49.855;49.07;49.715;1974761
49.485;50.24;49.13;50;2790293
50.46;50.85;50.2;50.58;4102724
51.01;51.48;50.86;51.07;5503015
51.14;51.91;51.07;51.46;4156931
51.79;52.07;50.96;51.1;3040057
50.65;50.98;50.37;50.48;2802607
50.65;50.74;49.9;50.55;2144703
50.49;50.96;50.21;50.28;2296343
49.85;50.98;49.85;50.67;2881063
50.28;50.35;49.39;49.39;3911875
49.42;49.59;48.21;48.4;5063892
47.5;47.99;46.07;46.83;8312194
46.9;47.205;46.04;46.12;5659318
46.515;47.57;46.27;47.26;5362861
47.26;47.89;46.875;47.115;6655253
47.5;48.055;47.41;47.99;2982427
47.785;48.14;47.38;47.655;2710427
47.42;48.21;47.375;47.785;2478503
47.775;48.645;47.425;48.54;2725366
48.615;49.27;48.445;49.1;3223411
49.04;49.55;48.925;49.055;2218639
49.095;49.3;48.635;49.05;2528271
49.5;49.925;49.495;49.72;2756790
49.7;49.96;49.475;49.475;2990640
50.28;50.43;49.64;50.28;3252917
50.25;50.41;50.1;50.16;2139426
50.05;50.62;50.02;50.58;2664828
50.47;50.88;50.32;50.55;2378844
50.65;50.87;50.28;50.45;2798292
50.55;50.83;50.43;50.74;2085986
50.55;51.57;50.55;51.27;3100546
51.2;51.77;51.1;51.19;4309238
51.15;51.61;51.09;51.43;2535415
51.01;51.25;50.72;51.17;2491698
51.03;52;51;51.86;4291534
51.94;52.1;50.58;50.78;4240343
51.17;51.46;50.88;51.19;2778410
51.52;52.59;51.52;52.5;3652554
52.5;52.88;52.39;52.73;2704902
52.52;53.22;52.2;53.17;2983416
53.2;53.53;52.88;53.26;3004711
53.57;53.69;52.93;53.3;3450476
53.17;53.75;53.17;53.4;2144621
53.55;54.37;53.36;53.88;2485261
53.72;53.97;53.51;53.9;3462692
53.8;54.75;53.52;54.32;5075731
54.55;54.87;53.6;54.05;4364110
54.19;55.21;54.09;55.21;4890731
55.27;55.59;54.91;54.96;4761389
55.25;55.76;54.98;55.01;4299461
55.18;55.94;55.1;55.84;5146304
55.35;55.97;54.93;55.97;4689020
56;56.5;55.88;56.26;5157875
53.9;54.49;53.59;53.74;5348988
53.65;53.66;52.68;53.03;4205062
53.38;53.64;52.77;53.52;2978676
53.99;54.74;53.86;54.74;4463748
54.74;54.74;54.03;54.04;3421567
53.53;53.93;53.31;53.55;3351427
53.5;54.19;53.33;54.11;2805829
53.65;54.14;53.39;53.96;2843331
53.93;54.35;53.85;54.14;2976941
54.55;54.81;54.03;54.03;3189988
53.96;54.39;53.88;54.09;1016507
54.5;55.22;54.24;55.02;7728496
54.86;54.95;54;54;4165070
53.99;54;53.2;53.2;2436486
52.92;53.12;52.01;52.43;4637859
52.33;52.79;52.2;52.44;3253289
52.45;52.94;52.22;52.42;2878918
52.2;52.63;52.1;52.33;3328901
52.29;52.87;52.03;52.54;3166456
52.32;52.47;51.37;51.39;2863372
51.53;52.24;51.39;52.08;1874678
52.21;53.04;52.12;52.91;3096266
52.85;52.98;51.88;51.91;3111944
51.58;51.85;51.27;51.68;4387985
51.6;52.67;51.1;52.37;5890190
51.2;52.26;51.2;52;2201027
52.31;52.68;52.16;52.44;2745106
52.33;53;52.19;52.82;2513469
52.65;52.85;52.01;52.29;3455997
52.54;53.46;52.26;52.41;3568471
52.15;52.84;52.15;52.78;2331153
52.66;53.95;52.58;53.83;3598442
53.95;54.81;53.85;54.45;3418448
54.45;55.44;54.39;55.44;3582965
55.34;55.92;55.06;55.5;2630225
55.5;55.77;55.21;55.57;2376798
55.6;55.67;55;55.35;2762930
55.47;55.92;55.34;55.9;2865412
56.03;56.82;54.76;55.3;5624933
55.81;56.2;55.32;55.52;3497536
55.14;55.43;54.35;54.57;3581109
53.75;54.45;52.83;54.21;4872675
54.49;55.03;53.82;54.98;3615941
54.27;54.94;54.22;54.7;2038226
54.56;55.7;54.47;55.4;3911102
54.74;54.99;54.1;54.23;3017972
54.2;54.54;54;54.44;2463229
54.88;55.15;54.71;55.15;2830013
55.36;55.63;54.34;54.85;3114968
55.1;55.42;54.38;55.21;2420361
54.79;55.96;54.75;55.4;2477321
55.39;55.65;54.82;54.82;2044305
54.38;54.95;53.74;53.8;2736422
53.96;54.83;53.13;54.7;2607436
54.37;55;53.77;54.29;2862368
54.4;54.75;52.9;52.9;3166902
52.59;53.27;52.44;52.44;2795081
52;52.95;51.78;51.83;4618543
52.5;52.65;50.51;50.51;5369059
49.48;51.14;49.03;49.67;7315645
49.37;50.24;47.75;47.75;6574817
47.75;48.6;44.995;47.26;8937825
47.29;47.77;44.19;44.19;9695387
45.55;45.955;42.85;45.63;10824117
45.465;48.49;44.75;48.49;5558276
48.78;49.285;48.38;48.45;3609115
47.965;48.695;47.54;48.535;2965529
48.29;50.31;48.2;49.915;3761594