78;81;78;79;474973
79.3;79.3;75.15;76.2;448803
74.1;77.5;72.85;73;474313
73.5;77;73.5;76.7;519987
77.9;80.4;77.15;78.1;1271475
79;79;75.7;76.8;445462
78;78.8;73.85;73.85;436075
75;77.45;74.15;75.05;463706
75;79.2;75;78.85;571232
78;79.3;77.25;78.5;272375
78.8;79.8;75.4;75.8;500535
75.8;76.65;73.5;73.5;409916
73.5;74.8;71.6;74.8;307345
74.8;75.5;72.5;74.95;303848
73.6;75.8;73.1;73.1;380792
74;75.6;68.4;71.1;521801
72;74.55;71.1;71.1;529074
73.8;75;73.1;75;540836
75.9;76.6;72.9;75;1272817
75.5;75.7;72.75;73.9;254551
71.5;73.6;71.2;72.5;337133
72.5;73.4;69.5;72.2;916407
70;71.3;69.8;70.1;549596
76;76.7;71.1;72;1592675
73.5;75.3;72.5;75.3;552980
74.7;76.8;73.5;74;612234
74.9;75.5;73.8;74.1;242067
73.85;74.2;71.3;73.2;294603
71;72.9;70.9;71;221508
71.05;71.5;69.6;69.6;304409
69.25;71;68.1;71;323321
69.7;72.8;67.8;68.05;269962
69.3;71.8;68.6;70.6;531124
70.5;72.45;70;70;231344
72;72.6;69.5;70.8;248760
70;70.55;65.8;66.1;275722
66.5;67.8;65.2;65.2;396369
68.5;68.7;66.3;68.1;335947
69;70;64;64.3;588063
65.7;66.05;59.2;60;1017374
61.7;64.2;61;64.2;742805
65.5;67;64.65;67;772977
68.55;71.4;68.15;69.75;1133708
71;71.75;64.5;69;763839
71.5;71.5;67.5;67.85;465480
68.8;68.9;67;67.2;307658
67;67.4;63.5;63.6;592881
64;65.5;62;62;468416
63.2;63.5;60.2;61.05;397458
62.5;63.5;61.05;61.35;366508
61;61.75;57.35;57.8;702523
59;62.15;57.8;62;613762
62.4;66.1;61;65.7;809403
67;70.6;65.8;69.5;1071628
70;70;67.25;68;436743
66.2;68.4;66.2;68.1;274045
68.3;69;67.4;69;292564
69.1;69.5;64.4;65.5;399300
65.1;66.8;64.05;65.4;410241
64.5;68;62.6;64.5;352196
65;67.5;64.4;66.55;208703
67.4;67.4;65.45;65.45;191557
65.45;67.1;65.35;66.8;183565
66.8;67.35;64.8;64.95;734899
65.9;66.7;62.1;66.7;572371
67;69.4;65.2;66.8;360514
69;71.95;66.8;71.55;765434
71.8;71.8;67.15;67.8;499609
68;68.65;67.05;68;270283
68.1;68.35;65.55;68.2;428082
68;68.3;66.3;67.45;231376
67.5;67.5;65.75;66.65;279564
67;67.2;65.5;66.65;211356
66;68.55;65.5;68.55;325182
69.25;70.3;68;69.15;537692
66;69;65.6;69;413771
69;70.2;66.2;67.15;413788
68.5;69.25;66.5;67.5;329241
68.8;69.6;68;69.5;138826
70;71;68.6;70.2;180597
70.5;74.15;70.5;73.4;644109
73.8;73.8;68.9;71.9;460114
72.45;72.5;71;72;509019
73.35;73.35;71.05;71.6;289774
72.5;72.55;71.6;71.85;203389
72.5;73.1;70.8;72.4;179594
73;74.35;72;73.2;248364
74;74.65;72.5;74.5;180533
74.5;75.75;73.5;74.6;495856
74;74.8;73.05;73.9;291966
73.5;75.2;72.6;74.45;267040
75;75.8;74.1;75.35;344303
75;76.65;74.8;75.6;217182
75.6;77.45;75.05;75.8;291566
76;77.05;75.8;76.7;511493
76;77.6;76;77.4;393394
77;77;74.6;75;620510
75;77.8;74.3;76.5;571497
76.2;77.5;76;76.8;798669
75.6;76;73.8;75.1;1395680
75;76;74.05;74.85;225870
74.75;74.75;71.15;72.5;1056038
73.3;74.8;73;74;2909643
73;74.9;71.3;71.5;1071404
71.6;73;70.1;71.4;928217
71.9;74;71.9;74;209669
74;75.55;73.4;75.55;339376
75.25;76.8;74.1;74.7;826667
74.4;76.25;73.1;74.3;554011
73.3;74.45;72.15;72.95;268533
72.6;73.5;71.35;72.6;315628
72.7;72.7;69.6;70.5;388678
70.9;72.15;70.3;70.3;284221
70;71.8;69.85;71;547728
71;72.25;70.3;70.8;207398
72.15;72.15;70.15;70.15;336301
70.2;72.25;70.2;72;184674
71.95;71.95;70.2;70.5;435058
70.5;71;69.55;69.7;372081
70.25;70.35;68.25;68.25;361414
68.35;71;68.15;71;305385
70.5;71.4;69.2;71;1223326
71.9;71.95;69.3;70.75;288337
70.75;73.45;70.75;73.4;421538
73.6;73.65;71.2;72.85;2021317
72.5;73;71.05;73;387443
73;73;70.15;72.5;274522
72.95;73.05;70.3;71.65;243938
71.65;72.3;70.25;70.9;197292
70;71.2;69.6;70.85;238608
70.1;71.5;69.2;69.2;309987
69.5;70.4;67;67;311916
68;70.9;67.2;70.5;274549
70.85;72;70.05;71.6;459961
71.95;72.5;70.5;70.9;157971
70.25;72.5;70.25;71.4;158650
72;72.45;71;71.3;164429
70.6;71.9;70.3;70.3;110300
70.2;72;70.2;71.15;184838
71.5;74.9;71.25;73.5;524955
73.5;74.45;72.6;73.1;276738
75;78.5;73.7;76.05;556085
77.5;77.65;74.4;75.1;534004
76;76;73.6;74.2;263855
75.5;76.2;73.5;75.75;271900
75.2;75.2;72.7;73.65;336852
74.8;74.85;73.6;74.2;155410
74.2;77;74.2;77;367696
76.5;77.65;75.2;77.5;377229
77.4;77.5;75.9;77.25;122738
75.8;76.45;74.2;76;219295
74.7;77;74.7;76.5;153291
76.9;77.85;75.9;77.5;169671
76.05;77.4;75.75;76.15;178547
76.4;77.7;74.9;77.4;143313
77.8;78.1;76.65;77.55;178738
78.4;78.4;76.8;77.8;101380
78.2;78.2;75.8;77;515003
76.8;76.8;75.4;75.8;331161
75.1;76.15;74.75;75.7;515035
75.05;76;74.9;76;80157
77;80.2;76.65;77.1;667622
78;81.3;77;80.25;697763
81.5;82;79.05;79.85;449860
80;82.1;79.5;81.1;272399
80.9;81.85;80.15;81.05;160009
80.8;82.55;80.2;81.6;377559
82;82.4;80.8;81.15;211633
81;83;79.9;83;342885
83;84.3;82.5;83.5;385495
83.75;85.8;83.55;83.9;400336
82;84.45;82;83.9;274106
84;84;82.5;82.6;252044
81.35;81.5;79.05;79.45;878556
80.45;80.5;78.1;79.95;871019
80.5;81.35;77;77;499801
77.9;78.7;75.75;77.75;528493
78;78.6;76.3;77;271253
77.7;80.75;77;80.2;450401
80.9;82.5;79.75;81.6;1132903
82;82;78.9;79.2;603746
79.2;79.2;73;74.35;1350418
75.7;75.7;71;71.4;770255
71.6;72.5;69;70.5;931671
70.5;73.4;69;73.2;1174478
73.2;74;71.05;71.1;415775
71.5;72.8;71.15;72.8;303715
72.9;73.3;71.6;72.3;181556
72.5;72.7;71.1;72.1;244970
72.75;72.75;70.8;71.4;286654
70.2;73.7;70.05;73.7;340786
73.5;73.8;71.75;73.8;297678
72.5;73.5;70.9;70.9;315667
71.5;71.9;70.85;71.5;178496
71;72.75;71;72;393114
71.5;71.95;70.1;71.1;236076
70.7;71.95;70.15;70.5;393857
70;70.5;64;70;749413
69;69.4;66.25;67.9;322429
66.2;68.4;64.4;66;533332
67.5;67.6;62.7;64.05;1150339
65;70.1;64.05;67.75;681450
68.5;70.45;66.6;67.3;673983
69;71.55;68.65;71.55;461484
71;76.85;70.55;76;979889
76;77.2;73.45;74.35;702109
74.5;76;72.6;74;406616
74;74.5;70.15;71.85;530324
70.2;71.45;67.65;68.35;1140169
68.5;69.65;68.4;68.45;1662044
69.5;71.1;69.2;70.5;374401
71.4;76.9;71.4;76.75;1358283
75.7;77.05;74.6;77.05;207289
77.1;77.1;74.7;75;260728
76.4;76.75;75.2;75.65;298730
75.85;75.85;74.15;74.75;255980
74.95;75.4;74.5;74.75;217602
75;75.3;73.35;74.55;813274
73.55;75;73.15;73.15;197419
73.35;74.6;72;73.4;282137
72.9;74.2;71.5;72.5;204419
71.5;73;71.5;72.2;372395
71.5;72.7;69.95;71.55;554985
72.15;72.5;71.25;71.8;216886
72;73.5;71;72.95;312928
73;74.5;72.5;73.8;544926
72.25;75;70.9;71.2;557751
71.1;72.25;70.55;71;2096539
71.1;72.6;70.4;70.45;240102
70.65;71;69.1;70.7;309632
70.05;73;69.7;71.9;257771
73;73.05;71.35;71.8;165151
71.5;72.6;71.15;72;196104
72;72;70.6;71;313619
70.25;73.2;70.25;72.5;772960
72.5;74.25;71.6;72.8;267538
74.8;76.5;73.1;75.95;628964
76.9;80.25;76.7;79.8;706615
79.25;81.75;78.6;80;844669
79.8;81.75;78.65;79;695681
80;81.15;75.25;75.8;441687
76.2;77.5;74.75;76.5;525771
77.45;78.15;75.35;77.35;487801
76.3;77.9;74.6;74.9;416814
74.1;76.3;73.4;75;467608
74;78.45;74;77.6;448201
78;79.4;75.4;78.9;360295
78.8;79.2;76.7;77.5;713687
76;77.5;75.65;76.4;598510
75.55;77.7;75.55;76.6;286194
75.2;78.45;75.2;76.5;185043
77.4;78.15;76.15;77.45;373868
78.7;79;77;77.7;180861
78.45;79.2;76.2;76.2;272821
75.45;76;73.2;75.4;305839
76.4;78.8;71.75;75;933330
74.1;75.7;73.45;73.55;1723581
73;76.75;73;76.5;286787
76.9;78.5;75.8;77.4;429238
76.15;77.9;74.75;74.9;411895
74.7;76.3;72.1;73.7;502843
73.4;77.4;73.4;76;579750
65;67.95;63.1;67;7738161
66.9;70.45;66.9;69.2;6248773
68.95;69.5;68.2;68.25;2038439
68.3;69;67.5;68;1906826
67.9;68;65.15;67;2021479
67.8;69;66.9;69;1631913
69;71;69;70.65;2233318
69.6;74.8;69.6;74.4;3585424
73;75;72.8;74.6;1352337
74.55;76.2;73.3;75.5;1590566
75.5;76;74.3;74.5;1584149
74.5;75.25;73.6;74.4;726021
73.7;74.3;71.3;72;933859
72;72.05;70.5;71.2;561016
70.55;71.6;70.2;71;752925
70.7;71.25;70.2;70.25;592997
70.95;71.35;70.3;70.95;849371
70.95;73.6;70.55;73.3;1368968
72.95;72.95;70.9;71.8;876625
71.5;72;69.9;70.1;383773
70.3;71;69.5;69.8;379460
69.85;69.95;69.15;69.45;188106
68;69.4;68;68.25;773521
69;70.75;68.25;69.4;867703
69.7;71.25;69.5;69.95;717449
69.8;70.2;69.05;69.95;601893
70.15;70.4;69.65;70;474366
69.6;70.1;68.8;69.9;400895
69.6;70.1;68.5;69.65;584715
68.95;70.2;68.95;70;480595
70.5;73.15;69.85;73;743839
71.6;72.9;70.9;71;748293
69.9;74.9;69.9;70.1;1168326
71.5;73.35;70.5;72.45;729986
73.5;74.25;72.45;74;383723
74.2;74.3;73.5;74.2;731939
74.3;76.1;73.7;75.9;1432538
75.9;77.75;75.55;77.4;1220449
77;77.3;75.9;76.85;629703
76.1;76.6;74.9;75;501049
73.5;74;71.55;73.7;868929
73.5;74;70.1;71.3;947273
72;72.95;71.3;72.2;390836
72.3;73.5;67.15;69.3;1188583
69.35;70.35;68.4;68.4;459216
69.55;69.65;65.05;66;1256130
65.7;66.8;62.65;62.65;860508
61.8;62.5;58.2;60;1283957
61.9;62.35;60.9;61.3;740954
61.95;64.7;61.45;63.9;858149
64.1;67;63;67;1136385
67.35;67.5;63;63.75;918358
63.2;65.5;62.25;65.5;652053
65.1;67.3;64.3;66;1045234
67.45;67.45;63.4;64.85;710760
64;65.1;61.55;62.4;409657
61.05;63.4;61.05;63.4;547691
63.15;66.15;62.5;66.15;1237537
66.2;67.5;64.75;65.9;1461754
65.85;67.4;65.1;65.65;616043
65.5;66.8;65.15;66;576624
66.6;68.75;66.25;67.4;791318
68.8;69.5;67.4;68.8;505364
69.95;69.95;67.75;69.2;369070
69.85;71.45;69.25;71;442081
72;74.5;70.7;72.6;962206
72;74;71.2;73.6;663432
73.05;73.6;70.6;71.5;424140
72;73.35;71.75;72.6;504840
72.6;74.25;71.4;74;1265784
74.5;74.5;72.7;73;894996
73;74.55;72.55;74.45;1477536
74.55;76.95;73.6;76.95;839616
76.8;77;74.7;75.25;912143
75.8;75.8;71.5;73.9;955922
72.8;72.8;70.6;72.35;3201014
71.7;73.35;70.7;72.4;914203
72.9;73.35;71.5;72.15;902890
71.35;72;70.6;72;1206144
71.8;72.5;70.7;71.35;989532
70.85;72.35;70.75;71.2;1563008
71.4;71.5;70.1;70.5;626075
70.95;70.95;69.55;70.5;2757837
70;72.65;69.35;72.65;1111681
73;74;72;73.25;1089621
73.9;74.15;72.5;73.85;2074890
74;74.4;72.8;72.85;540898
74;75.9;73;75.05;1253053
75.05;75.45;74.1;74.65;865195
74.15;75.25;73.75;74.1;253894
73.7;73.7;72.65;73.7;615135
74;74.8;72.2;73.2;386717
73;74;71.7;72.35;432214
71.95;72.3;69.55;70.65;867938
70.35;71;69.85;71;1039340
70.1;70.85;69.65;70.6;883204
71.25;72.3;70;72.3;1221004
72.25;72.25;70.05;70.1;682087
68.6;69.65;66.9;68.8;3564815
67.7;68.85;66.5;67;1390607
67;67;64.55;65;1743980
66.55;66.7;65.25;66;1322511
65.45;65.7;64.8;65.4;1031628
65;65.9;64.55;64.95;1014301
64.5;64.85;62.7;63.2;589656
62.45;63.9;62.25;63.65;1057209
63.45;63.45;62;62.35;1207681
62.7;62.7;60.5;61.05;1215022
62;64.6;61.75;64.5;1794260
64.25;65.2;63.6;65;995313
65.5;67;63.85;63.9;1808507
64;64.7;63.05;63.7;2626654
64.45;64.6;63.5;64.45;1065126
64.8;65.3;63.3;65.3;773400
65;65;63.4;65;1142014
64.8;65.25;64.35;65.05;970015
65.05;66;64.35;64.8;305440
64.75;64.75;63.55;63.8;778121
63.1;63.65;62.1;62.4;1150024
62.15;63.7;61.25;63.7;939158
63.7;64.2;62;62.35;837107
61.15;62;58.6;59;1945330
60;60.65;59.2;60.25;2279182
60.4;61.1;60;61.05;728058
60.6;63;59.35;60.9;1045389
61.45;61.45;59.05;59.2;722034
60;60.15;57.6;59.2;1148098
60.5;60.5;57;58.4;871685
57.6;59.9;57.45;59.2;1596982
59.2;61.45;59.2;60.5;548060
59.05;60.5;58.7;59.2;1162930
58.7;59.4;56.7;56.7;732079
57.5;58.4;57.1;57.9;746345
58.65;59.9;58.1;59;1649225
59.75;62.5;59.1;62.25;740515
62.8;62.8;60.55;61;485213
61;63.95;60.95;62.6;501451
63.5;65.45;63.5;64.5;1106503
65;65;63.6;64.3;887098
64.1;65.45;64.1;64.75;555039
65;65.35;63.25;65.35;633246
64.8;66.3;64.4;65.4;2690249
65.4;65.4;63.25;63.75;848192
63.5;64.45;63.3;64;641340
64.35;66.7;64;66.5;848019
66.65;67.35;66.2;66.6;398431
66.25;66.95;65.7;66.25;185232
66.2;66.2;64.9;65.35;446821
65.85;65.85;61.05;61.5;1098306
61.5;62.85;61.1;62.7;651352
62.95;63.5;61.9;63.1;348974
61.9;63.8;61.8;63.3;467232
63.1;64.95;62.55;64.95;471850
64.95;65.7;64.2;64.2;456565
64.2;65;64.1;64.1;167068
64.05;65.25;63.6;64.8;581871
63.9;64.5;62.65;62.8;512899
62.5;62.75;61;61.4;713231
60.9;62;59.5;61;578096
61;61;58.6;59.6;386195
59.8;60;58.4;60;586034
59;62.2;58.7;60.5;717290
61.65;61.65;55.5;56.5;1122672
56.95;57.3;54.4;56;928392
54.3;55.65;51.55;53.75;834266
54;54.5;48.6;50.35;1461703
45.5;52.75;45.5;48.21;1257227
46.55;50;45.57;49.5;1432938
50;50;46.16;47.5;667000
45.65;47;44.49;45.99;1052565
44.8;44.99;42.62;44.95;1130132
46.5;48.99;45.8;46.3;1928456
47.38;47.86;40.3;41.5;1189178
43.8;45.1;38.1;44;2089279
45;48;43.95;46.95;1298430
48;50.9;46.95;48;1151657
48;51.2;48;50;1304115
50;50.75;48;50.25;867028
39.99;42.7;38.8;40;13133191
40.95;40.95;39.51;40.57;2782932
41.48;41.48;40.13;41.1;1198222
40.12;40.49;39.5;40;1810102
40.72;42.85;40.52;42.85;1654500
42.5;42.75;41.52;42.49;2248912
41.5;41.8;41.1;41.79;665409
41.75;41.9;40.76;40.81;941270
40.8;41.45;39.68;40.5;3459492
40.5;43.75;40.1;42.4;2453459
42.6;44.8;42.34;43.11;1213404
43.4;43.88;41.8;42.77;373663
42.4;44.24;42.2;44.24;696461
43.25;44.75;43.25;43.78;860021
42.5;44.08;41.78;43.99;426185
43.65;44.7;39.41;41.51;4569871
41.52;41.74;40.2;41;1011165
41.3;44;40.9;44;1420004
43.89;46.4;43.5;45.5;1249676
45;45.89;43.5;44;947733
45.59;46.5;45.2;45.55;717726
46.4;46.4;43.25;44.37;479805
44.25;44.78;42.3;43.31;918117
43.27;45.05;42.53;44.48;534556
43.72;44.74;43.3;44.74;276501
44.8;46.32;44.49;45.6;547825
46.48;47.2;45.65;46.9;577979
47.1;48;45.19;45.74;1140909
45.21;45.75;44.75;45.42;640457
45.02;45.45;44.6;45.4;907255
44.5;47.4;44.5;47;828566
47;47.41;45.2;46.65;731044
47;47.65;46.31;47.65;794094
47.8;49.46;47.3;49.25;1134626
49.82;54;49.54;53.5;1884270
52.2;57.2;52.2;54.9;1185441
55.95;55.95;52.65;54.5;699244
54.2;54.2;50.25;51.8;1324086
51;53.8;49.62;53;1256962
52.15;52.85;50.7;51.7;557375
51;53;49.65;53;988132
53.25;55;52.05;52.5;1460311
52;52.2;50.9;51.55;894740
50.5;51.7;49.7;51;5390110
50.6;51.7;49.82;49.9;610077
49.83;51.3;49.8;51.1;518968
50.05;51.2;49.49;50.8;443643
50.5;51.6;50;51.6;566792
52.45;55.9;52;54.95;893505
55;58.15;54.1;56.5;1580145
56.05;56.4;53.35;55.5;699392
53.6;54.9;53;53.35;644195
53.85;53.85;52.4;52.8;561835
52.9;53.85;51.95;53;492101
53.5;54.1;51.85;53;812954
53;53.4;51.95;52.6;522545
51.85;53.15;50.5;52.35;979472
52.05;55.05;52.05;55.05;969312
54.6;55;52.8;54.9;995941
54.1;54.7;51.85;52.15;602645
51.6;52.6;51.35;52.2;754817
51.2;52.2;51.05;51.65;57516
51.9;52.4;50.55;51.9;712303
52.65;54.95;51.6;54;479549
54.8;54.8;52.65;52.65;396860
53;55.2;52.9;55.2;842637
55;57.25;54.5;56.4;1109894
56;57.2;55.1;55.1;687085
55.2;57.05;54.2;54.55;822545
54.05;54.6;53.4;54.15;649566
54;55.95;53.8;54.9;1131836
55.2;55.8;54.15;55.45;631129
54.55;54.7;52.95;53.75;550975
53;53.75;51.5;53.2;740269
52.45;53.6;51.95;53.05;364884
51.95;52.35;50.45;51.75;1838092
51.05;52.4;51;51.35;638728
51;51.8;51;51.5;554302
51.15;52.2;50.9;51.1;695961
50.5;50.6;48.28;48.9;1588602
49.5;51.3;49.1;50;1169223
50.95;52.85;50.8;51;1230783
51.55;54;51.3;52.25;1063386
51.9;52.8;51;51.3;1768293
51;51.65;50.25;51.35;750163
52.6;53.4;51.1;52.5;1447792
52.5;54.55;52.05;53;752307
53.75;53.75;51.4;51.8;431650
51.15;52.2;49.85;49.85;727893
49.6;50.5;48.75;49.8;1167457
48.8;52.7;48.8;52.35;1295442
51.65;52.6;50.7;51.1;511130
51.1;53.5;50.65;53;557506
53.1;53.4;52.2;52.2;574590
52.9;52.9;50.9;51.5;564028
52.75;55.15;52.2;53.95;1668895
54;56.35;54;55.3;1271345
54.5;55.3;54.5;54.65;536835
54.8;55.3;54.05;54.5;1236522
54.3;54.5;52.2;53;1109992
52.95;55.1;52.95;54.3;671931
53.8;54.6;52.5;53.35;579602
53.1;54.05;51.8;54.05;788203
54.9;56.55;54.55;56.2;1069827
56.6;57.45;56.4;56.4;1354416
55.8;58;55.8;58;1103395
57.3;58.2;57.2;57.65;848898
57.95;58.4;56.1;57.7;1474515
57.2;58.9;56.7;57.2;1259203
56.3;57.1;55.85;56.4;741216
57;59.5;56.55;58.65;1662646
57.6;59.1;57.2;58.9;547715
58.05;59.05;57.9;58.15;451561
58.1;59.15;56.85;57.6;981979
57.95;59.2;57.6;58.25;549917
58;59;58;58.65;629436
58.3;58.65;57.75;58.2;701223
58.7;58.7;57.15;58.3;831995
58;58.15;57.5;57.9;513772
57.3;58;56.3;57.7;856910
57.05;58.15;57;57.9;497076
58;58.15;57.1;57.5;642082
57.8;57.8;56.75;57.3;561438
56.3;57.95;56.3;57.7;626546
57.5;58;57.1;57.9;696762
58.3;58.45;57.8;58;1270351
57.85;58.15;57.5;57.95;830562
57.05;58.9;57.05;58.8;1282562
58.1;58.8;57.3;57.5;803113
57.2;57.4;56.3;57;643357
57;57.2;56.05;56.3;467175
56.8;57.7;56.3;57.45;674984
56.5;58.9;56.5;58.9;1093960
58.5;59.85;57.1;57.25;1734442
57;58.1;56.7;58.1;873449
57.25;58.15;57.2;57.7;524905
58;58.8;57.9;58.7;669782
58.7;59;57.65;58.05;660081
57.5;58.35;56.25;56.5;1246341
56;57;55.85;56.35;655685
56.95;56.95;55.4;55.9;650419
56;56.95;55.55;56.65;644079
56.5;56.5;52.4;52.9;2456192
52.6;52.7;51.25;52.7;1508868
52.05;54.25;52.05;53.75;1859083
54;54;52.15;52.9;1341171
53.05;53.85;52.9;53.55;1055012
53.55;54.65;53.55;54.3;616035
53.4;54.3;53.4;53.85;815784
53.4;53.6;52.35;53.2;486229
53.75;53.75;52.2;52.55;630187
53.2;53.55;51.85;53.35;716205
52.9;53.5;52.8;53.1;496686
52.8;53.8;52.7;53.5;744848
53.05;54.85;53.05;54.65;617064
54.85;55.5;54.4;55.1;2122338
55.1;55.65;54.85;55;575361
54.55;55.85;54.55;55.65;670771
55.05;56.2;55.05;55.85;590875
56.45;56.6;55.45;55.75;303131
55.1;56.4;55.1;56.3;2035986
56.25;56.4;54.2;55.1;703827
55;55.05;53.4;53.9;596291
53.9;54.7;53.2;53.95;662258
54;54.8;52.95;53.55;828420
53.1;54.7;52.6;53.05;699178
52.5;53.65;52.5;53.3;805044
53.6;53.6;51.8;53.1;819833
53.1;55;52.3;55;1797416
54.6;55.3;53.9;54.4;745498
53.65;54.3;52.55;52.55;704253
53.2;53.35;52.2;52.65;707863
52.75;53.8;52.15;53.55;460528
52.05;53.45;52.05;53.45;705701
54.25;54.35;52.4;53.4;536632
53.6;53.8;53;53.45;1930036
53.4;53.6;52.5;53.55;541293
53.95;54.55;52.4;52.4;630694
52.85;52.85;49.28;50.5;983320
51;52.3;50.7;51.9;1085301
52.25;52.85;50.7;52.05;563166
51.15;52.9;50.8;52.9;577230
52.15;53.8;51.35;51.45;983410
51;51.75;50.05;50.25;635507
49.75;50.5;49.14;50.15;633011
51.1;53.9;50.8;53;1319875
51.2;53;50.8;52.75;874599
53.2;54.3;52.65;54;1293268
54;55;52;54.45;1032000
53.05;54.65;53.05;53.6;779875
52.05;52.4;49.6;51.7;1414513
51.7;51.85;49.36;50;1005307
50.3;51.95;50.3;51.7;482344
51.8;52.8;51.35;52.2;695792
52.1;52.9;50.8;52.75;745223
51.55;52.75;51;51.3;621619
50.55;51.2;49.11;49.2;637970
47.4;47.9;46.62;46.7;1163269
48;48.35;44.56;45.25;1059270
45.26;46.3;43.7;44.73;622158
45.25;45.59;43.26;44.2;703069
43.62;45.48;43.62;44.18;1492859
43.51;46.4;43.51;45.18;805237
45.58;45.58;43.83;44.13;499158
44.19;44.19;40.95;40.95;731326
41.4;45.2;41.4;43.09;1845154
43.01;45.81;42.31;45.81;3122690
46;48.34;45.85;47.79;1492694
47.41;47.67;46;46.32;979978
45.77;47.49;44.66;46.89;2344992
47.98;49.15;45.7;47.45;1123538
49.2;49.8;47.82;49.07;1646239
49.97;49.97;47.1;47.1;1228865
46.74;47;45.5;45.61;983786
45.9;46.4;44.52;44.52;804427
44.52;47;43.02;46.23;1120190
45.53;48.32;45.53;46.05;595087
47;48.3;46.05;48.1;596099
48.94;49.78;47.82;48.54;580759
48.54;48.7;47.02;48.08;331789
48.78;48.78;46.47;47.3;451289
46.52;47.56;45.92;46.44;590939
47.48;48.28;47.11;47.68;255782
48.27;48.82;47.18;48.5;521599
49;49.6;48.22;49.3;358700
49.49;49.49;48.57;48.57;832785
48.5;49.97;48.5;49.6;571708
49.97;50.7;49.39;50.65;766795
50.5;51.2;49.82;50.25;613828
49.6;50.55;49.6;49.8;432449
48.22;50.15;48.22;49.6;1120300
49.21;49.26;47.82;48.05;672902
48.29;48.29;47.2;47.75;433872
47.72;48.28;46.6;46.9;702376
46.55;47.59;45.52;45.94;530483
45.25;46.3;43.43;45.08;628974
44.08;46.47;44.07;44.07;672501
45;45.74;42.53;44.2;1468124
44.4;45.35;43;45.01;1196239
45;45.97;44.55;45.44;695596
46.75;48.22;45.6;46.75;703155
47.8;49.95;46.5;49.78;922718
49;50.05;47.8;48.11;762079
48;48;46.3;46.49;1034937
46.49;47.38;45.5;46.09;558826
47.5;47.71;46.91;47.27;448083
46.27;46.46;45.26;45.51;676946
45.31;46.46;44.61;44.67;430432
44.15;45.96;43.71;43.9;489333
43.5;44;41.1;42.15;548850
42.15;42.97;41.15;42;898014
41.41;44.35;41.15;43.88;780815
44.89;45.4;43.41;44.92;747375
44.89;45;43.52;44.06;511677
43;44.88;43;44.88;887152
44.21;44.5;42.15;42.42;612480
43.5;43.75;40.5;41.7;2222410
41.5;41.7;40.38;40.98;1241029
40.3;40.86;39.32;39.99;709827
40;42.45;39.49;40.06;1079957
40.98;41.17;40.05;40.31;586995
40.02;40.1;37.61;37.91;825715
37.16;40.8;37.16;40.5;806748
41.48;43.08;40.4;42.7;866767
42.1;42.98;41.63;42.1;666082
42.7;44.1;42.25;43.61;961706
43.2;44.84;43.11;44.6;731693
44.65;46.46;44.4;45.6;782479
45.6;46;43.2;44.85;812079
44.3;46.72;44.3;45.88;688712
44.35;48.78;43.74;47.8;2105003
47.4;47.79;44.52;45;1078426
45.17;46.4;45;46.4;681924
45.3;47.5;45.21;47.41;408435
47.5;48.4;47.41;48;710011
47.45;48.2;45.26;46.2;936194
46.69;46.95;44.58;46.57;614515
47.2;47.2;45.11;46.8;619033
47.14;47.14;44.7;46.72;410923
46.9;48.18;46.87;47.94;684835
47.37;49.85;47.05;49.25;884318
49.95;50;47.8;48.08;822020
47.8;48.54;47.07;47.2;595254
47.06;47.3;44.81;45.13;704700
44.9;46.01;44.55;44.69;506330
44.58;46.97;44.58;46;540686
46.36;46.88;45.6;46.07;379653
46.6;48.16;46.05;48.05;548752
48.98;49.6;48.2;49.48;1052847
49.48;49.8;48.95;48.97;848534
48.15;49.48;48.04;48.34;585946
48.5;48.5;46.9;47.17;604876
48.34;48.4;46.86;48.12;1041201
48.4;49.49;48;49.15;881973
49.64;49.77;47.77;48.3;1671088
48.05;48.92;47.52;47.75;452693
49;49;46.8;47.6;4572923
47.33;48.16;46.91;47.8;1296473
47.8;49.1;47.8;48.85;768447
48.24;50.35;48.05;48.49;441133
49.8;49.84;48.62;48.72;1110618
48.92;48.92;47.5;47.68;736328
47.68;49.8;47.27;47.73;916744
47.3;48.49;46.77;47.5;617702
48.5;48.8;47.5;48;806552
48.24;48.25;46.51;46.9;1054868
46.27;47.35;46.21;47.19;597675
46.61;48.25;46.26;47.09;1011043
47.88;47.88;44.81;45.79;604316
45.97;47.85;45.51;47.64;504241
47.18;47.85;45.82;46.34;850705
45.44;45.7;43.22;43.63;1091913
43.11;46;43.11;45.8;1063784
46.07;46.3;44.66;44.94;494029
45.02;45.05;44.06;44.7;433718
45.2;45.56;44.31;44.77;123862
44;45.28;44;44.43;241585
44.85;45;44.02;44.44;725101
44.67;45.53;44.11;45.09;343853
44.41;46.8;44.22;46.32;291362
46.5;47.58;46.32;47.48;575781
47;48.47;46.6;47.85;512652
48.78;48.78;47.5;48.14;595744
48;48.67;47.65;48.39;763927
48.2;48.68;47.13;48.6;868222
48.65;48.7;47.4;48.02;700436
48.42;49;48.2;48.82;567358
48.55;49.5;48.47;49.25;673671
49.48;49.84;48.4;48.93;984388
48.56;49.75;47.75;49.09;1275578
48.4;49.3;48.4;48.68;684411
48.05;49.89;48.05;48.7;629849
49.31;49.31;47.63;48.49;782070
47.98;47.98;45.75;46.38;1438225
46.3;46.38;44;44.74;1372761
44.28;45.2;43.66;43.92;1393235
43.5;43.58;41.96;41.96;1030848
42;42.34;40.55;41.1;1263136
41;41.05;40.01;40.8;1803990
41.04;42.1;40.57;41.3;1535803
40.59;41;39.69;40.66;1528155
40.1;41.3;40.1;41.25;1122618
40.65;41.55;40.21;40.63;1057841
40.94;43;40.5;42.42;951574
42.4;42.42;41.5;42.03;916848
41.25;42.09;40.65;41.25;787218
41.25;41.25;40.16;40.64;496741
41.4;41.95;40.75;41.4;517251
40.92;41.7;40.83;41.1;455974
40.4;41.41;40.33;40.4;414067
40.5;41.5;40.5;41.35;917421
41.95;42;40.91;41.68;286165
41.75;41.8;41.1;41.75;530435
41.87;41.95;40.6;41.1;484074
41.1;41.35;40;40.46;1049605
39.86;40.73;39.2;40.58;525150
40.37;41;40.09;40.6;341289
39.38;40.38;38.6;38.6;780080
38.85;40.01;38.42;39.67;8438074
39.16;40.85;39.15;40;672816
39.5;41.4;39.49;40.36;844234
40.36;41.1;40.01;41.1;741351
40.97;40.99;40.16;40.5;733245
39.89;40.97;38.7;39.48;1021935
40.79;42.5;40.6;41.4;1933478
41.89;42.46;40.97;42.1;2149559
42.4;42.4;41.17;41.47;730513
41.5;42.03;40.91;41.43;948973
41.69;41.69;40.32;40.44;832716
40.58;42.87;40.58;42.87;951382
42.84;44.7;42.75;44.7;1090472
41.8;44.85;41.8;44.24;1020507
44.5;45.71;43.74;44.93;1125509
44.95;46.34;43.96;46.2;1052670
46.05;46.75;44.46;44.83;956345
45.2;46.7;45;46.63;638444
46.65;46.65;44.45;44.45;823063
43.85;44.58;43.24;44.18;1030562
44.5;45.2;44;44.25;698091
43.95;44.41;43.63;43.63;557212
43.62;43.98;43.02;43.45;770654
42;43.36;42;42.9;1029393
42.75;44.06;42.75;43.68;713093
44;44.28;43.56;43.7;888296
44.2;45.5;43.6;44.66;883874
45.15;45.15;43.25;44.11;1378668
44.87;46.29;44.87;45.7;1647372
46;46;43.34;43.67;2033379
42.52;43.2;41.94;42.5;2279381
42.49;43.21;42;42.5;1288444
42.5;44.17;42.5;43.03;1179549
43;43.9;43;43.48;843879
43.95;44.3;43.05;43.05;1234504
44.1;44.23;43.12;43.32;1095261
43.13;43.65;43.02;43.08;626070
43.69;44.2;43.11;43.86;441494
45.15;46.19;41.21;41.96;2386830
41.93;42.85;41.36;41.64;1837767
41.6;43.07;41.2;42.06;967367
41.75;42.56;41.75;41.93;888845
42.6;43.74;42.15;43;1588734
43.2;43.2;42.26;42.42;1007848
42.77;43.07;41;41.6;1137027
41.7;42.63;41.6;41.76;544278
41.98;42;41.11;41.63;867726
42;42;40.79;41;1666014
41.05;41.44;40.5;40.92;659933
40.8;41.5;40.56;41.4;562803
41.6;41.75;39.93;40.25;1157189
40.11;40.64;40;40.47;1496518
40.44;42.6;40.44;42.4;2459306
42.7;42.7;41.31;41.7;1606411
42;42.29;40.65;41.11;1135466
41.08;41.08;39.7;40.01;1149888
39.5;39.5;37.47;38.7;1747413
38.4;39.69;37.4;39.69;2958329
39.75;39.75;38.72;39.25;1278215
39.79;39.79;38.78;39.16;777700
39.04;39.73;38.83;39.1;193789
39.22;39.67;38.61;39.3;445844
39.66;39.66;37.91;38.87;2606467
38.87;39.22;38.74;38.84;514959
38.74;39.1;38.44;38.87;1506539
39.7;40.7;39.25;40.41;1273432
40.24;40.77;39.82;40.63;989548
40.63;41;40.22;40.56;1429825
40.99;41.08;40.2;40.56;954364
40.35;42.9;40.35;42.21;1025272
42.3;42.3;41.15;41.58;737340
41.21;41.9;40.87;41.5;638942
41.54;41.8;40.8;40.94;987605
40.5;41.2;40.4;41;1882144
41;41.28;40.63;41.15;1110075
41.06;42.4;40.8;41.82;771900
42.23;42.35;41.72;42.05;2159922
42.03;42.35;41.86;42.06;2345592
42.11;42.6;41.91;42.49;1401572
42.29;43.2;42.29;43.09;1615217
43.01;43.25;41.12;41.45;1075257
41.51;41.79;40.07;40.4;2388731
40.74;40.8;39.5;40.13;1467747
39.8;40.21;38.02;39.9;2623386
40.2;41.4;39.9;40.39;1982018
40.15;41.35;40;40.94;1082788
41.05;41.09;40;40.11;819641
40.42;40.81;40.06;40.31;1009350
40.25;40.42;39.84;40.14;1015218
39.94;40.62;39.92;40.42;1190714
41;43.34;40.99;42.39;2072605
42.51;43.45;42.11;42.96;1303608
43.01;43.34;42.5;42.55;968802
42.75;43;42.35;42.45;748884
42.25;43.3;42.15;43.1;688028
43.11;44.5;43.1;44.4;646514
44.1;45.4;44.02;44.56;1867615
44.66;45.02;44.2;44.73;1196573
44.37;44.67;43.3;43.97;1188591
44;44.32;43.75;44.26;700482
44.62;45.75;44.2;44.25;1232996
44.18;45.27;44.17;44.52;556872
44.53;45.31;44.39;44.74;592545
44.38;45.25;44.38;44.85;685561
44.26;45.59;44.25;45.4;581473
45.29;46.2;45.29;45.81;871603
45.65;46.25;45.32;45.97;1063311
45.57;45.99;44.89;45.66;1100491
47;48;46.5;47.74;3096392
47.56;48.4;47.5;47.5;1040625
47.51;47.69;46.95;47.3;802924
47.19;48.4;47.17;47.97;931288
47.57;48.8;47.51;47.86;1389141
48.29;48.29;47.22;47.57;1047489
47.84;47.98;47.35;47.6;620270
47.89;47.89;46.8;47.32;685825
47.54;47.83;46.95;47.7;746031
47.71;48.06;47.51;47.84;586966
48.2;48.2;47.47;47.89;536473
47.88;48.2;47.41;48.1;687158
48.23;48.28;47.65;48.2;575549
48.4;49.35;48.4;49.1;1698151
49.39;49.39;48.61;48.77;1088686
49;49.31;48.22;48.64;1180724
48.82;49.75;48.5;49.03;930766
49.47;49.47;48.55;49.01;593824
49.25;49.3;47.5;48.26;989199
48.21;48.8;47.3;48.09;677768
48.06;48.58;47.82;48.46;1086759
49;50.2;49;49.18;2058190
49.43;50.05;49.43;49.8;566464
49.83;49.88;49.13;49.46;917128
49.79;49.86;48.87;49.17;2105543
49.04;50.25;48.9;50.05;1519384
51;51;49.8;50.4;1110893
50.35;50.7;50;50.45;530179
50.75;50.75;49.35;49.84;643820
49.42;49.63;49;49.53;1181843
49.07;49.4;48.85;49.32;498718
49.49;49.55;48.6;49.17;1090640
49.21;49.98;48.9;49;630720
49.31;49.4;48.82;49.18;848486
49.27;49.51;48.51;48.72;1008494
49.01;49.34;48.12;48.84;833497
49.06;49.29;48.45;48.45;510122
48.2;48.35;46.49;46.92;1335514
46.95;47.9;45.85;46.62;1080250
46.75;47.16;46.63;46.95;590711
46.3;46.49;45.07;45.5;1059715
45.1;45.99;44.9;45.7;759810
46;46.7;45.16;45.4;937142
45.35;46.3;44.5;44.5;1352956
44.7;45.3;44.6;44.97;994479
45.5;45.85;45.05;45.07;857748
45.43;46.47;45.16;46.17;747192
45.91;46.35;45.55;45.71;496701
45.83;46.36;45.56;45.61;534725
45.78;46.48;45.69;46.24;637415
46.45;46.7;45.88;46.65;868315
46.98;46.98;46.2;46.4;1004716
46.8;47.23;46.45;47.04;660467
47.32;47.32;46.66;46.76;812743
46.82;47.95;46.82;47.78;748338
47.36;47.65;46.92;47.12;680863
47.4;47.45;46.15;46.79;610451
46.51;47.25;46.24;46.83;732275
48.14;48.7;47.53;47.57;1426153
48.15;48.32;47.21;47.3;1438517
47;47.95;46.33;47.55;839876
47.07;47.7;47.01;47.58;452600
47.51;48.45;47.46;48.2;685581
48.01;48.94;48.01;48.83;771142
49;49.34;48.5;49.01;794375
49.22;50.05;48.82;49.42;1138371
49.8;50.6;49.1;50.35;1282230
50.5;51.65;50.25;51.5;1356289
51.5;52;51.25;51.75;1193905
51.5;51.75;51.05;51.2;788307
51.25;52.6;50.85;52.1;1160521
52.6;53;52.1;52.3;1112781
52.4;52.95;51.95;52.15;757996
52.1;52.2;51.55;52.05;391453
52;52.35;51.75;52;589537
52.7;52.8;51.65;51.7;1084168
51.7;52.35;51.6;52.1;1062618
51.55;51.8;50.85;51.1;951846
51.55;51.55;50.85;51.1;847827
50.55;51.05;49.92;50.5;1593402
50.95;50.95;49.7;50.25;1005123
50.3;50.9;50;50.55;782636
50.8;51.3;50.45;51;781034
51.15;51.5;50.85;50.85;755790
50.8;51.55;50.7;51.3;726410
51.5;52.25;51.45;52.1;1375660
52.3;52.45;51.4;51.4;3021531
51.7;52.35;51.5;52.25;1295928
52.25;52.95;51.95;52.3;1286583
52.6;53.55;52.4;53.3;1456051
53.4;53.5;53.05;53.1;868112
53.1;53.4;52.55;53.25;825529
52.7;53.35;52.7;53.05;489580
53.15;53.45;52.65;52.75;785185
52.8;53.15;52.45;52.9;565518
52.9;53.15;52.65;52.95;813412
53.3;54;53.05;53.65;1083151
54.1;54.3;52.9;53;1284823
52.65;53;52.65;52.95;853520
53;53;51.9;52.45;1795730
52.1;52.5;51.75;51.85;976747
52.25;52.25;51.65;52.05;786267
51.8;52.2;51.3;51.6;815180
51.9;51.9;51.2;51.8;482626
51.8;51.95;51.5;51.9;255541
52;52;51.7;51.9;357372
52.1;52.1;51.75;51.85;338260
51.7;52.25;51.55;51.9;365238
52.2;52.5;52;52.35;339341
52.3;52.5;51.95;52.15;648487
52.25;52.25;51.05;51.45;836101
51.9;51.9;51;51.35;927272
51.7;51.7;50.6;51;1347717
51;51.25;50;50.5;2131708
50.25;50.5;49.71;50.2;1224785
50.4;51.5;50.35;50.7;1429393
50.7;52.75;50.7;52.4;1982953
52.35;52.85;52.2;52.6;1085834
52.7;54.3;52.7;53.25;1914015
53.7;54.7;53.65;54.55;1003895
55.35;55.95;53.6;54.5;2683670
54;54.75;54;54.65;1044532
54.35;54.95;53.65;53.8;1093319
53.8;54.4;53.75;54.15;682455
54.25;54.5;53.5;53.8;598974
54;54.4;53.85;53.95;747600
53.5;53.7;52.8;53;1930538
52.25;53.1;52.25;53;876805
53.25;53.25;52.1;52.1;1205915
52.25;52.95;52.25;52.65;732708
52.75;53.1;52.3;52.3;687321
52.3;52.3;51.65;51.8;859203
51.6;52.2;51.6;51.6;788321
51.6;52.6;51.5;52.45;866290
52.7;53.05;52.5;52.6;758943
52.5;52.85;52.35;52.65;461733
52.9;52.9;52.25;52.6;707335
52.85;53.3;52.05;52.1;958825
52.35;53.2;52.25;52.25;822602
52.7;53.2;52.3;53;831319
53;53.75;53;53.3;997496
53.2;53.95;53.05;53.75;729105
53.85;54.45;53.75;54.35;1314391
54.95;55.3;54.55;54.55;2121265
54.7;55.2;54.05;54.3;810847
54.6;54.6;53.7;53.85;1261604
53.8;54.5;53.8;54.2;704439
54.25;54.4;52.9;53.6;922405
53.9;54.45;53.1;53.5;1019012
53.25;53.9;53.25;53.7;787419
53.9;54.1;53.6;53.75;698365
53.75;54.2;53.5;54;1546561
54.2;54.35;53.55;53.7;1166191
54.2;54.25;53.5;53.85;1355628
54;54;53.35;53.65;954271
53.6;53.9;53.45;53.75;796773
53.6;53.7;52.95;53.05;867610
52.85;52.85;51.15;52.3;1706159
51.65;52.5;51.25;51.85;935018
51.95;52.25;51.25;51.65;1384214
51.65;52.25;51.6;51.6;1076556
51.85;53.35;51.8;53.1;1458567
53.2;53.4;52.4;52.55;848798
53.5;53.75;53;53.05;836648
52.75;53.4;51.25;51.8;1247329
51.5;52.5;51.25;51.9;1075062
51.8;52.55;50.3;51.25;1279441
51.25;52.4;51.25;52.25;940471
52.45;52.8;51.75;51.95;1003489
52.2;52.8;51.9;52.7;794593
52.7;52.9;52.4;52.7;846148
52.75;53.7;52.75;53;1201075
53.75;53.95;53.4;53.95;1104194
53.9;54.6;53.55;54.3;1008877
54.7;54.75;54.3;54.55;747536
54.7;54.9;53.85;54.45;1172504
54.55;55.5;54.4;55.45;1367574
55.4;55.75;55.2;55.4;723887
54.15;55.85;54.15;55;717597
54.55;54.9;53.9;54.55;662131
54.45;55.1;54.05;54.95;858631
54.75;55.7;54.6;55.35;1445822
55.6;55.6;54.8;55.5;598755
56.5;57.3;56.3;57;1928631
56.6;57.45;56.6;57.05;1171132
57.2;57.9;57;57.7;1446546
57.65;58.25;57.3;57.6;1223625
57.6;57.85;57.15;57.55;1591187
57.55;58.25;57.05;57.95;2027608
58;58.2;56.75;56.95;1205975
56.8;56.8;56.15;56.35;1322636
56.5;56.5;56.05;56.2;1004685
56;56.6;56;56.3;288665
57.15;57.15;56.15;56.3;768400
56.15;57.2;55.8;57.05;1650890
56.55;57;56.05;56.1;1201523
56.45;56.9;56.15;56.25;1386616
54.4;54.8;54.2;54.35;1218820
54.5;55;54.4;54.8;3834268
54.8;55.1;54.25;54.35;705754
54.5;54.75;53.95;54.5;836145
54.6;54.6;53.9;54.3;2527664
53.65;53.75;52.75;53.2;956434
53.35;54;53.2;53.85;578732
53.95;55.1;53.95;55;1129326
54.15;54.95;54;54.75;348515
55;55.5;54.65;55.2;906907
55.4;55.95;55;55.7;700435
55.65;55.65;54.95;54.95;426224
55.6;56;55.3;55.8;492414
55.9;56.15;55.65;55.9;2674645
56.2;56.3;55.05;55.1;1226690
55.15;55.75;55.15;55.5;167692
55.45;55.5;54.5;54.65;901370
54.6;55.25;54.45;55.05;1100429
54.85;55;54.45;55;658859
55.15;55.4;54.9;55.35;1395278
55.3;55.9;55.2;55.8;656577
55.9;56.2;55.6;56.05;665899
55.75;56.2;55.75;55.9;498728
55.6;56.55;55.5;56.15;978231
56.5;56.5;55.85;56.1;525743
55.8;55.95;54.95;55.15;721505
55.5;55.8;54.8;55.7;636430
56;56.25;55.5;56.2;487253
56.2;56.4;55.85;56.2;527862
55.7;56.65;55.3;56.5;1413881
56.5;56.55;56.2;56.35;401931
56.6;56.6;55;55.3;711237
55.6;55.75;55.05;55.15;900416
55.7;56.55;55.55;56.3;1200601
56.2;56.35;55.6;55.95;386182
55.85;56.5;55.75;56.3;395035
56.25;56.25;55.6;55.85;1116839
56.25;56.35;55.7;56.1;993250
56.4;56.45;55.65;55.75;671765
55.9;56.25;54.9;55.2;701761
55.2;55.6;54.85;55.15;271695
54.75;55.4;53.8;54.3;899785
54.1;54.5;53.3;53.6;877985
53.35;54.25;53.35;53.7;815785
53.5;53.75;53.05;53.35;620281
53.05;53.55;52.75;53.1;466857
53.15;54.4;52.8;53.85;1300544
53.8;54.1;53.45;54;506225
53.9;54.35;53.4;53.75;656259
53.95;54.7;53.85;54.1;678575
53.95;54.15;53.45;53.5;316409
53.5;54;53.1;53.3;586300
53.5;54.6;53.5;54.35;761571
53.7;54.1;53.5;53.55;590212
53.85;53.95;53.35;53.7;518947
53.8;53.9;52.3;52.85;592523
52.7;53;52.3;52.4;592281
52.5;53.35;52.4;52.85;850581
53.7;53.7;51.7;52.5;1563866
52.75;52.95;52.2;52.85;865656
52.6;52.85;52.35;52.75;403337
52.9;53.1;52.3;52.8;1194722
52.35;52.45;51.75;52;1145881
52.35;52.65;52.05;52.4;766981
51.85;52.1;50.05;50.3;1346684
50.15;50.6;49.81;49.97;762586
49.91;51.35;49.84;50.7;1083023
50.9;51.05;49.43;49.92;1245423
50.05;50.5;49.2;49.57;698185
49.32;49.75;49.2;49.28;472650
49.32;50.6;49.28;50.05;655004
49.97;50.1;49.7;49.76;908036
49.76;50.5;49.76;50.15;518576
50.5;50.8;50;50.3;487504
50.6;50.6;50.1;50.2;289218
50.9;51.35;50.7;51.2;452797
51.35;51.8;51.25;51.3;555349
51.35;51.5;51.05;51.2;418063
51.45;51.95;51.4;51.85;302628
52.15;52.25;51.8;52;497645
52.3;52.5;51.9;52;449073
51.6;52.4;51.35;51.45;1259056
52.1;52.35;51.45;51.85;555031
51.75;52.95;51.75;52.75;931495
52.55;53.1;52.5;53;791702
53.2;53.25;52.5;52.6;358491
52.65;53.2;52.6;52.95;576126
52.85;53.35;52.65;52.65;467702
52.75;53.05;51.75;52.65;650906
52.7;53.1;52.5;53.1;546231
53.3;53.5;53.1;53.45;531958
53.4;53.7;52.85;52.95;537692
53;53.3;52.6;52.75;477577
52.3;52.85;51.9;52.6;642162
52.85;53.25;52.45;52.85;448277
52.85;53;52.45;52.7;334520
52.5;53.35;52.5;53.1;838119
53.3;53.7;52.75;52.8;1014986
52.7;52.95;51.85;52;1169033
51.9;52.2;51.5;52;449055
52.05;52.05;51.35;51.6;427609
51.3;52.7;51.3;52.45;788236
52.45;53.2;52.45;52.8;797207
53.45;53.7;51.75;52.05;1601910
52.7;54.05;52.35;53.8;1073396
53.9;54.65;53.9;54.15;876978
54.2;54.65;53.65;53.8;698088
53.8;54.2;52.9;53.35;895116
53.5;54.7;53.5;54.2;800196
53.9;54.7;53.9;54.25;898566
54.25;54.35;53.6;53.8;535983
53.3;53.65;52.95;53.15;576596
53.95;54.15;53.2;53.55;463314
53.55;53.55;52.65;52.7;524047
52.55;53.25;52.35;53.25;442185
53.4;53.5;52.55;52.8;452619
53.35;54.5;53.15;54.35;936023
53.9;54.1;53.5;53.85;726018
53.75;54;52.55;52.95;1097420
52.85;53.55;52.85;53.2;743250
52.6;52.8;52.15;52.55;704836
52.55;52.7;51.85;52.15;910865
52.25;52.45;51.3;51.75;1357359
52.15;52.55;51.6;51.7;967286
52;52.15;51.8;51.9;671934
51.8;52.8;51.8;52.55;440255
52.7;53.35;52.35;53.2;676510
53.35;53.55;52.85;52.95;836862
52.95;53.3;52.7;53.3;641009
53.55;53.9;53.3;53.45;586085
53.45;53.8;53.25;53.6;290732
53.75;53.8;52.8;52.8;930950
52.9;53.2;52.75;52.85;598488
52.6;53.35;52.6;52.9;659744
53;53.4;52.45;52.65;990154
53;53.7;52.8;53.4;869603
52.75;53.45;52.75;53.05;550646
53;54.3;53;54.15;987612
53.75;54.3;53.75;53.85;815987
54.15;54.15;53.3;53.45;955865
52.95;53.35;52.85;52.95;571463
53.35;53.55;53.1;53.3;385265
53.65;53.7;52.75;52.9;590469
53.2;53.2;52.7;52.7;512568
52.7;52.85;52.35;52.55;439315
52.5;53.2;52.45;52.65;597870
52.95;52.95;52.1;52.25;775781
52.25;52.45;51.45;52.1;1089561
52.35;52.35;51.6;51.75;1053749
51.85;51.95;50.2;50.2;1635969
50.2;50.55;49.71;50.3;801957
50.2;50.9;50.2;50.7;727180
50.95;51.25;50.55;51;870507
50.75;51.15;50;50.15;884805
50.5;51.1;50.4;51.05;1149039
51.35;52.3;51.25;52.2;1307024
52.6;52.6;51.8;52.15;992572
52.1;52.3;51.5;51.8;604284
51.75;52.2;51.65;51.95;817370
51.65;51.85;50.4;50.6;782085
50.6;51.75;50.6;51.6;1172668
51.45;52.15;51.45;52;562297
52.05;52.2;51.9;52;713444
51.75;52.1;51.75;51.85;470534
52;52;51.7;51.7;86009
51.6;51.85;51.45;51.5;450406
51.4;51.6;51.1;51.3;282271
51.3;51.6;50.7;50.95;586179
51.25;51.25;50.75;51.15;226848
51.3;51.3;50.5;51.2;215749
51.15;52.15;51.15;51.9;423665
51.85;53;51.85;52.9;953601
52.9;53;52.55;52.75;1061514
52.6;54;52.6;53.6;1379795
53.6;54.5;53.55;54.5;1436016
54.85;54.9;54.1;54.35;965578
54.55;54.7;53.9;54.15;863759
53.95;54.4;53.25;53.75;1229103
54.55;56.25;54.45;56.25;3121567
56.45;57;56.1;56.45;2675496
56.9;57.25;56.35;57.25;1305110
57.1;57.3;56.9;57.05;1442206
57.2;57.2;56.5;56.9;1209419
56.85;57.4;56.55;56.75;1462915
56.65;57.05;56.65;56.7;848435
56.75;57.5;56.25;57.4;1189953
57.45;57.45;57.05;57.1;1341177
57.05;57.35;56.7;56.7;933254
56.75;57.5;56.65;57.4;952499
57.5;57.55;57.2;57.45;802020
57.6;58.6;57.4;58.6;1463710
57.65;58.75;57.65;58.6;618915
58.9;59.1;58.3;58.55;752554
58.75;59.15;58.5;58.8;964567
59;60.4;58.8;59.75;1245687
59.8;59.85;58.7;59.75;1194435
59.7;59.7;58.4;58.95;1447708
59.1;59.7;58.7;59;729203
59;59.4;58.8;59;571910
59.4;59.8;58.65;59.7;643877
59.8;59.8;58.95;59;435424
58.95;59.3;58.6;59.2;718975
59;59.3;58.6;58.75;905469
58.85;59.75;58.6;58.6;930168
58.6;59.2;58.6;58.85;1006725
59.2;59.35;59.05;59.15;481641
59.2;59.2;57.95;58.5;1110279
58.2;58.7;58;58.7;763104
58.5;58.7;58.2;58.45;404704
58.9;60.15;58.7;60.05;1311714
60;60.6;59.55;60.3;1203690
59.5;60.45;59.5;60.15;1097783
60.1;60.35;59.65;60.3;486863
60;61.95;60;61.2;1935081
61.5;62.9;61.5;62.7;1706198
62.6;63.3;62.15;62.9;733648
62.85;62.95;62.15;62.5;608509
62.2;62.65;61.7;61.95;687795
61.5;61.85;61.15;61.25;1000598
60.9;61.1;60;60.45;1450482
60.05;61.45;60.05;61.3;637437
61.65;61.85;61.4;61.6;626144
61.55;61.75;60.8;60.8;828768
60.95;61.15;60.7;61;464265
61.3;61.4;60.7;61;622313
60.75;61.25;60.45;60.55;452587
60.7;60.75;59.75;60.5;734207
59.7;61;59.45;60.4;1052919
60.4;61.15;60.15;60.8;540437
60.1;61.05;59.7;61.05;870421
60.5;60.8;60;60;584435
60.35;61.3;60.2;60.45;940510
60.6;60.95;60;60.5;447254
60.1;60.8;59.9;60.55;436111
60.8;61.15;60.7;61;1580216
61;61.15;60.5;61;1519689
61.2;61.2;59.15;59.5;2481317
60;60.45;59.75;59.85;2011766
59.6;60;59.45;59.85;687139
59.6;59.8;58.85;58.85;962934
58.9;59.2;58.25;58.7;1328532
58.2;59.2;57.9;59.05;1156505
58.9;58.9;57.6;57.6;844777
58;58;56.2;56.3;1571842
56.35;57.35;56.2;57.2;1379408
56.95;57.2;56.55;57;1284868
56.95;57.65;56.85;57.4;939615
57.95;58.15;57.4;57.7;654342
57.9;58.25;57.35;57.8;470943
58.15;58.15;57;57.25;765304
56.75;57.55;55.75;56.2;1171372
56.4;56.8;54.9;55;1719463
54.7;55.9;54.7;55.7;1108117
56.1;56.35;55.55;56;328834
56.3;56.3;55.8;56.3;685697
56.6;56.9;56.35;56.8;649154
57;57.05;56.6;56.9;364185
57.15;57.15;56.3;56.4;582952
56.05;56.95;56.05;56.75;811604
57;57.15;56.6;57.15;806288
57;57.3;56.7;56.7;1012743
57.25;57.5;57;57.25;2178734
57.45;57.8;57.25;57.7;1825806
57.3;57.95;57.3;57.6;603973
56.5;56.6;55.6;56.3;990851
56.55;58.05;56.55;57.8;1498396
58.1;58.5;57.85;57.85;815197
57.8;58.55;56.85;58.25;771855
58.5;58.85;58.2;58.65;654061
58.75;58.8;58.1;58.35;543105
58.05;58.85;58.05;58.5;647647
58.4;59.05;58.3;58.8;511922
59.05;59.05;58.25;58.25;878411
58.4;59.15;58.35;59.1;424857
59.2;59.8;58.65;59.8;1032631
59.55;60.25;59.35;60.15;581768
60.4;60.65;59.35;59.75;477266
59.75;60.5;59;59.15;753227
59.35;60.1;59.15;59.8;789374
60.1;60.65;59.7;60.25;948254
59.95;60.5;59.85;60.5;705926
60.5;61.05;60.3;61.05;784846
61.05;61.55;60.8;61.1;534321
61.1;61.65;61;61.45;577238
61.75;62.2;61.5;61.6;1320344
61.6;61.75;60.6;60.65;1070097
61.05;61.15;60.5;61;698478
61.3;62.05;61.05;61.3;958379
61;61.3;60.35;60.8;794015
61.1;61.6;60.75;61.4;527373
61.45;61.7;61.25;61.5;906952
61.6;62.35;61.5;62.05;690215
61.45;62.75;61.2;62.35;1517535
62.3;62.3;61.2;61.25;1192866
61.7;62.2;61.05;62.05;823451
62.15;62.6;62;62.5;657497
62;62.95;61.15;62.35;1501770
62.55;63.6;62.05;63.4;917577
63.5;63.5;62.65;62.65;635505
62.8;63.7;62.7;63.5;710369
63.65;64.25;62.95;63.25;891007
63;63.6;61.5;63.5;1501350
63.95;64.1;63.1;63.9;710424
64.3;64.95;63.7;64.85;807012
64.55;64.95;63.9;63.95;750927
64.15;64.55;64;64.45;772566
64.85;65.2;64.4;65.1;714883
65.3;65.75;64.7;65.7;705208
65.8;65.95;65.45;65.7;566750
65.6;66.05;65.55;66.05;838062
65.55;66.3;65.4;66.15;481921
66.25;66.7;65.95;66.15;802836
66.1;66.5;65.35;65.5;968876
65.9;66.05;65.3;65.85;876226
65.85;66.25;65.6;65.7;687966
66.1;66.5;65.8;66.05;674507
66.15;66.55;65.15;65.3;935572
66.65;66.65;63.85;64.85;1815609
65.05;65.4;64.85;65.15;395659
65.2;66.15;65;65.8;572959
65.9;66.4;65.4;66.15;664948
65.95;66.55;65.75;66.05;534989
65.55;66.5;65.5;65.85;618338
66.1;66.35;65.4;65.55;655554
65.8;65.85;65.3;65.65;527862
65.5;65.8;65.3;65.75;598311
65.8;66.15;65.25;65.25;468818
65.05;65.6;64.35;64.75;602011
64.5;65.55;64.4;65.15;377656
65.3;66.15;65.1;65.2;632761
65.2;65.5;64.25;64.65;747387
64.75;65.5;64.05;64.35;1133067
64.55;64.75;64.1;64.25;582121
64.6;64.8;63.7;63.8;669964
63.4;63.8;62.85;62.85;2055358
62.85;63.7;62.6;63.65;921200
63.4;63.65;63.05;63.5;620003
63.6;63.7;62.45;62.65;729822
62.35;62.7;61.85;62.55;571825
62.6;63.2;62.2;62.7;688546
63;63.75;62.75;63.75;732294
63.9;64.45;63.55;64;682114
63.7;64;63.35;63.9;549258
63.8;64.45;63.55;63.75;487658
63.6;64.2;63.6;64.2;656407
64.15;64.45;63.65;64.4;559340
64.5;64.95;64.2;64.9;962064
64.85;64.9;64.5;64.7;657648
64.7;65.65;64.7;65.25;719795
65.2;65.5;64.65;64.75;600327
64.7;65;64.25;64.4;559997
64.25;64.95;64.05;64.6;672655
64.45;65.25;64.3;65.2;788041
64.5;65.25;64.2;65;523436
65;65.25;64.85;65.15;598346
64.8;64.95;63.9;64.05;656164
63.75;63.95;62.3;62.45;1234426
62.6;63.45;62.25;63.25;760066
63.55;64.5;63.55;64.3;690866
63.9;64.35;63.85;64.15;617707
64.4;65.5;64.15;65.2;1264480
65.15;65.15;64.65;64.65;547550
64.8;65.8;64.55;65.7;1106122
65.85;66.25;65.5;66.1;614520
66.6;69.1;66.6;68.4;1964349
68;69.9;67.95;69;1635345
68.7;68.8;67.6;68.25;1183702
67.9;68.3;67.75;67.9;682569
67.75;68.6;67.55;67.7;453086
67.75;69.55;67.7;69;1108901
68.5;69.55;67.9;69.2;1286752
69.2;69.35;67.9;68.55;744464
68.2;68.85;68.05;68.25;507654
68.55;68.65;67.75;68.45;459733
68.3;68.4;67.5;67.9;907245
67.2;68;66.1;66.25;1315838
68.6;69.65;68.15;69.05;3206851
68.4;69.1;68;68.4;921758
68.3;69.1;68.1;68.85;637296
68.9;69;67.9;68.1;589200
68.5;68.5;67.35;67.9;887313
67.55;68.2;66.95;67.55;570548
67.3;67.95;66.75;67.3;662964
67.75;68.75;67.4;68.55;572503
68.5;70.2;68.4;69.45;922213
69.5;69.7;68.5;69;648639
69.5;70.5;68.95;70.2;1007105
70.25;70.6;69.4;69.7;891821
69.7;70.45;69.55;70.2;533113
70.5;70.7;70;70.35;872980
70.75;70.75;70.05;70.1;530503
70.5;71.1;70.15;70.7;535924
71;72.65;71;72.25;714158
72.1;72.45;71.65;71.9;613448
71.5;72.75;71.45;72.75;655592
72.85;72.85;71.45;71.6;710889
72.15;73.25;71.7;73.05;698086
73.7;74;73.35;73.9;846962
73.75;73.95;73.1;73.5;749261
74;74;72.9;72.95;647583
73.7;73.8;73.05;73.5;544696
73.5;73.65;72.85;73;417755
73;73.7;72.75;73.4;341710
73.55;73.9;72.4;72.55;926494
72.55;73.4;72;73.3;677627
73.4;73.7;72.85;73.25;1198027
73.2;74.15;72.75;73.85;717837
73.85;75.2;73.8;74.95;814239
74.6;74.85;74.05;74.45;653509
74.5;75.9;74.3;75.85;653608
75.3;75.8;75.15;75.25;454848
74.55;76;74.55;75.55;1005937
75.6;76.1;75.45;75.9;416312
75.15;75.9;75.15;75.45;699195
75;75.25;74.6;75.15;822656
75.5;75.5;74.4;74.95;1081172
74.5;74.9;74.25;74.65;755382
74.1;74.5;73.3;73.9;985547
74;74.5;73.6;73.65;582788
73.2;74.25;72.8;73.5;775580
73.8;75.9;73.6;75.7;1068080
75.25;75.85;75.2;75.5;527119
75.75;75.9;74.75;74.8;407957
74.05;75.75;74;75.5;476937
75.6;76.7;75.2;76.35;484261
77;77.15;75.8;76.05;405911
76.15;76.25;75.15;75.35;354739
75.5;76.1;75.05;75.75;126931
75.95;76.2;75.1;75.35;587635
75.5;78;75.4;77.9;1098809
77.65;78.45;77.6;77.7;625511
77.85;78.2;76.95;78.2;818214
77.85;78.2;77.5;77.9;762462
78.05;78.5;77.5;78.25;1059211
78.8;79.8;78.45;79.75;765394
80;80.3;79.1;79.95;1095873
79.95;79.95;78.4;79;818112
79.05;79.7;78.85;79.05;296397
78.8;78.85;78.3;78.5;836755
77;79.55;76.7;79.15;1566824
79.8;79.8;78.75;79.2;693780
78.9;79.4;78.4;78.4;506605
77.85;79.8;77.8;79.8;979073
79.65;81.1;79.1;81;1371354
80.8;82.6;80.7;82.6;1192837
83;86.9;82.5;86;1721999
87;87.5;85.4;85.95;1138602
85.65;86.15;84.85;85.05;780917
84.9;86.5;84.6;86;1063022
86;87;85.75;86.4;884791
86.6;86.75;85.2;86.05;1076254
86.5;87.35;85.8;86.05;743002
86.5;86.75;85.4;85.55;597001
85.9;86.15;83.55;84.2;1340558
83.4;83.95;82.6;82.8;1045668
83.5;84.5;83.1;84.2;777845
83.8;84.95;83.75;84.6;675410
84.5;84.85;83.4;84.35;787092
84.6;85.4;84.35;85.25;532431
85.9;85.95;84.6;84.8;761872
85;85.75;82.85;84.6;1374906
84.4;84.8;83.25;83.8;989861
83.75;84.5;82.85;83.4;479802
83.55;84.05;82.4;82.8;997474
82.1;86.3;82.1;85.85;1401505
85.75;86.6;84.8;86.4;1032675
86;86.7;85.25;86;485010
86.55;86.55;85;85.85;644668
85.45;87;85.2;85.75;1549387
85.65;88.35;85.65;88.2;1087531
87.75;88.8;87.35;88.5;1199275
88.4;88.85;87.8;88.55;819858
88.6;88.95;87.9;88.25;746382
87.55;88;86.35;86.7;970980
86;86.5;83.55;85;1285306
85.75;88.1;85.5;87.4;1674043
87;87.75;86.6;87.2;597544
87.95;88.75;87.4;87.75;610164
87.7;87.95;86.95;87.45;361248
87.85;88;85.85;86.6;602200
86.4;87.2;86.4;87.2;550731
87.2;87.45;86.25;86.8;606720
87.35;87.6;86.55;87.25;625603
86.65;88.8;86.65;88.5;908002
87.5;87.9;86.05;86.9;1060591
86.7;86.8;85.7;85.95;771430
85.4;86.8;85.4;86.6;988019
86.5;86.8;86;86;431007
86;86.55;85.1;85.3;586964
85.15;87.5;85.15;87.25;691081
86.65;88.1;86.65;88;608300
88.5;89.8;88.05;89.1;1056085
89.7;90.25;89.15;90.1;734021
90.05;92.05;89.8;91.35;1430032
91.15;91.65;88.6;89.25;1068334
88.5;89.4;88.05;89.05;955449
88.6;92;88.6;89.2;1812360
88.8;90;87.8;88.1;702306
87.65;88.55;86.15;86.15;841043
86.25;86.5;84.15;85.05;1506395
85.2;85.75;84.65;84.9;555399
85;85.05;84.05;84.4;767078
85.3;87.35;85.3;87.1;1082531
86.75;88.95;86.75;88.35;978737
88.45;89.8;88.45;89.7;573342
89.65;89.8;89;89.25;422023
89.9;90;89.2;89.5;568284
89.3;90.55;89.3;90;629306
89.65;90;87.3;88.55;1007898
90.45;90.45;88.75;89.75;1260845
90.65;91.75;90.5;91.2;2912315
92;92.4;90.6;90.6;1029989
90.6;92.35;90.6;92.05;640061
92.45;92.5;91.9;92.5;454734
92.8;93.4;92.7;93.05;527258
91;91.45;90.4;90.75;1107623
90.7;91.6;90.2;91.55;949765
91.3;91.55;89.1;89.2;2267572
88.7;89.4;86.85;86.85;2487121
86.6;87.65;84.85;85.15;3091076
85.25;86.4;84.6;85.8;1285141
86.1;86.6;82.8;82.8;973690
83.05;84.3;81.2;82.95;1427531
83.25;83.5;81.2;82.15;1212602
81.75;81.75;77.25;78.75;1183702
79.75;81.85;79.3;81.3;1543257
81;81.05;79.55;79.6;1101244
79.9;81.45;79.05;81.35;558687
82.1;83.1;81.6;82.9;688285
82.6;83.5;82.1;82.5;320369
82.6;83;80.45;81.05;1290770
80.35;82.2;80.15;80.95;975356
81.15;83;80.15;82.65;978133
83.2;83.7;81.3;81.9;724716
82.05;82.5;80.4;81.1;368945
80.05;80.3;78.05;78.25;1005832
78.8;79;76.8;77.15;1041203
75.45;75.6;72.85;73.55;1812420
75.15;75.9;74.65;75.15;1179653
75.15;75.9;73.3;73.6;678115
72.4;73.45;70.85;72.6;1227394
72.7;74.75;71.9;73.5;1382170
74.25;77.05;74;76.65;1094439
78.4;78.65;75.65;75.95;1489392
76.9;77.8;76.05;76.6;791771
75.8;78.05;75.5;77.9;843064
77.85;78.2;75.7;76.3;1054782
77.25;77.85;76.35;77.2;917138
77.1;78.8;77.1;78.55;934957
78.75;78.95;76.75;77.25;789269
77.95;78.4;77.1;77.55;777970
77.2;77.25;76.2;76.3;823253
77.05;78.65;76.55;78.05;853482
79.05;82.15;79.05;81.5;1667646
81.95;82;80.55;81.35;579304
81.3;81.35;80.2;81.3;473402
81.4;81.45;80.3;80.75;462366
81.1;81.7;80.25;80.75;623614
80.65;80.95;79.6;80.4;296786
80.05;81.8;79.6;81.45;521982
81.15;81.15;78.3;78.9;784989
79.05;80.6;79;80;672107
79.4;79.45;77.8;78.15;740431
77.5;77.6;75.85;76.25;579938
76.05;76.25;73.35;73.5;1305658
73.55;74.55;72.8;73.8;1217190
73.75;75.45;73.75;75;1090354
75.5;76.6;75.1;75.95;897198
75.9;76;74.4;74.85;727608
75.35;76.15;74.5;75.8;564673
75.7;76.25;75.5;75.75;767216
76.05;76.3;75;76.25;860623
76.55;79.15;76.55;78.65;1364955
81;81.3;79.1;79.75;1366241
80;81;79.35;80.5;933450
81.35;81.35;79.35;79.75;645072
80.4;80.95;80.05;80.7;812873
80.9;81.3;79.9;80.4;1291937
81.05;82.9;80.8;82.9;1287208
81.8;82.15;81;81.25;564822
82.05;82.75;82;82.4;617077
82.25;82.85;81.5;82.7;809426
81.8;82.35;81.1;81.35;830999
81.35;82.6;80.95;81.7;683729
82.35;82.85;82.1;82.65;361062
82.2;83.8;81.95;83.35;553479
83.05;83.7;82.8;83.55;597159
83.8;85.3;83.35;84.85;666260
85;85.5;84.5;84.95;1028155
84.95;85.05;84.15;84.35;334869
84.6;85;83.45;84.45;546311
84.1;84.25;82.5;82.85;678293
82.6;83.2;82;82.85;662798
82.85;83.1;82.45;82.85;298817
83.1;83.6;82.65;83.6;184929
83.5;84;83.05;83.2;392539
83.35;84;83.2;83.8;334156
83.75;83.75;82.55;83.25;715735
83.8;84.55;82.95;83.85;526114
84.05;85;84;84.75;374943
84.95;85.35;84.5;85.1;516506
85.3;86.2;84.55;84.65;964977
84.3;84.7;83.8;84;653045
84.45;84.9;83.9;84.65;478690
84.3;84.4;83.65;83.85;793864
84.1;86.35;84;86.35;975983
86.45;86.65;85.95;86.05;676778
86.15;86.35;85.5;86.2;566848
86.5;87.4;85.5;87.1;1522880
87.45;90;86.95;89.4;1302290
89.05;89.15;87.85;88.1;1029577
88.05;90.75;88.05;90.45;1211140
90.4;90.45;87.75;88;1091834
87.05;87.2;86.3;86.55;858947
86.95;87.7;85.95;86.35;490914
87;87.85;86.6;87.3;599593
87.9;88.05;87.3;88.05;621061
87.25;88.35;86.9;87.45;821545
88.1;89;87.9;87.95;566630
88.2;88.7;87.8;88.3;905430
87.5;88.8;87.5;88.7;492208
88.7;90;88.3;89.7;742024
90;90.6;89.2;90.4;888249
90.45;90.5;89.4;89.8;639151
89.55;90.5;89.4;90.35;197993
90.5;91.8;90.3;91.4;1701029
91.2;91.2;89.8;90.8;813436
90.95;93.35;90.85;92.85;1270551
92.55;92.8;91.2;91.6;787806
92;92.95;90.95;91.45;581191
90.75;91.1;89.7;90.25;706295
90.3;91.4;89.85;90.85;690175
90.45;91.05;89.95;90.7;516023
91.15;92;90.75;91;750179
91.6;92.5;91.4;92.1;417464
92.05;92.1;89.8;90.95;1659494
90.45;90.5;89.45;90.2;1370393
90.95;91.25;90.05;90.3;1020722
89.9;90.5;88.1;88.35;1245448
84.9;85.35;81.45;82;6510075
82.85;83.65;81.35;81.4;3351062
81.95;83;81.8;82.55;1025837
82.85;83.45;82.3;83.35;1749593
84.1;87.1;83.4;86.4;4510051
86.55;86.85;84.2;84.4;2552129
84.6;85.8;84.3;85.5;1450158
85.4;85.4;84.45;84.85;773906
85.3;85.35;83.7;84;1497241
83.65;84.95;83.6;84.75;865197
84.9;85.4;84.45;84.7;874298
84.8;85;84.35;84.85;1125190
85.3;85.6;84.7;85.2;908574
85.2;85.25;84.2;84.7;786422
84.95;84.95;81.1;81.85;1722712
82.1;83.15;81.75;82.85;798925
82.95;83.3;82.1;82.25;685468
82.55;83.75;81.8;82.15;956680
82.6;83.25;81.6;81.7;662670
81.5;81.95;80;81.2;1103993
81.5;82;79.5;79.55;942960
79.55;80.1;78.45;78.95;1279460
79.2;81;78.75;80.75;1174016
81;83.25;80.9;81.75;1773216
81.45;82.8;79.8;79.9;1579591
80.6;81.6;80.3;81.4;808557
81.8;81.95;80.9;81.15;843554
81.2;82.3;80.95;82.15;1081308
81.6;83.85;81.6;83.85;1442828
83.35;83.65;82.7;83.15;1337414
83.45;84;82.7;83.85;1217174
83.55;84.25;83.1;84.05;1655872
84;84.05;83;83.5;1482073
83.2;83.8;82.2;82.6;1012565
82.4;83.45;82.25;82.8;1045334
83.3;85.25;82.5;83.8;1377126
83.6;84;82.85;83.4;1159467
84.05;84.5;83.8;84.4;1195403
84.05;84.7;83.5;83.8;1315260
83.5;84;82.8;82.85;491661
83.2;84;82.9;83.5;445378
83.85;83.95;83.3;83.85;359465
83.9;84.35;83.15;84.1;526775
84.9;86.2;84.4;85.5;919971
85.55;85.8;84.95;85.45;978608
85.05;86.5;84.7;86.35;1477808
86;86.3;85.25;85.8;1144130
85.7;86.2;84.45;85;1238539
85.7;86.1;85.1;85.75;1276223
85.35;88.3;85.2;87.9;2236004
87.9;90.05;87.1;89.9;2147571
89.1;92.1;89.1;90.55;2045052
90.75;91.2;89.7;89.9;907973
90;90.55;89.6;90.15;932348
89.9;90;88.2;89;1171913
89.55;90.75;89.25;89.55;1267573
91.7;94.6;91.05;94;3557686
94;94.85;93.15;93.35;1416660
93;94.2;91.1;92.2;1579939
92.95;93.35;91.75;92.3;1339800
92.05;94.7;92;93.55;1257375
92.85;93;91.3;92.35;1674268
92.25;93.6;91.7;92.85;902606
92.8;94.45;92.3;94.05;904104
93.75;94.55;92.65;92.65;1074266
93.5;94.35;93.2;94;1262870
93.95;94.45;92.9;93.15;1123136
93.45;93.45;92.55;92.65;713915
92.25;94.2;92.25;93.5;1281109
94.15;94.75;93.7;94.4;869493
94.75;95;93.95;94.4;1061836
94.95;95.6;94.55;94.95;850452
94.3;94.8;93;93.35;739083
93.25;94.05;92.3;92.9;990679
94;94.8;93.7;94.75;997299
95.5;96.6;94.25;95.05;1288478
95;96.25;94.75;95.3;931370
95.01;96.98;95.01;96.52;887859
96.78;97.65;96.2;96.82;1439632
96.26;96.4;93.25;94.05;2548845
95.29;97.7;95.2;97.05;1895180
97.1;97.14;95.63;95.95;1082231
96.73;97;96.2;96.96;1058151
96.46;96.46;92.21;93.12;1974912
90.2;93;90;91.8;2057209
91.33;92.71;88.47;89.97;1781709
90.48;91.7;89.11;89.97;1229269
88;88.69;87.51;88.3;1588770
89.29;89.3;88.02;88.94;1094750
89.05;90.5;88.25;89.98;1155248
90.91;93.74;90.91;93.15;2109084
93.01;93.98;92.38;92.89;1795053
92.5;93.9;91.7;91.85;1413704
91.52;91.78;90.28;90.4;1463828
89.2;89.77;88.45;88.81;1522345
90.27;91.04;90;90.51;1951069
90.85;91.08;89.61;90.76;1459072
91.79;92.12;91.24;91.7;1686282
91.9;91.96;91.01;91.9;1751835
91.32;94.06;91.32;93.7;2140825
94.79;96.2;93.2;94.65;2465836
93.94;96.47;93.8;96.06;1866366
95.99;96.47;94.51;95.5;1255309
95.54;95.89;95.03;95.11;958587
94.85;94.99;93.11;93.7;1585531
93.61;95.26;93.61;95;875165
95.28;95.7;94.16;95.03;747978
94.8;96.35;94.64;96.11;912601
96.99;97.77;96.61;97.42;1047865
97.7;97.97;96.81;97.97;1075634
97.99;98.42;97.59;98.42;1132430
98.43;99.2;97.9;99;1388077
98.72;99.01;98.5;98.6;922411
98.72;99;96.89;97.31;1411308
97.31;97.79;97.05;97.7;707350
97.74;98.69;97.71;98.5;966275
98.71;98.71;97.52;98.2;1018337
97.5;98.23;97.5;97.95;913583
99.5;103.36;98.85;102.73;3448541
102.97;104;101.28;103;2119399
103.43;104.57;103.05;104.18;1681147
103.83;103.95;102.4;102.86;1270030
102.86;104.83;102.75;104.54;1113139
105;105.93;104.2;104.73;1057557
104.9;105.1;103.7;104.4;796982
103.3;104.89;103.3;104.07;1494826
102;102.25;101.23;101.58;1530493
101;101.45;99.56;100.92;1237395
100.01;102.2;99.8;101.77;1551825
101.5;102.31;101;101.67;570061
100.64;101.78;100.64;101.36;753918
101.33;103.61;101.33;103.25;1710524
102.6;103.93;102.6;103.47;1382240
102;103.5;101.95;103.5;1201024
103.3;104;102.66;103.66;577842
103.14;103.7;102.02;103.25;1103743
102.7;104.99;102.5;103.98;1161830
104.22;104.6;103.6;103.88;429078
103.6;107.1;103.51;106.25;1401432
106.02;106.18;105.33;105.82;868420
105.45;106.83;105.11;106.58;769897
106;107.51;105.65;106.88;1186684
105.85;109;105.8;108.23;1309442
106.57;107.69;106;106.05;1128690
105.77;106.19;105.25;105.7;261454
105.29;106.71;105.18;106.03;908451
105.09;106.68;105.05;106.52;952909
107;107.98;106.81;107.29;1644546
107.1;108.7;106.7;108.4;694309
107.75;109.68;107.7;108.81;890854
109;109.25;107.4;107.97;1543784
107.5;108;106.31;106.67;1420134
106.51;107.21;104.64;104.94;1183882
103.9;105.6;103.31;105;1264197
105.8;107.62;105.5;107.2;1069573
106.62;107.5;105.81;106.36;782651
105.69;107.21;105.15;106.47;809115
108;109.8;107.62;109.49;1179600
109.69;110.26;108.27;110.12;1823033
109.87;109.87;108.32;109.2;1202074
109.5;109.75;108.3;109.08;1069361
109.93;110;108.5;108.68;1101880
108.2;108.84;105.85;106.77;1485585
106.45;107.5;105.2;105.89;1170867
104.83;104.83;102.62;104.06;2124020
102.9;105.49;102.69;104.47;1833666
104.02;104.2;102.12;102.5;1516318
103.88;104;102.05;103;1565024
103;104.5;102;104.13;1122940
103.5;104.9;103.1;104.63;1007118
104.95;105.99;104.63;104.86;861574
104.5;106.69;104.4;106.36;757734
105.45;105.45;103.87;103.9;2128100
103.9;104;101.55;101.9;2099562
102.5;103.35;102.2;102.7;1427212
103.23;103.47;100.2;100.76;1559983
100.41;101.84;99.41;100.6;2420190
101.3;103.49;101.3;103.21;1419075
105.1;106.95;104.3;104.77;1921381
105.5;105.8;104.2;104.53;914717
104.1;104.56;102.25;103.45;1187377
102.67;102.74;100.9;100.91;1458812
101.91;103.95;101.61;102.55;1483434
102.4;102.5;100.05;100.31;982695
100.29;100.8;99.15;100.5;1341547
100.7;100.74;98.2;98.2;1554223
98.22;98.5;96.8;97.61;1582043
98.02;98.49;95.64;96.09;1997665
95.89;97.54;93.8;94.2;1894289
94.35;96.51;94.35;95.91;1848491
97;99.54;96.3;99.14;2169050
96.8;99.7;96;98.5;2062928
100.34;100.49;97;97.76;1793954
98.37;98.37;96.36;96.87;904935
96.04;97;95.56;96.04;1240993
97.2;97.42;96.5;96.66;861935
97.2;97.81;96.23;97.51;1275738
97.82;98;92.85;94.1;1997010
93.5;93.75;91.75;92.41;1296733
92.73;95.06;92.52;94.98;1073244
94.01;96.18;93.62;94.5;1406880
93.2;94.16;92.79;93.92;996772
92.16;93.1;90.59;91.02;1381823
90.98;92.09;88.4;89.28;2780872
90.5;90.59;87;88.71;1713999
89.5;89.6;87.92;88.88;1105324
89.09;91.72;89.01;91.32;1452646
92.52;93.53;92.03;92.88;1304496
91.95;94.25;91.75;94.01;995714
94.33;95.37;94.33;94.9;790998
94.6;95.05;93.01;93.4;1401740
92.56;94.5;92.05;94.15;1254510
95.1;95.48;92.86;94.94;958653
95.44;97.65;95.43;97.5;1545184
97.99;98.8;97.5;98.18;1023920
97.55;99;97.38;98.88;1346770
98.46;99;96.81;97.23;1335671
97.95;98.55;96.21;97.06;1299708
96.57;97.4;92.61;92.89;2024860
93.02;93.4;90.71;91.52;2206019
92.21;93.39;91.72;93.04;1281564
92.9;93;91.69;92.44;1526568
92.43;92.86;91.2;92.66;1898257
91.96;93.74;91.5;92.47;1296356
91;91.09;87.83;87.83;3724818
87.77;90.44;87.29;90.09;1952869
92.65;92.92;90.01;92.86;2541719
91.55;94.74;91.44;93.71;2516711
92.83;95.44;92.47;94.67;8275785
93.65;93.85;90.75;91.27;4029920
91.17;91.17;87.6;90.39;2902862
90.34;92.75;90.2;90.6;1986962
90.92;91.36;89.23;89.73;1917978
89.12;89.5;88;88.6;1990696
87.45;91.38;86;91.13;2175817
92.2;94.1;91.6;93.5;2226323
93.4;93.9;92.5;93.72;1415207
93.4;94.77;92.89;94.77;1691068
94.95;95.97;94.31;95.82;1383992
95.64;96.98;95.21;95.96;1022620
95.61;96.46;95.1;95.47;1716412
95.24;95.5;93.72;94.15;1493223
94;96.38;93.77;96.24;1918170
95.3;95.41;93.95;94.59;1859100
94.4;96.11;94.1;94.96;1265762
94.44;94.69;91.5;92.1;2264125
92.27;93.77;91.71;93.64;1131269
93.99;94.35;92.11;92.7;1002163
92.62;94.42;92.27;93.19;1421027
90.77;93.01;90.62;92.45;2099518
96.5;97.6;93.64;94.16;2760873
94.35;95.65;92.95;93.5;1511515
94.21;95.3;93.5;94.58;1905150
95.46;97.27;94.59;96;1411054
96.51;96.96;96.02;96.68;1281558
96.54;96.54;94.05;94.72;1309498
94.72;95.96;94.21;95.05;875616
95.5;96.88;93.65;94.46;1132469
94.46;98.51;94.1;98.12;2289786
97.87;99.35;96.8;97.46;1394228
98.23;100.19;98;99.6;1559118
99.1;100.91;96.86;97.45;1868986
95.5;95.51;93.33;94.35;2765559
94.55;95.59;91.7;92.25;2031179
92;92.35;90.84;91.4;1258959
90.75;91.4;89.46;90.9;1513696
91.65;93.59;91.15;93.3;1573148
93.88;93.88;90.65;91.45;1677327
90.6;91.6;88.48;88.63;1980587
88.26;89.98;85.5;86.05;1705644
87;89.26;84.19;89.08;1783953
87.69;87.98;85.25;85.8;1799006
86.43;87.52;85.63;86.49;1176295
87.5;90;86.19;89.36;1175337
91.07;91.62;88.68;89.05;1330710
89.02;89.19;86.17;87.77;1725178
88.84;91.87;87.5;91.22;2010723
93.95;95;91.73;93.66;2466319
95.41;96.28;94.27;95.38;1575218
94.6;95.38;93.05;93.39;1342530
93.79;93.89;90.4;91.01;1886183
91.88;94.2;91.57;94.19;1488970
94.64;95.77;93.65;94.48;1092331
95.42;96.9;94.98;96.13;1139873
96;97;94.35;96.66;1275446
97.1;97.21;95.4;95.74;1543469
94;96;92.83;95.2;1709935
93.62;96;91.61;92.1;2056911
92.8;93.38;91.11;91.78;1511341
90.86;90.9;89;89.73;1292806
89.01;91.29;89.01;90.59;1100587
91.03;91.25;89.63;90.26;903136
90.76;91;88.2;88.84;1199471
90.1;91.78;89.31;90.03;2539851
90.6;91.12;90.19;90.23;149966
91.38;92.82;90.3;92.36;949114
92.05;92.92;91.26;92.17;737961
92.86;93.18;91.61;92.68;188546
93;94.29;90.65;91.11;1053237
91.12;91.94;89.11;89.95;945457
90.26;90.92;85.13;85.84;1806660
85.93;86.45;82.12;82.5;2040691
82.77;84.36;82.02;83.2;2211648
82.65;82.82;80.3;81.17;2048749
82.38;82.4;80.7;80.94;1457904
81.12;82;80.21;81.47;2001415
81;82.5;80.26;81.69;1538615
81.33;82.09;78.54;78.57;1752529
77.56;78.42;75.77;76.8;2774156
78.99;79;76.31;76.76;1968174
77.21;80.33;75.6;77.91;2496534
76.59;77.39;71.8;71.8;3634826
70;78.52;69.01;76.9;5109379
79.2;79.42;71.45;72.75;2867725
75.86;77.49;75;77.49;2683472
79.04;79.26;75.69;75.71;2209059
74.78;76.28;73.6;75.86;1797758
76.29;78.75;75.56;78.74;2062717
78.16;78.36;76.58;77.1;1294751
76.8;77.54;75.18;77.12;1869114
78.6;79.75;77.26;78.96;2084181
79.1;80.23;78.2;78.4;1300411
77.9;77.97;74.21;74.25;2457986
73.54;75.29;73.54;74.92;1635305
74;74.3;71;71.55;2012291
72.36;73.05;70.84;71.24;1376837
69.99;71.58;69.46;69.64;1478700
70.37;72.39;69.64;72.12;1991189
71.25;72.9;70.31;72.38;1366858
72.95;77.3;72.88;74.66;2878170
75.18;75.19;72.68;73.39;1829189
74.5;76.8;74.49;76.8;1251106
76.8;80.18;76.14;78.16;2235076
77.25;79.95;75.36;76.23;2734835
76.9;79.85;76.55;78.5;2003013
78.25;79.6;76.8;77.72;2166866
79;82.38;79;81.39;2060278
82;82.3;80.58;81.81;1404675
82.35;82.35;78.8;81.45;1598132
80.81;81.6;77.75;77.77;1682570
77.46;78.25;75.13;75.72;1596887
74.21;75.19;73.41;74.3;1806733
74.3;76.41;74.05;75.43;2601493
76.2;79.61;75.76;79.33;2150309
79.19;79.4;76.95;77.4;1729624
76.79;78.15;76.04;77.16;1350071
76.7;78;76.21;77.47;1309709
77.88;79.95;76.98;79.04;1836248
80.3;80.88;78.85;79.32;2193083
77.73;78.75;76.5;78.29;1829058
77.83;79.99;76.5;78.02;1721025
74.99;77.9;74.81;76.3;2484100
77.74;81.68;77.47;80.22;3155872
81.28;82.52;78.97;80.11;2421853
79.47;80.96;78.9;80;1669149
81.98;83.88;81.6;83.4;1606099
82.14;83.73;81.03;81.8;1940990
81.82;84.65;81.82;84.22;1787370
84.45;84.52;81.99;82.23;1120148
81.85;82.7;80.79;81.96;1581521
81.89;83.77;81.63;83.33;2080652
84.22;84.6;82.28;83.78;1439320
84.03;84.5;81.5;81.68;1978092
82.27;82.99;81.65;82.36;1255600
82.77;84.08;82.54;83.75;1003860
83.64;83.8;82.15;83.12;844248
83.6;83.83;82.55;82.86;777788
83.14;83.44;81.9;83.26;1423867
83.45;84.5;79.51;80.81;2082676
79.5;82.08;79.25;80.97;1327876
81.33;82.56;79.75;81.58;1185740
82.62;84.61;82.16;84.04;1214816
84.17;84.78;82.69;83.5;1010654
84.74;86.31;83.62;85.72;1346363
83.22;83.74;79.85;80.98;4376720
80.6;81.49;78.69;79.27;1731550
79.31;82.46;79.31;82.17;2226363
82.6;82.66;80.9;81.83;2011507
80;81.12;78.8;79.36;1348066
79.57;80.83;79.51;80.13;994909
79.35;79.72;77.43;77.81;1837262
77.63;79.48;77.5;78.61;1343786
78.95;80.47;78.7;79.94;1434817
79.47;80.09;79.19;79.82;391690
79.26;79.65;78.1;78.75;955304
78.7;79.82;78.15;78.91;1123699
77.76;78.48;77.76;78.3;1445216
77.28;78.22;76.01;76.86;1300208
76.91;77.54;76.17;76.25;857730
76.85;77.15;75.88;76.35;1094039
76.51;76.92;74.91;75.71;1416917
75.51;77.09;75.04;76.7;1473535
77.1;81.04;77.09;80.19;3270370
80.36;83.96;80.36;83.72;2346124
82.61;83.05;81.7;82.05;1665791
81.86;83.11;80.13;81.02;1538265
79.61;81.5;79.31;81.1;886615
80.31;80.74;79.79;79.92;1037975
79;80.11;78.7;79.43;524304
79.4;79.5;77.97;78.76;927815
78.9;81.2;78.35;80.08;1068379
80.15;81;79.54;79.95;863164
80.7;81.07;79.2;80.74;1291889
80.34;80.47;78.53;79.09;725870
79.1;81.57;79.01;81.33;1192950
81.5;81.5;79.46;81;980731
81.35;82.81;80.76;81.45;1341687
81.62;83.3;78.92;79.45;1258863
79.45;79.94;77.65;78.6;1252908
77.77;79.33;77.5;78.55;1246426
79.02;79.64;75.55;76.69;1311995
76.98;77.6;75.84;77.09;1124753
76.79;78.35;76;77.95;950512
78.46;79.68;78.2;79.38;1265280
79.89;80.46;79.05;79.52;1023252
79.09;79.55;77.23;77.81;1356964
77.41;78.13;76.63;76.98;1285595
77.63;77.63;72.91;73.85;2091017
73.04;74.89;73.04;74.16;1212692
74.5;74.5;71.67;72.72;1145524
72.63;74.19;70.7;72.71;2288656
71.8;71.93;69.56;69.9;1790748
69.81;70.71;68.33;70.01;1583553
69.6;70.14;67.51;68.61;1573073
67.83;67.95;65.42;67.29;1461604
67.78;70;66.5;66.7;1737607
66;67.89;65.05;67.64;1485793
68.18;68.27;65.42;65.5;996852
66.06;67.62;65.3;67.41;1284924
65.01;66.12;64.1;65.26;1553263
65.75;67.13;65.68;67.01;894169
65.67;65.67;63.1;63.3;1905080
64.3;64.77;61.09;61.34;2548268
62.42;63.1;61.87;62.11;1382960
61.6;62;60.11;61.35;1968905
61.11;63.95;61.1;63.95;1962224
65.95;68.96;65.5;68;2189577
67;69.05;66.88;68.01;1572610
68.55;69.49;67.93;68.42;1453739
68.08;69.46;67.17;69.19;1073078
69.97;71.66;69;71.42;1187047
72.23;72.4;68.49;69.09;1277673
68.46;70.68;67.72;70.26;1098415
69.85;70.16;68.44;68.73;792479
68.11;69.23;67.02;68.83;972392
69.73;71.31;68.98;70.75;1148874
70.88;71.91;69.55;71.42;1199223
72.7;73;66;66.84;3269268
66.85;67.7;66.06;66.48;1356105
67.22;69.44;66.54;69.13;1832853
70.49;71.44;69.51;70.95;1561980
70.83;72.4;70.5;71.54;1108068
70.15;72.6;70.15;72.24;935510
72.72;73.83;72.06;73.45;902740
73.76;73.76;72.32;72.91;1044656
72.34;72.75;70.75;70.87;1181186
71.24;71.94;70.29;70.84;820973
71.33;72.4;71.23;72.12;875425
71.62;72.67;71.18;71.44;900516
70.64;70.86;69.32;69.53;1127646
70.02;70.38;68.83;69.59;1028995
68.99;69.09;68;68.13;1074908
68.5;70.54;68.1;70.17;1126734
69.71;70;68.3;68.63;693763
68;68.92;67.51;68.69;1013611
68.33;68.39;66.56;67.16;1823798
66.78;69.55;66.27;69.26;1358070
69.26;69.83;68.34;68.9;975736
67.84;69.7;67.5;69.18;443256
68.93;72.35;68.57;71.49;1235027
71.03;71.24;70.17;70.5;938580
70.6;70.76;67.5;67.56;1257884
67;67.3;64.86;64.98;1625402
67.58;69.82;66.97;67.44;1625342
67.28;67.44;64.03;64.15;1716750
64.01;64.5;62.53;63.45;1450117
63.54;63.73;62.11;63.45;1240758
64.8;65.28;63.68;64.45;1476951
62.99;63.24;61;62.91;1880322
62.17;64.9;62.09;64.17;2712185
64.6;66.97;62.51;63.03;1981199
63.1;65.48;61.31;61.87;2138999
66;67.98;64.25;67.98;4217905
67.27;68.47;65.17;65.24;1462801
65;65;61.82;62.32;1832564
62.94;63.45;62.42;63.17;1530012
63.5;64.16;62.42;63.58;1461579
63;63.28;61.65;62.3;1328524
61.87;62.1;57.5;57.71;1844385
56.93;61.29;56.26;60.25;2165865
60.85;62;59.7;60.73;1483334
61.26;61.38;57.17;57.46;1392362
57.74;58.9;55.7;58.54;1678578
55.15;56.75;52.85;53.2;2447157
54.79;55.4;51.13;51.58;2491281
50.01;53.27;45.82;47.45;3147618
48.4;51.11;47;48.4;2255393
43.56;48.95;42.8;45.07;4131826
46.95;52.45;46.31;52.45;2248719
54.03;56.4;52.51;55.42;4160414
54.72;54.9;46.81;47.11;2631185
45;47.74;43.15;43.91;3293973
46.05;46.7;43.75;45.85;2539329
47;47.69;45.83;46.92;1403594
47.52;49.3;47.26;48.08;1415108
46.56;47.2;43.9;44.14;2100960
44.13;45.75;42.35;45.5;1962361
42.35;43.11;39.33;42.74;2525465
40.59;42.36;39.01;40.31;2046896
41.57;42;38.85;41.17;3068143
43.89;47.44;43.65;46.58;3119434
47.9;48.49;45.88;46.89;1948028
46.24;46.85;44.56;46.7;2024345
47.25;48.05;46.79;47.6;940248
48.56;50.25;48.55;50.25;2476465
50.3;51.78;48.64;51.26;1673363
49.85;50.44;46.27;46.4;1450645
46.79;48.07;45.39;46.89;1201344
48.99;52.3;48.17;50.06;1649265
49.26;49.45;47.04;47.29;1128291
48.59;49.17;45.21;45.5;1504299
45.1;47.25;44.5;47;1358371
49.35;50.47;47.52;48;1615374
48;49.78;46.21;46.64;1254985
46.74;47.1;43.86;45.59;1389100
46.12;46.12;43.9;43.94;1532486
42.5;43.93;42.01;42.74;1805194
43.46;44.28;41.17;41.69;1801357
42.93;45.19;42.76;45.11;2426675
44.27;48.36;43.33;46.95;2491765
46.31;48.45;45.52;47.24;1538370
48.43;50.36;48.18;50.35;1257845
50.12;50.3;47.78;49.43;1109391
49.62;49.8;45.71;46.04;1114424
45.3;47.25;44.3;46.43;1360321
46.54;47.97;45.58;47.66;1146646
47.52;49.84;46.4;47.49;1379008
47.13;47.24;44.55;45.06;1128200
48.35;52.15;48.35;52.06;2130718
51.68;54.7;51.2;53.51;2882661
53.99;54.7;52.6;54.26;1237726
54.41;54.59;53.13;53.7;841953
51.66;54.25;51.15;53.32;1339038
54.5;54.61;52.15;52.35;940915
52.12;54.16;51.75;53.25;1145370
54.19;55.44;53.2;54.8;1401107
52.7;55.23;52.5;54.59;1600945
54.4;54.88;52.03;54.28;2378764
53.65;53.71;51.16;51.16;1376288
51.1;52.66;51;51.05;751325
51.04;52.36;50;50;337138
50.13;51.99;50.13;51.95;621388
52.92;53.33;51.86;53.33;551623
53.7;54.22;53;53;209904
54.2;55.77;53.03;55.66;640763
56;56.4;54.44;55.55;968025
55.79;58;55.38;57.45;1086951
57.06;57.49;55.4;56.1;1225945
55.67;57.6;55.05;56.37;1582137
56.65;56.67;53.93;54.71;1296006
54.7;56.38;54.13;54.47;1216531
54.1;54.49;51.67;52.35;1493768
52.98;52.98;48.21;48.5;2111870
49.22;49.5;46.62;47.29;1836116
48.49;48.54;46.58;46.63;2397426
47.65;48.84;46.63;47.5;1438821
47.67;48.25;45.52;45.91;1379022
45.03;46.36;44.19;44.62;3072583
45.3;46.5;43.52;43.64;2086419
43.64;44.06;41.4;41.72;2806056
41.38;42.75;41.3;42.5;2586116
43.1;44.59;42.73;44.47;2528190
48;50;47;49.62;3640725
49.55;50.31;48.71;49;2084053
48.98;50.46;48.4;49.76;2128670
48.765;49.25;47.92;48.445;1737546
48.99;51.21;48.57;51.095;1621356
51.685;54.26;51.15;53.495;2113374
52.5;54.18;52.09;53.805;1547385
54;55.15;53.5;54.97;2403198
54.24;55.89;53.82;55.525;1284231
55;55.125;52.68;52.68;1439840
52.475;53.715;51.84;53.51;1311506
53.38;53.38;51.17;52.55;1226547
53.48;53.515;52.645;53.04;895882
52.4;53.7;52.37;53.105;704518
52.125;53.045;51.47;52.05;1439110
52.535;52.8;50.95;52.115;1139242
52.3;54.905;52.3;54.5;1896962
53.52;54.32;50;50.015;2523686
51.95;51.98;49.865;50.415;1459937
49.31;50.295;47.03;49.52;1767022
50.92;52.125;49.51;50.545;1866352
51.115;51.525;48.72;49.29;1977243
48.425;48.9;46.925;47.8;2231636
46.62;47.07;45.77;45.77;1490308
46.32;47.3;45.21;45.71;1328166
47.08;50.04;47.08;49.935;2645906
48.61;49.56;46.665;46.665;2042233
46.72;47.48;45.12;45.46;1821883
45.56;45.69;43;43.885;2196578
43.805;48.92;43.67;48.14;1878172
47.76;50.37;46.96;47.885;1956279
47;47.75;45.23;47.26;2091252
48.65;48.65;46.77;47.34;1440038
48.57;49;47.635;48.37;1203958
48.61;49.61;47.62;49.375;1487500
49.75;50.31;48.5;48.995;1365807
49.33;50.35;48.48;48.9;1276308
48.1;48.5;47.53;48.36;1755315
49.35;50.7;48.19;50.58;1063999
51.995;52.09;49.5;50.66;1409463
49.5;50.8;48.915;50.125;1239109
49.895;51.16;49.705;51.04;754430
51.7;53.13;50.52;51.25;1371833
49.91;50.12;48.345;48.345;1032441
48.67;50.11;48.67;50.11;986224
49.6;51.1;48.73;50.925;1448104
52.8;54.45;52.385;53.75;2227043
53.745;56.445;53.48;54.975;1574863
56;56.5;52.725;53.275;1307029
53;53.58;50.56;50.97;1761253
50.005;52.05;49.65;51.3;1054480
51.48;53.77;51.4;53.275;1003353
53.9;55.665;52.63;54.435;1216920
53.25;53.55;51.5;52.05;1280768
52.35;53.88;52.18;53.355;897195
53.26;54.6;52.8;54.485;1433800
53;53.53;50.34;50.65;1451624
50;51.05;49.1;50.855;1235262
50.615;53.35;50.61;52.99;1972209
51.88;55.88;51.35;54.56;2651611
54.565;56.7;54.085;56.52;1943107
55.25;57.45;54.39;57.3;1755905
56.375;56.375;54.305;55.41;1223063
55.13;56.2;54.1;55.915;1024249
56.995;58.595;56.475;57.91;1939147
54.88;55.845;53.845;55.52;1516842
54.5;56;54.5;55.215;1583936
54.19;56.07;54.11;54.715;1700747
54.91;55.35;52.61;52.74;2239017
52.85;55;52.845;54.025;1047952
53.565;53.9;52.07;52.74;1196491
51.815;53.45;51.6;52.56;1174308
53;54.17;51.835;52.21;2052543
51.54;53.3;51.35;53.07;1197338
53.085;53.45;52.205;52.505;1220438
51.585;53.025;51;53.025;1152918
53.125;55.74;52.83;55.26;2578596
54.785;55.63;54.37;54.91;1318019
53.83;54.85;53.205;53.59;851968
53.33;54.81;53.325;54.81;1132528
54.65;54.95;53.055;54.525;478814
53.925;55.46;53.01;55.3;828149
55.295;55.77;54.7;55.525;940939
54.24;54.61;53.22;53.635;1190496
54.08;54.74;51.95;52.415;1757669
53.665;54.97;53.005;54.84;1335523
54.495;55.115;53.875;54.25;1237495
54.7;54.7;53.265;53.84;756678
53.72;54.52;52.65;53.255;1129325
53.83;54.22;52.485;53.24;976778
53.1;53.11;52;52.39;909072
52.765;53.865;52.7;53.32;1167428
54;54.685;53.61;53.9;1111667
55;55.395;54.535;55.025;1027588
55.145;56.98;54.71;55.895;1380798
55.39;55.68;53.1;53.28;1187278
53.6;54.02;52.83;53.69;823716
53.25;53.25;51.1;51.375;1900508
52.02;52.25;51.12;51.955;1349490
52.175;53.29;51.59;53.29;2683627
54.38;54.5;52.62;52.62;1427529
52.015;52.565;51.47;51.65;1123791
52.235;53.58;51.25;53.37;1103713
53.54;53.83;51.835;53.31;719002
53.68;54.25;52.52;52.82;949517
52.5;55.78;52.4;55.17;1277293
55.495;56;53.8;54.3;1386853
54.98;55.605;54.505;55.21;865043
55;55;52.85;53.175;1128542
53.52;54.095;52.55;53.8;724666
53.41;53.41;51.875;52.325;1094758
52.835;53.445;52;52.17;1026295
52.03;52.59;51.6;52;840508
52.66;53.45;52.25;52.55;751782
52.615;52.655;51.55;51.77;688429
51.52;53.455;51.305;53.27;663001
53.25;54.16;52.8;54.16;817894
54.5;56.7;54.445;56.605;1256373
57;58.42;56.2;57.46;1346611
58;58;56.77;57.25;1021416
57.8;58.48;56.96;57.59;1067768
57.8;59.67;57.42;59.25;1195335
59.69;59.69;57.72;58.09;1290367
58.4;58.73;57.1;58.46;1606559
56.93;59.3;55.69;58.53;1928988
59.64;60.28;58.99;59.58;1161642
59.95;60.67;58.76;59.16;738304
58.86;59.3;58.46;58.95;1157681
59.97;61.12;59.42;60.22;1094424
61.04;64.55;60.52;63.74;2841335
64;65;63.99;64.19;1394462
63.88;65.14;62.79;64.75;1126601
64.27;64.74;63.11;63.49;977551
63;64.89;62.5;64.19;874383
63.73;64.43;62.35;64.1;948342
63.37;64.2;63.37;64.13;526589
64.45;65.16;62.95;63.32;810287
63.53;64.14;62.55;63.65;564525
63.61;65.49;63.61;64.43;847742
64.35;65.08;62.8;63.6;1065124
63.58;63.69;61.45;62.31;979731
62.91;62.97;62.15;62.97;554668
62.45;63.3;61.75;63;644130
63.74;64.11;62.96;63.84;939128
63.52;67.19;63.5;66.8;1634504
67.13;67.96;66.83;67.65;873572
65.57;67.7;63.25;67.54;1084191
66.1;66.8;65;65.08;1338743
65.07;65.3;64.39;64.84;781344
65.5;66.37;64.58;65.24;1352814
65.07;65.18;63.95;64.3;646819
64.62;65.08;63.55;63.95;1025486
64.2;64.2;61.98;63.13;1035751
63.5;64.25;62.87;63.07;646872
63.06;64.2;63.06;63.93;793545
64.33;65.2;64.32;64.95;459920
65.25;66.65;65.18;66.34;1126218
66;68.73;65.83;68.62;1380117
68.8;70.39;68.8;70;1830099
70;70.31;69.5;69.9;1456331
69.65;70.38;68.88;70.25;1285863
71.9;72.8;70.05;70.4;1181970
70.6;71.7;70.6;71.39;1025834
71.99;73.49;71.3;73.44;1261307
72.98;74.05;72.3;73.47;2100309
73.16;73.22;71.1;71.37;1235245
71.6;72.75;71.6;72.22;851251
72.5;73.28;72.26;73.22;1022225
72.79;73.09;70.8;71.34;1217058
71;71.4;69.74;70.3;899780
70.61;71.14;69.25;71.14;950649
70.79;71.02;69.78;70.24;996415
70.66;70.89;68.48;69.26;1198848
68.84;69.33;67.63;67.91;1273895
67.57;67.73;65.83;66.46;1322356
66.9;67.11;65.93;66.91;1373660
68.3;69.9;67.7;69.73;1489184
69.95;71.1;69.61;70.26;1066421
71.92;72.33;71.3;72.01;1184351
71.41;72.21;71.41;71.82;856985
72;73.72;71.9;73.53;808241
73.16;73.47;71.94;72.2;858215
73.49;76.1;73.3;76.1;1748500
77;77.4;75.79;76.09;1097773
77.3;77.39;74.9;75.26;1208496
75.96;77.18;75.52;77.05;878133
77.18;77.4;75.01;75.44;1135780
75.59;76.17;73.67;75.82;1090354
74.1;74.89;73.1;73.61;1430906
74.21;74.92;72.54;72.8;1318589
71.55;73.13;71;71.61;1025666
73;73.13;71.45;72.61;1205331
72.78;72.78;70.45;70.81;1326187
70.7;73.05;69.85;72.89;1128520
72.87;73.8;70.83;71.01;1443209
71.06;72.28;70.65;71.66;949525
70.62;71.11;69.61;70.82;1062382
70.83;72;70.58;71.58;920353
70.99;74.43;70.36;74.02;934827
74.38;74.49;72.56;73.23;1039933
74;74.7;73.68;74.48;671039
74.61;75.84;74.48;75.16;643135
76;76.45;74.72;74.99;781758
74.69;76.83;74.33;75.5;898465
75.02;75.75;73.88;74.63;989348
75.65;76.9;75.35;76.65;960501
76.91;76.97;75.48;75.8;924337
75.78;76.67;75.67;76.43;1058004
76.53;76.54;74.94;75.22;886087
75.6;76.22;74.17;74.37;1083878
75.39;76.46;75.39;76.34;721435
75.46;76;74.55;75.55;889257
76;76.42;75.17;76.27;829291
76.27;76.34;72.84;73.12;989576
72.17;74.34;71.9;73.71;979089
73.91;74.06;72.48;72.89;727601
74.1;76.4;74.08;75.67;1157816
75.7;76.9;75.29;76.39;908575
76.84;77.39;75.84;75.96;768414
75.89;78.4;74.9;77.81;1305395
77.42;77.7;76.77;77.04;617314
76.7;77.26;75.5;76;787349
75.8;76.25;74.66;75.01;858741
75.1;75.72;74.85;75.18;727553
75.22;76.05;75.16;75.7;936511
76;76.59;75.79;76.2;592019
76.58;76.6;75.16;76.18;801615
76;77.6;76;77.47;769965
76.58;77.84;76.26;77.34;964273
77.45;79;76.49;76.93;1667222
77.31;77.9;77.1;77.77;990091
77.87;79.89;77.83;79.4;773494
80;80.62;79.16;79.43;578338
79.1;79.43;78.74;78.92;98320
79.78;80.1;79.3;80.03;283798
80.3;81.34;79.61;81.1;423301
81.24;81.85;80.58;81;510766
81.37;81.81;81.14;81.78;165261
81.9;82.74;81.76;82.45;914189
82.26;82.5;81.56;82.05;916289
81.96;81.96;80.29;81.21;844230
79.9;81.18;79.41;81.05;930986
81.51;81.78;79.6;80.32;1095704
80.83;81.87;80.33;80.7;781890
81;81.3;79.35;79.35;953964
78.6;79.35;78.41;78.89;1163631
79.72;80.15;79.09;79.71;772449
79.96;80.79;78.25;78.37;1179461
78.61;79.62;78.45;79.37;542477
79.13;80.55;78.02;80;714767
80.44;80.54;77.48;77.7;1166464
78.29;79.38;76.83;76.96;992312
76.8;77.59;76.2;76.83;1150227
76.35;77.51;76.23;76.6;816575
75.8;77;75.42;76.88;920697
76.18;76.95;75.63;76.54;1185932
77.5;77.72;73.75;73.75;1396818
73.89;75.65;73.8;75.03;1180593
75;75.8;74.15;75.31;817822
75.32;77.05;74.74;76.99;831062
77.2;77.64;76.38;77.06;975335
77.16;77.88;74.88;75;1681146
74.82;75.16;72.15;72.25;2034497
72.9;73.6;72;73.02;1107179
72.53;74.27;72.13;73.39;1173596
74.24;75.04;73.6;74.19;1267143
74.6;75.08;73.03;73.9;1076368
74.21;74.8;72;72.49;1111622
72.96;73.71;72.45;72.72;487116
73.67;73.95;72.41;73.95;880998
74.8;76.82;74.31;76.7;1574226
79.8;80;78.18;79.65;2216869
79.74;81.24;79.26;81.21;1605589
81.48;81.79;80.67;80.87;1151815
81.48;81.6;78.5;78.91;1364631
78.79;79.71;77.96;79.28;1058110
78.94;79.43;77.26;77.44;999011
78.26;78.63;77.11;78.43;1233783
79.38;80.49;78.58;80.23;1070044
80.02;81;79.78;80.74;796123
80.24;82.06;80.12;81.58;869279
81.09;81.8;80.7;81.29;860608
81.58;82.48;80.89;82.47;1077824
82.8;82.82;82.09;82.3;760819
82.38;82.83;81.83;82.67;724531
82.98;85.23;82.35;85.07;1679570
84.8;85.33;84.26;84.85;1387026
85.3;86.55;85.01;85.45;1098762
85.22;85.22;83.85;84.04;910151
84.39;85.68;84.31;85.2;733399
85.62;86.96;85.55;86.56;933076
86.26;86.58;85.18;85.64;974748
86.12;86.29;85.34;85.71;1506093
85.17;85.78;84.41;85.78;966420
85.39;86.33;84.68;85.95;1103694
86.09;86.59;84.87;85.6;856481
85.56;86.98;85.27;86.75;858199
86.1;86.69;85.72;86.15;690226
86.7;86.7;85.09;85.8;795107
85.9;86.15;85.23;85.43;711031
86.03;87.45;86.02;86.84;1960257
87;88.44;86.86;87.86;1185132
87.2;88.87;87.03;88.51;1212559
88;88.7;87.82;88.15;1254072
87.41;87.96;86.34;86.9;853725
87.3;88.24;87.3;87.9;853025
88.73;88.89;87.3;88.13;853021
87.16;88.1;86.29;86.5;1159217
86.68;87.24;86.11;86.63;886713
87.4;87.64;86.55;86.79;757215
86.15;87.84;85.15;85.35;1629284
84.7;85.91;84.55;85.24;1120618
85.52;89.11;85.11;89.11;1807637
89;89.12;87.98;88.08;1368231
86.1;87.22;85.48;86.14;2108690
84.9;87.8;84.72;86.98;1688734
88.02;89.31;87.85;89.24;1366069
89.26;89.48;85.48;85.48;1248404
85.3;85.8;82.66;83.29;2051371
83.35;86.56;83.2;86.2;1676136
85.61;87.83;85.22;85.93;1529265
85.43;86.47;84.58;85.8;665762
84.07;84.24;79.65;80.37;2428994
80.06;81.76;79.13;79.61;2038818
78.02;82.89;78;79.78;2727627
77.1;78.82;73.95;75.62;4282224
78.5;82.72;77.6;82.72;3217798
80.51;82.75;80.14;82.45;1791029
81.23;84.76;80.81;83.99;1577804
84.26;84.71;83.08;83.98;676272
82.4;84.32;80.1;80.29;1665563
78.61;80.95;78.35;79.15;1369532
79.8;83.1;79.8;82.2;1902229
80.02;81.27;78.76;79.6;2339268
79.83;80.84;76.54;77.65;2345352
76.96;79.08;75.89;78.37;2345176
78.01;79.54;77.04;78.5;1163308
75.1;76.27;74.6;75.38;1761733
76.69;79.19;76.5;78.35;2252031
78.74;82.45;78.58;82.44;1932405
82.36;82.74;81.08;81.5;1505668
79.35;82.32;79.35;81.99;529028
80.73;83;79.46;82.66;1525924
82.13;82.73;80.47;82.59;952099
84.5;85.6;84.01;85.32;1625645
85.28;88.42;84.29;85.03;2467659
83.55;85.2;82.98;83.79;1359669
84.37;85.03;82.63;83.74;1680911
84.02;85.89;83.09;85.89;1272528
85.46;89.18;84.88;88.9;1755220
88.85;89.4;86.49;87.55;1585136
88.63;89.25;88.38;89.14;1532002
88.69;90.44;87.36;89.74;1560584
90.3;90.9;88.29;90.18;1505143
89.56;90.66;88.8;89.57;1286434
89.82;91.45;89.79;90.87;2087887
92.87;93.6;91.7;92.24;1203386
91.7;91.97;89.91;90.76;1484522
89.55;90.44;88.28;88.35;1629290
89.15;89.26;85.43;85.54;1722500
86.14;86.65;85.27;85.75;1048571
86.45;87.15;85.18;87.09;967668
85.51;86.01;83.51;83.57;1496334
84.02;84.95;82.76;83.64;1175949
83.58;83.59;80.29;80.89;1658615
82.12;82.21;80.13;80.19;1374302
80.25;80.81;79.7;80.29;624019
80.54;83.2;80.18;82.3;1063112
81.21;82.77;79.94;82.77;1151306
83.83;84.12;82.68;83.45;964519
85.24;85.88;84.32;85.4;1086220
85.83;86.78;84.64;86.07;663938
86.36;88.22;86.17;88;1098305
88.78;89.2;87.89;88.9;913972
88.29;88.85;86.42;86.9;1043595
87.52;88.33;84.53;84.99;1433935
85.01;85.92;84.12;84.65;921618
85.47;85.7;82.58;83.16;1594889
84.01;84.76;83.09;83.25;1827624
82.95;88.34;82.68;88.34;2253707
88.09;89.95;87.47;89.6;1359783
89.9;90.25;88.47;90.25;928239
90.54;90.7;87.92;88.55;1435549
88.72;89.25;86.42;87.33;973240
88.2;88.44;86.1;86.4;1025252
87.86;90.2;87.06;88.5;1809454
89.13;91.48;88.71;91.07;1100608
90.99;91.42;90.47;91.4;921480
90.7;91.62;89.84;91.01;1046720
91.2;93.16;91;92.2;1375815
92.64;93.45;90.81;91.12;990510
92.31;93.08;91.71;92.99;742835
92.27;92.52;89.93;90.55;895047
89.63;90.41;87.68;88;994951
87.32;88.75;87.32;88.29;979444
89.17;89.63;86.35;87.22;1026011
87.44;88.25;86.4;88.01;747146
88.31;89.66;87.66;89.63;884712
89.32;89.92;88.07;89.75;718293
90.15;90.47;87.24;87.24;1085157
86.8;88.31;85.56;85.99;952500
86.1;88.76;85.55;87.65;1009256
86.99;86.99;83.34;84.19;1668837
83.79;84.45;81.86;83.01;1517091
83.85;84.14;82.96;83.46;947589
82.71;84.22;81.71;84.04;1120294
84.49;84.92;82.75;83.18;354862
82.33;83.69;81.4;83.69;1130409
83.5;87.69;81.6;87.44;1812650
87.34;87.34;86.01;86.49;861011
86.82;87.77;85.45;86.25;1003714
86.99;87.07;86.31;86.65;419431
86.37;86.77;85.4;86.02;756671
85.21;86.77;84.23;86.36;1114324
85.99;88.83;85.36;88.38;1089181
87.97;89.89;87.54;89.51;1110175
90;91.4;89.7;90.92;1038032
90.61;91.41;89.8;90.87;907687
90.99;91.76;90.8;90.95;880981
92.11;93.54;91.35;92.43;1373571
93.2;94.47;91.51;92.51;2398325
92.97;94;91.98;93.59;956507
92.7;93.85;91.02;91.71;1616819
91.46;91.96;90.13;90.34;1100581
91.16;91.8;89.02;90.57;866917
90.06;94.44;90.06;93.82;1558287
93.67;94.02;91.7;91.75;1034009
91.46;93.29;90.25;93.1;1075705
93.5;94.39;92.16;92.5;879834
91.75;94.95;91.75;93.01;1144145
92.76;95.02;92.66;93.3;1507410
93.3;93.39;91.5;91.88;995689
91.53;94.48;91.42;93.9;1451280
94.3;97.01;94.05;97.01;1665929
96.62;96.89;95.31;96.47;1367114
96.46;96.8;94.07;95.54;1441754
95.68;96.87;95.68;96.33;596100
95.7;96.24;94.05;95.89;1117715
96.8;99.3;96.66;99.3;1064460
98.8;101.85;98.8;101.2;1619360
101.2;103.6;100.8;103.45;1823832
102.1;103.3;101.85;101.85;1239078
102.8;102.8;99.44;99.69;1269021
100.65;101.25;97.18;101.05;1574516
101.45;103.85;100.2;103.4;1188481
101.85;103.2;100.55;102.8;1139900
103.4;103.4;101.45;101.75;564547
100.6;101.9;100.4;101.6;671780
101.3;102.3;100;101.1;1072800
102.25;102.9;100.85;101.65;662499
101.3;102.8;101.05;102;730662
102.85;103.9;102.15;103.75;655804
103.7;105;103.15;104.6;953278
104.6;104.8;102.35;102.55;673997
104.05;106;103.8;105.4;961923
105.35;106.5;104.4;105.75;491315
105.35;106.15;104.8;105.7;379061
105.15;106.05;104.85;105;503304
104.85;105.85;102.95;103.25;765677
103.55;104.95;103.45;103.9;608392
101.6;104.4;101.15;103.6;714607
103;105.65;102.15;105.3;522687
104.55;104.65;101.3;101.3;846269
101.2;103.15;100.85;103.1;683013
104.1;109.3;104;109.3;1409611
109.2;111;108.75;111;1196695
111.6;113.75;110.5;110.9;1083450
110.3;111;106.75;106.75;936696
107.25;109.05;107.25;108.75;817606
108.5;109.45;108.05;109.15;390448
108.15;110.2;108;109.45;622962
110.75;111.55;107.1;107.1;1046989
106.85;109.15;106.6;108.15;1132714
109.7;111.3;109.3;111.2;798416
112.5;116.4;112.35;116.05;1580198
115.6;116.5;113.85;114.05;934360
114.05;116.95;113.9;116.65;695119
116.5;119.65;116.4;118.15;870303
117.25;118.5;115.8;115.8;771723
116.45;117.15;114.4;114.8;981150
115.8;118;115.4;116.6;639873
117;120;116.8;119.5;856748
119.15;119.45;117.45;118.55;792844
118.05;118.25;116.95;117;813071
117.2;117.6;115.3;115.9;671215
116.7;117.75;115.35;115.35;1117810
115.5;116.75;115.15;116.2;486419
116.7;117.7;115.8;116.75;562566
116.9;117.65;116.55;116.95;473404
117.1;117.15;115.65;116.4;217687
116.85;116.85;115.25;115.55;46525
115.15;115.3;112;114.35;288621
114.8;115.3;113.65;114.1;202531
114.5;116.1;114.5;115.5;286013
115.3;115.65;113.6;113.7;303198
114.15;114.15;112;112;184031
113.35;116.45;112.8;116.45;393950
116.6;118.15;116.45;117.6;556954
117.05;117.2;114.35;115.55;722529
115.35;116.3;113.7;114.3;520737
113.85;115.85;113.45;115.15;688589
114.4;114.5;112.85;113.55;652128
113.7;116.15;112.9;115.7;801746
115.5;116.9;114.6;115.5;748611
117;119.35;115.75;117.4;1274212
116.55;117;114.7;116.65;799669
116.55;117.15;114.8;115.45;487926
116.2;117.55;115.7;116.5;485712
117.25;117.3;114.1;114.5;668121
114.4;115.05;109.05;110;1434140
110.4;114.05;109.95;113.1;1503053
113.2;113.4;108.35;111.2;990811
113;114.15;112.55;112.65;920181
114.45;116.65;113;116.3;943858
115.8;116.85;115.35;116.45;843154
116.45;117;115.2;115.25;878783
114.65;115;112.7;113.9;1009362
114.75;115.3;113.95;114.75;992667
114.6;115.7;110.05;110.95;1726512
111.5;112.4;108.95;110.45;1308629
110.25;112.2;110.25;112.2;739052
111.85;112.9;111.2;111.2;814957
110.95;112.8;110.65;112.8;768437
112.2;114.95;112.15;113.9;726104
113.65;114.8;111.35;113.95;659328
113;115.55;112.35;114.85;697234
115.4;116.35;114.9;115.55;497564
115;116.05;114.35;114.95;374503
114.8;116;114.6;115.05;589164
116.7;118.8;115.4;117.95;1316150
118.9;119.15;117.25;119.15;898992
118.55;119.15;115.95;116.4;576979
115.45;116.9;114.6;115.35;1023798
115.55;115.7;112.95;113.5;1034684
112.55;115.2;111.4;114.5;803774
115.55;117.6;114.6;117.35;686323
117.15;120.5;116.65;119.9;1154141
120;122.95;119.5;120.1;1208686
119.1;119.45;117;118.15;872613
119.75;123.3;119.5;122;1140354
120.9;122.5;118.7;119.75;1488492
119.3;120.8;118.1;118.1;770039
118.8;119.1;115.3;116.85;1023653
116.75;119.1;116.3;116.8;754976
115.55;116.8;114.05;115.15;757100
114.05;114.55;112.9;114.45;1091684
114.65;114.95;111.85;112.85;998088
109.8;111.3;106.3;110.2;1892089
110.35;110.6;105.8;106;2042090
107.85;110.4;107.2;110.4;1604623
111.1;115.95;110.8;113.9;2503739
115.95;116.95;115.2;116.45;1107122
116.6;117.1;115.6;116.85;880746
117.2;118.3;116.2;116.7;984052
116.7;118.65;115.6;118.55;774060
119.1;119.6;118.25;118.75;693041
118.45;118.85;117;118.4;725737
118.7;118.9;116.55;118.8;589046
120.5;121;119.85;120.6;606362
120.6;121.25;119.9;120.6;865521
121.1;123.25;120.45;123.2;880969
122.85;123.65;122.45;123.15;646154
123;123.45;121.85;123.05;682348
123.3;123.6;122.3;122.75;549274
122.65;122.95;119.05;119.05;939023
119.75;121.5;119.75;121.45;873980
120.95;121.5;115.8;117;1805433
115;115.55;111.6;112.9;2090602
115.5;115.9;111.4;112.75;2023718
112.35;112.65;110;110;1157837
109.9;110.55;108.15;109.85;1206807
109.15;110;108;108.65;1113076
109;112;108.85;111.7;1186448
112.75;114.35;112;114.25;1065821
117.7;118.35;115.85;117.3;1428679
117.2;117.8;116.4;117.3;675623
117.45;120.15;117.1;118.85;841508
119.65;121.25;119.4;121.25;1246789
118.1;119.3;117.7;119.3;893680
120.35;120.55;118.25;118.7;497226
118.45;118.8;116.4;117.85;809934
116.45;117.55;114.75;114.95;816597
115.55;116.15;113.05;114.3;715958
114.35;117.1;113.2;116.8;824015
115.6;117.05;113.9;114.5;920463
114.3;116.45;114.3;115.5;762311
115.35;116.55;114.9;115.55;638209
113.9;114.15;112.2;113.85;917016
113.15;114.35;112.1;112.25;873862
111.1;113;110.05;112.75;934519
111.75;114.05;111.4;111.4;917037
111.95;113.2;111.7;112.5;673299
112.8;114.85;112.45;114.15;752015
114.05;115.4;112.8;113;902875
110.8;111.3;109.05;109.15;1167770
109.15;110;108.8;109.6;1002381
108.55;110.3;108.2;109.1;846709
109.15;111.6;109.1;111.1;1170364
111.65;112.9;110.5;110.5;1051901
110.1;111.4;110.1;110.8;314099
111.6;114.65;111.6;114.6;1106760
115.45;116;112.9;113.2;850749
112.3;112.75;111.1;111.5;604938
111.5;112.65;110.6;111.5;658368
111.45;111.95;110.55;111.7;616463
111.8;114.8;111.65;112.2;787586
111.6;112;110.25;110.7;702070
110.6;114.1;110.4;114.1;860027
114.15;114.15;110.65;110.7;809775
111.15;111.55;110.2;110.5;407267
111.3;113.15;111.2;112.6;702096
112.35;113.1;110.3;110.7;734158
109.8;110.6;108;110.35;1117779
109.65;111.25;108.15;110.75;1801959
109;110.3;108.35;109.6;565592
110.2;113.3;110;113.3;902095
112.5;112.75;110.5;110.75;1150702
109.95;110.45;107.45;107.9;1215418
109.65;111.45;108.3;108.55;1263936
108.5;109.85;108.1;109.75;592338
109.95;111.75;108.75;110.25;1110880
111.1;113.5;111.1;113.4;1127122
113.35;115.4;112.85;115.2;811596
115.1;117.7;113.9;116.95;806695
116.9;117.65;116.4;116.7;424124
116.3;116.8;114.85;115.1;710564
115.35;116.45;115.2;115.9;639954
116.4;116.45;113.35;113.7;1416801
114.3;114.85;111.55;111.55;919534
110;110.7;107.65;108.15;1000070
106;108;103.25;107.05;1673300
106.65;109.25;106.15;108.55;840986
107.55;108;106.3;106.45;617880
105.2;106;103.3;104.15;1402547
103.3;103.65;101.65;102;1072367
102.3;105.4;101.45;105.1;910351
105.75;107.15;105.2;105.85;862052
106.35;106.45;103.1;105.95;1055743
107;108.5;105.1;106.55;882313
106;108.5;105.75;107.4;849712
107.5;107.7;104.8;105.55;698638
104.75;105.25;101.7;102.5;1067870
102;104.75;101.2;102.7;1108208
95;101.75;94;101.15;2229237
101.95;104.25;99.26;100.05;1468345
99.05;99.85;95.11;95.93;2086389
94.4;95.27;92.86;93.62;1777527
95.68;95.74;89.67;90.04;2182393
86.67;95.8;86.4;90.75;3206442
89.04;92;85.02;85.28;2581222
85.86;90.4;82.7;89.74;2400596
90.06;91.52;83.26;83.26;2475990
86.39;88.11;81.3;87.95;2590149
88.39;96.14;86.2;95.39;2693675
96.35;96.42;93;94.1;837212
93.46;94.9;91.3;94.74;906584
94.09;96.16;92.72;94.01;1283951