51.17;53.8;50.17;50.93;3312090
51.67;51.77;47.6;48.7;3360156
45.37;46.5;43.83;44.27;5179818
44.4;45.27;40.8;41.27;5474844
40;42.67;39.53;42.33;6642510
44.3;45.5;43.77;45.27;3837231
47.67;47.67;45.4;46.83;3527493
44.67;47.57;44.67;46.67;3438204
46.67;48.13;46.67;47.67;2480067
49.03;51.33;48.83;51.17;3979512
51.83;54.67;51.47;54.47;2982156
54;54;50.93;51.3;2821245
50.67;51.67;49.07;51.03;3546717
54.5;56.13;53;54.33;7466538
54.27;57.33;53.37;56.2;4287216
57.33;58.27;56.43;56.73;2207997
54.17;56.63;54.17;55.37;2410695
57.3;57.93;55;55;2395209
54.83;56.77;54.37;56.57;2636262
56.53;58.3;55.57;57.9;2891526
56;56.47;55.17;55.83;2641794
56.83;58.5;56.83;58.13;2237829
59.8;60.6;59.13;59.83;2514684
60.67;64;59.5;64;2739102
65;70.33;65;69.33;3775806
70;72.07;69.17;69.5;2079762
71.67;75.6;70.5;73.3;3299328
76.67;76.93;71.8;73.03;3138618
70.3;73.5;69.13;72.47;2073138
74.33;75.37;70.3;70.67;2296086
69.67;71;68.37;71;1748601
71.53;72.5;68.03;69.33;2543724
70.63;71.27;64.07;64.67;5106759
65.5;66.63;61.7;63.8;3762948
62.67;65.43;62.17;63.57;3682821
63.2;65.6;62.1;65.5;1591320
65.83;68.4;64.67;65.03;3014316
66.67;68.1;65.7;66.83;2273967
69.97;70.33;66.23;66.23;2634081
69.3;69.77;67.67;69.77;2382876
69.67;69.67;66.1;67.7;2666481
70;70.27;68.27;68.67;3002361
69.83;72.17;67.47;68.27;3326706
67.5;70.97;67.23;70.33;2942424
70.07;73.67;69.4;73.17;2803485
74;75;71.5;74.23;2635104
72.83;72.93;71.07;71.37;2274786
69.23;74.93;67.67;71.97;2677008
72.63;74.37;71.27;73.17;1750395
75;75.5;73.57;74.23;2023755
73.17;73.7;69;71.43;2505390
70.37;72.87;69.33;70.13;2291493
66.33;67.97;64.33;64.4;3468105
63.1;64.63;60;60;3916614
65.03;65.63;58.7;61.53;4396866
65;67.97;63.77;67.3;3233964
66.67;69.1;63.7;69.1;3309756
69.97;69.97;64.87;67.5;4729686
68.33;68.93;64.43;65;2658582
65.6;68.63;64.43;68.63;2606517
69.33;70.2;68.17;70.2;1521225
68.4;73.17;68.4;71.47;2931474
70.17;71.13;68.33;68.67;1905090
65.9;65.9;62.17;63.03;4466667
60.33;65.33;60.13;64;3927180
66.13;66.13;58.03;58.67;3411732
57;61.43;56;56;4868370
57.4;59.67;50.5;58.3;7358043
62.33;64.97;60.17;64.67;3632310
65.83;66.83;63.07;65.5;3360483
67.67;67.67;65.67;66.17;1767021
60;63;59.83;60.33;4075398
60.53;62.67;58.37;59.27;3258660
57;61.2;56.67;60.67;5175297
59.33;60.47;56;56;4496223
50.83;61.6;50.77;61.3;4690359
65.23;66.6;59.03;63.4;6635049
65.67;66.6;63.2;66;5530701
64.67;66.33;63.5;66.33;2704095
65.4;67.57;63.43;67.03;2817075
68.37;69.97;66.1;68.1;2865003
68;69.47;62.2;65.57;3831828
69.67;69.97;67.77;69.97;3236988
71.67;72.17;70.43;72;2062059
69.97;71.47;68.87;69.27;1931406
69.27;69.57;67.13;68.97;2944170
72.67;73.43;70;73;4149555
74.63;75.5;72.33;74.33;3576369
72.5;74;70.1;71.4;2006625
70.3;71;64.9;65.75;2852369
64.4;69.4;63.05;68.45;2393945
72.05;72.6;68.5;72.6;2377407
72.2;72.2;69.4;70.35;1514099
72.3;74.35;71.75;74.25;1887770
75;75;70.25;71.4;2373768
72;74.4;71.7;73;2685340
71;71.85;65.75;66.4;3819485
66.8;68.95;59.7;62.15;3717915
63.95;66.5;61.2;64.05;2933576
59;61.2;57.7;58;7465543
62.5;63.8;60.4;62.75;5161943
61.1;63.5;59.95;61.9;2945545
63.5;63.5;60.25;60.8;2493184
61.8;63.15;60.55;63.05;2955058
65.3;65.5;61.25;63.9;4339607
64.5;70;63.4;70;2864428
69.55;73.05;67.45;71;6889552
73.3;73.5;67.35;70;4394617
69;70.15;67.7;68.9;2734674
68;68.2;66.1;67.95;2931635
69.15;71.1;67.45;71.1;2711119
71;72;70;71.7;1768343
68.15;70;66.2;66.9;4526906
68.05;69.05;66.6;68.45;2514065
65.55;66.8;65;65;2464269
68.6;68.6;64.7;65.4;1956198
64.9;67.75;64.8;67.65;944394
70;71.75;68.6;71.75;4488640
73.5;75.9;70.3;72.85;4196140
72;73.65;70.1;70.1;2986027
69.75;72.75;68.5;72.75;2540305
71.9;73.35;71.2;72.1;1528144
72;72.4;69.6;70.35;2209529
68.55;70.4;68.4;69.75;3425599
70.5;70.75;63.5;63.5;5198781
65;67.25;64.25;66;3489339
67;69.2;65.6;69.2;1925974
68.6;69;65.5;66.5;1605643
66.5;67;61.65;62.3;4566255
61.1;64.4;60.1;63;4235761
65.4;66.5;64.6;66.5;2779284
65.8;67.5;65.05;65.05;1227874
66.9;67.75;65.1;67.1;1646966
67.5;67.65;66.25;67.25;2230200
68;69.25;67.5;68.25;1657040
70;72;69.75;72;3109106
74.1;74.5;67.4;67.5;6813357
69.45;70.15;67.9;68.6;3291405
67.9;71.4;67.8;70;3389926
68.6;69.25;67.1;67.5;2553485
66.95;66.95;65.1;65.75;4002920
65.9;68.35;65.25;65.9;3381632
67.2;68.25;65.25;65.8;2452994
65;66.45;60.4;61.35;9499780
60.5;62.5;58.65;59.05;8527481
60;61.5;59.7;61.4;4143838
61.7;63.15;61.25;62.3;2450230
62;62.85;59.7;61.3;3018534
60.6;60.8;56.1;57.1;7564316
59.3;60.5;58.6;59.6;2758331
58.5;59.7;57.1;58.5;3469183
59.45;59.6;57.6;58.5;3355792
58.8;62.35;58.65;61.05;4043825
62;63.3;61.5;62.95;2906064
61.5;61.9;60;61.1;1758784
62.9;63.2;61.6;63.1;2134574
64;67.4;63.85;66.55;3962111
67;67.3;64.2;66;3833015
66.45;67.3;65.15;67.1;2511612
67.45;69.1;66.15;68.65;4179654
68.65;68.95;66.9;68.6;2442287
67.9;68.25;67.25;67.25;1567397
67.25;67.5;65.25;66.2;1928374
67.35;67.8;65.8;66.8;1861927
67;68.35;66.65;67.4;2361236
68.5;68.5;67.2;67.55;1671326
67.9;68;66.6;67.45;1938752
67;67.9;65.55;67.45;2473619
67.7;69;66.6;69;3099740
69.3;70.5;69;69.95;5264692
70.35;70.5;68.35;68.75;2161942
68.75;70.25;67.25;69;2607212
67.95;68.9;66.1;66.5;3037122
65.5;66.75;64.8;66.5;3707063
67;67.5;64.9;66;1924601
65;66;63.8;64.75;3109617
63.5;64.25;63.3;63.7;2519749
62.2;64.2;61.25;63.4;5599762
64.5;66.5;64.05;65.5;2832336
65.05;66.25;64;64.55;2437790
63.3;65;62.5;63;2121383
62.6;63.5;61.75;63.45;3692647
65.45;65.7;61.75;61.75;2645377
63;63.05;61;61;2373294
55;59.5;53.5;59.15;15626257
62.5;62.5;60.55;60.6;3108699
58.75;59.8;58.45;59.1;3544817
58.4;60.45;58.15;59;2304060
57.75;58.9;57.6;58;3095631
59.1;60.2;55.55;55.55;3037066
54.05;57.55;54;56.9;3617358
55.85;58.8;55.2;57.2;3450881
56.5;57.75;55.1;55.1;4254712
57;57.3;55.85;55.95;4177985
55.85;56.1;52.65;52.65;5499173
52.4;52.5;49.9;50.25;3433457
51.95;53.15;49.55;49.63;4986887
46.2;48.49;46.15;47.55;5489994
49.3;50;46.6;48.9;3968739
47.09;52.35;46.35;52.35;7583042
54.5;54.9;52.6;53.45;4171815
52.5;52.85;50.35;50.35;4950615
48.5;53.5;47.1;51.7;10236383
55;56.95;53.35;56.5;8314841
59;59.65;56.5;59.25;6255076
58.95;59.65;57.3;59.4;2786645
59.05;59.2;56.6;57.75;5348953
55.6;56.65;54.5;56.1;4339474
55.6;58.05;55.5;56.35;3827886
59;59.3;56.7;58;4209636
57.25;57.8;56.05;56.5;2431498
57.65;59.5;56.65;59.45;2983123
60.4;60.75;57.5;60;4142738
59.8;60.9;58.1;59.65;3852141
59;60.55;56.55;59.2;11138268
59.6;60.2;58.1;59.2;4026225
59;59.35;56.8;57.05;6394974
57;57.8;55.5;55.5;3476440
54.4;54.5;52;52;7134107
52;52.95;49.5;49.5;7349725
48.1;49.95;47.12;48.4;5720386
50.5;52.15;50.05;51.9;7630127
52.9;54.25;51.9;54;4399576
53.4;53.5;50.9;52.25;5110997
50.5;53.55;50.1;50.1;4619289
51.5;51.7;47.6;48.75;6170596
49.5;50.75;49.22;50.25;3819292
49.5;50.2;48.55;49.6;3180576
49.5;51.1;49.5;51;3627642
51.4;54.15;50.85;52.75;6867726
54.25;55.05;53.3;54.7;4866461
53.4;53.5;51.15;51.4;3247058
49.6;52;48.52;51;4653632
48.1;49.74;48.05;48.45;9567471
48.25;51.1;48.25;50.25;5325769
49.35;49.69;48.55;48.9;2593802
50.1;54;50.1;53.9;5216865
57.4;58.55;53.5;55.45;10026458
52.25;55.15;52.25;53.35;4671780
53.5;56.15;53.3;53.85;7367050
55.9;56.35;54.9;56.1;4171563
56.9;56.9;55.25;55.25;3916627
55.5;55.5;51.95;53.1;5607615
51.9;53.3;50.7;52.4;3567628
50.6;52.45;50.6;50.6;3623290
50.65;52.5;49.5;49.6;3958621
49;51.95;49;51.95;4089029
49.66;50.2;47.3;47.71;6551038
46;49.05;44.2;47.09;6573984
47.5;47.94;46.02;47.03;2450801
46.64;47.7;46.2;47.3;1561439
47.8;48.3;47.2;47.55;1409821
48.25;48.25;45;46.5;1319957
45.45;45.9;41.79;42.59;4230182
42;42.5;37.65;40.1;6516836
46.35;46.35;44.38;45.2;10151467
44.51;47.25;43.89;44.25;5946990
43.6;44.35;42.6;43.4;2351156
44.7;45.51;41.8;43.15;5219241
42.3;42.8;41.1;42.5;2853677
42.6;43.35;41.5;43.35;5614768
45.3;46.94;45.02;46.85;7794055
46.2;46.49;45.3;45.43;2518088
44.9;45.5;44.01;44.01;5165072
45.3;48.7;45;48.59;6430637
49.2;50.5;47.84;49.37;6673191
50.95;52.45;50;50.3;8458342
49.95;51.5;48.68;50.75;4749678
48.33;49.25;47.57;49;7156827
50.4;50.6;49.4;50;6078283
47.5;51.8;47.5;49.1;15745487
47.5;49.3;47;48.45;5548594
48.65;49.25;48.2;48.2;4218263
49.2;50.4;48.18;49.19;5593027
49.49;51.3;48.8;51.3;4101727
50.1;50.85;49.4;49.99;4023266
49.5;49.5;48.53;48.53;2849693
47.9;48.29;46.65;46.85;4237552
46.8;48.1;45.95;48.1;4763144
47.5;47.5;45;45;4803553
45.45;46.28;44.5;44.5;3768494
44.5;44.9;42.05;42.05;6404009
42.5;44.24;42.4;43.67;3575210
44.27;45.17;43.25;44.99;4023352
43.5;43.9;42.38;42.65;2898680
44.75;46.29;43.84;46.02;4807377
44;44.49;42.81;43.3;6326165
42.5;43.24;41.43;41.96;2637847
42.4;43.2;40.5;41;4263211
40.05;40.82;38.65;39.46;6817057
38.5;40.44;38.25;38.87;6568683
38.98;39.35;36;36.22;8229977
37.25;38.2;36.83;37.06;4317575
37.5;38.1;36.16;37.25;4892726
35.61;36.1;34;34.2;8337741
33.61;33.8;31.55;32;7167783
33.25;34.6;32.4;33.98;6758071
34.6;37.3;34.05;37.09;5579778
38.1;40.2;37.8;39.88;8987234
38.8;40.9;37.7;39.8;8699333
39.31;40.6;38.9;39.5;6189732
37.1;38.45;36.1;36.5;7004422
35.4;36.2;33.6;34;5343841
33.05;36.65;32.85;35.05;8910977
36.96;37.2;33.31;36.2;9827644
37.2;38.7;36.35;37.32;7786769
36.5;36.99;35.6;36.8;5439127
35.71;37.8;35.71;37.47;5295411
38.5;38.78;37.9;38.5;4343969
37.18;38.3;36.1;37.46;5815259
37.6;38.45;36.02;37.7;6795003
40.4;40.86;39.23;40.18;8330872
41.85;42.29;40.87;42.12;6006509
40.65;42.48;40.38;42.48;5748689
42;42.1;40.1;40.7;3939179
38.89;40.18;38.55;40.18;5723500
39;40.85;39;39.5;4458252
40;40;37;38.68;5248442
36.81;37.45;35.85;35.85;5125807
35;37.13;35;36.7;7983839
37.02;38.1;36.36;37.62;7105481
39.19;39.5;37.32;38.34;5202303
36.9;38.85;36.85;36.85;4263157
37.04;39.15;36.2;39.15;4757890
39.5;42.91;38.9;41.6;12624577
41.5;42.38;40.4;41.59;5469570
39.5;41.3;39.1;40.5;6075557
43.89;44.4;42.71;44;8457498
44.75;44.85;41.75;43.39;10726005
44;44.5;42.15;43.08;7092259
42.89;43.16;41.85;42.37;3389006
41.4;42.9;41.4;42.16;5064919
41.49;42;41.01;41.95;3920302
42.39;42.89;41.64;41.95;3901155
41.5;44;40.94;43.2;7103879
43.79;45.45;43.52;45.45;4171943
46;46.56;45.3;45.75;5429146
46.19;46.19;44.51;44.54;5602392
44.49;45.4;43.16;44.45;4136792
45;45.05;44.04;44.55;1939316
44.21;44.8;42.72;44.08;4273105
43.42;43.77;43.06;43.14;2936683
43.2;45.5;43.2;44.7;5878938
44.2;44.9;43.82;44;2665116
43.57;43.82;43.09;43.45;3326773
43.86;44.32;42.88;44.2;3127454
43.5;43.71;42.85;43.49;4527030
45.5;46.1;44.83;44.95;5153903
44.59;45.6;44.59;45.6;2306774
45.56;46.59;44.7;46.59;3594421
47.9;48.84;47.55;48.14;8538464
47.5;48.1;46.85;46.85;5375598
46.7;47.54;46.01;46.9;3061579
47.5;47.6;46.83;47.13;2636330
46.9;47.69;46.75;47.35;1038363
47.19;47.49;45.02;45.02;5419557
43.7;44.22;41.97;42;8550574
41.81;42.79;41.55;42;6069388
41.45;41.63;40;40.7;7553480
42.25;43.25;41.86;43.15;4059058
44;44.39;43.17;43.5;3193429
42.99;44.6;42.8;44.3;5360436
46;46.55;44.79;44.79;7983309
44.7;44.9;44.02;44.1;2410282
43.36;44.28;39.22;40.1;15985911
40.65;41.3;40.2;40.22;8830342
39.45;39.84;36.46;38.52;15153565
37.8;38.39;36.1;37.3;9341724
37.11;38.34;36.8;37.95;3979328
37.55;39.19;37.55;38;4824237
36.75;36.75;35.5;36.6;8527043
37.25;37.3;35.61;35.85;5913552
36.2;37.35;36.05;36.8;4328145
36;37.9;36;37;2974868
36.5;37.02;35.87;36.35;4224893
36.7;37.19;36.36;36.75;3255136
36.65;38.73;36.1;38.59;4354283
38.95;41;38.75;41;5242627
40.05;40.7;39.4;40.7;3765706
39.81;40.25;38.79;38.93;3592902
38.96;39.19;37.29;38.29;3833751
35.9;37.45;35.7;36.65;7630598
34.5;35.85;34.15;34.6;7373901
34.64;35.3;33.5;33.97;5398629
34.01;35.03;33.6;33.76;4009462
32.1;33.3;32.1;32.5;5959843
34.38;34.79;33.38;34.1;8747561
34.9;35.4;33.45;35.3;7107507
35.28;35.39;34.4;34.7;3730496
33.26;33.83;33.02;33.39;5287778
33.25;33.4;32.37;32.45;5187314
32.17;33.54;31.94;33.54;6346182
32.36;33.33;31.92;33.32;3957497
33.01;34.35;32.91;33.39;3114070
32.89;34.2;32.52;33.67;3677920
33.01;34.07;32.75;32.75;2781035
33.75;33.94;33.01;33.2;3091931
34.7;35.64;34.32;35.35;5910234
35.25;36.85;35.05;36.2;3398868
36;37.25;35.9;37.06;3605744
38.1;39.38;37.9;39.28;11585786
39.62;40.35;38.8;38.8;8420910
39.1;39.25;37.53;37.74;6264751
37.81;38.27;36.8;37.7;4777448
36.76;38.08;36.58;38;3936711
37.46;37.9;36.66;36.66;4873083
35.55;35.96;35.14;35.93;5223155
35.55;36.73;35.02;35.39;4637287
35.95;37.41;35.2;36.88;5071434
37.6;38.04;37.15;37.29;3701660
37.15;38.06;36.25;36.25;2406533
35.89;35.94;34.75;35.73;4532133
36.1;36.32;34.1;34.79;4573478
34.24;35.26;34;35.13;2627238
35.43;35.85;35.01;35.77;2303557
35;36.09;34.75;35.11;4496819
35.9;36.25;35.58;36;2943503
36.5;38.15;36.5;38.15;4848185
38.35;38.65;37.96;38.35;2267038
38.2;38.48;36.65;37.19;4391308
36.57;36.97;35.78;35.81;5890103
35.28;35.6;34.27;34.27;6411596
33.88;34.18;33.01;33.5;6357892
33.3;33.51;32.37;33.51;3631641
34.99;35.1;32.6;34.18;7210915
33.21;33.3;32.16;32.4;6116195
32.6;32.94;28.21;28.3;15032414
29;29.6;27.38;29.15;13363294
28.88;30.1;28.2;29.61;7965003
30;31.25;26.86;27.51;10815275
26.3;28.63;25.89;27.89;7079004
27.35;27.94;26.76;27.2;3181603
27.68;27.92;24.78;24.78;4895276
23.9;25.7;22.65;25.17;8536632
24.79;25.1;23.48;24;6800960
23.1;24.15;22.03;22.74;7155828
23.01;23.25;21.1;21.55;7453758
21;21.29;18.88;20.84;10729033
21.98;22.38;20.85;22.35;5476738
21.65;23.8;21.35;23.45;6257041
23;23.63;22.16;22.23;4801826
22.37;22.4;20.98;21.48;6797346
22.8;23.61;22.01;23.58;6123735
23.6;24.06;22.75;23.29;4039113
23.63;24.2;23.07;24.18;5362954
23.98;24.02;23.1;24;4879626
26.3;27.9;25.62;27.9;11042691
26.75;27.68;25.9;26.31;7859103
25.92;27.9;25.17;27.89;6633511
27.85;28.81;27.47;27.69;6974250
26.75;28.89;26.55;28.89;7508935
29.2;31.19;29.2;30.9;8454677
32;32.05;29.92;30.25;6741105
30;30.12;28.53;28.93;4501369
28.5;30.3;28.3;30.02;5994129
31;32.37;31;32.15;9022942
30;31.1;29.08;30.55;14201618
30;31.16;29.63;29.71;6151294
29.89;31.54;29.48;31.1;4058344
31.9;32.98;31.9;32.98;6177497
32.21;33.75;32.05;32.96;6694908
33.42;33.9;31.56;31.77;7077693
33.25;34.18;32.68;34.09;7322674
33.95;34.07;33.05;33.08;4377526
31.94;32.05;29.9;30.4;9799933
30.53;31.94;29.51;31.4;5234180
31.35;32.03;30.54;32.03;4846385
32.87;33.07;32.31;32.73;4047377
32.73;34.5;32.72;34.49;4410271
34.55;35.55;33.4;34.24;6518729
34.69;35.25;33.51;35.11;6927752
35;36.8;34.86;36.35;7278120
35.36;36;35.35;35.62;4650736
35.7;36.2;34.15;34.54;4010481
35.86;37.39;35.68;37.27;5411627
37.52;39.5;37.52;38.7;8498293
38.95;39.99;37.94;39.55;9911206
39.7;40.24;38.77;39.95;4856567
40.19;40.98;39.76;40;4645448
39.9;39.93;37.78;37.8;6929251
36.81;38.48;36.76;37.38;6757250
37.85;38.98;37.71;38.81;2901130
38.9;39.7;38.6;39.02;3833954
39.8;40.35;39.6;40;5306212
40.8;40.8;38.46;38.55;7718158
38.41;38.89;37.38;37.73;5476010
37;38.22;36.6;37.1;6968431
37.6;38.44;37.6;37.9;5044425
37.7;37.95;36.64;37.24;4948513
37.4;38.27;37.4;38.05;5028570
39.55;42.05;39.5;42.05;11013754
42.5;42.8;40.95;41.8;6454324
42.15;42.7;39.55;39.55;14164714
37.75;38.44;36.05;36.19;23097676
35.75;36.52;35.25;36.07;78200519
36.5;36.9;35.6;35.72;10491366
35.98;36.43;33.85;34.4;8983645
33.85;35.35;33.4;34.72;6083463
35.09;36.44;34.88;36.43;4529253
36.56;37.11;36.01;36.35;4603527
35.99;36.65;34.84;35.95;4671558
35.2;36.17;34.18;34.18;4148453
33.65;35.54;33.5;35.07;4322456
35.65;35.75;34.95;35.27;491528
35.79;36.16;35.51;36.14;1405477
36.2;36.39;35.87;36.05;2440016
36.15;36.8;36.02;36.74;3108294
37.75;38.87;37.41;38.8;8197533
39.7;39.7;38.02;38.8;7421594
39.26;39.57;38.09;38.42;5302302
37.9;38.15;37.11;37.4;7426278
38.02;38.7;37.03;38.64;7135856
37.51;38.06;37.18;37.28;5200236
37.2;37.88;37.01;37.33;4138877
36.83;37;35.68;35.8;5427847
35.73;36.83;35.26;36.8;5599753
35.47;35.91;34.91;35.1;8490250
35.11;35.87;34.99;35.08;5242244
34.8;34.85;34.17;34.5;5720988
34.7;34.7;32.9;33.42;7559013
33.27;34.92;33.05;34.03;6207123
33.15;34.08;32.72;33.98;9707148
34.8;35.95;34.61;35.8;10317971
35.6;35.65;34.9;35.61;5707369
36.2;36.5;35.78;35.99;4891353
36.15;36.6;35.76;35.95;6076832
35.05;35.69;34.9;35.32;6391114
36.21;36.34;35.72;35.95;4616692
36.7;36.7;35.6;35.85;3977718
35.67;35.67;34.83;35.19;3333810
34.5;34.82;34.07;34.37;4224019
34.2;34.65;33.61;34.01;4748896
33.32;34.89;33.18;34.65;4221001
33.67;34.59;33.6;34.17;4674867
35.2;35.2;34.32;34.4;4110328
35.15;35.3;34.32;34.48;4506494
34.5;35.14;33.82;35;3992094
35.7;36;35.2;35.36;5096748
35;35.64;34.91;35.25;3258007
34.66;35.04;34.6;34.75;2201110
34.1;34.34;33.57;33.66;6204965
33.2;34.16;32.87;33.65;6448489
34.7;34.7;32.79;33;6618999
32.21;32.38;31.5;31.53;7621276
32.25;32.8;31.72;32.75;4330251
33.3;33.75;32.92;33.11;5090753
33.4;34.5;33.3;34.3;5248279
33.73;34.9;33.6;34.27;4613272
34.1;35.7;33.83;35.4;6171432
36.81;37.94;36.67;37.9;9774314
37.91;38.36;37.29;38;7030466
38;38.57;37.6;38.05;6422448
38.6;39.16;38.1;38.78;7226935
38.51;39.28;37.89;39.25;5284910
39.32;39.45;38.11;38.67;5904551
38.54;38.62;37.05;37.75;7277576
37.69;38.69;37.53;37.53;7717790
37.39;37.95;37.17;37.95;4635013
37.69;37.85;36.4;37.49;9618574
37.86;38.94;37.86;38.65;6152163
38.71;39.17;38.45;39.15;4889469
38.76;38.9;38.01;38.2;5661117
37.89;38.35;37.66;37.9;5329840
38.26;38.61;37.74;37.9;3321875
37.81;38.49;37.55;37.75;3107191
37.5;38.72;37.25;38.47;4321911
38.72;38.72;37.78;37.99;5200838
37.98;38.68;37.81;38.35;6151753
38.4;38.72;37.89;38;3417619
37.72;37.88;37.16;37.39;5955265
37.24;37.33;36.18;36.5;5483296
36.41;36.74;36.07;36.07;5248651
36.11;36.25;34.37;35.01;6772317
35.8;35.95;35.27;35.27;4492448
34.98;35.87;34.64;35.8;5682913
35.81;36;34.72;34.75;5318667
35;35.1;34.5;34.5;5253974
35;35.22;34.56;34.7;2927894
35.79;37.2;35.7;37.2;8625827
38;38.45;37.48;37.75;7469411
37.4;38.17;35.85;36.06;13866345
35.76;36.56;35.6;35.72;5916473
35.5;35.5;34.52;34.62;6965285
35.93;36.25;35.01;35.68;9238012
35.35;35.93;35.13;35.43;4732825
34.76;34.99;34.07;34.45;6420290
34.88;35.41;34.45;34.55;8307471
34.01;34.32;33.67;34.1;5820361
33.85;34.5;33.63;34.5;7450359
34.75;34.97;33.84;33.95;5568343
33.17;33.57;31.32;31.32;12299452
31.4;32.35;31.33;31.72;4379979
31;31.69;30.13;31.22;9355340
32.15;32.85;31.95;32.85;7679012
33.7;33.75;32.49;32.59;5493088
32.2;32.57;31.67;31.91;3984536
31.09;32.4;30.9;32.3;5173558
32.8;33.7;31.95;33.28;8669628
34.22;34.49;32.84;33.54;8081751
33.02;33.54;32.63;33.44;5431644
33.9;34.19;33.18;33.33;5322886
33.1;33.5;32.72;33;2045682
32.8;33.22;32.27;32.27;4858584
32.25;32.45;31.13;31.31;9967486
31.55;31.95;31.08;31.3;5541942
31.8;31.94;30.88;31.1;6481760
31.01;31.59;31.01;31.3;1984184
31.46;31.9;30.92;31.1;3900137
31;31.16;30.08;30.08;8030797
30;30;28.62;29.16;12195834
29.15;29.65;28.85;29.49;6870062
28.9;29.2;27.86;28;3893286
27.55;27.55;26.6;26.6;8272941
27.22;27.7;26.66;26.69;5118662
26.81;27;25.93;25.96;10533938
24.25;24.76;23.97;24.5;13660245
25.24;25.4;24.74;25.08;5560310
24.9;25.37;24.34;25.2;8633968
24.48;24.48;23.87;24.12;6272177
24.8;25;22.94;23.5;6093776
23;23.65;22.4;23.54;6720673
23.72;25;23.72;24.95;5516112
25.2;25.2;24.45;24.66;5299205
23.4;24.3;23.3;24.3;5766393
23.5;24.51;23.41;23.57;7445046
23.12;24.34;23;23.68;7694606
23.71;24.16;22.85;23.13;5963858
24.15;24.44;23.6;23.8;6009538
21.75;22.42;21.5;22.23;9139753
22.95;24.07;22.8;23.89;8911323
24.75;25.4;24.26;25.25;5494716
24.55;25.81;24.25;24.87;5285750
24.15;24.63;23.6;23.63;7212985
23.57;23.94;22.58;22.65;7802435
23.52;23.77;23.29;23.5;2902481
23.91;25.3;23.8;25.3;5909389
24.9;25.9;24.82;25.49;5985650
25.35;25.76;24.28;24.8;6554728
24.2;24.4;23.14;23.34;10244762
23;23.81;22.8;22.82;10086441
23.94;24.13;22.92;23.45;7795452
23.06;23.42;22.92;23.13;5800309
23.9;23.95;22.71;23.81;8765633
23.62;25.87;23.4;25.49;11279215
25.5;26.53;25.16;26.04;9750279
25;25.1;24.18;24.34;7462128
24.3;24.3;23.09;23.1;7343025
23.36;23.9;23.04;23.51;7054280
22.59;22.99;21.7;22.4;13819648
22.7;23.13;20.8;21.25;12167535
20.61;21.5;20.22;21.1;9193506
20.55;22.38;20.51;22.26;9973345
21.74;21.9;21.3;21.84;11100891
22.05;22.46;21.27;21.51;6457992
21.7;21.87;20.58;20.7;4629514
20;20.31;19.22;19.4;9815430
19.5;19.5;18.2;18.2;4572190
18.01;19.78;17.55;19.62;6829836
19.69;20.45;19.28;19.45;5134033
20;20.15;19.44;19.87;4642277
20.35;20.4;19.7;20.4;3952351
20.3;20.45;19.81;19.9;3035593
19.9;20.2;19.42;20;3109868
19;19.4;18.75;18.75;3951233
19.93;20.45;19.61;20.3;3101642
20.59;20.59;19.44;20.4;4799998
20.5;22.25;20.36;22.11;5500887
22.22;22.29;21.86;22.05;4862520
21.85;23.2;21.64;22.64;5085129
23.22;23.8;22.81;23.75;4448525
23.75;23.75;22.42;22.45;5026048
22.14;22.79;21.81;22;3792849
22.01;22.6;21.81;22.14;5663614
21.6;21.76;20.75;20.84;6798182
20.73;21.01;20.22;20.55;6152882
20.86;21.03;20.49;20.6;3382836
20.46;20.6;20.1;20.15;1671596
20;20.01;18.98;19.05;4530400
19;19.55;18.9;19.21;6021071
19.25;19.35;18;18.34;8592132
18.6;19.34;18.41;19.22;6423094
19.3;19.38;18.23;18.32;4371929
18.72;19.49;18.42;19.32;5569117
19.27;20.2;19.05;20.02;3751325
19.69;19.69;18.75;18.75;5994298
18.4;18.42;17.68;17.73;7324946
17.9;18;16.76;16.81;5621364
17.6;17.9;16.18;16.32;6676176
16;16.24;15.47;15.61;8209292
15.7;16.01;15.12;15.23;5782619
15.23;15.98;14.92;15.1;6896709
14.96;15.45;13.9;14.05;6782079
14.01;14.43;12.99;13.91;9848711
13.82;14.86;13.6;14.34;8814389
14.8;15.3;14.58;15.3;8410106
15.03;15.2;14.67;14.99;4564135
14.3;14.43;13.36;13.61;6442554
13.51;13.97;13.3;13.58;5456639
13.9;14.27;13.53;14.09;8921884
13.41;13.78;13.3;13.5;7109339
13.3;13.5;12.67;12.82;6934014
12.67;12.7;12.05;12.15;4226445
12.33;12.52;11.27;11.46;7095609
11.75;11.82;11.1;11.75;8474696
11.65;12.9;11.4;12.84;9004699
13.15;14.23;13;14.23;12266051
14.09;14.5;13.75;14.24;8648173
14.45;16.79;14.45;16.67;12967179
15.33;17.06;15.27;15.66;14973566
16.15;17.29;16.15;17.12;10572328
17.59;17.99;16.92;17.75;10559361
17.6;18.4;17.15;18.08;7495181
17.59;18.08;16.84;17;14594733
18.19;18.49;17.38;17.75;13945107
18.39;18.91;18;18.91;11560390
18.6;19.25;18.14;19.1;7936300
19.4;20.4;19.4;19.85;7941954
19.5;19.75;18.11;18.14;8835815
18.51;19.84;18.25;19.78;8226810
20.18;20.5;19.8;20.05;9605800
19.71;20.39;19.2;20.25;6197779
21.1;22.01;21.1;22.01;8412794
22.01;22.63;21.62;22.48;8950658
23.13;23.18;21.9;22.19;8998800
22.55;22.86;20.62;20.82;9554547
20.33;20.67;19.63;19.7;8369928
19.51;19.6;18.85;19.09;4672145
18.99;20.6;18.86;20.43;9019788
20.1;20.42;19.54;20.3;5968421
20;21.59;19.55;21.47;6438792
21.96;22.12;21.13;21.53;7763942
21.8;22.49;21.7;22.29;4310397
22.05;22.26;21.79;22.25;4896560
22.15;22.85;21.96;22.66;5290916
23.75;24.75;23.75;24.58;10231998
24.75;24.85;24.05;24.53;5524579
24.6;25.21;24.5;24.98;4783128
25.25;25.65;24.32;24.53;8815251
24.08;26.05;23.9;25.9;9373404
26.46;26.46;25.55;26.05;4777775
26.19;26.34;25.42;25.73;4583799
25.54;26.95;25.54;25.65;7772883
25.9;25.97;24.15;24.15;12899139
23.91;24.43;23.27;23.53;10483356
23.65;24.4;22.64;22.76;11894020
23.33;23.5;22.01;22.78;7414015
23.17;23.21;21.84;21.95;4270233
21.55;22.62;21.42;22.62;8866595
22.84;22.87;21.8;22.36;5464371
22.13;22.3;21.31;21.69;6645756
21.64;21.64;20.94;21.12;4306623
20.99;22.22;20.85;22.11;4162034
22.48;22.48;21.2;21.35;5186602
20.92;21.08;19.8;19.85;7358252
19.85;20.5;18.95;19.35;9352555
19.98;20.3;19.2;19.79;6999316
19.95;19.95;19.45;19.6;3041331
19.9;19.9;19.35;19.46;391187
19.3;19.57;18.91;19.02;1986263
19.02;19.18;18.81;18.99;2703482
18.69;18.95;18.32;18.68;1964152
18.75;20.11;18.68;20.11;3701390
20.34;21.2;20.33;20.92;7878545
21.2;21.3;20.33;21.25;4199117
21.66;21.66;20.89;21.06;4677363
20.79;20.86;19.99;20.13;5746019
20.25;20.87;19.25;20.76;7806605
20.65;21.16;20.08;20.74;5566085
20.76;21.25;20.5;20.74;5119505
20.43;21.01;20.41;20.84;5415348
21.5;21.59;20.17;20.5;7504794
20.17;20.17;19.69;19.9;9581965
19.41;19.46;18.53;18.56;8333062
18.33;18.68;18.05;18.1;5012741
18.43;18.79;17.98;18;6949411
18;18.29;17.56;17.68;8727514
18.1;18.56;17.68;17.85;12154210
18.21;18.45;17.55;17.63;6510464
17.4;17.63;16.85;17.1;7183806
17.31;17.62;16.8;16.82;7220989
16.91;17.01;16.15;16.93;7885319
17.2;17.5;16.98;17.39;5864401
16.75;16.95;16.52;16.77;6749405
17.1;17.2;16.83;16.9;3195301
16.62;16.64;16.18;16.25;5523910
16.15;16.6;16.01;16.6;5254836
16.47;16.6;16.02;16.18;5925736
16.21;16.55;15.85;16.23;6329381
16.21;16.33;15.43;15.55;5032850
15.63;16.52;15.51;16.37;5529813
16;16.24;15.83;15.9;5338814
15.61;15.97;15.45;15.65;5891870
15.8;16.24;15.72;16.1;5779018
16.51;17.15;16.5;17.13;4672812
17.2;17.68;16.9;17.56;6484865
17.4;17.54;16.88;16.95;8011448
16.9;17.27;16.72;16.82;5036080
16.79;16.91;16.59;16.88;3726041
16.98;17.14;16.68;16.96;3062213
16.79;16.79;16.17;16.17;4517136
16.45;16.64;16.15;16.33;4983827
16.11;16.9;16.11;16.77;5639933
17.1;17.33;16.67;17.15;4799840
17.45;17.67;17.16;17.25;5355931
16.82;16.88;16.55;16.7;6425528
16.4;16.71;16.28;16.51;4133335
16.69;16.69;16.36;16.6;3374561
16.15;16.3;15.93;16.07;7471898
16.24;16.5;15.81;15.86;4455905
15.66;15.83;15.2;15.69;7019693
15.69;16.2;15.5;15.7;6903179
16.18;16.64;15.95;16.58;6724394
17.15;18.22;17.1;18.22;11940576
17.16;19.49;17.16;19.16;8272468
19.16;20.15;18.7;19;12680748
19.3;19.86;18.38;19.29;8886654
19.25;19.91;18.94;19.46;8293307
19.66;20.34;19.65;20.3;5885641
19.77;20.09;19.21;19.21;9415193
18.9;19.42;18.52;19.42;7989978
19.06;19.8;19.06;19.48;5017535
19.26;19.28;18.69;18.77;7287300
19;19.09;18.15;18.6;5202191
18.05;18.05;17.27;17.35;5351124
17.16;17.55;16.93;17.29;7994187
17.4;18.36;17.4;18.32;7206311
18.58;19.03;18.14;18.43;9059888
17.7;18.1;17.46;17.7;15257023
18.4;18.67;18.26;18.4;7918833
18;18.17;17.59;17.69;9775381
17.5;17.93;17.13;17.51;10270140
17;17.46;16.96;17.17;6392019
17.17;17.6;17.1;17.1;7132928
17.16;17.3;16.86;16.94;5507247
17.32;17.71;17.24;17.44;6190969
18.34;18.65;17.81;17.88;9175829
17.85;18.58;17.82;18.56;9063034
18.72;18.91;18.28;18.84;6044350
19.25;19.4;18.99;19.37;5251492
19;19.22;18.7;18.7;4912301
18.51;18.75;17.9;17.91;5111258
18.09;18.68;17.75;18.67;4381646
18.93;19.22;18.72;18.88;5712558
18.75;18.88;18.38;18.52;5644435
18.1;18.61;18.1;18.61;5013595
18.9;19.29;18.77;19.03;5673453
19.03;19.31;18.83;19.3;5214429
19.15;19.58;19.1;19.41;7212378
19.21;19.31;18.57;18.57;5460285
18.79;18.95;18.5;18.93;4124985
19.11;19.4;18.61;19.05;3889660
19.15;19.28;18.74;18.9;4370702
18.75;19.11;18.58;18.58;4910056
18.72;18.99;18.58;18.91;3858726
19.02;19.15;18.76;18.85;4191630
18.48;18.65;17.96;17.96;4880350
17.93;18.15;17.71;17.71;5888440
17.7;17.9;17.26;17.45;6311437
17.5;17.87;17.42;17.85;5684390
18.12;18.12;17.49;17.73;4376977
17.65;17.78;17.53;17.68;1488587
17.7;18.28;17.35;18.2;4254344
18.6;18.9;18.54;18.9;8601866
18.8;19.16;18.51;19.07;3793741
18.76;19.46;18.73;19.25;6698335
19.5;20.05;19.45;19.97;5478441
19.49;19.59;19.19;19.38;4724795
19.59;19.7;19.28;19.35;5435269
19.55;19.79;19.35;19.51;6932642
19.55;20.67;19.55;20.41;8192503
20.2;20.4;19.64;19.77;5586596
19.59;20.12;19.48;19.73;5591550
19.58;20.02;19.13;19.13;9116415
19.28;19.47;18.72;18.83;6612740
18.98;19.08;18.51;18.57;5447670
18.36;19.02;18.17;19.02;5336950
19.34;19.53;19.11;19.26;4439751
19.33;19.57;19.06;19.31;4937078
19.57;19.67;18.82;18.93;6030372
18.61;19.07;18.61;18.88;6133012
18.71;19.03;18.57;18.57;3773108
18.67;18.77;18.09;18.3;9238220
18.38;18.65;18.35;18.59;5820105
18.33;18.71;18.24;18.3;4217983
18.6;18.69;18.34;18.51;5641274
18.29;18.54;18.19;18.26;5682857
18.22;18.28;17.72;17.72;4755989
18.25;18.55;18.13;18.53;5142117
18.6;18.65;18.16;18.56;5410721
18.43;18.54;18.38;18.53;1505428
18.9;19.73;18.9;19.71;6347614
19.69;20.01;19.58;19.96;8844195
19.95;20.08;19.67;19.86;6645063
19.85;19.87;19.35;19.39;3424563
19.11;19.75;19.11;19.58;3156816
19.86;20.39;19.73;20.33;4508803
20.2;21.06;20.11;20.78;7879701
21.1;21.52;20.8;20.85;9277523
20.7;20.82;19.68;19.68;10052448
19.7;20.26;19.66;19.84;6620110
20.01;20.19;19.46;19.54;4196508
19.94;20.03;19.44;19.9;5474402
20.06;20.35;19.98;19.98;5258962
18.9;19.54;18.81;19.35;14920203
19;19.25;18.83;18.89;7108483
19.15;19.47;19.15;19.17;6352415
18.65;19.19;18.3;18.8;20599777
18.7;19.04;18.55;18.92;8684585
18.99;19.32;18.86;19.25;8102729
19.25;19.31;18.93;18.94;6654721
19.02;19.12;18.67;18.7;5891232
18.91;19.11;18.83;19;3487592
18.66;18.67;18.38;18.44;6081407
18.53;18.53;18.04;18.15;5271369
18.24;18.4;17.97;17.97;5009866
18.1;18.2;17.98;18.1;4110121
18.2;18.58;18.19;18.5;4009613
18.75;18.93;18.65;18.69;4108450
18.63;18.85;18.59;18.84;2726320
18.85;18.9;18.52;18.71;1588676
18.84;19.13;18.66;19.12;4171685
19.53;19.87;19.42;19.84;11720018
19.94;20.06;19.62;19.98;9819058
20.15;20.65;20.15;20.65;10800856
20.75;22.01;20.57;21.52;18789902
21.23;21.29;20.8;20.8;5551376
20.97;21.19;20.65;20.72;6933084
20.93;21.39;20.92;21.38;6039366
21.55;22.34;21.37;22.17;12121932
22.33;22.82;22.33;22.65;9150795
22.94;23.06;22.22;22.4;5398675
22.69;22.69;22.16;22.45;6638392
22.85;23;22.65;22.65;7052382
22.65;22.73;22.35;22.67;5435271
22.75;23.5;22.72;23.5;10717223
23.37;24.51;23.21;24.51;11266257
24.5;24.74;23.59;23.64;11995536
23.45;23.45;22.56;22.56;9503738
22.32;23.04;22.22;22.61;7609450
23.2;23.21;22.2;22.41;6898748
22.6;22.86;22.49;22.56;4674434
22.51;23.13;22.35;23.13;4883969
23.46;23.57;23.12;23.35;5811699
23.15;23.49;22.87;23.41;5623859
23.45;23.53;23.14;23.2;4657445
22.61;22.74;22.02;22.06;8027391
22.2;22.3;21.63;21.75;7700478
22.05;22.16;21.73;21.77;4862944
21.35;21.65;21.23;21.52;7691369
21.26;21.48;20.96;21.09;7236376
21.05;21.66;20.97;21.25;6334644
21.4;21.54;20.68;20.75;6261162
20.75;20.92;20.52;20.85;5238327
21.26;21.66;21.1;21.52;6294635
21.51;22.5;21.51;22.4;7542315
22.45;22.62;22.08;22.26;4097533
22.42;22.45;21.72;22.14;5006567
22.1;22.67;21.91;22.32;5239622
22.55;23.18;22.48;23.15;6934817
23.08;23.15;22.77;22.84;4711011
22.97;23.46;22.97;23.31;3982584
23.45;23.5;22.83;23.09;4871419
23.54;23.77;23.22;23.48;7772932
23.25;23.46;22.99;23.06;6992950
23.48;23.52;23.11;23.27;4736961
23.04;23.2;22.87;23.01;2937215
23.51;23.82;23.45;23.75;8367727
23.81;23.87;23.02;23.22;6406832
22.13;22.42;22;22;13092296
21.99;22;21.66;21.94;7207386
21.96;22.31;21.96;22.16;3610479
22.44;22.79;22.41;22.71;5738712
23.3;23.37;22.84;23.13;5597118
23.16;23.55;22.93;23.23;4326167
23.09;23.28;22.85;22.9;3232185
23.09;23.59;23;23.57;4593810
23.7;23.73;23.33;23.58;3817069
23.32;23.5;22.98;23.02;5699712
23.28;23.65;23.04;23.47;5572712
23.71;24.11;23.68;23.89;6971597
23.56;23.96;23.56;23.7;2701686
23.24;23.35;23.11;23.26;3787551
23.39;23.68;23.34;23.55;4408181
23.95;23.97;23.52;23.6;4766910
23.45;23.71;23.19;23.25;4731941
22.7;23.03;22.66;22.73;4186827
23.06;23.13;22.66;22.83;4228067
22.35;22.88;22.34;22.74;4973278
23.09;23.09;22.26;22.4;6816416
22.3;22.62;22.28;22.46;4922194
22.64;23.18;22.52;23.15;3894279
23.33;23.39;23.06;23.26;4918363
23.25;23.52;23.05;23.15;4449711
23.2;23.31;23.14;23.22;2611078
23.23;23.41;23.07;23.08;9951134
23.38;23.91;23.38;23.9;5234866
23.76;23.88;23.3;23.4;4642886
23.33;23.65;23.29;23.54;4983029
23.26;23.62;23.23;23.52;4379557
23.1;23.25;22.82;22.96;5089966
22.7;22.76;22.22;22.52;3264076
22.78;22.9;22.25;22.25;6982578
22.04;22.22;21.79;21.8;6806027
22.07;22.47;22.07;22.41;4364812
22.53;22.77;22.09;22.22;5615678
22.83;22.87;22.45;22.53;5340684
22.06;22.33;21.89;21.89;5517014
21.96;22.07;21.64;21.64;6053930
21.59;22.01;21.5;21.78;5167631
21.81;21.87;21.44;21.45;5259995
21.36;21.51;20.88;20.91;5030796
21.05;21.32;20.85;21.3;2623162
21.27;21.55;21.27;21.53;1020158
21.5;21.53;21.22;21.4;1447129
21.57;21.81;21.55;21.55;3263884
21.45;21.83;21.3;21.5;1077008
21.6;21.95;21.48;21.87;2172103
21.87;22.01;21.67;21.92;2776350
22.05;22.22;21.91;22.01;3872206
22.05;22.38;22.05;22.22;6307255
22.4;23.39;22.4;23.13;12936315
23.35;23.55;22.69;23.14;9173539
22.86;23.17;22.67;23.17;4435482
23.39;23.52;22.85;22.86;6281938
22.91;23.25;22.85;23.09;5232044
22.78;23.04;22.57;23.04;4984698
23.2;23.57;23.16;23.57;7808454
23.76;23.81;23.4;23.58;3724732
23.5;23.79;23.26;23.32;5771147
23.15;23.28;22.73;22.95;6134869
23;23.06;22.67;22.71;6996403
22.8;22.84;22.57;22.57;4257029
22.64;22.83;22.46;22.83;3865611
23.21;23.25;22.82;22.82;4480560
22.93;23.05;22.66;22.92;4037083
21.74;22.19;21.5;21.89;19127003
22.04;22.06;21.43;21.43;10028686
21.67;21.88;21.49;21.56;3596119
21.33;21.39;21.08;21.3;6864945
21.07;21.42;21.06;21.14;5631395
21.15;21.48;21.15;21.25;6911782
21.38;21.5;21.07;21.23;5265662
21.46;21.68;21.39;21.64;3736010
21.46;21.59;21.38;21.59;3138868
21.52;21.67;21.32;21.4;4661721
21.47;21.57;21.04;21.07;4748170
21.07;21.15;20.8;20.92;5787375
21.05;21.09;20.82;20.83;2577882
21.05;21.08;20.9;20.97;5638994
21.08;21.32;20.95;21.15;4682380
21.38;21.82;21.31;21.66;6627765
21.34;21.46;21.05;21.18;4679912
21.3;21.36;20.93;20.94;4172102
20.86;20.88;20.36;20.54;8189992
20.71;20.84;20.58;20.74;4822078
20.98;21.04;20.62;20.72;4120074
20.87;21.1;20.81;20.85;4106823
20.89;20.92;20.57;20.64;4236883
20.94;21.31;20.76;21.31;5471015
21.2;21.35;21.02;21.12;3627393
21.26;21.51;21.21;21.42;3627696
21.54;21.65;21.07;21.2;4953121
21.2;21.27;21.08;21.16;2190371
20.8;20.85;20.55;20.6;7424665
20.56;20.56;20.02;20.34;9419412
19.99;19.99;19.24;19.47;11166241
19.24;20.01;19.16;19.81;9355451
19.81;19.84;19.02;19.05;6693024
19;19.37;18.85;19.05;7314158
19.49;19.84;19.26;19.75;6984863
19.7;19.7;19.19;19.19;4935336
19.34;19.45;19.03;19.18;4337705
18.95;18.95;18.52;18.7;4821960
18.72;18.96;18.5;18.5;6058368
18.49;18.55;18.12;18.43;7865788
18.65;19.12;18.61;19.12;6974522
19.5;19.52;18.83;18.92;4949734
19.01;19.53;18.93;19.52;4737884
19.6;19.6;19.12;19.19;3511243
19.36;19.6;19.14;19.18;5996529
19.32;19.75;19.27;19.74;5891799
19.84;20.33;19.62;20.22;7196270
20.45;20.49;20.09;20.38;5666152
20.43;20.5;19.28;19.41;10804553
19.41;19.59;19.2;19.42;5026186
19.65;19.71;19.46;19.48;3527287
19.53;19.89;19.52;19.59;5085181
19.36;19.43;19.16;19.37;4321026
19.26;19.35;18.97;19.01;6206903
19;19.25;18.5;18.88;9653022
18.69;18.93;18.51;18.9;3256129
19.1;19.4;19.1;19.25;3175559
18.91;19.1;18.85;18.88;5544920
19.2;19.3;18.79;19.1;9010242
19.4;19.5;19.22;19.33;4894825
19.34;19.56;19.28;19.28;3268617
19.19;19.27;19.09;19.09;3221364
19.02;19.03;18.8;18.8;3866994
18.71;18.82;18.5;18.63;6136809
18.4;18.62;18.38;18.39;6525203
18.32;18.74;18.28;18.73;3229438
18.54;18.61;18.42;18.42;3253419
18.34;18.7;18.33;18.68;3063198
18.55;18.59;17.96;17.96;5367291
18.15;18.35;17.85;18.31;5767226
17.87;18;17.68;17.73;5416653
18;18.21;17.96;18.17;4194604
18.24;18.26;17.62;17.62;4035365
17.77;17.95;17.47;17.75;5103143
17.7;17.73;17.34;17.47;3726298
17.2;17.2;16.92;17.1;6002480
17.3;17.51;17.23;17.51;4747875
17.88;18.18;17.88;18.15;6015360
17.86;17.88;17.67;17.75;3726236
17.91;17.96;17.54;17.6;3143544
17.62;17.96;17.62;17.83;4023100
17.67;17.78;17.57;17.7;3804826
18.05;18.46;17.62;18.4;14382737
18.45;18.63;18.37;18.42;6341298
18.53;18.59;18.26;18.4;3797344
18.3;18.43;18.22;18.36;559971
18.28;18.35;18.07;18.09;2462772
18.22;18.33;17.92;17.95;3168434
17.92;17.93;17.73;17.9;4473329
18.1;18.26;18.03;18.26;6021825
18.38;18.44;18.22;18.29;3114613
18.51;18.54;18.23;18.34;5207897
18.31;18.45;18.18;18.18;3096513
18.21;18.33;18.11;18.17;2596930
18.2;18.2;17.93;18.06;2724181
17.96;18;17.66;17.69;3621882
17.8;17.97;17.66;17.9;2709699
17.91;18;17.77;17.79;2286440
17.75;17.88;17.53;17.6;3446288
17.53;17.54;17.26;17.5;7810987
17.66;17.72;17.47;17.6;4488620
17.45;17.63;17.32;17.39;5734490
17.65;17.73;17.44;17.46;3573062
17.75;17.76;17.62;17.72;3679296
17.53;17.65;17.47;17.61;4999319
17.68;17.87;17.55;17.73;3112635
17.69;17.72;17.57;17.6;4215102
17.8;18.06;17.76;18.03;6082430
18.16;18.32;17.66;17.72;7650212
17.6;17.74;17.53;17.53;4767496
17.5;17.64;17.46;17.53;1659613
17.55;17.58;17.18;17.23;4397811
17.15;17.35;17.07;17.09;4876262
17.1;17.1;16.72;17.06;5790302
16.98;17.24;16.81;17.1;3998583
16.81;17.02;16.67;16.74;3808649
16.9;17;16.74;16.93;3744030
16.65;16.65;16.44;16.63;6679140
16.57;16.62;15.76;16.14;8527148
16.23;16.52;16.2;16.24;5397488
16.1;16.26;15.98;16.02;3193247
15.9;16.2;15.82;16.19;4860377
16.55;16.83;16.43;16.43;9559845
15.92;16.18;15.88;15.92;10232490
15.99;16.13;15.65;15.7;5918572
15.63;15.81;15.48;15.48;3942667
15.58;15.62;14.82;15.1;16688814
15.28;15.35;14.87;15;9343985
15.1;15.48;15.06;15.43;7296052
15.43;15.56;15.29;15.44;5196909
15.35;15.43;15.15;15.33;3825242
15.41;15.47;15.19;15.23;2589767
14.99;15;14.71;14.84;6464624
14.97;15.12;14.87;14.92;3419012
14.62;14.69;14.29;14.29;5248204
14.35;14.44;14.07;14.36;5833294
14.29;14.45;14.28;14.39;3080672
14.23;14.29;13.75;13.94;9161968
14;14.09;13.5;13.72;9959503
13.6;14.02;13.52;13.88;8457948
13.8;14.27;13.74;14.24;4690391
14.23;14.51;14.1;14.35;5998664
14.35;14.52;14.24;14.48;4559253
14.65;14.77;14.42;14.48;5784300
14.4;14.45;14.23;14.37;2305906
14.53;14.66;14.39;14.63;3053273
14.62;14.8;14.52;14.55;2670610
14.61;14.68;14.36;14.42;2361489
14.58;14.65;14.5;14.55;3437294
14.55;14.6;14.29;14.42;3420019
14.42;14.42;14.26;14.3;1791323
14.14;14.18;13.89;13.92;8961536
13.99;14.09;13.83;14.04;4286717
13.96;13.97;13.83;13.91;2963167
13.5;13.77;13.43;13.61;9936477
13.63;13.95;13.63;13.9;2481863
13.84;13.88;13.68;13.75;3448623
13.77;13.77;13.56;13.66;3276335
13.55;14.05;13.25;13.98;16963782
14.12;14.55;14.12;14.54;12843268
14.63;15.03;14.57;15.03;7567531
14.94;14.97;14.78;14.91;7482764
14.83;15.08;14.65;14.72;6644468
14.66;14.84;14.51;14.81;3897455
14.65;14.87;14.56;14.82;5749077
14.77;14.97;14.55;14.9;4718339
14.84;15.26;14.82;15.15;7667692
15.02;15.12;14.72;14.76;5381134
14.57;14.63;14.29;14.34;7711185
14.35;14.53;14.29;14.47;3944847
14.36;14.36;14.03;14.1;5672605
14.02;14.17;13.9;13.99;3993674
13.94;14.14;13.86;14.1;4299168
14.18;14.28;13.88;13.88;7000873
13.94;14.33;13.9;14.33;4191202
14.6;14.82;14.6;14.81;8542415
14.63;14.8;14.52;14.56;6173129
14.56;14.71;14.51;14.6;3571347
14.7;14.75;14.54;14.55;4666298
14.48;14.67;14.36;14.4;4705411
14.31;14.38;14.15;14.17;5255080
14.1;14.1;13.81;13.86;5062526
14.08;14.27;14.01;14.17;5105846
13.95;14.3;13.87;13.99;7484036
13.89;14.08;13.88;14.04;4521509
14.03;14.04;13.76;13.8;4826952
14.15;14.2;14.04;14.11;6120219
13.9;13.99;13.88;13.98;3337752
14.08;14.23;13.89;14.18;10291844
14.3;14.4;14.23;14.23;6397716
13.94;14.1;13.83;14.06;8166837
14.12;14.12;13.9;13.96;4998403
14;14.22;13.98;14.22;4233393
14.42;14.52;14.36;14.46;9184196
14.47;14.58;14.4;14.45;4000114
14.36;14.6;14.35;14.55;3201074
14.52;14.62;14.42;14.59;5299711
14.75;14.99;14.69;14.86;7967124
14.67;14.75;14.47;14.66;5169053
14.82;15.03;14.66;14.87;8551222
14.91;15.28;14.91;15.23;6398476
15.19;15.37;15.06;15.28;5847120
15.32;15.52;15.3;15.3;6140054
15.22;15.56;15.1;15.56;6142757
15.75;15.8;15.6;15.74;7166009
15.85;15.92;15.75;15.75;5011681
15.78;15.89;15.53;15.59;5601510
15.64;16.15;15.64;16.14;6661719
16;16.28;15.93;16.2;6212697
16.29;16.36;15.85;15.88;9750363
15.58;15.78;15.52;15.7;5700135
15.84;15.87;15.46;15.49;5412568
15.64;15.67;15.24;15.29;5214959
15.25;15.3;15.14;15.23;3387199
15.17;15.25;15.05;15.16;2586671
15.17;15.52;15.17;15.26;4618811
15.34;15.34;15.05;15.12;4714252
14.95;15.09;14.89;15.06;6498039
15.33;15.33;15.05;15.21;5925749
15.52;15.63;15.27;15.32;17104621
15.23;15.23;15.12;15.19;4019332
15.15;15.41;15.13;15.29;3441560
15.16;15.27;15.08;15.19;3463243
15.01;15.05;14.71;14.76;8770407
14.94;14.98;14.72;14.82;5702905
14.92;14.92;14.65;14.85;5670662
14.9;14.94;14.7;14.77;4881418
14.92;14.92;14.66;14.72;3068819
14.73;14.82;14.63;14.71;4780489
14.78;14.78;14.37;14.4;7083093
14.4;14.44;14.13;14.13;4752793
14.14;14.42;14.09;14.4;4421435
14.52;14.56;14.3;14.35;3604435
14.28;14.33;14.24;14.26;2130673
14.22;14.32;14.15;14.31;315954
14.3;14.37;14.23;14.28;1855378
14.28;14.35;14.23;14.34;1757413
14.36;14.4;14.16;14.26;1789723
14.3;14.3;14.16;14.23;1183279
14.16;14.39;14.13;14.35;2605733
14.3;14.47;14.26;14.3;3304553
14.21;14.36;14.2;14.22;2865045
14.12;14.15;13.98;14.02;3763393
14;14.08;13.91;13.97;3887108
13.97;14.11;13.9;14.03;3576747
14.09;14.25;14.05;14.22;4730884
13.82;13.98;13.59;13.61;12772593
13.69;13.69;13.31;13.42;7339622
13.55;13.58;13.33;13.53;5788550
13.47;13.56;13.35;13.37;5992312
13.44;13.44;13.23;13.24;4009046
13.2;13.21;12.83;13.05;8768258
13.1;13.33;13.01;13.15;5501452
13.01;13.09;12.91;13.03;5145101
12.96;13.09;12.82;12.84;4051240
12.8;12.81;12.47;12.51;10029062
12.44;12.65;12.38;12.56;8063724
12.61;12.75;12.58;12.67;4082276
12.47;12.83;12.38;12.67;12660624
12.58;12.75;12.48;12.48;6204123
12.64;12.88;12.61;12.8;6173728
12.88;13.11;12.87;13.1;7713481
13.15;13.17;12.85;12.88;6621402
12.77;12.79;12.57;12.59;5158418
12.7;12.89;12.58;12.86;7047200
13.05;13.17;13.01;13.12;7720471
13.13;13.57;13.06;13.54;10091490
13.54;13.65;13.31;13.4;7654032
13.33;13.54;13.28;13.3;6118861
13.42;13.5;13.31;13.5;4817841
13.6;13.67;13.44;13.49;4887633
13.55;13.59;13.33;13.57;6503259
13.45;13.46;13.16;13.2;7063952
13.16;13.2;12.98;13;7238106
12.95;13;12.82;12.82;7183287
12.88;12.95;12.68;12.87;3981341
12.96;13.39;12.82;13.39;10619617
13.24;13.49;13.12;13.34;8992121
13.34;13.38;13.18;13.31;4792729
13.43;13.57;13.43;13.53;5740054
13.6;13.62;13.42;13.48;4559364
13.31;13.89;13.31;13.85;9303551
13.85;13.94;13.65;13.89;7209327
13.76;13.88;13.68;13.7;5423814
13.72;13.72;13.5;13.6;4748165
13.58;13.67;13.45;13.63;4306903
13.51;13.62;13.42;13.42;4773468
13.42;13.54;13.3;13.45;6444763
13.35;13.46;13.29;13.37;3261465
13.56;13.61;13.38;13.4;5359789
13.35;13.38;13.2;13.34;3321361
13.31;13.41;13.18;13.18;3331051
13.12;13.14;12.99;13.04;6614313
13.01;13.12;12.95;12.98;4104421
12.92;13.05;12.88;12.89;6370651
12.89;12.93;12.84;12.85;2780569
12.85;13.04;12.77;12.94;3921641
12.82;12.96;12.8;12.92;2786470
12.97;13.13;12.92;13.04;4056774
13.03;13.03;12.87;12.91;3932463
12.82;12.91;12.8;12.88;2355081
13.09;13.09;12.84;12.84;4224262
12.81;13.01;12.81;12.9;3990056
12.82;12.87;12.71;12.74;3130234
12.8;12.84;12.56;12.61;5249295
12.69;12.78;12.58;12.68;3820952
12.65;12.71;12.53;12.61;3463152
12.69;12.79;12.66;12.7;4615735
12.6;12.78;12.6;12.76;2498901
12.7;12.72;12.55;12.58;2600638
12.65;12.68;12.46;12.46;5507688
12.38;12.42;12.29;12.29;6282033
12.11;12.11;11.76;11.8;9908899
11.54;11.73;11.41;11.64;7915061
11.84;11.85;11.63;11.63;5575856
11.9;11.92;11.61;11.64;5942561
11.56;12.05;11.53;11.82;11006038
12.08;12.19;12.02;12.09;6535323
12.03;12.18;11.95;12.18;5734494
12.11;12.11;11.9;12.05;8735357
11.6;11.66;11.26;11.36;17079300
11.35;11.41;10.93;11.06;10365902
10.9;11.09;10.83;10.89;7202220
11;11.04;10.91;10.93;2155562
10.99;11.12;10.87;11.12;4561082
11.15;11.25;11.05;11.25;4557152
11.33;11.4;11.21;11.27;4290290
11.25;11.36;11.22;11.25;3342071
11.23;11.25;11.14;11.2;2683723
11.17;11.27;10.95;11;4811333
10.92;11.08;10.91;10.94;5484045
11.05;11.17;11;11.12;6567555
11.15;11.59;11.11;11.59;11179983
11.57;11.82;11.49;11.64;12296182
11.75;11.77;11.47;11.54;6397410
11.56;11.86;11.5;11.86;5466539
11.94;11.96;11.77;11.84;4523133
11.78;11.84;11.72;11.76;3586230
11.83;11.9;11.68;11.76;4473011
11.77;11.77;11.56;11.65;5824195
11.65;11.72;11.59;11.62;5311847
11.66;12.07;11.66;12.04;10496156
12.15;12.29;12.09;12.2;12842146
12.18;12.35;12.12;12.26;1860464
12.44;12.75;12.34;12.55;14371896
12.62;13;12.62;13;13113062
12.94;13.02;12.85;12.93;6542097
13.03;13.05;12.73;12.8;6746895
12.67;12.72;12.47;12.5;5490281
12.63;12.83;12.54;12.76;5356651
12.9;13.25;12.88;13.07;15211449
13.01;13.08;12.92;13;5073763
13.19;13.3;12.95;13.13;7632546
13.26;13.32;13.08;13.22;3995564
13.18;13.38;13.12;13.38;6733178
13.36;13.38;13.13;13.13;6643155
13.28;13.32;13.17;13.28;3306767
13.35;13.49;13.29;13.34;5899588
13.29;13.3;13.07;13.18;3742362
13.18;13.34;13.17;13.26;3984714
13.34;13.49;13.34;13.4;6498583
13.44;13.71;13.44;13.6;5787591
13.39;13.43;13.21;13.22;4958320
13.07;13.1;12.89;12.93;3832212
13.01;13.07;12.9;13.03;2797356
13.22;13.5;13.15;13.46;9894027
13.35;13.54;13.26;13.26;3531517
13.2;13.37;13.17;13.33;2039544
13.36;13.37;13.23;13.29;1586258
13.3;13.36;13.12;13.28;2784119
13.39;13.5;13.36;13.5;4647812
13.37;13.39;12.58;13.13;11204210
13.36;13.7;13.36;13.68;9613309
13.85;14.17;13.85;14.11;7430421
14.2;14.26;13.98;14.16;4361413
14.19;14.4;14.18;14.38;7017807
14.55;15.17;14.55;14.8;15662122
14.92;14.92;14.64;14.77;4590624
14.71;14.76;14.51;14.53;3425868
14.71;14.97;14.62;14.91;6143813
14.72;14.98;14.66;14.92;7150747
15.03;15.17;14.67;14.74;11635107
14.61;14.8;14.61;14.7;4302973
14.71;14.79;14.52;14.59;4288967
14.65;14.92;14.52;14.77;5644747
14.45;14.83;14.38;14.38;12779963
14.5;14.61;14.25;14.25;5732628
14.4;14.46;14.17;14.21;5048651
14.24;14.32;14.08;14.11;3658961
14.15;14.47;14.15;14.43;4469481
14.45;14.51;14.29;14.36;3870120
14.28;14.35;13.96;14;5244890
13.9;14.05;13.78;13.8;4314782
13.88;13.99;13.83;13.86;2793969
13.83;13.99;13.81;13.94;2510006
14.11;14.26;14.04;14.05;5289411
13.95;14.03;13.75;13.76;5801183
13.75;13.8;13.58;13.6;3966706
13.64;13.64;13.51;13.53;1399997
13.66;13.83;13.49;13.49;6005639
13.47;13.81;13.47;13.76;4553950
13.81;13.86;13.62;13.66;3009243
13.71;13.88;13.63;13.85;3486476
13.92;13.92;13.77;13.85;2115452
13.87;13.87;13.71;13.73;2417020
13.73;13.74;13.49;13.67;3512637
13.53;13.6;13.41;13.55;3772499
13.52;13.64;13.34;13.35;2878332
13.22;13.43;13.17;13.38;2306959
13.5;13.61;13.3;13.3;3768117
13.27;13.43;13.27;13.32;5808067
13.4;13.46;13.24;13.27;2782114
13.25;13.33;13.01;13.02;5250909
13.01;13.2;13.01;13.15;1593846
13.16;13.34;13.14;13.31;3553570
13.5;13.98;13.5;13.94;12721079
14;14.17;13.88;14;5193591
14.15;14.28;14.11;14.18;7552132
14.3;14.32;14.09;14.22;3730294
14.2;14.47;13.98;14.38;8237331
14.4;14.52;14.31;14.37;4245995
14.24;14.32;14.17;14.23;3515439
14.07;14.23;14.07;14.16;5656753
14.12;14.38;14.05;14.27;3387845
14.26;14.34;14.14;14.31;4142426
14.17;14.22;13.9;13.93;5284702
13.78;13.88;13.6;13.6;5376213
13.7;13.74;13.56;13.69;3209937
13.81;14.08;13.81;14.08;3698467
13.96;14.02;13.83;13.86;3488780
13.86;14.08;13.83;14.05;3813583
14.02;14.02;13.84;13.85;4084145
14.2;14.32;14.07;14.31;6113549
14.35;14.73;14.35;14.73;5254430
14.81;14.82;14.59;14.67;5657478
14.5;14.62;14.31;14.31;4669608
14.05;14.22;13.85;14.18;6405879
14.13;14.35;14.11;14.27;3176789
14.39;14.43;13.88;13.97;6056375
13.92;14.14;13.85;13.85;4676297
13.79;13.85;13.56;13.6;7866584
13.6;13.79;13.51;13.7;5890811
13.94;14.06;13.78;14.03;6860414
14;14.03;13.84;13.87;3212489
13.91;13.95;13.64;13.69;3095942
13.45;13.54;13.38;13.43;5323923
13.78;13.87;13.54;13.58;5911991
13.41;13.91;13.41;13.82;6259040
13.81;13.98;13.71;13.88;3087341
14.04;14.06;13.71;13.74;4264630
13.65;14.06;13.56;13.89;6594475
13.79;13.79;13.47;13.48;3954214
13.46;13.51;13.21;13.33;4814067
13.61;13.75;13.52;13.73;3180308
13.61;13.69;13.49;13.49;3102198
13.53;13.72;13.4;13.66;4369718
13.8;14.16;13.78;14.15;6358648
14.1;14.2;13.96;14.09;3601174
14.16;14.25;14.02;14.03;3845054
14.12;14.15;13.89;13.98;5144722
14.04;14.48;13.98;14.45;6456758
14.49;14.72;14.47;14.54;7697724
14.89;15.05;14.82;15.03;9768299
14.98;15;14.8;14.85;4200803
14.94;15.02;14.78;14.91;4460381
14.89;14.89;14.62;14.63;3971847
14.74;14.82;14.61;14.63;3789576
14.87;14.94;14.75;14.79;4492748
14.85;14.85;14.69;14.75;3298716
14.65;14.67;14.55;14.63;5435424
14.75;14.86;14.71;14.86;4497643
14.87;15.03;14.85;14.89;6070117
14.97;14.97;14.81;14.88;3020151
14.99;15.19;14.84;14.85;7485479
14.83;15.03;14.65;14.85;3194310
14.8;14.98;14.76;14.98;5402108
15.05;15.59;15.02;15.51;9320646
15.79;15.79;15.47;15.52;5900431
15.65;15.81;15.43;15.53;6194774
15.56;15.74;15.51;15.74;3806859
15.64;15.7;15.53;15.58;4286449
15.42;15.7;15.42;15.69;3864056
15.5;15.62;15.45;15.53;3882753
15.65;15.77;15.65;15.72;4147453
15.63;15.72;15.57;15.64;2138890
15.73;15.73;15.34;15.37;5770649
15.45;15.48;15.33;15.34;3976620
15.37;15.56;15.31;15.38;5068516
15.43;15.54;15.37;15.51;2479188
15.39;15.41;15.16;15.23;6175094
15.28;15.48;15.23;15.43;3668387
15.4;15.45;15.33;15.45;2298027
15.5;15.68;15.32;15.36;3818086
15.4;15.45;15.34;15.41;1954014
15.31;15.36;15.21;15.25;1582283
15.26;15.33;15.22;15.3;1290870
15.25;15.27;15.16;15.17;1264847
15.16;15.28;15.16;15.24;930950
15.28;15.41;15.25;15.34;4217519
15.56;15.7;15.43;15.55;3938413
15.61;15.85;15.59;15.75;6263715
15.84;16.25;15.8;16.19;8618563
16.23;16.34;16.2;16.33;5182601
16.33;16.42;16.09;16.34;6761506
16.47;16.56;16.29;16.35;7499374
16.48;16.48;16.22;16.38;4292738
16.26;16.3;16.02;16.11;5023053
16.01;16.15;15.95;16.04;3537659
15.83;15.94;15.71;15.71;6194467
15.1;15.5;15.03;15.42;11903772
15.75;15.82;15.55;15.75;5169800
15.8;15.87;15.28;15.3;5811663
15.06;15.67;15.03;15.54;6284751
15.61;15.73;15.38;15.69;6635284
15.91;15.97;15.21;15.3;13354728
15.32;15.54;15.24;15.48;9020752
15.74;15.81;15.46;15.51;7566670
15.47;15.59;15.29;15.36;5056253
15.36;15.44;15.13;15.2;5704035
15.04;15.36;15;15.26;3992332
15.35;15.43;15.02;15.04;5037869
15.11;15.21;14.92;15.03;5612926
15.06;15.14;14.81;14.88;4307139
15;15.15;14.89;15.05;6059781
14.99;15.19;14.95;15.07;4433898
15.2;15.33;15.15;15.33;4950757
15.25;15.28;14.9;14.9;5368402
14.9;14.92;14.77;14.92;6207807
14.89;14.94;14.74;14.9;3703036
14.75;14.8;14.62;14.66;7775064
14.8;14.95;14.75;14.95;6585729
14.98;15.02;14.78;14.84;4499357
14.76;14.8;14.67;14.71;1890926
14.7;14.86;14.44;14.46;5682744
14.42;14.44;14.25;14.4;9714654
14.48;14.51;14.22;14.29;5006017
14.26;14.49;14.22;14.4;5545156
14.45;14.59;14.44;14.5;3847425
14.43;14.48;14.23;14.25;5738753
14.21;14.72;14.11;14.67;7909654
14.9;15.03;14.7;14.79;10345448
14.73;14.88;14.37;14.63;9192923
14.73;14.79;14.46;14.55;3716302
14.35;14.4;14.24;14.3;5972126
14.29;14.29;13.98;14.13;6156985
14.21;14.29;14.12;14.17;5333164
14.12;14.31;13.99;14.26;5322775
14.27;14.3;14.05;14.11;4981834
14.01;14.4;14;14.35;4561916
14.52;14.65;14.46;14.52;8025730
14.54;14.56;14.38;14.46;3034647
14.59;14.77;14.49;14.6;11536687
14.75;14.8;14.54;14.6;5479157
14.56;14.85;14.4;14.85;7125179
14.59;14.85;14.59;14.72;6335635
14.8;15.22;14.63;15.22;12034476
15.11;15.36;15.04;15.16;6370372
15.18;15.42;15.02;15.06;6083259
15.07;15.13;14.74;14.78;4341235
14.76;14.91;14.63;14.8;3665124
14.9;15.28;14.79;15.23;13518031
15.21;15.49;15.12;15.26;8832084
15.36;15.45;15.24;15.42;3772853
15.36;15.44;15.27;15.43;6655833
15.22;15.4;15.16;15.23;5299781
15.33;15.55;15.3;15.55;6683209
15.57;15.67;15.31;15.37;4261944
15.45;15.55;15.35;15.47;3970939
15.34;15.45;14.96;14.96;10785119
15;15.22;14.81;15.14;4634854
15.15;15.35;14.97;15.1;3828949
15.01;15.04;14.83;14.9;4410515
15.22;15.29;15.1;15.2;6149813
15.23;15.63;15.09;15.6;9521667
15.56;15.68;15.46;15.56;4563851
15.34;15.58;15.34;15.55;4195369
15.64;15.78;15.63;15.73;5197900
15.93;15.97;15.1;15.12;15424824
15.15;15.21;14.77;14.93;10270051
14.93;14.93;14.51;14.57;7766910
14.57;14.92;14.47;14.72;4707475
14.72;14.85;14.48;14.48;5849593
14.61;14.69;14.49;14.58;3266877
14.57;14.6;14.41;14.45;5600051
14.5;14.59;14.42;14.51;3339764
14.55;14.59;14.2;14.25;5905608
14.2;14.24;14;14;8868379
14.01;14.27;13.8;13.8;8273916
13.7;13.79;13.42;13.5;10002136
13.43;13.69;13.28;13.53;8505142
13.57;13.67;13.33;13.35;5977644
13.41;13.49;12.84;12.84;9761260
12.89;13.13;12.65;12.8;9884667
12.85;13.02;12.68;12.75;8720885
12.77;12.91;12.49;12.52;7308167
12.68;12.98;12.65;12.86;9124373
12.75;12.9;12.6;12.8;6446901
12.84;12.92;12.66;12.84;2554663
12.95;13.02;12.84;12.9;4077163
12.95;12.99;12.87;12.94;1234992
12.95;12.95;12.52;12.55;5490739
12.49;12.76;12.36;12.72;6088992
12.75;12.84;12.65;12.82;4121345
13.05;13.11;12.75;12.79;9448882
12.83;12.86;12.66;12.66;3468729
12.49;12.56;12.22;12.26;5881302
12.31;12.46;12.12;12.39;7427562
12.12;12.2;11.99;12.01;8224893
12.27;12.4;12.2;12.25;8800795
12.2;12.32;12.05;12.07;7543949
11.94;12.06;11.82;11.92;7583878
11.95;12.12;11.85;12.08;6216868
12.19;12.41;12.15;12.37;5449356
12.6;12.62;12.21;12.26;7293603
12.43;12.68;12.33;12.49;7758676
12.42;12.57;12.36;12.54;4100259
12.55;12.66;12.43;12.62;4933831
12.72;12.77;12.47;12.59;2792120
12.56;12.63;12.48;12.58;2480268
12.6;12.66;12.45;12.48;2443733
12.55;12.58;12.21;12.23;3419314
12.13;12.44;12.02;12.3;6609446
12.48;12.52;12.35;12.48;3539695
12.63;12.68;12.51;12.59;3470033
12.61;12.7;12.49;12.7;2190344
12.73;12.82;12.62;12.81;1283569
12.76;12.79;12.5;12.55;3364037
12.55;12.7;12.52;12.69;3995718
12.6;12.6;12.2;12.25;5290238
12.25;12.32;12.11;12.2;4041076
12.13;12.13;11.86;11.91;5717341
12.02;12.11;11.85;11.89;2871904
11.74;11.78;11.62;11.76;6434421
11.64;11.85;11.56;11.65;4095250
11.73;11.77;11.5;11.68;5943978
11.63;11.86;11.63;11.77;6354896
11.86;12.37;11.85;12.35;9092248
12.51;12.54;12.2;12.23;6630700
12.06;12.11;11.75;11.77;8042534
11.78;12.13;11.78;12.04;4878100
12.23;12.59;11.95;12;6519248
11.94;11.98;11.56;11.63;11607258
11.7;11.73;11.53;11.59;7498688
11.53;11.62;11.34;11.55;6702754
11.6;11.69;11.47;11.67;3938211
11.69;11.7;11.45;11.48;4456320
11.51;11.62;11.44;11.62;3823656
11.61;11.62;11.38;11.53;2976502
11.69;11.84;11.55;11.83;5849166
11.69;11.73;11.6;11.66;2339920
11.71;11.75;11.58;11.65;1844736
11.64;11.89;11.62;11.87;3253504
11.74;11.82;11.62;11.8;2586220
11.83;11.85;11.59;11.65;2486975
11.69;11.84;11.69;11.81;1838097
11.76;12.48;11.76;12.29;7448909
12.2;12.47;12.17;12.47;9082815
12.52;12.84;12.52;12.79;7009275
12.82;12.88;12.66;12.78;5626498
12.74;12.77;12.53;12.59;4162912
12.64;12.69;12.48;12.63;4428172
12.55;12.59;12.4;12.44;4006880
12.38;12.57;12.33;12.48;3583093
12.44;12.59;12.38;12.52;1863217
12.51;12.76;12.4;12.7;2659902
12.75;13.04;12.7;12.96;5089191
13.07;13.2;12.92;13.14;6999763
13.1;13.1;12.84;12.85;6138726
12.82;12.9;12.7;12.76;3636477
12.87;12.88;12.74;12.8;2589202
12.84;12.85;12.53;12.68;4882379
12.74;12.76;12.52;12.58;3337958
12.52;12.56;12.35;12.4;5155116
12.47;12.56;12.36;12.52;2555418
12.48;12.77;12.43;12.75;7887371
12.83;13.31;12.77;13.31;13459487
13.4;13.41;13.18;13.28;5249359
13.28;13.31;12.97;13.05;7391158
12.88;13.32;12.87;13.3;11195814
13.33;13.33;13.04;13.18;3957656
13.2;13.27;13.02;13.11;4164500
13.14;13.42;13.13;13.37;5741081
13.37;13.48;13.2;13.35;5553490
13.19;13.27;12.91;12.94;6161704
12.98;13.07;12.84;12.99;4833107
13.17;13.34;13.14;13.31;7497553
13.4;13.45;13.19;13.34;4877687
13.48;13.82;13.46;13.75;12713233
13.85;13.91;13.59;13.67;5414725
13.71;13.75;13.41;13.49;4835806
13.35;13.44;13.22;13.43;5288486
13.49;13.6;13.41;13.59;4100399
13.69;13.75;13.51;13.51;3850933
13.5;13.53;13.32;13.39;3780058
13.37;13.48;13.27;13.47;3479270
13.5;13.62;13.45;13.5;4376064
13.45;13.93;13.39;13.8;7201773
13.94;14.13;13.88;13.94;8261807
14.11;14.17;13.94;13.96;5660093
14;14.08;13.87;14.02;4630826
14.05;14.24;13.83;13.85;8837780
13.87;14.09;13.72;13.77;5368609
13.65;13.85;13.57;13.71;8518456
13.89;13.91;13.53;13.61;5426961
13.65;13.75;13.48;13.67;4950020
13.68;13.68;13.28;13.3;9713601
13.2;13.46;13.03;13.17;11796674
13.27;13.4;13.2;13.22;5799931
13.31;13.39;13.28;13.34;4937430
13.14;13.33;13.12;13.28;3395387
13.23;13.63;13.21;13.55;6571604
13.5;13.59;13.4;13.44;3658848
13.35;13.4;13.2;13.28;4328622
13.33;13.43;13.24;13.32;3780796
13.39;13.54;13.33;13.54;4195794
13.58;13.87;13.55;13.86;7720495
13.79;13.89;13.63;13.8;5574488
13.86;13.93;13.72;13.87;5433296
13.79;13.85;13.64;13.64;2823916
13.68;13.81;13.6;13.79;3684535
13.84;13.9;13.73;13.8;4786275
14.04;14.24;13.98;14.24;7688767
14.22;14.39;14.13;14.31;6777283
14.38;14.42;14.09;14.11;5800842
14.08;14.32;13.97;14.31;4429615
14.26;14.38;14.16;14.22;3623148
14.33;14.45;14.24;14.35;4176124
14.43;14.44;14.21;14.25;2723685
14.24;14.26;13.93;14.03;9216565
14.02;14.15;13.9;13.91;4954138
13.85;14.02;13.69;13.82;8425202
13.84;13.93;13.7;13.83;5832017
13.79;13.91;13.62;13.62;4452211
13.69;13.77;13.38;13.46;6365142
13.52;13.66;13.4;13.62;4270973
13.67;13.71;13.45;13.62;5756883
13.59;13.72;13.53;13.66;3189994
13.64;13.86;13.55;13.74;5342493
13.63;13.82;13.53;13.79;5253325
13.85;13.96;13.75;13.81;5127320
13.63;13.78;13.63;13.72;4205820
13.68;14.23;13.66;14.23;11626270
14.22;14.36;14.01;14.1;8995746
14.17;14.25;14.07;14.22;6390650
14.17;14.22;14.09;14.15;4788875
14.03;14.07;13.9;13.96;4565203
14.05;14.11;13.95;14;4106071
13.99;14.14;13.98;14.06;3411933
14;14.03;13.93;13.96;2480461
14.04;14.11;14;14.11;1664792
14.1;14.11;13.99;14.07;1808222
14.01;14.1;14.01;14.07;911784
14.18;14.22;14.07;14.1;2432600
14.08;14.15;13.97;14.14;4934720
14.03;14.27;13.96;14.2;3319358
14;14.35;14;14.14;9763576
14.15;14.59;14.15;14.53;8047930
14.6;14.76;14.53;14.53;8344666
14.52;14.79;14.45;14.65;6195975
14.76;14.83;14.59;14.76;4521486
14.76;14.77;14.54;14.6;3642545
14.71;14.73;14.62;14.65;2158961
14.94;15;14.81;14.9;10100753
14.84;14.88;14.6;14.66;5275462
14.64;14.75;14.38;14.45;4711444
14.39;14.45;14.25;14.4;6599180
14.43;14.47;14.07;14.1;5507838
14.11;14.2;13.96;14.08;6432183
13.69;14.14;13.57;14.03;12612522
14.05;14.45;14.01;14.38;7734031
14.5;14.53;14.32;14.46;8961642
14.47;14.52;14.4;14.45;4294089
14.41;14.48;14.31;14.39;3319936
14.3;14.37;14.23;14.27;3589673
14.38;14.43;14.25;14.25;3472145
14.34;14.35;14.15;14.19;4230984
14.13;14.52;14.13;14.46;6158156
14.42;14.58;14.35;14.41;4584964
14.47;14.77;14.44;14.73;5626267
14.69;14.74;14.54;14.58;4315211
14.73;14.91;14.67;14.73;6128096
14.6;14.66;14.51;14.53;4006239
14.63;14.65;14.38;14.44;4193176
14.52;14.59;14.44;14.57;3554756
14.58;14.62;14.43;14.54;4443656
14.55;14.71;14.47;14.63;5378170
14.67;14.75;14.59;14.7;2739937
14.83;14.86;14.57;14.73;4363718
14.73;14.76;14.51;14.52;4062679
14.54;14.78;14.54;14.72;4359988
14.98;15.16;14.94;15.16;9269254
15.2;15.31;15.14;15.2;5108134
15.09;15.14;14.6;14.62;8080044
14.38;14.77;14.31;14.67;8641140
14.61;14.75;14.12;14.4;10720966
14.4;14.48;14.22;14.32;5884318
14.03;14.33;14.02;14.23;8645246
14.39;14.42;14.18;14.24;5466157
14.26;14.32;14.12;14.19;4328395
14.21;14.53;14.2;14.5;5877200
14.56;14.72;14.43;14.55;5119152
14.65;14.68;14.46;14.51;4133630
14.52;14.69;14.43;14.51;6112380
14.28;14.42;14.22;14.22;6149695
14.46;14.46;14.22;14.3;3885203
14.28;14.34;14.17;14.27;4927240
14.35;14.37;14.15;14.27;4998458
14.24;14.36;14.13;14.33;5049057
14.21;14.38;14.19;14.24;4241589
14.42;14.45;14.28;14.28;5348755
14.28;14.46;14.26;14.41;3132858
14.46;14.47;14.24;14.29;2846372
14.44;14.64;14.44;14.57;5316174
14.47;14.55;14.37;14.41;4520318
14.5;14.59;14.41;14.41;3709670
14.38;14.56;14.38;14.41;3111121
14.38;14.51;14.34;14.44;4410470
14.46;14.64;14.46;14.61;2605845
14.7;14.86;14.62;14.86;5777431
14.86;14.92;14.73;14.83;2313141
14.89;14.92;14.76;14.81;3044203
14.9;14.96;14.68;14.69;2947611
14.65;15.19;14.64;15.15;7912668
15.21;15.25;14.96;15;4089497
15.17;15.32;15.09;15.32;4394090
15.19;15.4;15.09;15.25;4872291
15.29;15.34;15.09;15.13;5729607
14.88;14.97;14.76;14.82;9808891
14.98;15.02;14.9;14.99;5728230
15.06;15.1;14.78;14.78;3831849
14.97;15.22;14.89;15.1;6553526
14.82;15.19;14.58;14.69;14761549
14.75;14.78;14.36;14.41;8338136
14.5;14.52;14.28;14.39;5534083
14.33;14.45;14.31;14.4;2896308
14.43;14.48;14.28;14.32;4210895
14.42;14.42;14.24;14.33;4296695
14.4;14.67;14.32;14.63;5577957
14.65;14.69;14.5;14.55;1621152
14.59;14.62;14.41;14.47;4843693
14.55;14.66;14.37;14.48;5344334
14.65;14.67;14.46;14.49;6540449
14.35;14.42;14.27;14.34;4799939
14.4;14.62;14.26;14.51;5128648
14.54;14.6;14.43;14.58;6256936
14.51;14.55;14.29;14.31;4277868
14.38;14.43;14.32;14.39;2207356
14.41;14.91;14.41;14.91;9186979
14.75;14.91;14.72;14.85;6163655
14.85;15.61;14.78;14.99;23123542
14.96;15.04;14.77;14.78;9006223
14.65;14.75;14.48;14.51;7342298
14.48;14.54;14.41;14.48;7024523
14.42;14.52;14.42;14.47;584866
14.55;14.58;14.47;14.5;4256711
14.39;14.4;14.27;14.35;5776023
14.52;14.53;14.32;14.35;5474744
14.42;14.47;14.25;14.38;6086120
14.46;14.46;14.25;14.35;3286563
14.32;14.36;14.15;14.2;5078939
14.18;14.26;13.91;13.97;5075051
14.09;14.09;13.82;13.95;8277288
13.89;14.19;13.85;14.1;5816933
14.24;14.35;14.16;14.23;4738966
14.1;14.18;14;14.03;3848523
14.05;14.16;14;14.12;6108747
14.23;14.25;14.11;14.19;4718988
14.28;14.5;14.22;14.4;8010533
14.49;14.61;14.42;14.55;4236903
14.48;14.5;14.33;14.35;4441027
14.32;14.52;14.29;14.4;4520521
14.3;14.47;14.23;14.37;3935185
14.43;14.54;14.32;14.34;4175442
14.28;14.33;14.18;14.31;2950637
14.3;14.36;14.17;14.22;4273535
14.18;14.34;14.14;14.26;2637699
14.33;14.39;14.19;14.31;3467687
14.31;14.35;14.21;14.35;2488264
14.19;14.34;14.18;14.32;2407509
14.35;14.55;14.33;14.52;4160632
14.5;14.57;14.43;14.49;2398475
14.46;14.51;14.31;14.36;3984276
14.4;14.45;14.32;14.43;3011073
14.55;14.55;14.45;14.5;3528860
14.55;14.57;14.3;14.35;3473100
14.18;14.43;14.18;14.34;4938679
14.36;14.48;14.27;14.46;3591014
14.63;14.64;14.45;14.48;2696634
14.47;14.57;14.33;14.37;2322770
14.25;14.37;14.18;14.29;3095063
14.14;14.19;13.99;14.04;5967890
14.08;14.42;14.06;14.34;4906411
14.37;14.38;14.06;14.06;5704726
14.01;14.18;14;14.08;3929370
14;14.06;13.7;13.71;5627287
13.35;13.36;12.81;12.83;15291948
12.79;12.89;12.32;12.48;12727415
12.46;12.75;12.39;12.66;10017472
12.6;12.72;12.48;12.62;7718319
12.79;12.79;12.49;12.72;8940943
12.47;12.75;12.47;12.64;8574437
12.71;12.82;12.53;12.58;6496598
12.6;12.61;12.3;12.38;5121687
12.25;12.48;12.14;12.34;6040426
12.49;12.49;12.19;12.29;4552651
12.56;13.01;12.44;12.99;14511912
12.95;13.15;12.81;13.11;8415978
12.84;12.93;12.53;12.56;8834373
12.74;12.74;12.48;12.58;6089559
12.48;12.73;12.37;12.6;3661167
12.36;12.41;12.21;12.33;4380584
12.15;12.38;11.96;12.01;9757337
12.06;12.37;11.85;12.19;7535120
12.26;12.32;12.11;12.31;3300394
12.29;12.43;12.18;12.39;3987836
12.41;12.48;12.36;12.44;3384243
12.52;12.67;12.35;12.36;3200292
12.3;12.48;12.3;12.43;1797477
12.5;12.52;12.34;12.4;1702976
12.33;12.38;12.08;12.15;2842080
12.04;12.3;12.04;12.25;2934793
12.38;12.65;12.37;12.65;5924606
12.75;12.89;12.68;12.78;5483928
12.9;12.91;12.73;12.81;2029927
12.71;13.02;12.68;13.02;5186037
12.93;13.04;12.76;12.79;4083457
12.91;12.99;12.78;12.96;3717813
12.92;13.1;12.58;12.59;6381959
12.57;12.82;12.47;12.53;6044863
12.64;12.76;12.48;12.53;4252555
12.53;12.54;12.3;12.43;3334567
12.29;12.35;11.89;12.06;8290519
12.01;12.09;11.89;12.03;4183610
12.03;12.03;11.65;11.66;6529990
11.58;11.89;11.58;11.84;5352207
12.04;12.07;11.79;11.96;6442921
11.86;11.93;11.78;11.81;4609834
11.79;11.85;11.65;11.67;6070644
11.75;11.8;11.58;11.75;4296858
11.79;11.79;11.64;11.74;3993309
11.82;11.88;11.7;11.8;4593811
11.8;11.85;11.65;11.7;4972699
11.72;11.89;11.68;11.79;4938752
11.75;11.86;11.69;11.81;2409411
11.99;12.03;11.64;11.74;7302727
11.75;11.77;11.4;11.61;5010556
11.5;11.55;11.41;11.48;7109673
11.45;11.57;11.37;11.56;5433942
11.51;11.59;11.41;11.49;2431605
11.56;11.81;11.49;11.72;5484695
11.75;11.86;11.71;11.78;4840816
11.8;12.03;11.75;11.88;6083745
11.72;11.86;11.57;11.82;4633870
11.83;11.86;11.61;11.65;2472102
11.64;11.65;11.47;11.64;4723317
11.75;11.87;11.69;11.73;5573201
11.74;11.82;11.48;11.48;6516570
11.44;11.61;11.35;11.35;4706369
11.12;11.3;11.11;11.15;6209791
11.25;11.43;11.24;11.32;6445380
12.14;12.19;11.86;11.95;20677472
12.08;12.15;11.97;12.04;11155302
12.1;12.14;11.93;11.94;5783809
12.02;12.05;11.92;11.95;4396574
11.94;11.96;11.74;11.81;4654592
11.8;11.83;11.73;11.81;4568768
11.76;11.78;11.53;11.63;4873115
11.62;11.74;11.56;11.66;6707147
11.61;11.86;11.61;11.83;5517097
11.9;11.94;11.65;11.7;5162611
11.73;11.8;11.48;11.61;5767497
11.49;11.71;11.46;11.6;5442099
11.51;11.64;11.24;11.33;7102303
11.27;11.55;11.27;11.52;4798977
11.4;11.52;11.4;11.47;3022566
11.52;11.64;11.44;11.47;5159384
11.44;11.49;11.32;11.37;4118775
11.37;11.42;11.12;11.23;8152743
11.16;11.26;10.87;10.9;8687400
10.97;11.03;10.48;10.72;9061740
10.55;10.55;10.03;10.21;11586490
10.25;10.29;10.08;10.18;3589205
10.16;10.3;10.12;10.26;3367407
10.36;10.45;10.23;10.26;4666485
10.09;10.34;10.07;10.29;6481739
10.34;10.5;10.24;10.45;5450341
10.53;10.58;10.38;10.48;4000525
10.49;10.59;10.42;10.49;4645554
10.43;10.57;10.4;10.49;4011107
10.39;10.44;10.21;10.3;7810223
10.37;10.67;10.3;10.62;5862976
10.74;10.79;10.53;10.62;4661366
10.67;10.77;10.63;10.66;3584762
10.59;10.72;10.55;10.65;4265009
10.81;10.83;10.42;10.58;7463935
10.52;10.79;10.46;10.64;6067741
10.55;10.61;10.38;10.42;4101688
10.43;10.5;10.31;10.4;3843899
10.3;10.39;10.17;10.19;3528653
10.2;10.31;10.11;10.16;3924790
10.17;10.25;10.1;10.13;2765850
10.19;10.23;10.07;10.08;3100757
10.24;10.25;10.02;10.17;11049270
10.08;10.13;9.87;9.87;2282226
9.95;10;9.81;9.91;3424983
9.8;9.91;9.78;9.85;2740655
9.99;9.99;9.7;9.8;793841
9.79;9.89;9.61;9.64;4242781
9.6;9.6;9.41;9.47;5349185
9.44;9.44;9.04;9.06;8344524
9.05;9.11;8.71;8.95;9125355
8.98;9.08;8.83;8.96;5793519
8.86;8.89;8.63;8.65;7461026
8.76;8.77;8.43;8.49;8709014
8.44;8.49;8.22;8.27;7809013
8.18;8.66;8.16;8.63;8036257
8.6;8.74;8.23;8.25;7283553
8;8.36;7.85;8.19;14227523
8.46;8.59;8.37;8.43;11093287
8.57;8.58;8.35;8.39;5985869
8.26;8.45;7.97;8.05;11920622
7.76;8.28;7.55;8.12;13208730
8.58;8.58;7.88;7.97;12055799
8.4;8.46;8.18;8.44;12680767
8.58;8.67;8.4;8.44;7737218
8.32;8.41;8.23;8.3;6154675
8.41;8.48;8.34;8.48;5662255
8.38;8.54;8.35;8.39;5481341
8.36;8.41;8.18;8.34;6110405
8.41;8.56;8.3;8.45;7069328
8.51;8.68;8.47;8.66;8293216
8.52;8.59;8.25;8.27;7395307
8.2;8.41;8.17;8.38;8092728
8.25;8.29;7.94;8.01;9980759
8.09;8.16;7.88;7.95;7438683
7.83;7.98;7.74;7.94;6847469
8.04;8.15;7.83;8.14;7135486
8.05;8.43;8.02;8.4;10518699
8.49;8.63;8.48;8.56;10568161
8.49;8.51;8.19;8.24;10792722
8.27;8.49;8.24;8.44;4500539
8.43;8.54;8.26;8.39;4818827
8.24;8.32;8.19;8.29;6666874
8.4;8.53;8.32;8.42;6585599
8.33;8.38;8.15;8.25;7129589
8.32;8.37;8.2;8.27;5205306
8.28;8.41;8.24;8.39;4395352
8.72;8.73;8.49;8.57;12697374
8.47;8.57;8.26;8.28;7207586
8.18;8.25;7.95;8;10413815
7.87;7.92;7.74;7.76;6552414
7.76;7.79;7.38;7.42;9417868
7.52;7.63;7.49;7.6;5775713
7.57;7.58;7.27;7.28;6720486
7.2;7.27;7.05;7.15;8356759
7.11;7.16;6.97;7.03;5667989
6.95;7.15;6.87;7;8156776
7.15;7.15;7.02;7.05;4749046
6.91;6.95;6.74;6.86;6750181
6.88;7;6.66;6.77;5596409
6.57;6.64;6.43;6.43;8622185
6.51;6.56;6.45;6.5;8418227
6.59;6.59;6.21;6.38;9319695
6.32;6.7;6.3;6.53;11273505
6.88;6.97;6.77;6.91;7972809
6.85;6.87;6.69;6.74;4598430
6.7;6.8;6.6;6.67;6299690
6.65;6.82;6.62;6.63;4788713
6.56;6.84;6.56;6.74;8185836
6.68;7.13;6.66;7.11;8113266
7.28;7.51;7.16;7.46;12019416
7.47;7.47;7.12;7.16;7200483
7.19;7.3;7.15;7.29;7546043
7.37;7.38;7.29;7.35;8142634
7.19;7.24;7.09;7.22;10007546
7.1;7.21;7.07;7.08;5792764
7.02;7.11;6.85;7.09;12721506
7.19;7.25;6.75;6.82;12422105
6.72;6.8;6.6;6.78;5449377
6.7;6.78;6.59;6.62;6691777
6.71;6.95;6.62;6.92;9152600
6.98;7.03;6.72;6.85;6465167
6.87;7.05;6.83;7;4893446
6.96;7.07;6.88;6.94;4544716
6.86;7;6.81;6.87;4217115
6.85;7.1;6.76;7.09;7437474
7.03;7.1;6.89;7.07;5944481
7.16;7.52;7.15;7.46;12725227
7.44;7.48;7.36;7.4;3473458
7.26;7.77;7.26;7.65;14308426
7.61;7.68;7.42;7.53;9016934
7.75;7.87;7.64;7.85;13604336
7.78;7.78;7.68;7.76;4261792
7.71;7.98;7.65;7.92;9091331
7.98;8.28;7.96;8.24;12380768
8.13;8.27;8.1;8.21;6039301
8.12;8.18;7.96;8.08;5769256
8.05;8.2;8;8.07;3751306
8.13;8.2;7.86;8.17;6929273
8.24;8.37;8.16;8.32;7309470
8.38;8.4;8.23;8.38;4635565
8.4;8.7;8.38;8.59;9800690
8.57;8.67;8.46;8.6;7037244
8.49;8.51;8.14;8.17;12928998
8.18;8.25;7.97;8.03;8740620
7.94;8.27;7.9;8.25;7394824
8.24;8.24;8.03;8.04;4482672
8.04;8.12;7.98;8;1835464
8.03;8.19;7.86;8.1;6406610
8.13;8.41;8.13;8.28;8238402
8.31;8.34;8.18;8.3;7910662
8.39;8.55;8.37;8.37;8604191
8.35;8.37;8.02;8.03;8889265
8.01;8.28;7.89;8.19;7005951
8.21;8.28;8.04;8.26;8647964
8.27;8.43;8.13;8.13;10708000
8.25;8.26;7.83;7.85;9538340
7.8;7.88;7.67;7.72;6836036
7.63;7.71;7.52;7.64;9661696
7.7;7.78;7.54;7.6;8578525
7.58;7.6;7.21;7.43;18991989
7.42;7.5;7.28;7.47;7216989
7.51;7.6;7.42;7.54;4923981
7.52;7.74;7.52;7.69;5075795
7.62;7.64;7.36;7.39;6538591
7.3;7.35;7.16;7.22;7884763
7.24;7.32;6.86;6.91;10840166
6.96;7.02;6.88;6.91;5583620
6.91;7;6.74;6.89;7171716
6.95;7.08;6.89;7.04;7740522
7;7.02;6.74;6.74;6641174
6.7;6.83;6.57;6.72;9238878
6.7;6.8;6.55;6.61;11634476
6.55;6.59;6.35;6.48;7098804
6.52;6.65;6.44;6.46;7082416
6.35;6.55;6.26;6.47;8696478
6.53;6.59;6.44;6.45;3437610
6.57;6.65;6.51;6.62;5614139
6.48;6.53;6.38;6.47;7359140
6.57;6.71;6.53;6.69;5713803
6.53;6.68;6.53;6.58;4722597
6.56;6.63;6.31;6.31;7564365
6.44;6.51;6.35;6.42;3638316
6.31;6.46;6.17;6.42;7580280
6.47;6.68;6.25;6.63;7939306
6.78;7.07;6.67;6.99;12542990
6.93;7.32;6.92;7.3;10686909
7.26;7.34;7.14;7.21;6394963
6.99;7;6.71;6.76;12508335
7.18;7.25;7;7.19;9785813
7.26;7.27;7.02;7.08;6128909
6.98;7.28;6.93;7.25;5719781
7.19;7.26;7.05;7.11;5833332
7;7.14;6.91;7.11;5721591
7.21;7.26;7.16;7.18;4062001
7.17;7.19;7.01;7.14;4586906
7.11;7.29;7.07;7.1;4050563
7.08;7.25;7.08;7.2;2933599
7.27;7.52;7.25;7.51;6464038
7.59;7.71;7.56;7.67;8934251
7.64;8.02;7.58;8;13924472
7.97;8.22;7.94;8.21;9963805
8.21;8.37;8.19;8.32;4520508
8.28;8.5;8.2;8.5;6504442
8.47;8.55;8.27;8.31;5551792
8.34;8.44;8.12;8.3;6189322
8.41;8.6;8.37;8.6;6381044
8.4;8.52;8.34;8.36;6801214
8.25;8.25;8.06;8.1;7742120
8.26;8.35;8.15;8.3;7036072
8.24;8.45;8.21;8.37;7759526
8.44;8.49;8.32;8.48;4726787
8.46;8.64;8.41;8.58;4071216
8.5;8.91;8.47;8.87;11016493
8.87;8.93;8.75;8.83;5487154
8.88;9.1;8.86;9.08;8690529
9.08;9.1;8.93;8.95;7699615
8.89;9.16;8.81;9.13;3422974
9.2;9.5;9.08;9.34;8703917
9.23;9.32;9.13;9.14;5636904
9.05;9.08;8.62;8.63;13638407
8.42;8.46;8.09;8.15;16823640
8.53;8.55;8.26;8.32;8368177
8.24;8.47;8.21;8.35;6701941
8.43;8.53;8.26;8.38;7561653
8.39;8.66;8.39;8.63;8801420
8.72;8.83;8.5;8.63;6775171
8.35;8.77;8.34;8.72;10221883
8.58;8.66;8.32;8.57;14267301
8.69;8.7;8.27;8.33;9936331
8.26;8.47;8.16;8.3;12926969
8.9;8.99;8.45;8.53;16317230
8.57;8.57;8;8.02;8945840
7.8;7.92;7.55;7.61;13974658
7.61;7.8;7.38;7.44;10653129
7.49;7.68;7.46;7.6;9096618
7.47;7.51;7.13;7.32;8567617
7.22;7.44;6.96;7.02;8813353
6.82;7.32;6.8;7.03;12647258
7.2;7.2;7.02;7.19;6052476
7.2;7.66;7.16;7.36;10885549
7.41;7.47;7.11;7.31;8765501
7.01;7.16;6.65;6.74;10978739
6.93;7.1;6.66;6.93;10923987
6.58;7.1;6.32;6.6;15070488
6.78;7.03;6.64;6.76;11777820
6.3;6.8;6.1;6.53;14966008
6.93;7.03;6.69;7;7368124
7.24;7.28;6.84;6.91;9479016
6.78;6.93;6.06;6.17;14734775
5.86;6.16;5.71;5.87;11123746
6.25;6.33;5.98;6.21;8996838
6.4;6.6;6.3;6.6;8909999
6.6;6.6;6.25;6.39;7913736
6.19;6.53;6.19;6.3;7436070
6.34;6.38;6.07;6.26;5610984
5.97;6.14;5.75;6.14;7327514
6;6.13;5.86;6.04;5354793
6.23;6.42;6.09;6.29;5261624
6.48;6.7;6.34;6.51;9078573
6.84;6.84;6.1;6.26;6936437
6.2;6.47;6.1;6.4;6433349
6.49;6.68;6.45;6.65;3978636
6.71;6.94;6.68;6.92;4701512
6.92;6.97;6.64;6.87;4258408
6.62;6.83;6.39;6.44;4917896
6.48;6.6;6.37;6.49;4283902
6.69;6.76;6.4;6.44;3511796
6.38;6.38;6.16;6.19;2990339
6.31;6.38;6.08;6.16;4113778
5.98;6.05;5.79;5.97;5839902
6.21;6.21;5.87;5.91;3953786
5.9;6.04;5.72;5.78;2618872
5.85;5.85;5.42;5.56;7343563
5.58;5.59;5.33;5.34;4736862
5.22;5.33;5.05;5.29;6700197
5.34;5.37;5;5.1;5233429
5.18;5.37;5.1;5.33;4314014
5.31;5.46;5.16;5.27;5866727
5.22;5.48;5.18;5.44;5017126
5.51;5.59;5.39;5.45;2192326
5.15;5.31;5.05;5.17;8239461
5.18;5.23;4.86;4.87;5068542
4.79;4.97;4.73;4.89;4928327
4.89;5.13;4.75;5.1;4830943
5.1;5.18;4.86;4.89;5905083
4.84;4.96;4.65;4.71;4099854
5.02;5.11;4.9;4.96;3519165
4.8;5.09;4.76;5.02;5724923
5.02;5.16;4.95;5.09;5181470
5.11;5.11;4.95;4.98;3246826
4.79;4.89;4.76;4.79;5173974
4.92;5;4.83;4.92;3278860
4.89;5.05;4.89;5.02;3624694
5.07;5.07;4.75;4.82;3838333
4.85;4.9;4.73;4.78;3832174
4.7;4.83;4.66;4.76;5054987
4.7;4.78;4.65;4.65;3589274
4.66;4.71;4.61;4.66;2401388
4.66;4.83;4.66;4.68;615027
4.7;4.7;4.52;4.57;1950721
4.61;4.66;4.54;4.6;1795551
4.69;4.82;4.68;4.78;746235
4.69;4.78;4.61;4.78;3035021
4.82;4.95;4.79;4.93;3200282
4.95;5.18;4.95;5.14;4786195
5.14;5.29;5.02;5.18;5888872
5.08;5.09;4.94;5;4166545
5.04;5.04;4.87;4.94;2844198
4.84;4.85;4.66;4.67;5590949
4.66;4.7;4.57;4.66;3738380
4.7;4.7;4.39;4.44;4091341
4.45;4.47;4.29;4.35;3535856
4.41;4.5;4.28;4.29;5334975
4.35;4.47;4.28;4.34;2613767
4.36;4.41;4.2;4.23;3389701
4.2;4.33;4.13;4.25;4356146
4.35;4.4;4.05;4.08;4740016
4.08;4.13;3.92;4.02;3587194
4.05;4.19;4.04;4.17;4770156
4.23;4.34;4.14;4.29;4798559
4.26;4.4;4.15;4.19;6477723
4.19;4.19;3.99;4.04;4620543
4.03;4.15;3.92;4.06;4661644
3.99;4.021;3.934;3.962;2846912
4.019;4.066;3.895;4.057;3237829
4.099;4.162;4.06;4.094;3861597
4.01;4.148;3.97;4.13;3411806
4.17;4.438;4.14;4.431;5743732
4.42;4.5;4.366;4.464;2596810
4.475;4.475;4.33;4.33;3525263
4.271;4.325;4.225;4.283;2286202
4.227;4.227;4.11;4.18;3026502
4.274;4.455;4.27;4.387;5214092
4.379;4.467;4.355;4.367;1856957
4.326;4.326;4.183;4.304;4242627
4.32;4.35;4.06;4.096;5230060
4.12;4.126;3.943;3.969;3212177
3.92;3.932;3.78;3.802;6114884
3.78;3.827;3.552;3.584;5909930
3.552;3.598;3.4;3.582;5255099
3.65;3.692;3.513;3.566;3481892
3.617;3.666;3.564;3.61;3175076
3.58;3.592;3.426;3.497;3534337
3.415;3.428;3.36;3.36;2475586
3.382;3.41;3.322;3.34;2990614
3.363;3.377;3.26;3.31;6227990
3.285;3.285;3.12;3.127;6624069
3.106;3.144;2.994;3.038;5731398
3.06;3.078;2.97;3.05;5252162
3.06;3.3;3.06;3.288;6662591
3.31;3.447;3.222;3.376;5893749
3.333;3.398;3.243;3.369;4746222
3.418;3.479;3.299;3.343;3215683
3.42;3.517;3.408;3.497;4054089
3.455;3.487;3.348;3.44;3465633
3.505;3.596;3.424;3.467;1959915
3.46;3.51;3.38;3.4;3052219
3.34;3.351;3.226;3.251;4676353
3.3;3.309;3.2;3.284;3209512
3.31;3.34;3.268;3.295;3221787
3.29;3.535;3.29;3.53;6361774
3.63;3.77;3.56;3.77;9520540
3.8;3.959;3.77;3.83;6404357
3.755;3.755;3.628;3.628;4322057
3.642;3.788;3.642;3.788;3847189
3.771;3.91;3.672;3.906;6222519
3.981;4.095;3.976;4.09;6357458
4.08;4.272;4.011;4.205;8145508
4.23;4.338;4.086;4.146;6821666
4.134;4.189;4.009;4.052;3378753
4.033;4.293;4.03;4.293;4457047
4.335;4.646;4.201;4.62;6652325
4.64;4.707;4.521;4.665;6221448
4.58;4.677;4.515;4.61;3167332
4.524;4.915;4.44;4.875;7598599
4.932;5.15;4.9;5.15;7236288
5.166;5.235;4.66;4.689;7990016
4.712;4.947;4.598;4.939;6186204
4.978;5.094;4.819;5.03;5722601
4.99;5.139;4.981;5.022;5236778
5.043;5.08;4.936;4.983;3686815
4.917;5.12;4.876;5.115;3312365
5.013;5.016;4.75;4.85;4862188
4.916;5.008;4.9;5.004;2876853
5.045;5.113;4.941;5.01;5315814
4.97;5.3;4.97;5.3;4540241
5.33;5.385;5.234;5.272;5738853
5.249;5.491;5.206;5.36;5484311
5.401;5.586;5.182;5.182;7832666
5.141;5.3;4.96;4.972;6380382
4.92;4.925;4.69;4.762;6377640
4.754;4.904;4.659;4.692;4742120
4.75;4.76;4.48;4.49;5146464
4.48;4.599;4.437;4.566;4535365
4.64;4.749;4.602;4.721;4734990
4.81;5.152;4.78;5.152;12562064
5.193;5.35;5.17;5.307;6579572
5.246;5.375;5.182;5.261;4143407
5.15;5.176;4.92;4.94;5236592
4.927;5.065;4.924;4.982;3551269
4.947;5.04;4.86;4.979;1259819
4.952;5.04;4.868;5;5167793
5.04;5.118;4.993;5.07;3764362
5.021;5.103;4.952;5.013;2540241
5.1;5.275;5.054;5.237;7051004
5.261;5.475;5.259;5.441;3998969
5.399;5.675;5.351;5.632;5484354
5.56;5.563;5.353;5.391;4432106
5.345;5.442;5.316;5.364;4044269
5.392;5.475;5.326;5.39;1851439
5.32;5.349;5.217;5.287;2398365
5.422;5.578;5.421;5.535;5472100
5.59;5.878;5.59;5.87;9299696
5.9;5.958;5.811;5.87;4006580
5.882;5.923;5.825;5.84;2286306
5.75;5.77;5.45;5.47;7757672
5.5;5.527;5.36;5.51;4075357
5.451;5.479;5.25;5.337;4153751
5.384;5.45;5.298;5.411;3156938
5.45;5.589;5.411;5.532;3730243
5.559;5.577;5.292;5.315;4206123
5.15;5.209;4.821;5.091;11160053
5.11;5.269;5.058;5.22;3403463
5.25;5.37;5.126;5.35;6110740
5.369;5.449;5.278;5.31;2884364
5.29;5.4;5.26;5.38;2021590
5.355;5.445;5.276;5.333;2719101
5.299;5.505;5.281;5.464;3257896
5.417;5.451;5.314;5.33;4978509
5.354;5.364;5.28;5.337;2899275
5.288;5.319;5.164;5.189;3431638
5.19;5.258;5.086;5.099;2604457
5.17;5.279;5.103;5.119;4315353
5.183;5.303;5.15;5.211;3463998
5.177;5.246;4.98;4.989;4181511
4.989;5.182;4.961;5.182;3501479
5.193;5.222;5.106;5.149;3568181
5.415;5.54;5.36;5.524;8261432
5.516;5.538;5.383;5.426;5661091
5.468;5.517;5.353;5.426;3363099
5.512;5.543;5.453;5.48;2556401
5.568;5.625;5.487;5.502;4845028
5.502;5.546;5.415;5.52;2540547
5.5;5.54;5.336;5.442;5221604
5.455;5.489;5.339;5.4;4001404
5.435;5.449;5.297;5.328;3182036
5.3;5.358;5.186;5.201;3538783
5.19;5.345;5.104;5.344;5647109
5.37;5.407;5.297;5.337;3523071
5.349;5.372;5.256;5.359;3664155
5.349;5.49;5.302;5.448;2671432
5.467;5.5;5.395;5.481;2091788
5.488;5.488;5.332;5.354;2728354
5.371;5.575;5.37;5.528;5126691
5.498;5.539;5.351;5.491;3873467
5.501;5.526;5.435;5.464;1440513
5.49;5.49;5.217;5.249;3329782
5.263;5.386;5.209;5.35;2784824
5.377;5.463;5.32;5.38;3432102
5.405;5.448;5.332;5.357;2024511
5.35;5.398;5.243;5.25;2942788
5.261;5.3;5.139;5.198;2815783
5.167;5.174;5.034;5.126;4126157
5.183;5.288;5.15;5.27;3514111
5.269;5.43;5.202;5.373;4726065
5.47;5.471;5.35;5.36;2753278
5.31;5.4;5.279;5.335;4066966
5.337;5.406;5.283;5.373;2619573
5.369;5.506;5.345;5.493;4883696
5.579;6.174;5.57;6.174;17650624
6.139;6.173;5.977;6.037;4318516
6.07;6.279;6.061;6.061;7981496
6.04;6.097;5.8;5.9;6836171
5.979;6.068;5.886;5.905;4648230
5.954;6.18;5.924;6.18;6777364
6.25;6.444;6.218;6.404;6866093
6.5;6.718;6.47;6.566;13364695
6.47;6.549;6.424;6.461;4679806
6.709;6.78;6.514;6.59;7089098
6.652;6.689;6.579;6.584;3087174
6.49;6.573;6.427;6.573;3525164
6.58;6.625;6.53;6.604;3329497
6.532;6.612;6.52;6.571;5461226
6.62;6.62;6.52;6.57;4542961
6.561;6.594;6.5;6.57;7656364
6.593;6.593;6.48;6.547;4186925
6.6;6.78;6.599;6.701;5401079
6.733;6.767;6.687;6.697;3716784
6.652;6.697;6.476;6.5;5219519
6.467;6.479;6.28;6.301;5974668
6.271;6.556;6.154;6.556;4144074
6.531;6.563;6.429;6.453;3388504
6.47;6.525;6.35;6.439;3801887
6.46;6.528;6.3;6.332;3639816
6.191;6.215;6.07;6.131;5417142
6.102;6.188;6.052;6.124;3126109
6.18;6.357;6.16;6.344;4517735
6.35;6.47;6.303;6.37;3119074
6.545;6.55;6.373;6.434;4188612
6.401;6.484;6.339;6.431;3024785
6.545;6.68;6.506;6.66;5374523
6.64;6.688;6.585;6.656;4690923
6.98;7.02;6.732;6.828;6960644
6.84;6.883;6.668;6.7;5247963
6.671;6.714;6.485;6.522;5912570
6.52;6.673;6.495;6.59;4284085
6.7;6.71;6.52;6.588;3493456
6.501;6.61;6.132;6.239;11420569
6.098;6.188;6.011;6.103;6748759
6.153;6.19;5.89;5.92;8602323
5.9;6.009;5.78;5.805;5327277
5.815;5.906;5.662;5.69;7462094
5.7;5.707;5.498;5.576;8321887
5.57;5.747;5.534;5.687;5436875
5.719;5.788;5.445;5.489;5920495
5.46;5.587;5.348;5.512;5511298
5.4;5.46;5.36;5.418;4287021
5.436;5.565;5.382;5.536;5277175
5.52;5.664;5.412;5.61;3352477
5.68;5.735;5.56;5.617;4773205
5.681;5.729;5.632;5.697;3594610
5.7;5.73;5.558;5.581;4180295
5.646;5.843;5.6;5.754;4589048
5.766;5.883;5.745;5.795;5113962
5.8;5.83;5.708;5.773;2651991
5.859;5.92;5.796;5.895;3605970
5.882;5.956;5.842;5.879;3344968
5.937;6.16;5.892;5.996;6701397
5.974;6.008;5.73;5.78;7226167
5.809;5.82;5.555;5.58;7120111
5.61;5.619;5.498;5.6;6282736
5.52;5.625;5.52;5.561;3194699
5.617;5.645;5.524;5.57;2373555
5.53;5.54;5.312;5.34;4132631
5.23;5.463;5.176;5.449;5984341
5.46;5.48;5.333;5.349;3557849
5.412;5.538;5.412;5.525;3272686
5.525;5.574;5.462;5.543;3484560
5.648;5.786;5.63;5.656;4902628
5.646;5.768;5.55;5.72;3513091
5.726;5.796;5.676;5.732;2463589
5.699;5.86;5.671;5.781;5098637
5.766;5.849;5.636;5.668;5019268
5.691;5.837;5.68;5.8;4095352
5.811;5.86;5.771;5.771;2959008
5.903;5.952;5.884;5.91;4421403
5.933;5.984;5.878;5.97;3061062
6.008;6.058;5.96;6.043;4029139
6;6.053;5.967;5.984;2727652
5.983;6.093;5.982;5.99;4908048
6.051;6.1;5.987;6.044;3315933
6.119;6.24;6.11;6.223;4634331
6.262;6.344;6.26;6.335;4462064
6.349;6.39;6.252;6.336;718408
6.38;6.42;6.35;6.361;1130347
6.395;6.43;6.291;6.3;1916803
6.328;6.34;6.236;6.315;1746872
6.399;6.43;6.35;6.425;1190649
6.42;6.488;6.35;6.476;4223691
6.475;6.523;6.413;6.475;2794114
6.543;6.591;6.486;6.551;2866107
6.506;6.534;6.462;6.467;3907879
6.52;6.55;6.407;6.443;3475674
6.499;6.506;6.335;6.349;3437507
6.371;6.381;6.214;6.23;3479908
6.191;6.298;6.19;6.267;5778112
6.41;6.427;6.285;6.307;4145966
6.44;6.464;6.181;6.19;7522667
6.22;6.249;6;6.174;3776837
6.17;6.224;6.051;6.171;3522638
6.194;6.298;6.175;6.228;6282710
6.273;6.32;6.175;6.178;5203843
6.12;6.203;6.02;6.03;4168090
5.99;6.072;5.87;5.977;4266563
5.924;6.105;5.924;6.098;5599832
6.022;6.167;5.81;5.83;10554685
6.017;6.1;5.894;5.919;10007824
5.95;6.033;5.824;5.951;7207547
5.929;6.076;5.87;6.052;5631717
6.062;6.233;6.008;6.163;7192308
6.199;6.224;6.135;6.2;3680624
6.211;6.265;5.989;6.012;4619360
5.969;5.986;5.82;5.89;6275818
5.959;5.993;5.749;5.9;5612174
5.91;5.91;5.766;5.809;6246431
5.92;6.008;5.906;5.946;6100978
5.966;6.016;5.88;6.004;4359481
6.09;6.104;5.854;5.884;3937287
5.942;5.97;5.786;5.808;2976096
5.847;5.92;5.726;5.92;6008445
5.99;6.197;5.963;6.17;6883211
6.171;6.303;6.139;6.26;4049067
6.187;6.34;6.138;6.34;3381937
6.35;6.448;6.325;6.37;5073786
6.384;6.413;6.137;6.168;5193818
6.12;6.352;6.096;6.334;6727394
6.302;6.431;6.246;6.249;5187392
6.33;6.384;6.27;6.36;4588245
6.458;6.537;6.4;6.528;4539357
6.548;6.662;6.506;6.634;4857280
6.597;6.665;6.482;6.635;3263350
6.581;6.68;6.515;6.59;4119649
6.637;6.806;6.597;6.806;5639417
6.817;6.819;6.72;6.756;3363794
6.796;6.85;6.626;6.735;4541730
6.735;6.829;6.665;6.815;3466903
6.772;6.805;6.718;6.758;2379739
6.78;6.787;6.632;6.649;3768464
6.632;6.659;6.572;6.576;2763456
6.611;6.748;6.611;6.695;3135031
6.747;6.815;6.747;6.796;3292015
6.752;6.797;6.687;6.714;2691309
6.768;6.795;6.65;6.707;1958777
6.68;6.788;6.6;6.788;2797437
6.83;6.927;6.8;6.902;3655517
6.97;7.22;6.96;7.198;8824658
7.199;7.44;7.101;7.41;6877062
7.31;7.478;7.271;7.34;6891159
7.389;7.51;7.322;7.43;4573107
7.45;7.484;7.254;7.294;4286944
7.292;7.423;7.283;7.37;4719850
7.384;7.572;7.363;7.5;4407710
7.649;7.695;7.55;7.695;3870752
7.686;7.692;7.538;7.559;3110919
7.536;7.589;7.356;7.437;4484354
7.498;7.542;7.432;7.483;2464697
7.57;7.597;7.438;7.469;4477615
7.455;7.577;7.438;7.526;3706870
7.701;7.808;7.673;7.727;6170708
7.79;7.793;7.689;7.736;3501160
7.649;7.705;7.513;7.526;5282072
7.617;7.699;7.526;7.599;3614589
7.659;7.866;7.63;7.866;3807723
8;8.08;7.9;7.912;7230899
7.862;7.951;7.581;7.68;7112503
7.495;7.54;7.25;7.287;12736011
7.36;7.405;7.247;7.3;5278525
7.347;7.36;7.03;7.03;5485404
6.956;7.141;6.845;7.038;8971058
7.063;7.163;7.025;7.079;4977283
7.079;7.179;7.02;7.042;5230873
6.985;7.124;6.903;7.091;3516250
6.95;7.034;6.668;6.738;9595731
6.693;6.822;6.514;6.637;10372874
6.504;6.778;6.501;6.584;6147174
6.514;6.613;6.232;6.332;12749108
6.69;6.835;6.49;6.722;7439304
6.65;6.772;6.566;6.754;3659377
6.728;6.852;6.668;6.804;6057706
6.897;6.988;6.784;6.907;5276754
6.834;6.838;6.417;6.543;7290417
6.486;6.709;6.405;6.582;6908766
6.7;6.733;6.599;6.641;5695135
6.54;6.58;6.328;6.438;8671774
6.518;6.568;6.115;6.265;9068844
6.351;6.434;6.164;6.347;7605918
6.376;6.427;6.25;6.374;3979196
6.153;6.179;5.913;6.04;9389093
6.177;6.284;6.12;6.221;8537315
6.291;6.483;6.282;6.469;7169807
6.5;6.536;6.383;6.412;4873218
6.355;6.449;6.336;6.429;1553424
6.37;6.422;6.179;6.342;5394921
6.272;6.525;6.261;6.493;5430498
6.65;6.756;6.55;6.589;7203587
6.67;6.796;6.522;6.611;7799897
6.46;6.744;6.435;6.54;6664026
6.549;6.617;6.411;6.492;4770079
6.63;6.775;6.519;6.739;7800706
6.673;6.934;6.607;6.9;6731792
6.898;6.987;6.849;6.901;6726345
7.005;7.044;6.962;6.99;3254152
6.978;7.25;6.95;7.215;5782963
7.234;7.255;6.849;6.951;9232146
7.017;7.06;6.926;6.974;5266830
7.003;7.047;6.939;7.013;3787967
7.14;7.146;7.002;7.034;1823228
6.967;7.058;6.896;6.976;3595899
6.887;7.046;6.82;6.911;3208620
6.965;6.972;6.733;6.799;5306450
6.816;6.832;6.702;6.747;4031032
6.775;6.852;6.652;6.823;2385454
6.734;6.735;6.493;6.523;4060858
6.576;6.679;6.523;6.584;3414794
6.476;6.56;6.21;6.385;6271329
6.409;6.456;6.326;6.341;3424274
6.396;6.466;6.32;6.38;2107175
6.44;6.575;6.395;6.44;3860866
6.39;6.505;6.315;6.489;3605640
6.56;6.667;6.519;6.602;3260065
6.643;6.683;6.499;6.527;2328424
6.586;6.682;6.522;6.629;3048552
6.657;6.788;6.645;6.764;3462786
6.993;6.993;6.857;6.92;4495111
6.87;6.962;6.726;6.776;5715999
6.827;6.845;6.601;6.699;4729892
6.621;6.691;6.57;6.612;3928988
6.636;6.723;6.389;6.473;6549292
6.49;6.634;6.49;6.592;6071250
6.596;6.799;6.564;6.737;3897135
6.766;6.8;6.414;6.496;12737440
6.501;6.551;6.294;6.344;9994290
6.353;6.413;6.263;6.284;6136545
6.323;6.379;6.298;6.334;6020341
6.361;6.419;6.283;6.296;3199051
6.284;6.393;6.105;6.329;4701157
6.296;6.408;6.259;6.375;3494528
6.38;6.425;6.299;6.359;3723433
6.305;6.379;6.241;6.328;2724791
6.309;6.356;6.259;6.326;4104536
6.361;6.427;6.275;6.29;3015270
6.293;6.381;6.239;6.349;4352665
6.359;6.444;6.267;6.29;3946923
6.23;6.23;5.935;5.974;6586654
5.951;6.005;5.835;5.918;5840547
5.949;5.993;5.85;5.934;4531092
5.935;5.949;5.81;5.877;3561388
5.907;6.025;5.884;6.012;3065623
5.976;6.049;5.918;5.998;2377455
6.046;6.08;5.895;5.897;3594877
5.875;5.934;5.755;5.777;3727092
5.764;5.831;5.71;5.73;2854323
5.652;5.667;5.527;5.574;4766813
5.561;5.633;5.428;5.513;3476685
5.581;5.6;5.491;5.576;2885304
5.504;5.52;5.262;5.361;8212413
5.389;5.43;5.268;5.313;2951391
5.221;5.274;5.16;5.26;5931904
5.258;5.527;5.205;5.52;6501086
5.53;5.592;5.491;5.524;4018870
5.54;5.61;5.493;5.561;3301245
5.603;5.686;5.58;5.653;2398489
5.638;5.638;5.525;5.564;3398969
5.5;5.527;5.403;5.489;5403577
5.496;5.625;5.462;5.594;3347749
5.561;5.612;5.507;5.527;2921844
5.546;5.645;5.528;5.587;3834946
5.609;5.698;5.573;5.619;5573395
5.653;5.674;5.533;5.573;3964975
5.57;5.592;5.5;5.5;3707698
5.581;5.747;5.564;5.627;6752055
5.699;5.825;5.672;5.801;4372569
5.825;5.915;5.799;5.81;5090563
5.841;5.893;5.647;5.667;6095867
5.702;5.738;5.527;5.617;3371424
5.562;5.724;5.53;5.692;3399760
5.75;5.784;5.676;5.687;2607804
5.65;5.687;5.562;5.621;3289677
5.708;5.76;5.583;5.598;5900922
5.576;5.759;5.553;5.616;5772997
5.554;5.628;5.485;5.507;4429764
5.508;5.547;5.325;5.33;4474240
5.349;5.532;5.343;5.513;4797790
5.549;5.59;5.421;5.435;4324004
5.435;5.465;5.368;5.4;4400606
5.379;5.439;5.323;5.358;4250099
5.39;5.464;5.39;5.438;1859892
5.432;5.584;5.359;5.53;5111999
5.64;5.76;5.63;5.665;6839681
5.69;5.699;5.574;5.616;4559332
5.647;5.676;5.597;5.646;3165350
5.6;5.708;5.6;5.685;2593422
5.636;5.692;5.578;5.605;3429528
5.563;5.663;5.531;5.648;2679270
5.614;5.744;5.602;5.691;5112252
5.702;5.832;5.69;5.802;4990547
5.876;5.94;5.83;5.91;4601555
5.919;5.937;5.813;5.908;4624391
6.138;6.22;6.075;6.14;14234519
6.237;6.36;6.187;6.329;9174919
6.263;6.324;6.223;6.284;3704727
6.335;6.35;6.28;6.307;3017089
6.291;6.33;6.233;6.312;3638786
6.348;6.507;6.307;6.378;5017018
6.515;6.521;6.39;6.432;4513949
6.476;6.485;6.388;6.446;3048030
6.448;6.518;6.4;6.491;3345779
6.481;6.708;6.475;6.672;5912348
6.644;6.665;6.515;6.549;5402927
6.548;6.549;6.293;6.326;6853834
6.25;6.45;6.14;6.433;4766247
6.399;6.475;6.352;6.449;3574827
6.403;6.509;6.353;6.394;4064385
6.375;6.438;6.361;6.422;2417520
6.484;6.677;6.445;6.662;6079500
6.689;6.785;6.623;6.754;4530474
6.81;6.815;6.658;6.684;3200204
6.68;6.744;6.563;6.587;5062231
6.575;6.765;6.509;6.731;4260083
6.751;6.848;6.707;6.823;2908511
6.9;7.06;6.858;7.011;8298448
7.017;7.098;6.878;6.9;7068398
6.897;6.978;6.821;6.907;4690942
6.931;6.969;6.741;6.957;5814595
6.953;6.986;6.81;6.971;5525047
7.149;7.475;7.095;7.464;12151416
7.434;7.727;7.434;7.615;8964315
7.637;7.71;7.54;7.605;5481787
7.556;7.682;7.553;7.6;3128825
7.735;7.829;7.639;7.647;5444348
7.706;7.732;7.523;7.727;4895792
7.73;7.812;7.686;7.69;3914628
7.661;7.698;7.567;7.655;3224146
7.651;7.675;7.586;7.623;3187000
7.595;7.644;7.548;7.59;2898805
7.66;7.67;7.531;7.598;3113252
7.621;7.838;7.59;7.838;4128734
7.85;7.9;7.798;7.883;2281539
7.882;7.899;7.776;7.869;2504369
7.873;7.89;7.797;7.844;1858860
7.781;7.87;7.781;7.86;173981
7.834;7.864;7.721;7.74;813142
7.778;7.815;7.734;7.748;835140
7.745;7.854;7.745;7.831;1109205
7.849;7.899;7.774;7.886;1555560
7.752;7.893;7.739;7.739;745232
7.901;8.278;7.901;8.081;4407237
8.06;8.189;8.001;8.096;4120094
8.093;8.287;8.071;8.287;4480987
8.3;8.574;8.285;8.406;5868630
8.415;8.473;8.299;8.377;3425977
8.397;8.54;8.236;8.271;5405351
8.353;8.685;8.316;8.685;5839074
8.706;8.911;8.681;8.911;5185021
8.894;8.989;8.74;8.859;5925083
8.989;9.009;8.67;8.72;5829102
8.812;8.829;8.674;8.722;3331668
8.87;9.165;8.83;9.165;5790112
9.201;9.23;8.754;8.804;7127709
8.65;8.7;8.376;8.51;9773545
8.536;8.749;8.488;8.62;4346800
8.644;8.67;8.42;8.563;4599369
8.65;8.68;8.15;8.177;13440572
8.193;8.544;8.17;8.518;7321814
8.52;9.03;8.52;8.925;9857093
8.881;9;8.802;8.842;7233761
8.76;8.96;8.701;8.839;5922605
8.939;8.989;8.876;8.97;5502770
8.986;9.044;8.898;9.01;3868550
9.002;9.01;8.823;8.853;3904987
8.89;9.001;8.802;8.98;3038753
8.958;9.239;8.958;9.239;4260863
9.2;9.208;9.058;9.118;3317663
9.056;9.183;8.961;8.997;3461562
9.011;9.041;8.701;8.861;4211131
8.681;8.763;8.438;8.699;10095383
8.806;8.862;8.656;8.814;3802131
8.764;9.08;8.764;9.067;5823457
9.023;9.311;9.022;9.258;6834324
9.283;9.495;9.219;9.49;5142926
9.489;9.494;9.31;9.44;3459018
9.397;9.636;9.283;9.337;3584311
9.243;9.326;9.017;9.201;5302303
9.181;9.289;8.971;9.035;5686567
8.977;9.129;8.853;9.041;3147204
9.089;9.229;9.01;9.2;2922372
9.208;9.409;9.16;9.306;4187905
9.315;9.41;9.158;9.267;5146130
9.17;9.44;9.085;9.414;4664699
9.456;9.475;9.2;9.301;5927619
9.422;9.445;9.236;9.322;7003843
9.333;9.56;9.289;9.449;6128431
9.541;9.691;9.422;9.691;6176261
9.633;9.73;9.46;9.477;6891155
9.391;9.391;9.071;9.117;7700757
9.012;9.067;8.936;9.05;4845189
9.115;9.315;9.009;9.097;8058415
8.835;8.9;8.42;8.675;11626876
8.751;8.837;8.315;8.315;11129837
8.306;8.575;8.3;8.529;8889132
8.585;8.607;8.311;8.311;7679007
8.51;8.577;8.398;8.577;4470785
8.567;8.7;8.478;8.553;4199648
8.478;8.599;8.45;8.545;3533798
8.545;8.852;8.521;8.8;5976754
8.821;8.888;8.715;8.749;3893227
8.768;8.813;8.707;8.76;2791179
8.789;8.818;8.55;8.77;3842780
8.851;8.997;8.82;8.96;5435160
8.923;8.985;8.74;8.74;4199061
8.831;8.85;8.636;8.828;5040548
8.82;8.839;8.743;8.783;3226316
9.05;9.11;8.913;9;8564403
9.005;9.05;8.85;8.873;4334895
8.901;8.95;8.74;8.747;4229762
8.827;8.893;8.648;8.662;4537600
8.642;8.65;8.516;8.552;4048850
8.47;8.47;8.23;8.255;5180810
8.296;8.44;8.255;8.321;3819605
8.28;8.291;8.101;8.219;4554066
8.242;8.276;8.189;8.22;3147926
8.24;8.24;7.941;8.026;5290465
8.031;8.045;7.862;7.905;4181514
8.142;8.414;8.104;8.299;5635377
8.387;8.42;8.221;8.25;3504086
8.28;8.461;8.22;8.424;3751318
8.02;8.198;7.992;8.112;8801126
8.174;8.199;8.02;8.043;6122045
8.058;8.074;7.935;7.973;5082224
8.046;8.06;7.829;7.85;5128670
7.897;8.032;7.862;7.991;5678469
7.99;8.085;7.9;7.91;5374647
7.934;8.062;7.83;8.014;5011918
8.021;8.062;7.854;8.019;4025778
8.039;8.185;7.989;8.124;4224944
8.134;8.249;8.12;8.208;4319741
8.25;8.279;8.148;8.178;3654484
8.104;8.139;8.011;8.136;3055566
8.19;8.203;7.998;7.998;2644127
7.966;8.25;7.886;8.244;5420774
8.2;8.227;7.97;7.97;4666380
8.049;8.105;7.955;8.06;3716828
8.12;8.269;8.062;8.156;5339034
8.2;8.265;8.069;8.094;4211055
7.962;7.982;7.829;7.895;3746546
7.903;7.975;7.802;7.806;3007043
7.75;7.857;7.651;7.818;2924160
7.867;7.913;7.752;7.795;2645035
7.88;7.921;7.759;7.85;3600314
7.88;7.896;7.833;7.896;877115
7.951;8.067;7.761;7.763;7162961
7.778;7.789;7.576;7.697;7692574
7.588;7.597;7.45;7.45;5194836
7.55;7.59;7.461;7.531;3391531
7.462;7.486;7.342;7.38;4216057
7.397;7.496;7.32;7.32;3323702
7.301;7.306;7.181;7.2;3235630
7.152;7.287;7.061;7.25;4106839
7.25;7.25;7.014;7.023;4444476
7.047;7.129;7.016;7.032;1911449
7.14;7.197;7.1;7.173;3491179
7.193;7.208;6.98;6.99;4077464
6.97;6.979;6.795;6.837;7123249
6.781;6.878;6.674;6.79;4597184
6.68;6.797;6.67;6.783;2730922
6.825;6.938;6.77;6.938;4190797
6.955;6.955;6.814;6.824;3901922
6.791;6.807;6.41;6.451;10101897
6.531;6.616;6.461;6.491;6466979
6.474;6.559;6.464;6.534;3040463
6.559;6.707;6.483;6.555;4935550
6.606;6.781;6.59;6.75;4694468
6.835;6.881;6.717;6.871;3979983
6.886;6.993;6.804;6.99;3452237
7;7.132;6.973;7.128;2835682
7.116;7.186;7.09;7.121;3900080
7.095;7.135;7.022;7.055;3904883
7.077;7.164;7.012;7.15;3444870
7.171;7.191;6.887;6.887;5442076
6.849;6.939;6.741;6.874;4543808
6.75;6.775;6.471;6.611;8431305
6.481;6.649;6.42;6.624;5181619
6.513;6.633;6.499;6.499;3407765
6.403;6.43;6.25;6.284;4954447
6.222;6.274;6.12;6.14;4814383
6.136;6.36;6.136;6.35;3240289
6.425;6.455;6.3;6.331;3838086
6.303;6.463;6.162;6.401;6802978
6.424;6.51;6.327;6.461;5275223
6.371;6.495;6.347;6.397;3903515
5.95;6.038;5.601;5.673;20524276
5.699;5.76;5.512;5.6;7560990
5.555;5.607;5.41;5.563;6292259
5.522;5.58;5.429;5.506;5970510
5.599;5.629;5.311;5.32;5939671
5.305;5.375;5.164;5.168;6780812
5.101;5.14;4.87;4.933;11813851
5.015;5.048;4.709;4.722;10439478
4.551;5.02;4.5;4.774;8897873
4.64;4.892;4.536;4.588;10038211
4.559;4.715;4.314;4.648;9814434
4.721;4.767;4.34;4.341;9043950
4.51;4.84;4.38;4.796;12509515
4.76;4.998;4.655;4.948;6384732
4.976;5;4.759;4.843;4089653
4.84;4.906;4.605;4.772;5703227
4.724;4.86;4.624;4.714;5237696