25.7;26.48;25.58;26.15;107528
26.32;26.35;25.38;25.88;91896
25.75;25.88;25;25.75;196984
25.75;26.25;25.1;26.25;164536
26.22;27.45;25.75;27.45;273540
27.45;27.5;26.28;27.5;160968
27.5;27.98;27.38;27.5;464696
27.62;28.12;27.5;28.12;297372
28.1;28.12;27.1;27.12;178112
27.38;27.88;26.88;27.6;125028
27.98;28.18;27.58;28.18;253852
28.18;28.2;26.8;27.25;69892
26.9;28.12;26.9;27.98;303280
28.38;29.75;27.88;29.5;732176
29.45;29.45;28.62;29.12;125984
28.55;29.1;28.1;28.92;205408
27.65;28.6;27.52;27.75;55428
27.55;28.18;26.78;27.2;81372
26.8;27.7;26.8;27.32;61308
27.5;27.68;26.9;27.3;56160
27.12;27.25;26.9;27.1;34660
27.25;27.25;26.05;26.3;103892
26.32;26.5;25.02;25.15;238936
25.6;26.82;25.3;26.32;176652
26.35;27.5;26.35;26.75;153144
27.08;27.4;26.3;26.82;182932
26.75;27.08;26.62;26.88;122956
27.05;27.55;26.75;26.85;345152
26.75;27.55;26.75;27.5;79728
28.75;30;28.4;30;714108
29.25;29.88;28.28;28.32;205712
28.75;29.08;28.5;28.75;278088
29;29.92;28.75;29.92;304780
29.75;29.98;29.18;29.98;256808
29.75;29.98;29.28;29.85;362192
29.28;29.5;28.8;29.2;124644
28.55;30.02;28.55;28.75;496320
29.45;29.62;28.78;28.78;92128
29.12;29.25;28.5;28.5;131036
28.5;29.25;28.5;29.1;103668
29;29;28.38;28.38;67852
28.7;28.7;28.38;28.4;67752
28.75;29.35;28.28;28.95;124664
29;29.62;28.9;29.25;140052
29.25;29.62;28;29.32;166132
29.72;29.75;28.88;29;64528
29.02;29.45;28.62;29.05;152604
29.25;30.72;28.65;29.75;526728
29.75;30.25;29.28;29.5;194228
29.85;29.85;28.15;28.85;158672
29.75;29.75;28.35;28.5;508800
29;29.38;28.35;29;388900
29.25;29.25;28.35;28.5;115784
28.5;28.75;28.12;28.25;141088
28.75;29.72;28.15;29.5;333948
29.75;30.48;29.62;30;285120
30;31.22;29.8;30.4;312716
30.75;30.75;30.25;30.48;149492
30.75;30.75;30.12;30.25;213592
30.38;30.38;30.05;30.25;124672
30.68;31.7;30.25;31.7;175192
31.7;31.92;30.28;30.38;180704
30.75;31.18;30.38;31;70828
31.68;32.1;30.48;31.5;233716
30.52;32.15;30.4;31.72;194636
31.5;32.48;31.5;32.25;238056
32.25;34.75;32;34.22;466184
33.7;33.78;32;33.62;420760
33.5;33.5;31.28;32.5;186784
33;34.88;32.15;33.75;559892
33.52;34.5;32.5;34.12;73340
33.25;34.1;33;33.3;184840
32.98;32.98;29.02;30.08;469756
30.5;30.72;29.25;30.55;209924
30.88;31.08;30;30.48;112404
29.75;30;28.02;30;246464
30.38;31.25;30.15;30.5;364788
30.48;30.62;30.15;30.5;195680
30.75;30.75;30.48;30.62;44976
30.75;30.75;29.82;29.95;47344
29.75;30.75;29.75;30.75;137164
30.98;32.1;30.4;30.82;329028
31.2;31.62;30.62;31.38;102844
31.55;31.68;30.08;30.82;126404
31.2;31.2;30;30.1;71500
30.5;30.5;29.02;29.02;163160
29.05;30.68;29.05;29.98;166812
30.5;30.5;29.75;30;64260
30.15;30.42;29.62;29.62;78676
30;30;29;29;122552
29;30.2;29;30.12;170272
30.38;30.38;29.58;30.1;31628
29.9;30.48;29.8;30.22;46640
30.4;30.6;29.5;29.65;98748
29.65;30.3;29.5;29.95;151732
30.08;30.1;29.65;30;54644
30.05;30.08;28.72;29.1;177288
29.22;29.35;28.15;28.7;145436
29.2;29.32;28.18;28.75;105484
28.22;28.5;27.62;28.45;178416
28.75;29.72;28.68;29.5;51324
28.78;29.25;28.65;28.8;48768
29;29.3;28.6;28.88;21912
28.95;29;27.92;28;200396
28;28.1;27.12;27.95;146156
28.02;28.62;28;28.6;61976
28.95;29.25;28.5;29.2;94856
29.5;29.7;28.75;29.2;76484
29.72;29.75;29.42;29.7;67776
29.88;29.88;28.9;29.25;58436
29.75;29.75;28.75;29.05;882620
29.45;29.75;29.05;29.12;41992
29.48;29.48;27;28.82;343504
29.48;29.48;28.58;29.1;64860
28.88;29.62;28.82;29.38;119308
29.32;31.75;29.08;31.75;282108
31.5;31.5;31.05;31.5;153016
31.62;32.48;31.28;32.38;189124
32.25;32.48;30.8;31.7;242440
31.75;32.5;31.38;31.75;147500
31.25;32.42;31.02;32;185748
32;32;31.62;31.85;57964
31.5;31.75;30.68;31.12;245272
31.25;32;30.9;32;61284
30.82;31.88;30.6;31.75;841576
31.75;31.75;31;31.68;58820
31.72;31.75;30.65;31.75;121608
31.62;31.75;31.25;31.75;30064
31.58;31.65;30.52;31.48;81020
30.65;31.3;30.65;30.68;70696
30.68;31.72;30.65;30.65;98948
30.65;31.5;30.65;31.4;17828
31.02;31.35;30.5;30.5;63596
31.18;31.75;31.12;31.5;324860
31.55;32.55;31.55;32;457948
32.25;33;32.25;32.28;379804
32.38;32.72;32.38;32.62;114144
32.5;32.88;32.5;32.53;77652
32.75;33.6;32.75;33.45;158396
33.45;33.8;32.98;33.75;332148
33.88;36.5;33.75;34.6;597176
35;35.2;33.75;33.88;136460
34.6;34.6;33.25;33.78;145820
34;34;33.75;33.75;126716
33.88;34.5;33.75;33.75;72908
33.75;34.2;33.28;33.75;33804
34;34.38;33.82;33.82;131236
33.58;34.55;33.5;33.97;40072
34;34.08;32.82;33.15;65508
33;33.22;32.78;33.12;121136
32.78;33.22;32.62;33;70904
33.7;33.7;32.52;33.15;29624
33.6;34.18;33.28;34.18;50596
34.25;34.38;34;34.25;107344
33.75;35.38;33.75;35;221636
35.02;35.5;34.8;35.38;245252
35.48;36.5;35.02;36.5;176724
36.25;36.48;35.25;35.25;103536
35.28;35.88;35.25;35.75;60648
35.9;35.9;35.25;35.75;47380
35.62;35.75;35.25;35.4;104588
35.78;35.8;35.28;35.62;201348
35.08;35.62;35.05;35.2;102160
35.2;36.48;34.55;35;314388
35;35.92;34.52;34.53;92580
35.7;36.25;35.62;35.75;66600
36.08;36.5;35.75;36.5;79316
36.98;37.5;36.02;36.05;83260
36.02;37.05;36.02;36.53;48048
36.38;36.75;36.25;36.62;41080
36.62;36.62;36;36;45804
36.22;36.45;35.38;35.55;138184
36.48;37;35.82;37;183364
37.28;38.02;36.25;36.25;350948
36.78;37.25;36.5;37;296248
37.5;37.5;36.75;36.75;160884
37.2;38.72;37.2;38.55;408640
38.75;38.75;37.92;37.92;96964
37.75;39.75;37.75;38.75;214336
39.25;39.38;39.05;39.15;147352
39.2;39.95;38.58;39.95;237580
39.7;39.82;39.25;39.38;139152
39.85;39.85;39.25;39.47;158080
39.5;39.75;38.78;39.25;418636
38.02;39.5;38;39;169660
37.78;39.5;37.78;38.65;65056
38.75;39.65;38.75;39.5;141512
39.38;39.98;37.78;39.25;168176
38.02;39;37.4;38.22;194744
38;39.5;38;39.5;133600
39.18;40.38;38.78;40;220532
40.5;40.62;39.5;40.25;194428
40;40.5;39.02;39.62;57064
39.18;40;38.75;38.75;100704
38.75;39.98;38.75;39.5;289004
39.75;39.75;38.95;39.45;55524
38.75;39.25;38.12;38.25;126776
38.25;40.45;37.78;38.75;151744
38.28;40.75;38.28;39.03;127060
38.52;38.75;37.15;37.15;104100
37.78;38.5;36.28;38.3;74044
38.22;38.3;36.65;37;118500
36.45;37;36.4;36.47;176464
36.52;37.7;36.52;37.18;35260
37.7;38;36.62;37.03;90788
37.5;37.98;35.75;36.25;414908
36;36.85;35.55;35.55;142556
35.58;36.2;34.9;35.5;92456
35.12;37.1;35.12;36.4;78852
35.62;38.22;35.62;38;55772
37.5;38.6;37.5;38.6;99528
37.78;38.38;36.5;37.7;172536
36.68;38.2;36.68;37.15;59604
36.85;37.88;36.62;37.5;79692
37.5;37.92;37.3;37.55;89088
37.5;37.85;37.05;37.75;58180
37.5;37.7;37.02;37.5;24360
37;37.88;36.3;37.5;63216
37.72;37.72;36.7;37;70324
36.62;37.75;36.62;37;84664
36.28;37.62;36.28;37.18;54324
37;37.25;36.1;36.95;89992
37.5;37.5;35.9;36.25;308008
36.25;37.88;36;37.88;208844
37.5;37.75;36.75;37.22;48156
37.22;37.75;37;37.53;165368
37.75;38.75;37.75;38.38;520232
38.38;39.98;38.25;39.62;97416
39.5;39.95;38.85;39.25;111680
38.52;39.25;37.58;38.75;57812
38.1;39.25;37.52;38.42;69972
37.78;38.48;37.78;38.25;81212
37.62;38.12;34.88;35.62;175444
35.62;35.62;33.15;33.3;244340
34.22;34.9;33.5;33.5;85232
34.4;34.75;33.48;33.72;89460
33.55;34.08;32.65;33.45;341428
33.7;33.7;32.3;32.5;163236
33.2;33.25;32.55;32.97;83800
33.45;33.45;32.62;32.62;128596
33.32;33.32;31.5;32.25;465796
32.38;33.5;32.02;33.5;171992
33.7;34.45;33.25;34;254552
34;34.45;31.5;32.68;262076
33.35;33.55;32.02;32.25;163444
32.28;33.32;32.25;32.5;176968
32.18;35.62;32.15;35.25;269492
35;35.12;33.88;35;136016
34.75;34.75;32.5;33.85;142648
33.15;34.12;33.15;33.75;18500
33.25;36.5;33.25;36.5;111252
36.52;37.75;35.8;37.65;94860
37.5;38.65;36.78;38.65;99552
37.02;37.6;36.9;37;50184
37.25;38.75;36.25;38.25;247696
38.55;39.15;36.2;36.2;201120
36.32;37.5;36.28;37.25;103336
37.38;37.98;36.6;37.97;53720
37.25;37.75;36.55;37.75;26280
37.75;37.75;36.28;37.25;27508
36.28;37.75;36.28;37.62;46076
37.75;37.75;36.62;36.78;35756
36.78;37.5;36.78;37.03;32832
37.5;37.75;37.08;37.5;56088
37.68;37.7;36.38;37.25;22052
36.45;37;36.28;36.45;97100
36.05;36.48;35.65;35.65;97216
35;36.15;33.25;33.25;66068
34.35;35.4;34.3;34.9;122952
34.15;34.98;33.52;34.1;271936
34.5;35.25;33.92;35.22;239936
34.5;36.45;34.5;35.38;111100
36.12;36.12;35.32;35.47;316100
35.2;36.45;34.65;35.92;249532
36.22;38.15;36.02;37.38;216540
37.5;37.5;36.55;37;193884
37.25;37.82;36.75;37.47;398792
37.55;38.12;37.5;37.95;324600
37.65;38.1;37.65;37.95;103544
38;38.5;38;38.5;178256
38.75;39.2;37.68;38.08;244096
38.5;38.5;36.75;37;357348
37.05;39.42;36.75;38.12;448120
39.2;39.2;38.3;38.58;548956
38.35;39.62;38.35;39.15;142724
38.75;39;38.7;38.82;142160
38.88;39.62;38.78;39.4;99364
40;40;39.12;39.22;85296
39.38;39.62;38.75;38.97;102008
39;39;38.68;38.82;54848
38.95;39.35;38.22;39.25;57208
38.6;39.32;37.9;38.38;120128
38.78;39.25;38.78;38.88;63028
39.1;40;38.75;39.62;80592
38.82;39.75;38.25;38.68;112788
39.58;40.4;36.8;40.4;149976
40;40;38.7;40;100920
40;40;38.75;39.12;80412
39.25;39.38;38.4;39.08;153920
39;40.2;38.82;39.18;142000
39.62;39.7;38.62;39;97356
39.28;39.95;38.55;39.38;81564
39.95;40.1;39.62;40;186844
40;42;39.78;41.1;323324
40.55;41;39.55;40;299976
40.7;40.75;39.3;40.75;145508
40;40.7;38.75;39.45;390384
39.92;40;37.75;39.7;323112
38.8;39.52;37.92;38.5;238272
37.75;38.2;34.65;36.25;469804
36;36.5;33;35.25;468172
36.45;38;35.65;36.82;150340
36.75;37.98;35.9;36.68;74432
37.38;39.72;37.25;38;285844
39.22;40.35;38.02;38.75;348748
39.3;39.75;38;39.75;108692
38.8;39.7;38.38;39.7;201116
38.75;40;38.62;39.68;114160
39.95;41.1;38.9;40.62;154012
39.88;42.5;39.28;41.22;379792
41.05;41.4;40.52;40.78;79136
40.98;41.75;40.75;41.25;133468
41.25;42.45;41.12;41.62;137860
42.35;42.75;41.55;42.12;173116
42.45;42.45;41.25;41.38;126720
40.05;42;40.05;41.52;73032
41.75;42.12;41.55;42;122632
41.98;42.2;41.25;42;239560
42.28;42.78;41.9;42;413220
42.2;42.25;41.35;42.1;284192
42.12;42.12;41.12;41.78;115264
42;44;41.8;42.78;191336
42.75;43.75;42.38;43.25;123224
42.75;43.55;42.72;43.55;122628
43.32;46.25;43.2;43.75;313868
42.8;44.5;42.8;43.88;81584
44.5;44.5;41.75;41.85;143252
41.25;43.92;41.05;43.52;234908
42.75;44.02;42.5;43.68;44912
43.75;44.4;43.28;44.38;130584
44.5;44.7;43.78;44.7;36732
44.72;44.9;44.08;44.9;92660
44.75;45.75;44.65;45.5;144904
45.38;46.75;45.18;46.25;233032
45.8;46.5;45.62;45.75;122980
46.05;46.05;43.25;44.42;297088
43.62;45;43.28;45;114508
45;46.7;44.88;45.88;296816
45.65;46.08;44.65;45.38;99916
45.38;46.5;45.38;45.68;129248
45.98;46.22;44.75;44.88;183524
44.25;44.98;43.4;43.4;186580
44.32;44.45;43.75;44.35;121372
45.05;45.05;42.28;43.3;494668
44.7;44.75;43;44.75;228156
44.5;44.5;43.4;43.75;353284
43.5;44.08;43.05;43.78;140952
43.05;44.92;43.05;43.75;208920
43.38;44.62;43.25;44.38;89416
43.3;46.42;43.3;45.02;176612
45;45.5;44.88;45.12;537984
44.55;45.6;44.55;44.88;205316
45.05;46.1;44.32;46.1;147664
45.02;45.75;45;45.35;252948
45.25;45.62;43.9;44;206132
43.78;44;43.62;43.78;92912
43.55;43.95;42.55;43;501968
42.5;43.2;41.62;41.88;250608
42.5;43.48;42.25;42.98;212880
42.52;43.48;42.52;43.12;193744
43.2;43.5;43;43.18;107940
43.32;43.5;41.3;41.75;137456
41.75;43.72;41.1;43.3;186108
42.7;43.35;41.8;42.65;47740
42.6;42.72;40.8;41;154808
41.4;41.95;40.82;41.4;55064
35.42;37.95;35.42;37.88;719612
37.5;37.5;35.78;36.12;3918536
36.48;37.45;36.2;37;1378812
37.48;37.72;36.75;36.78;935532
37.8;37.8;36.28;36.8;521928
37;37.25;36.02;36.03;736120
36.25;36.48;34.5;35;580572
34.8;34.85;32.7;32.82;853512
34.45;35.15;33.75;34.55;575508
35.9;35.92;35.25;35.92;892252
36.7;36.7;35.85;36;653248
36;36;34.65;34.9;437948
35;35.5;33.12;33.65;867032
33.75;34.15;32.95;33.75;681152
33.4;33.95;33.4;33.6;253444
34.5;35.7;33.98;35.1;429852
35.7;35.7;35.15;35.45;279944
35.65;36.45;35.32;36.38;479708
36.42;39.25;36.25;37.25;1638272
37.98;39.5;37.25;38.78;1011628
38.75;39;38.6;38.88;397232
38.88;39;38.72;38.75;498596
38.75;39.05;38.7;39.05;346396
38.9;40.6;38.9;39.5;756820
39.65;39.72;38.3;38.82;305036
38.98;39.02;38.75;38.75;126372
38.75;39.25;38.5;38.55;305420
38.5;39;38.5;38.82;136372
38.75;39.4;38.62;38.62;591120
39.38;39.38;38.08;38.75;404968
39.38;39.48;38.52;38.88;216560
39;39.22;38.12;38.58;363580
38.98;38.98;37.8;37.9;219480
38.75;39.98;38.5;39.62;437164
39.95;40;39.12;39.12;206244
39.5;40.38;39.15;39.62;212916
39.98;41.22;39.75;41;842876
41.12;41.12;39.7;40.12;165748
40.25;40.25;38.98;39.25;472920
39.68;40.62;39.28;40.62;446496
40.62;40.68;40.12;40.62;147008
40.72;40.88;40.12;40.5;291392
40.08;40.7;39.35;39.35;725836
39.62;40.45;39.42;39.75;204724
39.35;40.7;39.35;40.7;351848
40.75;41.1;40.38;40.88;307996
40.52;41.82;40.52;41.25;248368
41.45;41.75;40.5;41.25;324160
41.5;41.5;40.5;40.5;311572
41.25;41.5;40.4;40.4;394604
40.75;40.75;39.5;39.5;309056
39.65;40.25;36.75;36.8;678564
34;37.38;33.25;35.4;328788
35.12;38.88;35.12;37.55;401656
38.2;38.42;35.78;35.88;241932
35.38;36.98;34.25;36.72;156596
36.62;36.62;35.38;36.25;619824
35.55;36;34.12;34.25;516356
34.38;34.88;28.2;29.98;1636104
28.92;29.48;23.98;27.75;1520900
28.2;30.02;28;30;458320
29.5;30.85;28.52;30.5;666976
30;32.38;29.72;32.38;740500
32.62;32.62;30.75;31.75;321584
31.75;34.6;31.75;34.6;263956
35.48;35.48;32.32;33.47;300216
33.02;33.45;30.9;33.08;455888
32.75;33.25;30.95;30.98;353240
32.48;32.98;31.5;32.53;317420
32.48;32.72;32.15;32.7;146136
32.95;32.95;31.5;32.88;122000
32.95;33.95;32.88;33.45;298504
33.28;33.62;31.85;33.5;320488
33.65;37;33.65;36;819592
36.5;36.68;35.58;36.08;373520
36.45;37.5;35.82;36.55;157100
36.92;36.92;35.98;36;173076
36.38;36.38;36.02;36.12;344016
35.75;35.75;34.32;34.42;208116
33.75;35.22;33.75;34.85;469732
35;35;34.28;34.62;297964
34.98;35.25;34.55;35.03;308968
34.75;34.98;33;33.85;519392
34.62;34.62;32.5;33;670796
33.25;35;33.25;35;263572
35.38;35.4;34;34.75;214488
33.62;33.62;32.05;32.08;1138660
32.02;32.5;31.25;31.4;689400
32;32.62;31.55;32.5;426756
33;34.25;32.9;33.5;379504
34.5;34.5;32.52;32.53;420840
32.52;34;32.02;32.03;492564
32.05;33.38;31.55;32;628780
32;32.9;32;32.62;570928
32.9;33.98;32.62;33.82;551212
33.85;34.5;33.3;33.95;684232
33.25;34.88;33.25;34.03;337652
35;35;33.92;34;1451028
34.25;34.5;32.35;32.55;1052096
32.5;32.52;30;32;1452928
32;32.48;31.5;32.45;374748
32.5;34;32.5;33.58;393544
33.75;34.55;33.65;34;275088
34.12;34.65;33.78;34.6;205640
34.5;34.75;32.72;34.4;175560
34;34.08;33.05;33.05;171608
33.5;33.9;33;33.5;132404
33.5;33.5;32.52;33.1;369388
32.65;33.58;32.55;33.1;89416
33.45;33.6;32.6;32.88;171688
32.88;33.42;32.28;32.4;263320
32.75;32.95;32.18;32.5;255956
32.75;34.62;32.62;34.58;551368
34.5;34.5;33.12;33.47;310060
33.62;34.12;32.88;33.7;94676
33.7;33.7;32.62;32.75;238096
32.75;33.3;32.65;32.78;169172
33.25;33.5;32.5;32.5;835492
33.5;33.58;32.7;33.35;588716
33.5;34.25;33.05;34.25;593204
34.25;35.45;34.25;35.3;540256
35;35.5;35;35.38;424728
35;35.65;35;35.38;115704
35.75;36.22;35.5;35.75;228396
34.92;36.85;34.92;36.5;278908
35.85;36.9;35.85;36.65;37388
37;37.58;36.75;37.5;329348
37.25;37.5;36.88;37.5;164792
37.38;37.75;36.88;36.95;134012
37.28;37.62;36.65;37.15;273836
37.3;38.02;37.3;37.95;644696
37.32;38.38;37.32;37.95;368268
37.95;38.08;37.5;37.62;426168
37.52;37.98;37.42;37.7;317328
37.82;37.95;37.55;37.9;248532
37.65;38;37.45;37.5;283412
37.5;37.5;35;35.25;547912
35.5;35.92;35.5;35.75;476104
35.82;35.82;34.62;34.62;375948
33.55;35.1;33.45;34.97;558836
35;35.25;34.52;35.25;292536
34.58;36.02;34.5;34.5;215116
33.5;33.6;32.88;33.25;4782636
33;33.38;33;33.15;2519368
33.25;34.25;33.22;34.08;1772608
34;35;33.88;34.95;1055608
35.18;35.32;34.62;35.32;664920
35.18;35.18;34.88;34.88;596028
34.65;35.08;34.48;34.85;418308
35.12;35.3;34.55;34.85;326740
35.25;35.3;34.5;34.68;406824
34.6;34.75;34.4;34.6;253820
34.5;34.7;33.88;34.32;378108
34.02;34.45;33.8;33.88;200956
33.88;34.2;33.65;33.8;336248
33.55;34.2;33.55;34;74296
33.68;34.12;33.68;33.7;254392
34;34.6;33.7;33.95;251900
34.15;34.15;33.25;33.25;649616
33.38;33.75;33.22;33.62;618436
33.38;33.7;32.9;33.62;479964
33.92;34.08;33.7;33.85;225752
33.95;33.98;33.65;33.75;506944
33.62;33.95;33.25;33.38;305548
32.98;34.18;32.92;34.18;343308
34;34.75;34;34.45;505884
34.72;35.5;34.55;35.12;788768
35.02;36.25;35.02;35.95;698892
36.35;36.9;36.02;36.9;1019512
36.75;36.75;36.3;36.35;404784
36.48;36.5;36.12;36.32;405964
36.72;37.38;36.5;37.38;554256
37.62;37.8;36.9;37.8;716444
37.15;38.12;37.15;38;457192
37.95;39;37.62;39;560816
39.2;39.62;38.88;39.47;784072
39.05;39.72;38.88;39.2;544192
39.18;39.18;38.15;38.72;483600
38.7;38.85;38.52;38.85;249100
38.75;38.85;38.55;38.75;259628
38.7;38.72;38.5;38.72;90952
38.75;39.2;38.5;39.18;513948
38.75;39.32;38.55;38.85;244408
38.75;39.3;38.75;39;413908
38.78;39.2;38.55;39;446512
39.25;39.62;38.9;39.32;470368
39.6;39.6;38.25;38.38;652220
38.32;39.1;38.15;39.05;312024
38.9;38.98;38.65;38.8;339596
38.82;39.42;38.65;39.42;274572
39.5;40.7;39.48;40.58;564896
40.3;40.55;40.12;40.55;389272
40;40.1;39.15;39.35;342832
39.38;39.65;39.12;39.28;135932
39.62;39.72;39.25;39.5;217628
39.32;39.92;39.32;39.75;533780
39.75;40.5;39.55;40.5;498280
40.02;40.42;39.3;39.75;690188
39.65;39.75;39.3;39.58;250688
39.3;39.48;38.78;39.12;440312
38.8;39.12;38.35;38.75;423368
39.2;39.85;39.05;39.42;440136
39.85;40.05;39.6;39.82;214256
39.92;40.72;39.75;40.25;420408
40.02;40.68;39.62;40.05;260860
40.2;40.38;39.78;39.85;102016
40;40;39.58;39.78;316220
39.78;40.1;39.35;39.7;273276
39.4;39.85;38.28;38.65;381484
38.38;38.7;38.08;38.22;489676
38.58;39.9;38.12;39.15;512424
39.88;40;38.9;39;441784
39.65;39.65;38.7;39;457504
39;39;38.3;38.62;225216
38.92;38.95;38.08;38.32;191508
38.7;38.72;38.08;38.22;215448
38.38;38.98;38.18;38.62;284528
38.75;38.78;38.32;38.5;186268
38.28;38.5;38.08;38.25;180580
38.02;38.65;37.7;38.6;530444
38.6;39.25;38.5;38.62;367024
38.62;39.1;38.52;38.97;299188
39;40.38;38.55;40.1;612680
39.75;39.82;39.47;39.47;128344
39.48;39.5;38.82;39.05;331772
39.05;39.45;38.62;39.45;354724
36.98;36.98;31.28;31.88;8458764
31.88;32.75;31.05;31.95;2182312
31.95;32.6;31.7;32.38;895384
32.5;32.5;31.88;32.1;1011736
32;32.7;32;32.7;581972
32.5;32.68;32.05;32.5;378600
32.95;32.95;31.72;32.38;776104
32.5;32.5;31.55;31.62;208988
31.5;31.5;29.75;30.08;958872
30.25;30.4;30.02;30.22;509184
30.25;30.58;30.22;30.35;698540
30;30.55;29.72;30.45;552112
30.58;31.38;30.5;31.02;413796
31.35;31.35;30.75;30.75;376124
30.62;30.82;30.05;30.6;222364
30.9;30.9;28.75;29.2;571528
28.78;29.25;27.42;28.75;1326356
28.42;28.9;28.4;28.75;384644
29;29;28.25;28.25;586612
28.38;28.98;28.18;28.88;479304
28.28;29.18;28.28;28.75;255252
28.38;29.05;28.3;28.8;670952
28.5;28.75;27.88;28.68;281752
28.65;28.7;27.62;27.95;374368
27.22;27.5;26.6;26.6;908132
26.78;27.62;26.78;27.35;766472
26.75;26.88;26.1;26.65;765700
27.15;27.18;26.7;26.88;319524
27.18;27.18;25.62;26.12;340940
25.65;26.38;24.5;25;969108
25.52;26;25;25.45;621336
25.82;25.92;25.12;25.52;672164
25.75;26.42;25.62;26.2;615172
25.88;26.48;25.88;26.42;485464
26.25;26.25;26;26.02;378484
25.88;25.9;25;25.5;829060
25.3;25.82;25.15;25.25;360716
25.25;25.75;24.5;25.2;284856
25;25.28;24.38;24.69;393252
24.5;25;24.1;24.75;620744
24.85;24.85;23.78;23.78;425328
23.5;23.75;22.8;22.82;613312
22.88;23;21.55;22.24;679824
22.28;22.55;21.22;21.75;353688
21.22;21.58;19.91;20.12;1036180
21.02;21.48;20.74;21.01;528792
21.02;21.96;20.42;21.86;461440
20.55;21;18.05;19;1192616
18.95;19.24;17.94;18.49;1752084
18.98;18.98;18.08;18.2;967608
18.45;18.45;17.91;17.92;540784
17.7;17.86;16.42;16.9;478560
17.24;17.4;17;17.24;344328
17.08;17.66;16.76;17.42;337028
17.5;18.45;17.08;17.25;649556
17.8;18.1;17.31;17.9;465968
18.12;19.09;17.75;17.75;536504
17.82;18.5;17.58;18.42;364792
18.56;18.66;17.89;18.21;215572
18.25;18.95;18.08;18.95;518400
18.78;18.94;18.22;18.66;192072
18.68;19.09;18.46;18.98;103024
19.2;19.69;18.88;19.42;327456
19.72;19.75;18.88;19.04;393108
19.06;20.21;19.06;19.62;430684
19.88;20.75;19.68;20.74;406088
20.75;20.85;20.34;20.55;246452
20.85;20.85;20.45;20.82;177172
20.75;20.85;20.5;20.75;373512
20.75;21.1;20.3;20.39;996836
20.5;20.71;19.7;20.5;219292
20;20.45;18.82;19.5;519644
19.5;19.5;18.56;19;647224
18.76;19.12;17.65;18.28;382604
18.38;18.5;17.52;17.69;643504
18;18.88;17.52;18.55;575264
18;18.85;17.94;18.3;491416
18.49;18.62;18;18.25;358720
18.71;18.88;18.5;18.83;346580
18.91;21.12;18.75;21.12;1126888
20.75;21.25;19.62;19.83;854940
19.51;20;19.09;20;243972
19.1;20;18.66;18.66;232120
19.25;19.25;18.28;18.58;326980
18.58;18.62;18.12;18.2;232412
18.02;18.34;17.75;18.34;494196
18.02;18.66;17.75;18.31;465608
18.25;18.5;17.55;17.55;275144
17.62;17.85;16.64;16.91;593328
16.56;18;16.29;16.29;376748
16.62;17.49;16.62;16.75;652432
16.74;16.98;16.32;16.85;381396
16.29;16.86;16.29;16.62;257868
16.5;16.6;15.31;15.8;540272
16.02;16.2;15.56;15.61;541776
15.5;15.88;14.8;14.82;554292
14.95;14.95;13.88;14.62;688972
14.12;14.4;13.05;13.25;550744
13.55;14.19;13.25;13.65;682308
13.22;13.54;12.91;13.06;658520
12.88;13.2;12.25;12.75;599948
12.88;14;12.71;13.75;798396
13.45;13.88;12.52;13.06;305880
13.36;14.62;13.36;14.32;748496
14.22;14.76;14.02;14.75;725296
14.9;15.69;14.75;15.69;770356
16;16.22;15.44;15.95;735720
16;16.21;14.82;14.82;274984
14.9;15.58;14.66;15.04;341248
14.89;14.96;13.82;13.94;775856
14.18;14.85;14.1;14.75;297336
14.34;14.54;14.15;14.3;92668
14.5;15.38;14.5;14.85;190436
15.12;15.12;14.25;14.34;221532
14.35;15.02;14.35;15.02;176768
15.05;16.86;15.04;16.41;686192
16.62;16.62;15.7;15.78;335744
15.7;16.86;15.7;16.86;334184
16.86;16.89;16.3;16.89;174004
16.9;17.46;16.88;16.94;486436
17.45;17.45;16.89;17.1;489980
16.89;16.95;16.38;16.72;322880
16.38;16.5;15.68;15.8;340260
16;16.48;15.85;16.2;290516
16.2;16.5;16;16.17;322388
16.2;16.38;15.86;16.19;267956
16.25;17.1;16.25;16.95;534284
17;17.09;16.64;16.95;371700
16.98;17.25;16.68;17.22;296748
17.21;17.21;16.5;17.06;205352
17.42;19.96;16.84;19.96;930100
19.34;19.81;18.68;18.75;519548
19.25;19.25;18.12;18.12;210780
18.5;19.22;18.45;18.81;193940
18.81;19.69;18.75;19.66;1099988
19.72;19.72;19.11;19.12;95696
19.12;19.69;19.12;19.69;263048
19.69;19.91;19.28;19.55;273856
19.7;19.88;19.26;19.35;181796
19.15;19.25;18.38;18.38;431016
18.56;18.95;18.26;18.45;208860
18.26;18.94;18.15;18.69;375748
18.51;19.02;18.14;18.14;184044
18.25;18.25;16.88;17.05;599512
17.06;18.31;17.06;17.72;293464
17.75;17.85;17.25;17.75;78792
17.88;17.88;17.16;17.28;121696
17.24;17.98;17.16;17.5;154952
17.76;18.45;17.61;17.72;257840
18.05;18.05;17.15;17.15;243284
17.5;17.5;17.1;17.2;256320
17.5;17.5;16.76;16.76;226388
17;17;16.51;16.75;148712
16.79;17.25;16.79;17.05;47892
16.8;16.8;16.51;16.7;95076
16.75;17;16.24;16.24;104464
16.52;17.2;16.3;17.05;72720
17.24;17.38;16.81;17.38;131272
17.65;17.66;17.25;17.5;179504
17.88;17.88;17.2;17.5;295916
17.72;17.72;16.9;16.91;184548
16.88;16.88;16.11;16.24;302872
16.12;16.38;15.51;15.51;464600
15.76;15.91;15.52;15.71;428200
16;16.06;15.65;16;248448
16.08;16.09;15.89;16.05;364764
16.25;16.42;15.9;16.22;286380
16.36;16.36;16;16.25;287664
16.5;17.15;16.1;16.24;700100
16.6;16.6;15.9;16.12;145272
16.28;16.62;15.88;15.88;459228
16.19;16.35;15.58;15.58;555232
15.58;15.85;15.52;15.78;313900
15.64;15.95;15.55;15.68;240112
15.56;15.61;14.62;14.64;510208
14.88;14.98;14.45;14.75;398788
14.85;15;14.28;14.45;335616
14.88;14.98;14.65;14.94;478160
14.75;14.98;14.31;14.58;278932
14.75;14.75;14.35;14.35;304372
14.5;14.5;14.15;14.18;220164
14.4;14.49;14.28;14.34;256692
14.4;14.4;14.08;14.22;361744
14.22;14.22;13.76;13.82;181916
13.82;14;13.54;13.54;169140
13.8;14;13.58;13.86;219908
14;14;13.6;13.65;237068
13.75;14.11;13.68;13.74;135316
13.76;14.05;13.66;13.89;185696
13.94;14.22;13.94;14.1;84292
14.22;14.75;14.05;14.65;304308
14.62;14.71;14.26;14.29;237732
14.1;14.64;14.1;14.21;106680
14.25;14.4;13.72;14.05;559684
14.08;14.38;14.08;14.29;556856
14.35;14.72;14.1;14.65;643568
14.76;15.49;14.76;15.14;1964840
15.38;15.38;14.81;14.91;538004
15.12;15.25;14.9;15;254616
15.28;15.38;15;15.11;158876
15.42;15.42;14.62;14.76;303368
14.56;14.88;14.5;14.84;244784
14.7;14.7;13.74;14.2;216284
14.4;14.4;13.69;13.74;339664
13.69;13.9;13.52;13.6;350172
13.55;13.76;13.35;13.56;427380
13.68;13.94;12.95;12.96;547536
13.52;13.81;13.28;13.81;187264
14.25;14.85;14.02;14.72;535716
14.5;15.28;14.28;15.22;120504
15.45;15.89;14.75;14.95;472668
14.76;15.45;14.76;15.08;254536
15.45;15.45;14.28;14.46;295644
14.65;15.58;14.65;15.49;360868
15.5;15.71;15.15;15.25;277712
15.25;15.75;15.2;15.75;377264
15.54;16.62;15.54;16.46;499372
16.6;16.6;15.76;15.76;386204
15.75;15.95;15.51;15.61;625688
15.75;15.92;15.58;15.69;253952
15.75;16.59;15.7;16.59;346276
16.5;16.99;16.28;16.75;843808
17;17;15.98;16.06;455880
16.25;17.3;16.25;17.01;368272
17.38;17.69;17.36;17.49;428256
17.38;17.42;17.05;17.29;118616
17.38;17.49;16.7;17.44;2506132
17.36;17.5;17.05;17.16;350084
17.24;17.46;17.11;17.46;1679668
17.49;17.49;16.88;16.94;399904
17.25;17.69;17.08;17.49;777264
17.48;17.58;17.38;17.46;594884
16.58;17.49;16.5;17.36;292324
17.36;17.36;16.94;17.08;371500
17.01;17.92;17;17.92;755572
17.99;18.74;17.75;17.95;3092312
18.24;18.31;18;18.19;411556
18.18;18.18;17.82;18.1;300472
18.12;18.49;17.98;18.17;541604
18;18.49;17.79;18.35;474488
18.31;18.31;17.71;17.88;808532
18.25;18.48;18.04;18.21;1512704
18.25;19.09;18.25;18.89;552404
19.14;19.81;19.04;19.5;778376
19.42;19.44;19.14;19.16;316632
19.14;19.18;18.26;18.42;669368
18.86;19.05;18.45;18.59;307700
18.75;18.95;18.55;18.79;224976
19;19.49;18.49;18.5;397316
18.5;19.19;18.3;19.06;267540
18.75;19.59;18.75;19.39;325636
19.48;19.48;18.8;19.25;593904
19.14;19.22;18.75;18.85;796408
19.02;19.25;18.19;18.62;702276
19.24;19.6;18.78;19.41;1131304
19.44;19.85;19.28;19.69;601456
19.62;19.85;19.56;19.75;292640
19.75;19.85;19.56;19.72;452712
19.88;20.22;19.76;20;1398020
19.9;20.25;19.81;20.01;211036
20.06;20.65;20.01;20.35;637768
20.26;20.99;20.26;20.88;452828
20.82;20.82;20.1;20.42;960716
20.28;20.88;20.28;20.75;390876
20.75;20.78;20.62;20.75;1067164
20.75;21.08;20.58;20.76;675724
20.5;20.98;20.5;20.75;153000
20.7;20.92;20.61;20.61;166388
20.52;20.88;20.38;20.56;338008
20.5;20.88;20.45;20.75;398724
20.75;20.85;20.5;20.75;380428
20.48;20.5;20.12;20.25;534148
20.22;20.22;19.79;19.88;374988
19.96;20.45;19.94;20.35;202800
20.2;20.48;19.96;20.09;147828
20;20;19.44;19.8;273364
19.51;19.84;19.38;19.5;285472
19.65;19.65;19.12;19.3;277248
19.2;19.48;19.06;19.1;407272
19.08;19.49;19.04;19.26;464160
19.12;19.49;19.12;19.36;216032
19.5;19.5;19.01;19.05;179668
19.25;19.4;18.59;18.72;327828
19;19.81;18.81;19.7;703016
19.75;19.75;19.45;19.59;420492
19.54;19.95;19.54;19.94;291160
20;20.18;19.75;20.05;323300
20.19;20.38;20;20.17;212828
20.19;20.36;20;20.15;219908
19.99;20.11;18.89;19.35;280836
19.08;19.56;19.08;19.22;308396
19.74;19.74;19.06;19.31;336852
19.38;19.5;18.24;18.38;996948
18.62;19.36;18.62;19;1126536
18.98;19.29;18.98;19;446064
19.24;19.25;19;19.1;337580
19.1;19.59;19.1;19.24;299916
19.25;19.51;19.24;19.51;242448
19.59;20.16;19.56;19.88;304064
20.01;20.01;19.12;19.44;528976
19.82;20;19.38;19.75;535228
19.88;20.05;19.29;19.29;617924
19.29;19.65;19.29;19.42;174156
19.75;19.75;19.38;19.48;332664
19.5;19.5;18.82;18.96;806044
18.92;19.18;18.81;19.14;554464
19.22;19.25;18.7;18.71;450832
18.98;19.15;18.69;19.01;592604
19.01;19.2;18.85;19;546524
19.21;19.21;18.48;18.54;627992
18.54;18.89;18.54;18.69;209524
18.75;19.06;18.71;18.98;293200
19;19.38;18.91;19.06;249628
19.08;19.42;18.96;19.09;311124
19.25;19.38;19.02;19.3;253348
19.38;19.49;18.88;19.28;148052
19.25;19.55;19.18;19.55;218128
19.52;20.24;19.48;20.24;400460
20.06;20.84;20;20.62;681192
20.61;20.85;20.11;20.15;655512
20.02;20.36;19.8;19.83;392192
19.92;19.98;19.38;19.52;173332
19.45;19.95;19.45;19.79;303276
19.96;20;19.61;19.85;1772000
19.85;20.18;19.76;20.01;457404
20.02;20.6;20.02;20.49;570280
20.5;20.84;20.5;20.74;518908
20.74;20.74;20.25;20.56;618904
20.69;20.85;20.62;20.75;242872
20.7;21.06;20.7;20.75;265292
20.81;21;20.39;20.9;1029572
21.15;22.39;21.14;22.39;1241536
22.38;22.45;21.38;21.54;688696
21.45;21.45;20.76;20.9;675108
20.82;21.41;20.7;21.24;610560
21.28;22.25;21.28;21.88;599764
21.98;22;21.32;21.34;227868
21.61;21.88;21.52;21.8;449252
21.84;22.45;21.81;22.34;1053564
22.46;22.46;22.11;22.31;1084976
22.35;22.39;22.19;22.38;475284
22.35;22.36;21.62;21.7;609816
21.7;22.05;21.58;21.9;426912
21.9;22.3;21.72;22.3;765456
22.14;22.22;21.88;21.9;771728
21.82;21.96;21.25;21.62;271504
21.8;21.8;21.25;21.35;118456
21.4;21.62;21.02;21.02;411216
20.86;21;20.55;21;682532
21.19;21.19;20.7;20.89;241936
21;21.31;20.81;21.22;616356
21.2;21.84;21.2;21.4;275464
21.7;21.7;21.12;21.58;161444
21.74;21.74;20.88;20.9;334524
21;21.41;20.7;20.72;545400
20.88;21.12;20.74;20.76;502952
20.78;21.44;20.78;21.41;514640
21.59;21.62;21.05;21.16;200424
21.25;21.75;21.04;21.75;320424
21.56;21.75;21.25;21.38;145596
21.55;21.55;21.12;21.16;330004
21.45;21.45;21.08;21.18;126076
21.5;21.56;21.14;21.55;559388
21.62;21.82;21.24;21.38;444884
21.25;21.34;20.96;20.98;328172
21.11;21.12;20.95;21.04;619852
21.06;21.25;20.95;21.08;264304
21.2;21.45;21.02;21.42;272840
21.5;21.5;21.04;21.24;237752
21.35;21.38;21.24;21.25;246684
21.25;21.32;21.16;21.25;238856
21.25;21.58;21.25;21.5;237748
21.62;22.08;21.5;22;485868
22.16;22.22;21.69;21.79;438820
21.81;22;21.75;21.8;479184
21.78;22.31;21.78;22.28;440572
22.15;22.15;21.84;21.84;420924
21.74;21.74;21.35;21.46;235312
21.39;21.75;21.36;21.66;224988
21.68;21.91;21.58;21.74;171752
21.68;22.24;21.68;22.24;283708
22.22;22.22;21.64;21.64;372792
22.11;22.24;21.45;21.45;203948
21.58;21.95;21.25;21.56;353976
22.12;22.48;21.68;22.25;1318668
21.95;22.08;21.85;21.86;466972
21.98;22.2;21.79;22.19;487692
22.19;22.25;21.92;22.25;402240
22.2;22.31;21.91;21.98;857780
21.85;22.08;21.82;21.98;361828
22;22.44;22;22.44;343796
22.29;23.12;22.29;22.98;573656
22.75;22.95;22.3;22.4;579424
22.54;22.86;22.38;22.76;1554800
22.75;22.91;22.46;22.59;533764
22.5;22.69;22.29;22.48;393952
22.48;22.48;22.15;22.25;174368
22.25;22.7;22.25;22.52;596248
22.49;22.62;22.2;22.38;393096
22.48;22.56;22.04;22.39;356200
22.36;22.56;22.04;22.38;299864
22.38;22.6;22.12;22.25;163284
22.01;22.19;21.46;21.69;430320
21.72;21.96;21.54;21.66;523464
21.66;21.75;21.31;21.62;936184
21.75;21.88;21.31;21.31;427280
21.32;21.65;21.24;21.48;559004
21.48;21.48;20.78;21.18;179272
21.16;21.16;20.84;21.11;211696
21.11;21.11;20.51;20.89;239736
21.01;21.25;20.98;21.18;153268
21.25;21.46;21.19;21.45;60424
21.59;21.86;21.4;21.75;337916
21.79;21.88;21.65;21.69;362124
21.78;21.95;21.62;21.64;242448
21.7;21.7;20.51;20.68;598264
20.72;21;20.62;20.62;1612808
20.91;21.04;20.4;20.7;1322828
20.6;20.62;20.11;20.38;970268
20.32;20.88;20.32;20.72;1238208
20.56;21.08;20.54;20.75;1000216
21;21.92;20.95;21.91;1764188
21.82;22.39;21.75;22.32;1116660
22.31;22.4;22.2;22.36;526808
22.25;22.7;22.21;22.51;619144
22.36;23.66;22.3;23.25;1933872
23.4;23.5;22.66;22.7;485808
22.52;23.65;22.41;23.41;880400
23.6;24.61;23.31;24.56;1789460
24.56;24.75;24.02;24.3;1348212
24;24.72;23.96;24.61;924680
24.5;24.62;24.05;24.4;755324
24.26;24.75;24.05;24.11;612072
24.41;24.95;24.25;24.5;1486524
24.5;24.78;24.3;24.41;1009076
24.5;24.71;24.2;24.26;744660
24.15;24.7;24.12;24.59;695368
24.52;25.95;24.52;25.52;1752536
25.32;26.05;25.32;26.05;818236
26.12;26.75;25.88;26.5;1463504
26.52;27.15;26.25;27.15;988472
27;27;25.32;25.5;1244156
25.68;25.92;24.95;25.3;957692
25.25;25.38;25.1;25.35;251036
25.35;25.88;25.18;25.75;438620
25.95;26;25.58;25.88;596052
25.92;26;25.48;25.62;271268
25.82;26.42;25.75;26.15;749316
26.02;26.25;25.88;26.05;157184
26.2;26.2;25.38;25.85;251368
26.02;27.1;25.98;26.9;1085444
26.98;28.88;26.98;28.25;2460796
28.05;28.4;27.92;28;1032012
28.02;28.88;28;28.88;807652
28.92;29.5;28.68;28.95;851052
29.02;29.35;28.25;28.45;1284180
28.45;28.95;28;28;566068
28;28.48;28;28.15;1056408
28.35;28.88;28.12;28.3;201004
28.25;28.42;28.02;28.38;351064
28.35;28.35;28;28.22;561248
28.05;28.18;27.15;27.32;617188
27;27.82;26.25;27.52;513596
27.4;27.4;25.85;26.25;576376
26.22;26.22;25.5;26;469488
26.5;26.98;26.08;26.4;561092
26.45;28.02;26.28;27.58;973156
27.65;27.75;27.05;27.3;361300
27.3;27.32;26.25;26.8;534120
26.5;27.02;26.28;27.02;342952
27.05;27.5;26.7;27.15;576964
27.15;27.65;27.05;27.38;510312
27.5;27.62;26.82;27.25;430992
27.25;27.5;26.82;27.45;409144
27.48;27.5;26.8;26.95;799216
26.88;27.5;26.88;27.5;1266064
27.5;28.5;27.4;28.3;487336
28.45;28.45;27.78;28.15;746196
28.3;29.18;27.9;28.98;614156
28.95;28.95;27.85;28.05;452292
28.1;28.35;28.05;28.25;329456
28.15;28.62;27.9;28.52;273544
28.08;28.82;28.08;28.5;371792
28.18;28.48;27.12;27.6;582768
27.7;28.1;27.2;27.3;860572
27.6;27.78;27.22;27.75;334776
27.72;27.75;27.28;27.62;299460
27.7;27.88;27.48;27.8;212228
27.7;27.72;27.1;27.38;321000
27.38;27.4;26.92;27.15;477204
27.25;27.98;27.15;27.32;670848
27.75;28.18;27.65;27.8;1061164
28.5;28.5;27.82;28.2;870440
28.48;29.1;28.4;29;1483968
28.95;29.05;28.82;28.92;1743508
28.98;28.98;28.65;28.9;3134656
28;28.35;27.9;28.22;422956
28.35;28.42;27.9;28.38;945588
28.2;29;28.18;28.72;2659520
28.88;28.88;28.38;28.62;1727164
28.45;28.55;28;28;670364
28.2;28.2;26;26;1533932
26.25;27.12;25.82;27.05;2202876
26.78;27.5;26.75;27;681000
27.28;27.38;26.95;27.2;309024
27.38;27.62;27.08;27.58;599544
27.38;27.5;26.6;26.92;476752
26.8;27;26.5;26.6;474340
26.55;27.42;26.55;26.7;404760
26.72;26.72;26.35;26.48;353504
26.45;26.9;26.4;26.5;218444
26.78;27;26.58;26.88;287500
27.12;27.88;27.12;27.4;773336
27.92;27.92;27.1;27.65;490020
28;28.2;27.32;27.7;1194712
27.58;27.78;27.32;27.6;424712
27.82;27.98;27.4;27.58;50916
27.75;28.48;27.7;27.78;337976
27.95;28.18;27.75;28;196020
28.15;28.15;27.28;27.58;278288
27.45;28;27.3;27.82;351772
28.02;28.08;27.32;27.95;217716
28.02;28.22;27.72;27.82;364060
27.88;28;27.3;27.5;247516
27.5;27.72;27.3;27.5;313304
27.48;27.58;27.12;27.42;264456
27.02;27.25;26.62;26.88;448252
27;27.5;26.72;27.3;461240
27.28;27.68;26.95;27.08;780968
27.25;27.98;27.12;27.98;882084
27.95;28.48;27.7;28.38;681240
28.32;28.32;27.98;28.05;163644
28;28.25;27.88;27.92;268784
27.75;28;27.48;27.72;426408
27.75;28.48;27.75;28.3;390212
28.25;28.48;27.88;28.32;301232
28.4;28.42;27.8;28.1;192424
28.22;28.25;27.45;27.88;332752
28.1;28.1;27.5;27.88;262092
28;28.22;27.52;27.92;411200
27.95;28.12;27.15;27.35;415592
27.38;28;27.28;27.95;190732
27.85;27.9;27.35;27.42;341944
27.38;27.88;27.38;27.5;391908
27.6;27.88;27.28;27.8;313064
27.58;28.2;27.58;27.98;352932
27.98;28.12;27.78;28.12;330488
28.12;28.15;27.9;28;231456
28;28.05;27.88;27.95;169400
27.88;28.15;27.85;27.95;233136
28.1;28.1;27.8;27.8;300436
27.75;28.15;27.62;28.02;507012
27.92;28.12;27.55;27.95;294548
28;28.05;27.6;27.65;144876
27.5;27.7;27.3;27.35;175204
27.58;27.58;26.95;27.08;599980
27.22;27.5;26.98;27.08;203432
27.05;27.32;26.7;26.82;203044
27.12;27.92;27.1;27.22;469052
27.62;29.38;27.62;29.32;1104180
29.02;29.28;28.88;28.92;346692
29;29.25;28.75;29.05;311328
29.15;30.22;29;29.88;582304
30.15;30.15;29.6;29.7;478608
29.75;29.85;28.92;29.05;377548
28.95;29.2;28.1;28.9;752500
28.8;29;28.28;28.85;421452
29;30;28.95;29.72;523036
29.7;29.7;29.25;29.45;180616
29.32;29.72;29.25;29.25;206904
29.72;29.72;29.05;29.12;170016
29;29.68;28.92;29.45;167788
29.55;29.7;29.38;29.38;313124
29.45;29.5;29.18;29.5;291772
29.62;30.1;29.45;29.9;905212
30;30.95;29.88;30.6;701820
30.75;31;30.45;30.55;799536
30.82;30.82;29.9;30.15;451264
30.48;30.48;29.92;30.25;522472
30.25;30.28;29.88;30.18;612000
30.02;30.82;29.95;30.52;437804
30.78;30.78;30.38;30.58;198248
30.7;30.95;30.62;30.8;508248
30.75;31.25;30.42;30.9;516544
31;31.25;30.62;31.08;322200
31.2;31.4;30.88;31.1;189516
31.32;31.32;30.65;30.92;280084
30.9;31;29.98;30.68;685764
30.62;30.7;30.28;30.45;384236
30.58;31.1;30.45;30.85;257792
31.12;31.25;30.62;30.92;243060
30.8;31.25;30.8;31.2;267920
31.25;31.38;30.88;31.1;305592
31.1;32.05;31.1;31.65;677256
31.78;31.95;31.3;31.72;418064
31.5;32.02;31.5;31.78;638364
31.8;32.18;31.8;32.18;251396
32.02;32.5;32.02;32.32;632048
32.38;32.5;32.2;32.3;387860
32.38;32.48;31.95;32.4;328944
32.25;32.5;31.32;32.42;818112
32.42;32.55;32.2;32.47;266596
32.62;32.92;32.5;32.85;332012
32.7;32.85;32;32.22;374664
32.2;32.58;32.2;32.5;244528
32.52;33.35;32.45;33.3;396572
33.42;33.62;33.05;33.05;430608
32.88;33.2;32.6;32.65;325980
32.88;33.42;32.75;33.2;506300
33.2;33.32;32.95;32.97;269640
32.68;33.05;32.68;33.03;139872
33.2;33.45;32.98;33.1;129348
33.1;33.1;32.6;32.6;425272
32.52;32.92;31.88;31.95;571744
32.08;32.38;32.05;32.18;369696
32.2;32.6;31.9;32.42;251192
32.55;32.72;32.05;32.08;149580
32.25;32.25;31.65;31.75;562564
31.3;32.1;31.3;31.6;707924
31.6;31.9;31.38;31.5;424756
31.68;31.72;30.92;31.18;641132
30.95;30.95;29.68;29.88;1335744
29.82;30.12;29.65;29.88;855584
30.12;30.62;29.75;30.6;750140
30.72;30.72;30.3;30.35;684152
30.2;30.82;30.12;30.72;712324
31.25;31.72;31.25;31.32;483552
31.38;32.22;30.98;31.28;890160
31.5;31.62;31.12;31.12;447580
31.25;31.48;31.15;31.32;835108
31.58;31.58;30.9;30.98;716652
31.22;31.28;30.25;30.28;650336
30.42;31.12;30.35;30.82;737784
30.7;30.95;30.05;30.5;605368
30.52;30.9;30.52;30.72;360996
30.8;30.85;30;30.3;453984
30.48;30.7;29.8;30.1;457448
30.22;30.25;29.18;29.38;656112
29.58;30.08;29.5;30.05;771212
30.25;30.48;29.18;29.78;1299168
29.6;29.98;29.6;29.75;716332
29.95;30.5;29.48;30.25;680324
30.3;31.2;30.28;31.02;1427644
31;31.1;30.25;31;1854192
31.02;31.62;31.02;31.52;486304
31.5;31.62;31.28;31.5;421100
31.62;32.15;31.55;31.82;811412
32;32.05;31.62;31.62;414280
31.62;32.08;31.25;31.6;2025976
31.72;31.82;31.1;31.25;992560
30.5;30.95;30.15;30.85;917628
30.7;31.18;30.62;31.02;550568
31.2;31.38;30.82;31.28;548848
31.45;31.45;31;31.42;817872
31.45;31.9;31.05;31.7;600608
31.82;32.38;31.82;31.9;721532
31.5;31.95;31.05;31.5;635092
31.92;32.45;31.45;32.12;740916
32.25;32.95;31.8;32.53;769744
32.95;33.92;32.78;33;1921132
32.75;33;32.5;32.5;998292
32.55;32.98;32.5;32.75;583116
32.92;33.62;32.6;33.4;946260
33.38;34.22;33.35;33.82;604548
33.98;34.25;33.85;34.25;499000
33.92;34.28;33.6;33.65;220544
33.75;33.75;33.5;33.72;135280
33.72;33.8;33.5;33.65;90668
33.52;34;33.52;33.88;203036
33.62;34;33.62;33.85;331156
33.88;34;33.68;34;86460
33.98;34;33.42;33.42;241556
33.12;33.32;32.88;32.95;1051924
32.78;32.78;31.72;31.98;1774460
32;32.28;31.75;32.2;607736
32.35;32.48;31.95;32.08;606832
32.05;32.45;31.88;32;488160
32.2;32.32;31.52;31.52;747540
31.55;31.62;30.85;31.22;1336320
31.25;32.08;31.18;31.82;917520
31.92;32.65;31.92;32.55;819300
32.9;32.92;32.12;32.38;354528
32.4;32.78;32.28;32.5;484060
32.38;33;32.38;32.88;501312
32.88;32.88;32;32.32;601992
32.48;32.62;32;32.5;353472
32.5;32.75;32.02;32.3;538104
32.18;32.88;32.18;32.25;397260
32.4;32.7;32.15;32.65;312152
32.88;32.88;32.12;32.4;575460
32.48;32.82;32.3;32.5;427928
32.7;32.72;32.08;32.12;744336
32.38;32.5;31.5;32.28;621400
31.02;31.45;30.32;30.9;5948324
30.85;31;30.45;30.5;1028564
30.5;30.9;30.5;30.75;1137068
30.95;32.4;30.95;32.12;1452484
32.25;32.25;31.65;31.88;643764
32.2;32.35;31.92;32.25;705484
32.1;32.12;31.55;31.92;816376
31.98;32.55;31.65;32.55;690932
32.52;32.52;31.88;32.03;629432
32.05;32.05;31.7;31.78;764188
31.75;31.98;31.65;31.92;234204
31.92;33.5;31.88;33.05;2042136
33.32;33.62;32.62;33.42;622832
33.4;33.4;32.88;33.1;212944
33.08;33.4;32.68;33;405496
33.05;33.2;32.65;32.92;259680
33.02;33.2;32.65;32.82;396696
33;33.5;32.78;33.42;514732
33;33.62;33;33.53;525804
33.28;33.95;33;33.53;656036
33.7;33.7;32.92;32.97;651404
33.25;33.58;32.8;33.03;429936
33.18;33.78;33.08;33.75;938584
33.82;33.82;33.05;33.28;553536
33.18;33.72;33;33.18;355188
33.35;33.35;32.7;32.88;532276
32.75;32.78;31.7;31.75;944084
31.88;32.2;31.72;31.75;546564
31.95;32.22;31.95;32;273804
32.2;32.25;32.05;32.1;664728
32;32.12;31.65;32.1;864436
32.12;32.5;31.9;32.38;638740
32.6;32.72;32.12;32.4;553248
32.18;32.58;31.62;31.8;817148
31.72;32.25;31.25;32.08;866316
31.6;31.85;31.15;31.35;476692
31.42;32;31.02;31.25;773504
31.42;31.55;30.92;31.3;609984
31.3;32.25;31.15;31.98;892924
32.48;32.48;32.05;32.25;504840
32.38;32.6;32;32.5;426908
32.55;32.68;32.28;32.58;522508
32.58;32.95;32.12;32.42;808496
32.62;32.82;32.4;32.75;341472
32.82;33.5;32.8;33.5;638892
33.5;33.5;32.88;33;517848
32.92;33.3;32.78;32.85;365580
33.25;33.45;33;33.08;588868
33.12;33.35;32.9;33.05;448848
33.1;33.25;32.62;32.88;429040
32.8;32.8;32.12;32.28;434060
31.75;31.75;31.15;31.18;867040
31.62;32.12;31.6;31.7;579348
31.92;32.2;31.35;31.78;427372
31.45;31.88;31.42;31.75;398528
32;32.25;31.7;31.8;373300
32;32.42;31.82;32.25;668404
32.4;33.22;32.25;33.12;1214476
33.02;33.72;32.7;33.25;1939392
33.25;33.25;32.75;33.05;914384
32.78;33.22;32.32;32.88;513208
32.88;33.25;32.8;32.92;552068
32.8;33.35;32.75;32.88;510408
32.92;33.2;32.35;32.35;599368
32.4;33.22;32.4;33.08;542252
33.25;33.32;32.98;33.1;360832
33.28;33.45;32.98;33.42;425748
33.48;33.5;32.9;33;223864
33.12;33.62;33.05;33.35;571732
33.48;33.75;33.28;33.45;633892
33.5;33.5;32.55;32.95;1044448
33.39;33.39;32.7;33.09;280624
33.38;33.39;32.5;32.65;858121
32.95;33.34;32.75;33;1305412
33;34.03;32.7;33.87;1074773
33.95;34.74;33.6;34.6;984453
34.7;34.95;34.5;34.65;678712
34.83;35.4;34.7;34.89;837581
34.9;35.22;34.71;34.95;620483
35.04;35.69;34.95;35.55;992692
35.5;35.64;35.16;35.23;411618
34.95;35.9;34.7;35.71;254126
35.79;36.08;35.51;35.87;974509
35.98;36.5;35.71;36.14;648963
36.3;36.55;36.01;36.32;502573
36.39;36.75;36.15;36.43;413568
36.66;36.85;36.15;36.5;561261
37;37;36.2;36.22;518049
36.35;36.85;36.24;36.59;414955
36.59;36.85;36.33;36.46;489166
36.79;37;36.51;36.75;680228
36.7;37.3;36.64;37.07;468543
37.2;37.57;37.01;37.46;500789
36.9;37.8;36.17;37.5;948096
37.76;37.77;37.26;37.58;572836
37.62;37.85;37.24;37.41;643208
37.65;37.9;37.37;37.37;757961
37.7;38.1;37.5;37.7;886458
37.7;37.7;37.16;37.2;613636
37.25;37.9;37.14;37.6;701924
37.49;37.95;37.15;37.79;542481
37.85;38.1;37.46;38.1;538024
38.02;39.35;38;39;1149731
38.81;38.99;38.14;38.24;802773
38.41;38.69;38.12;38.36;482653
38.4;39.11;38.39;38.9;452695
39.14;40.15;39.14;39.72;678014
39.78;39.95;39.27;39.7;553115
39.51;39.96;39.51;39.96;969993
40;40;38.25;39.76;661892
40;41.8;40;41.4;947821
41.4;41.44;40.55;40.98;546218
41.12;41.13;40.1;41.08;562429
41.13;41.34;40.55;41.11;445573
41.42;41.64;41;41.21;291875
41;41.2;40.12;40.88;400060
41;41;40.26;40.6;318830
40.6;41.23;40.47;40.97;479576
41.13;42.46;40.92;41.17;790829
41.22;41.35;40.3;40.73;643841
40.89;41.5;40.25;41.48;620245
41.79;42.74;41.5;42.5;761129
42.85;43.4;42.6;43.03;640809
43.3;43.53;43;43.4;633646
43.27;43.72;42.93;43.48;669310
43.7;44.35;43.48;44.12;625748
44.49;45.3;44.45;45.2;784976
45.2;45.23;44;45.23;1122829
45.25;45.25;44.81;45.19;692435
44.87;45.02;44.5;44.74;539646
45.09;45.46;44.82;44.84;332117
45.11;45.45;44.9;45.11;370014
45.34;45.83;45.1;45.65;408564
46.09;46.45;45.88;45.96;396059
46.09;46.9;46.01;46.77;425028
46.59;46.99;46.13;46.79;288079
46.79;47.3;46.44;46.63;156902
46.9;46.9;44.51;45.2;674247
45.44;45.5;44.51;44.89;617694
44.89;44.89;44.03;44.21;655264
44.05;45.11;44.05;44.86;614038
45;45.39;44.85;45.31;348496
45.1;45.7;45.1;45.34;400286
45.52;45.7;45.3;45.54;311111
44.96;45.45;44.81;45.15;488008
44.92;45.62;44.78;44.78;289373
45.75;45.75;45.02;45.22;291509
45.55;45.7;45.04;45.5;231038
45.77;46.6;45.77;46.45;565876
46.67;48.19;46.61;47.5;1136063
47.74;48;45.91;46;966963
46.54;47.2;46;46.85;441414
47.08;47.29;45.65;45.65;1116696
47.03;47.4;46.51;46.51;1082185
46.7;47.22;46;46.29;433577
46.67;47.04;46.4;46.73;231165
47.25;47.36;46.57;46.63;339782
46.8;46.8;45.56;46.15;657265
46.03;47.34;46.03;46.83;779252
47.08;47.88;46.95;47.68;546728
47.9;48.63;47.46;48.54;567156
48.79;49.84;48.7;49.81;710185
49.9;50.65;48.39;49.88;652204
49.81;50.3;49.32;50.1;453360
50.2;50.35;49.8;49.87;583861
50.25;50.4;48.3;48.9;1032557
48.7;49.3;48.03;48.82;507508
48.96;49.42;48.2;48.5;669330
48.37;48.7;47.85;48.6;1105493
48.86;49.5;48.52;49.06;669199
49.48;49.8;49.03;49.24;606357
49.5;49.95;49.35;49.58;538897
49.51;49.74;48.8;48.92;652143
48.5;48.5;47.75;47.99;910290
47;47;45.06;45.95;1178319
45.94;47.2;45.94;46.39;532741
47.37;47.73;45.9;45.99;790009
46.4;47.44;46.4;47.15;649950
46.74;47.41;45.51;45.51;938865
45.5;45.5;44;44;1215345
44.59;44.59;42.16;44.01;1493875
44.92;45.88;44.5;45.37;746897
45.9;45.95;44.54;44.8;631729
43.75;43.86;42.42;42.93;1678381
44.05;44.45;43.5;43.61;1064828
43.05;43.55;42.42;43.22;644843
43.48;44.98;43.4;44.98;544085
45.5;45.65;44.4;44.77;545461
45.83;45.9;45.05;45.41;569177
45.5;45.5;43.24;43.44;804870
43.87;43.9;42.96;43.87;556432
44.5;45.3;44.03;44.97;517500
44.5;44.97;44.32;44.6;174636
44.45;45.2;44.4;44.72;464646
45;46.64;45;46.56;485629
46.6;46.64;45.25;45.77;397130
46;46;44.25;44.59;460250
44.8;44.8;43.58;43.94;593139
44.3;44.47;43.8;43.82;429123
43.8;44;42.37;42.63;593204
42.27;42.9;42.1;42.12;603056
42.89;43.86;42.65;43.52;604541
43.53;44.48;43.53;44.28;468001
44.1;44.28;43.78;44.05;869761
44.99;46.83;44.95;46.46;1497632
46.8;47.6;46.41;46.45;693340
46.97;47.46;46.61;47.11;429049
47.52;49.14;47.11;49;1007686
48.99;49.05;47.69;48.29;699296
48.3;48.64;47.95;48.64;763029
48.64;48.9;48.2;48.33;444103
48.5;48.98;47.81;47.9;521689
47;48.65;46.85;48.35;646726
48.4;48.4;47.35;48.1;574561
48.3;49.34;48.25;49.34;470136
49.34;49.55;48.5;49.4;546747
49.6;49.91;49.24;49.85;485243
49.53;49.95;49.02;49.82;266575
49.95;49.95;49.12;49.19;273175
49.2;49.32;48.25;49.2;464936
49.69;49.76;48.38;48.99;433680
49.1;49.1;48.25;48.51;338919
48.78;49.7;48.55;49.18;685610
49.18;49.4;48.66;48.87;483325
49;49.65;48.45;49.49;729936
49.13;49.9;49.13;49.5;587418
49.16;49.25;48.21;48.42;516046
48.79;49.49;48.22;49.35;408757
49.98;51.9;49.94;51.15;1579189
51;51.8;50.4;50.55;513002
50.6;51.15;50.05;50.15;307030
50.7;51;50.55;50.55;209677
50.15;50.5;50.1;50.35;283876
50.7;51.55;50.6;50.85;268488
50.3;51;50.05;50.8;361913
51.25;51.8;50.75;51.75;190741
52;52.85;52;52.45;568695
53.25;53.8;53.05;53.65;825548
53.65;53.95;53.2;53.2;675670
53.3;54;53.3;53.8;282967
54.25;54.8;53.9;53.9;533057
54.45;54.45;53.35;54.3;557560
54.6;55.25;54.35;54.55;524016
54.9;56.55;54.8;56.45;696457
56;56;55.2;55.7;564099
55.95;56.9;55.7;56.5;322742
56.95;57.15;55.8;56.75;546441
56.05;56.85;55.45;56.6;673319
56.6;57.7;56.25;57.65;1266291
57.95;58.4;57.05;57.2;1091965
57.2;57.8;56.65;56.75;751054
56.75;57;55.7;55.9;721634
56.2;56.2;54.8;54.95;1076768
54.6;55.7;54.15;54.65;779941
54.8;57;54.35;56.8;851242
56.5;57.35;56.4;57.15;860584
56.95;57.1;55.05;55.9;1141559
55.9;56.35;55.3;55.95;624270
55.6;55.6;53.1;53.35;1224569
53.7;54.75;53.35;53.6;794363
53.65;54.85;53.65;53.95;571919
53.65;54;52.8;53.15;884737
52.3;53.2;50.9;52.1;1464202
52;53.5;52;52.8;524631
52.5;52.9;51.8;52.25;642568
52.55;52.6;51.65;51.9;387097
51.9;52.7;51.5;52;718641
51.8;53;51.5;52.45;831306
50.1;52;49.75;51.65;2572633
51.7;53.25;51.7;53;963744
53.5;53.75;53.1;53.25;571622
53.45;54.05;52.9;53;547084
53;53.15;52.4;52.75;667845
52;52.4;50;52.15;2620781
51.9;52.65;51.1;51.75;1196581
51.75;52.05;50.5;50.95;1443701
50.95;51.1;50.2;50.45;1466307
50.4;51.15;50.25;50.6;927999
51.05;52.3;50.8;51.9;1564749
52.35;53;51.55;51.75;1233785
51.95;52.4;51.1;51.4;1204518
51.1;51.7;50.6;50.7;743403
50.75;51.35;50.1;51.3;1020590
51.1;52.65;51.1;51.55;1341772
51.8;52.3;51.1;52;962099
53.75;54.4;53.5;54.05;1549792
54.4;54.9;54.15;54.45;825221
54.8;55.9;54.6;55.5;792720
55.85;55.85;54;54.8;605151
55.1;55.7;54.65;55.35;563403
55.3;55.7;55;55.15;378855
54.75;54.75;53.55;54.05;641996
53.85;54.25;53.25;53.55;540717
53.95;54.05;53.35;53.65;295544
53.95;55.4;53.85;55.25;540195
55.55;55.65;55.3;55.35;368859
55.35;55.9;55.25;55.7;443709
55.8;56.45;55.7;56.45;525303
55.65;56.55;55.65;56.35;587845
56.25;56.45;55.65;55.85;671395
55.85;56.55;55.6;56.45;537351
56.5;56.5;56.1;56.35;322135
56.55;57.7;56.25;57.65;702587
57.8;58.25;57.8;58.05;1090798
57.9;59.2;57.75;58.5;652830
58.2;58.9;58.15;58.8;365218
58.75;59;58.05;58.35;613573
58.45;58.45;57.4;57.9;552974
57.95;58.3;56.8;57.45;791311
57;58.65;57;58;308007
58.5;59.2;58.3;59;514498
59.4;59.5;58.65;58.65;886614
59.1;59.6;58.2;58.4;689555
58.4;61.65;58.1;61.25;1097358
61;62.05;59.65;60;709320
60.5;62.4;60.2;62.1;785759
62.25;62.25;59.9;60.65;793776
60.7;60.7;50.05;50.05;5684672
51.05;51.9;50.4;50.95;3663391
50.9;51.35;47.04;47.9;3816803
48.37;49.75;48.07;48.91;1438047
49.69;50.9;49.21;50;1373284
51;51;48.4;48.5;1154090
48.75;49.1;48.5;49;722964
49.44;50.3;49.23;49.4;1039054
49.95;50.7;49.54;50.15;3236286
50.15;50.15;48.65;49;866377
49.15;49.39;46.45;46.59;1985398
47;48.45;46.9;47.45;1446418
48;48;44.8;44.8;1122969
43.5;44.37;39.5;40.34;4591429
41.51;44.12;40.85;43.73;3315678
43.8;43.96;42.2;42.5;2565050
42.1;45.48;42.1;45.06;1817326
44.3;44.86;43.12;43.5;1732605
43.99;46.46;43.51;45.28;1230176
45.2;46.39;45.2;45.5;1703520
46.29;47.19;46.05;46.8;761514
47.6;48.19;45.2;46.33;1690011
45.8;46.67;45.4;46.5;1198565
46.09;46.59;45.48;46.31;846579
46.34;46.93;45.63;45.64;1451508
45.5;46.6;45.5;46.3;518104
45.26;46.4;44.31;44.72;781079
44.61;45.23;42.55;42.89;1322270
42;42.2;40.4;40.75;2310987
41.48;42.22;41.13;41.75;1737634
42.5;42.8;41.25;41.5;877419
40.01;40.15;38.15;39.45;1775682
39.25;39.25;37.78;38.68;1336870
39.27;40.32;39.27;39.98;1615210
41.79;41.79;39.5;39.74;1406091
40;40.75;39.35;39.58;632755
38.9;39.85;38.3;39.5;781235
39.64;39.79;38.2;38.3;1546832
38.99;39.27;38.61;39.11;1350258
39.8;41.25;39.26;40.85;1189430
41.35;41.35;40.65;40.97;854431
41.68;42.37;41.2;42;1023485
41.37;41.8;40.83;41.31;725361
41.53;42.35;41.49;42.03;523118
42.99;43.46;42.36;43.3;1384605
43.7;44.07;43.17;43.8;606061
44.49;44.58;43.29;43.97;524594
43.97;43.97;43;43.2;983401
42.94;44.07;42.94;43.46;752054
43.51;44.44;43.15;44.44;749511
43.95;44.23;43.26;43.4;464633
43.29;43.43;42.27;42.44;678689
42.65;43.82;42.65;43.05;623123
43;43.32;41.9;42.34;645040
42.47;42.75;41.98;41.99;504691
42.11;42.35;40.66;41.34;635052
41.12;41.25;40.03;40.17;781952
40.64;40.87;40.25;40.68;500774
41.23;42.25;41.23;41.56;727628
41.09;42.38;41;41.46;1069116
41.61;42.07;41.14;41.94;564516
41.88;43.3;41.82;42.93;881846
43.01;43.76;42.95;43.57;902103
44.06;44.3;40.23;41.26;3176596
40.45;41.64;40.01;41.5;1600044
42.17;42.34;41.55;42.04;941009
41.62;42.4;41.55;41.86;1114894
42;42.38;41.52;41.87;890870
42.24;42.24;41.01;41.27;1109316
41.68;41.9;41.21;41.37;694987
41.01;42.15;41.01;41.89;904735
41.51;42.06;41.51;41.95;990217
41.98;42.17;41.2;42.02;706009
42.3;42.3;41.39;41.5;597952
41.51;42.45;41.5;42.05;582933
42.44;42.45;41.86;42;232878
42.06;42.35;41.71;42.13;351800
42.38;43.2;42.06;42.93;382140
43;43.2;42.6;42.74;355128
42.61;43.52;42.55;43.15;570374
43.19;43.79;43.18;43.76;358023
43.89;44.91;43.89;44.82;792757
44.75;45.02;44.41;44.7;887056
44.31;44.7;43.78;43.89;482809
43.97;44.29;43.69;44.27;602855
44.36;44.54;43.42;44.04;383958
44.99;45.15;44.25;44.82;779303
45.05;46.24;44.85;45.53;739879
45.61;45.97;45.03;45.04;811586
45.03;45.59;44.91;45.19;297037
45.5;45.6;45.1;45.21;237834
45.04;45.6;45.04;45.35;323835
45.35;45.9;45.05;45.21;512588
44.88;45.07;44.46;44.85;592810
44.81;45.2;44.81;45.19;346129
45.01;45.1;44.04;44.29;1079794
44.3;44.5;43.4;43.8;933106
43.71;44.34;43.7;44.23;460964
44.26;44.5;43.97;44.07;688113
43.94;44.1;43.62;43.68;339789
43.86;44.37;43.71;44.02;385788
44.14;44.57;44.02;44.51;469404
44.54;44.68;43.62;43.66;708632
43.55;43.87;42.96;43.12;756771
42.97;44.1;42.87;43.02;718063
42.91;43.2;41.15;41.22;1100829
41.7;42.06;41.33;41.9;836706
42.38;43.35;42.09;42.96;622400
46;46.75;44.91;45.19;2486402
44.35;45.24;44.3;44.82;1020550
45.29;45.3;44.64;44.69;559155
43.8;44;42.23;42.78;1751235
42.49;43.05;42.11;42.61;1132206
42.8;42.97;42.4;42.61;1230169
42.51;42.81;42.12;42.32;781109
42.48;42.79;42.4;42.56;918989
42.6;43.18;42.44;42.58;1179653
42.67;43.11;42.1;42.9;782637
42.41;43.36;42.4;43.04;881309
43.13;44.19;43;44.01;1179259
43.53;44.1;43.53;43.79;945505
44.02;45.04;44;44.54;1537382
44.6;44.98;44.14;44.73;1126234
44.91;45.8;44.37;45.78;1170786
45.84;47.64;45.67;46.8;1855041
46.63;46.93;45.8;46.69;922418
46.24;46.62;45.96;46.28;632394
46.06;47.3;46.06;47.04;627782
47.01;48;46.85;47.26;636571
47.13;48.2;46.65;46.91;345389
46.2;46.88;46.12;46.69;297859
46.6;48.2;46.27;47.19;987321
47.5;47.88;46.37;46.59;475306
46.19;46.59;45.65;46.33;772030
46.76;46.8;46;46.33;628209
46.46;47.2;46.35;47.14;504124
47.29;47.73;47.06;47.14;596021
46.51;47.52;46.51;47.29;456402
47.46;49.5;47.46;49.15;1748439
48.6;49.7;48.46;49.33;1166573
49.39;49.7;48.57;49.4;1037100
49.13;49.52;49.01;49.36;571422
49.41;49.7;49.32;49.55;914525
49.89;52.35;49.89;51.2;2244464
50.8;51.4;49.84;50.4;1621214
50.3;51.3;49.8;51.2;511666
51.35;52.8;51.3;52.05;708822
52.4;52.8;52.05;52.2;753150
52.25;52.7;51.4;51.75;511681
56.7;59.25;54.65;55.7;5844314
54.05;55.3;53.05;53.8;1303565
53;53.65;52.05;52.35;1292192
53.8;55.1;52.35;53.8;1236280
53;54.1;52.85;52.9;745021
52.3;53.75;52.3;53;637874
53.45;53.45;51.75;52.1;634027
52.15;52.9;52.1;52.6;484141
52.7;53.05;52.45;52.65;429279
52.5;52.95;52.4;52.55;219844
52.3;52.8;52.2;52.65;305211
52.65;52.8;52.3;52.6;304834
52.45;53.1;52.25;52.8;594570
52.55;52.95;52.2;52.6;586710
52.8;53.8;52.65;53.65;539655
53.75;54.55;53.45;53.7;1010636
54.1;54.4;52.85;53.25;630715
52.55;53;51.55;51.95;802919
52.25;52.8;51.95;52.4;440750
51.55;51.7;50.8;51.15;592739
51;51.9;51;51.6;301117
51.35;51.95;51.35;51.85;305337
51.85;52;51;51.85;280765
52;52.15;51.4;52;162768
52.75;52.8;51.85;52.4;293989
52.35;52.7;51.25;51.9;513993
51.15;51.65;49.8;49.83;1069760
49.25;50.35;48.05;49.57;861787
50.05;51.05;49.9;50.4;625248
50.25;50.5;48.36;48.45;969174
48.46;48.6;47.6;47.68;1484771
47.84;49.99;47.71;49.45;815345
49;49.5;48.66;48.81;525146
49.47;50.3;49.2;49.6;780488
49.95;50.55;48.91;48.92;646819
48.83;49.2;48.47;48.8;625439
49.48;49.84;48.71;49.05;419317
49.36;49.55;48.31;49.39;432637
49.98;51.75;49.86;50.45;779487
50.75;51;49.15;50;517534
50.65;50.9;49.88;50.05;555386
50.45;50.5;49.89;50.05;498284
49.62;50;49.1;49.47;305284
49.51;49.86;48.6;49.23;463462
49.99;50.15;49.23;49.51;668791
49.59;49.8;48.9;49.12;872725
49.4;49.85;49.36;49.4;510789
49.48;49.75;49.43;49.5;388633
49.76;50.3;49.65;49.83;843864
49.52;49.94;49.3;49.42;637867
49.46;50.35;49.46;49.89;682018
49.66;50.05;48.52;48.97;577021
49.3;50.3;49.29;49.94;1031648
49.89;49.89;49.26;49.35;452241
49.11;49.66;49.11;49.39;251469
49.78;50.4;49.45;49.61;640332
49.99;50;49.09;49.1;460398
49.01;49.4;48.4;48.88;737829
49.48;50.35;49.2;50.1;735294
51.29;52.3;50.45;50.9;2543754
51.01;51.79;50.2;50.54;833060
52.44;53.05;51.82;52.49;2332529
52.99;53;52.11;52.64;643309
53.05;53.45;52.65;52.72;651562
52.64;52.64;50;50.74;961247
49.6;51.43;48.6;50.81;1110602
51.19;51.3;48.51;49.94;1152070
49.63;50.79;49.1;49.53;762279
48.6;49.55;48.08;49.47;591552
49.48;49.78;48.7;48.94;546825
49.01;49.88;49.01;49.69;566594
50.09;51.2;49.98;51.07;721379
50.98;50.98;49.95;50.31;512263
49.91;51.47;49.91;50.19;612420
49.91;50.5;49.36;50;322634
48.61;49.49;48.6;48.81;715820
49.01;49.92;48.6;49.12;481744
48.93;49.69;48.81;49.35;567208
49.35;50.45;49.14;50.3;413964
50.49;50.76;49.75;50.52;650108
50.49;53.4;50.3;52.87;1859757
53.9;54;52.62;53;934720
53.01;54.67;52.99;54.1;724184
53.29;54.55;52.91;53.26;508156
53.27;53.99;52.94;53.55;452685
53.3;54.97;53.3;54.81;780819
54.89;54.98;54.4;54.7;439245
54.21;55.5;54.21;54.92;606098
54.59;55.34;54.38;55;506620
55.01;55.75;54.8;55.47;617736
55.34;55.99;55.14;55.37;861152
54.83;55.9;54.63;55.55;460767
55.39;56;55.25;55.97;482736
55.91;56.5;55.41;55.64;591645
55.6;56.56;55.42;56.35;471156
56.55;57.45;56.55;57;742706
57.1;57.62;56.85;57.58;419616
57.47;58.26;57;58;929205
57.5;57.89;57;57.32;686416
56.3;57.7;55.4;57.61;843369
57.5;57.95;56.96;57.52;916095
57.51;58.26;57.51;58.1;361564
57.86;58.3;57.52;57.93;394357
57.6;59;57.6;58.98;522894
58.92;59.3;58.13;58.59;759313
58.5;58.55;56.39;56.94;670562
57.2;58.36;57.1;57.79;628819
58;58.74;57.35;57.67;958437
56.05;56.25;55.2;55.8;709988
55.9;56.32;55.5;56.08;663747
56.04;56.39;55.55;55.71;370450
55.55;55.71;54.51;54.72;598508
55;55.65;54.84;55.05;443860
55.3;55.55;54.3;54.32;540213
54.1;55.05;53.5;54.87;462402
55.55;55.78;54.36;55;556650
55.35;56.13;54.9;55.77;1333301
56.2;56.2;55.11;55.52;1086126
56.1;56.1;55.38;55.91;430185
56.25;56.85;55.98;56.56;781917
57.01;57.6;56.71;56.9;767515
56.76;57.85;56.35;57.25;1255995
57.07;57.45;56.98;57.24;663827
58.8;59.26;58.07;58.36;1899926
57.95;59.75;57.95;59.75;958084
59.8;59.83;59.14;59.24;137187
59.59;59.6;58.03;58.18;587981
57.32;57.75;57.01;57.32;753984
58;58.34;57.2;57.65;951428
58.03;58.94;57.4;58.6;1027817
58.6;58.6;57.59;58.29;621579
58.5;58.79;57.17;57.77;702197
57.75;57.83;56.37;56.4;685450
56.2;56.64;55.51;55.85;543323
55.3;56.34;55.3;55.93;665871
56.32;56.87;56;56.67;616474
56.55;57;55.73;56.13;352111
57.7;57.7;56.07;57.2;977905
57.6;59.17;57.6;58.87;1004073
58.87;60.07;58.57;59.86;818215
59.57;59.75;59.01;59.53;609341
59.1;59.82;59.09;59.52;570092
59.52;60.79;59.5;60.25;689800
59.53;61.41;59.3;61.09;1075688
60.85;61.32;60.61;61.1;838657
60.18;60.65;59.78;60.09;677690
59.9;59.95;59.29;59.45;518964
59.4;59.84;58.82;59.4;748011
59.6;61.18;59.6;61.01;1355829
60.88;61.61;60.43;61.3;942764
61.3;62;61;61.25;732575
61.8;61.8;60.44;60.73;1038349
61;62.16;61;61.71;811062
62.4;62.63;61.6;62.27;849638
61.82;63.39;61.82;62.91;726632
62.91;63.4;62.58;63.32;381428
63.5;63.75;61.1;62.17;596312
61.43;62.44;61.4;62.2;626168
62.22;62.3;61.4;61.8;910982
62.5;63.2;61.57;63.09;728207
62.75;62.75;61.39;61.65;1080871
61.01;61.61;60.34;61.09;1481061
60.23;60.89;59.45;59.91;1009919
59.94;61.85;59.94;61.38;1047858
61.75;63.11;60.06;60.27;1293149
60.25;61.65;60.16;61.36;966575
61.2;61.64;59;59.2;919651
59.5;59.96;58.58;59.35;894107
61.61;61.61;57.2;57.33;1824899
56.43;57.2;55.71;56.8;1630219
57.32;59;57.14;57.57;2043034
58.68;60.91;58.07;60.3;1251010
59.35;59.99;58.11;59.5;929821
60.09;60.25;58.37;58.69;847813
59.58;59.89;57.85;58.44;637340
58.11;58.78;56.43;56.72;586846
57.58;58.2;56.9;57.3;583236
58.16;58.4;54.18;55.95;3112730
55.11;55.7;53.4;54.95;2367331
53.28;53.9;50.6;51.28;2016236
52.37;55.47;52.11;54.91;1622817
55.7;56.18;54.05;54.43;1053125
53.89;54.2;52.79;53.61;845841
52.19;53.2;51.3;51.47;1004105
51;53.5;49.82;51.33;1538685
52.95;54.13;52.52;53.33;1191433
53.09;53.87;52.26;52.51;885430
51.73;54;51.73;53.73;898853
54.18;55.3;53.9;54.66;1173459
54.99;56.13;54.46;55.75;683657
56.33;56.4;55.23;56.08;383655
55.78;56.13;55.33;55.53;578146
55.55;57.24;55;56.96;688677
56.99;58.42;56.53;57.17;835883
57.5;58.78;57.44;58.59;652745
59.17;59.35;58.3;58.94;389386
59.3;59.5;58.54;59.21;526448
59.21;59.29;56.08;56.12;1216342
56.76;58.11;56.54;57.76;1439163
57.69;58.29;56.3;56.8;1011164
56.88;57.8;55.6;55.83;663869
56.53;57.1;56.22;56.54;429061
56.99;57.39;55.62;56.75;870420
56.75;59.08;56.5;58.58;634670
57.9;59.09;57.4;58.35;484271
58.45;58.45;57.14;57.61;598546
57.35;59.43;57.35;59.05;494654
59.96;61.42;59.84;61.08;1026656
60.01;61;59.65;60.9;480108
60.99;61.7;60.65;61.27;478514
60.91;63.1;60.72;62.12;806253
61.98;63.67;61.7;63.28;1005580
63.06;64.28;62.5;62.71;692684
63;63.4;62.5;62.6;543154
62.8;63;62.06;62.7;488064
62.69;65.65;62.11;65.45;680634
66;68.83;65.5;67.88;2402673
67.16;67.72;64.23;64.86;1273613
64.5;64.95;63.45;63.9;1063547
63.9;65;63.54;65;1284422
65;65.21;64.11;64.47;456827
64.28;65.85;64.24;65.4;658353
65.5;65.9;65.1;65.8;522800
65.51;67.58;65.51;67.35;596964
66.68;67.9;66.65;67.71;452777
67.9;69.25;67.5;67.62;824253
67.62;68.21;66.67;67.39;749469
67.55;67.73;62.25;63.9;2369929
64.18;64.19;61;61.22;2065655
61.16;62.33;59.57;60.04;1044859
58.25;60.3;58.25;59.88;961085
60.4;62.02;60.4;61.64;1010135
61.6;63.27;61;62;1246379
62.01;64.1;61.74;61.95;700195
61.45;62.57;61.4;61.94;701399
61.02;62.7;61.02;62.35;472873
62;62.45;60.7;61.05;574435
60.52;62.12;60.52;61.87;353663
61.84;62.25;60.41;60.91;476514
61.01;62.25;60.51;62.11;790911
62.11;62.98;61.6;61.82;418951
62.05;63.71;61.85;63.29;525796
63.27;64.33;62.83;63.55;520610
61.1;62.59;59.8;62.59;1722093
62.55;62.68;60.4;60.7;599164
59.99;61;59.9;60.83;715911
60.12;60.38;58.26;58.86;720291
59;60.68;59;60.05;781522
59.87;60.52;55.3;58.55;1493238
58.68;58.95;55.82;57.24;955021
57.24;58.25;55.4;55.93;1203259
55.98;57.48;55.74;57.24;874272
56.5;56.9;54.73;55.14;1321027
55.28;55.83;53.34;53.71;681427
53.47;54.5;53.17;54.4;805942
54.92;56.8;54.9;54.95;800909
54.29;55.2;53.2;54.3;702148
54.17;56.75;54.1;56.3;857884
56.9;57.75;55.97;56.55;653497
56.59;56.91;55.1;55.73;726719
55.62;56.7;55.03;55.61;605823
55.93;56.1;52.2;53.24;982530
53.89;55.8;53.89;55.09;741556
55.1;55.4;53.05;53.77;1251365
54.26;55.54;54;55.2;948844
55.07;55.5;53.7;54.34;690814
54.77;54.78;53.47;53.95;527183
53.23;55.21;52.44;54.21;1000688
54.72;54.74;52.3;52.41;783370
53;53.15;51.83;52.37;424797
51.5;51.88;49.92;50.06;939357
50.09;51.55;50.09;51.06;998853
51.1;51.65;50.5;51;781484
51.29;52.7;51.29;52.24;1041504
53.29;53.99;52.71;52.91;1407326
52.91;54;52.91;54;91926
54.2;54.36;53.36;53.79;343511
53.5;54.41;53;54.35;290724
53.28;54.5;53.28;54.5;218440
55;55.6;53.45;53.78;596641
53.87;55.36;53.53;55.02;702202
55.31;55.5;52.6;53.37;411459
53.2;54.93;52.6;54.67;1150257
54.73;55.07;53.63;54.83;748530
54.01;54.3;51.72;53.19;1251091
53.2;53.74;50.65;50.89;697862
50.5;51.88;50.13;50.7;804385
50.26;53.38;50.14;52.77;1200090
52.15;53.95;50.85;50.85;1344552
50.27;50.59;48.44;48.96;1198033
50.05;50.74;48.49;48.72;875250
48.7;49.89;47.8;47.93;1049760
47.2;47.2;44.23;45.24;1246888
42.5;47.48;42.1;46.19;1300535
48.49;48.8;44;44.45;1434097
45.88;47.58;44.81;47.13;1344250
47.25;48.85;46.7;47.56;952709
47;47.31;45.02;46.84;406791
47.3;49.22;47;48.46;623570
43.5;45.62;43;43.95;4102698
44.43;44.49;40.79;43.04;3147669
44;45.12;42.52;45;1811367
45;46.93;44.7;46.48;1255697
46.17;46.8;45.13;46.04;1726405
45.16;46.79;45.16;46.7;1120626
46.86;46.86;45.05;45.45;1150632
45.95;46.9;45.33;46.07;882055
45.6;47.48;45.23;45.79;720489
45.75;47.49;45.58;47.39;1055810
47.09;48.83;46.15;48.61;967580
48.99;51.55;48.99;51.12;1931152
50.8;51.96;49.94;50.35;961136
50.43;51;49.86;50.15;654917
49.8;52.15;49.32;51.2;1168515
50.18;51.63;49.71;51.37;1105194
52.5;54.28;51.1;53.4;1541755
52.66;53.5;51.56;52.63;862172
52.91;55;52.89;53.95;976904
54.5;55.35;54.13;54.9;1148313
54.61;55.4;53;54.56;1025854
54.41;56.11;54;54.57;1358681
54.25;54.9;53.11;54.14;1138929
52.71;54.19;52.45;53.93;858587
53.8;56.2;53.78;54.19;1017672
54.94;55.85;54.58;55.32;988344
55.25;55.79;54.57;55.38;626265
54.56;55.24;53.53;53.95;663915
53.29;53.86;52.51;53.04;913626
52.9;54.89;52.82;54.1;595737
54.89;55.36;54.12;54.55;876154
53.14;54.78;52.75;54.34;797030
54.46;55.62;53.81;54.56;755689
52.91;54.25;52.27;52.55;858520
52.05;52.11;50.2;51.65;1091044
51.95;52.17;50.37;50.62;859562
50.02;50.02;48.58;49.45;1090523
50.64;50.64;49.74;50.15;910669
49;51.06;48.92;50.78;848471
50.75;52.31;50.75;51.97;763684
51.8;52.49;50.24;50.52;760851
49.64;50.03;48.21;49.33;1294477
49.36;50.59;49.01;50.35;622312
51.17;51.5;50.51;50.69;817434
51;51.2;50.3;50.55;617292
52.05;53.39;49.42;51.72;1329925
52.01;52.4;51.59;51.96;1528034
51.85;54.95;51.6;54.95;1540315
54.99;59.07;54.25;56.31;1951641
56.5;57.39;55.4;56.3;1373231
56.5;57.63;55.2;55.42;948759
54.8;55.38;54.27;55.04;748697
55.75;58.85;55.74;57;1497395
57.25;57.8;55.51;56.99;774595
57.26;58;55.85;56.39;838217
56.3;57.78;56.3;57.45;849363
57.95;59.5;57.71;58.2;963368
58;58.9;57.8;58.26;879732
58.55;59.98;57.96;59.06;1034526
58.58;59.5;57.11;58.6;898069
58.9;59.56;57.25;58.96;705550
59.34;60;59.17;59.39;543922
59;59.8;58.21;58.77;637769
58.6;59.75;58.6;59.36;544359
59.67;59.92;58.25;58.71;549638
58.57;58.66;56.72;57.76;423227
57.8;59.09;57.21;58.75;681519
58.82;62.75;58.82;62.36;1133550
61.28;61.8;59.49;60.1;797769
59.9;60.33;58.37;58.59;572345
58.88;60.47;58.68;59.18;630015
59.35;59.82;57.66;58.78;820242
57.89;59.98;57.76;59.31;970868
58.1;60.19;57.71;59.97;809264
59.05;61.62;58.81;60.4;717295
60;61;59.36;60.82;761521
60.39;61.1;60;60.19;794695
60.65;63.1;60.26;62.22;1177762
61.89;62.64;61.12;61.65;777092
61.4;61.87;60.5;60.55;1080021
59.55;60.23;59.18;59.59;400252
59.93;60.45;58.17;58.24;661536
58.35;59.41;57.7;58.99;596821
59.14;60.92;59.14;60.52;644507
60.64;60.64;59.05;60.27;568996
60.36;61.34;59.35;60.95;548924
60.45;61.44;60.24;61.14;428610
60.46;60.9;58.15;59.77;844963
59.02;60.71;58.7;59.29;727859
60.46;61.8;60.12;60.25;524364
59.99;61.93;59.62;60.97;437946
59.62;60.46;59.08;59.24;761595
59.65;59.72;57.35;57.38;715972
57.79;57.79;55.31;55.81;988860
55.7;56.9;54.72;56.79;909015
55.72;57.63;55.72;57.35;370624
57.69;59.12;57.02;58.48;698013
58.06;58.38;56.64;57.09;603841
57.1;57.92;56.37;56.66;732935
56.89;59.18;56.78;57.23;1205850
56.38;57.78;56.32;57.42;623875
57.3;58.82;56.86;57.37;579262
57.37;59.3;56.85;57.65;725858
57;57.92;56.38;56.45;568848
55.62;58.35;55.62;57.86;674268
57.6;58.8;57.25;58.8;755065
59.99;60.78;57.89;58.5;1218025
58.66;59.89;56.7;56.7;1000449
55.67;56.41;54.37;54.6;1113496
55.03;56.57;54.27;55.2;603102
55.58;56.97;55.39;56.68;602956
55.26;56.21;53.68;53.93;733600
54.5;55.52;54.05;55.2;767933
54.2;54.86;50.7;51.48;1518614
51.07;52.5;50.7;51.02;700649
50.83;50.86;46.56;48.4;1624899
48.3;49.4;47.1;47.72;1018524
47.78;48.39;46.69;46.98;857473
48.86;49;47.31;48.39;1234264
47.51;48.35;46.55;48.29;975677
48.39;50.98;47.96;49.64;629864
49.56;52;49.53;51.18;833039
49.89;51.7;49.89;50.63;503628
50.01;50.78;48.96;49.2;861879
48.55;50.39;48.55;49.78;708211
49.7;50.92;49.4;50.26;618214
49.81;53.16;49.81;51.42;984570
51.42;52;51.22;52;817843
53.5;56;53.5;54.68;1537405
53.8;54.3;52.65;53.14;579665
52.51;54.91;52.06;52.4;634692
52.6;53.11;50.62;51.11;675800
51.05;51.87;50.3;51.61;569374
50.03;53.07;50.03;52.54;760229
51.97;52.82;51.27;52.13;531273
52.12;53.2;52;53.04;457772
52.53;52.99;51.5;52.76;568524
52.2;52.28;51.58;51.87;670995
51.9;52.46;51.2;51.76;493048
51.91;53.74;51.91;52.85;524673
52.32;53.66;52.02;52.7;463253
51.91;52.47;51;51.41;491175
51.2;53.5;51.05;52.88;486947
52.52;55.4;52.52;54.85;757971
55;55;53.2;54.2;340864
53.2;53.91;52.54;52.8;381941
52.05;53.7;51.71;53.32;430196
52.8;54.57;52.52;54.28;459209
54.27;55.45;54.13;55.05;663604
54.44;56.43;54.44;56.15;577022
55.69;56.35;54.2;54.63;427635
54.39;54.74;53.58;54.34;949634
53.48;53.81;52.37;52.59;759894
52.64;53.93;51.5;51.7;644623
51.27;51.36;49.06;49.56;989788
50.81;51.13;49.99;50;692576
49.97;49.97;47.01;47.34;830359
48.19;48.4;46.7;47.01;861968
47.12;48.04;45.87;46.56;651571
47.4;47.95;46.82;47.77;858150
46.38;46.88;43.63;44.77;860853
43.86;44.6;41.88;42.63;1551563
43.39;43.89;41.85;42.38;1214970
42.02;43.4;40.33;40.45;1411899
42.5;45.63;40.93;45.63;1783813
45.12;46.9;44.72;45.21;1195234
45.88;45.88;44.32;45.03;980017
45.93;46.29;43.72;44.62;653311
43.29;44.44;43.29;44;1205301
43.26;43.5;42.11;42.28;736172
41.85;42.3;38.32;38.75;726034
37.44;39.86;36.4;39.37;1299529
39.03;39.49;37.08;37.43;847506
39.21;40.24;35.75;36.5;1266126
36.9;37.79;34.26;36.93;1086544
35.85;35.99;30.63;32.41;1103866
33.75;34.28;29.52;29.84;1793776
27.61;31.44;25.93;28.03;1970054
29.21;29.46;27.6;28.3;1803757
25.78;27.09;23.35;26.2;1776355
28.98;29.35;27.1;28.52;1522034
31.2;31.84;30.13;30.6;1693788
30.88;30.95;26.51;27.18;1309013
26.01;26.9;22.35;23.87;1422265
26.06;26.3;21.15;22.75;2066805
24.48;24.48;23.12;24.12;1362245
25.36;26.15;23.78;24.12;1483956
23.75;23.8;22.85;23.33;1126363
23.06;24.15;22.82;23.5;1904834
22.8;23;20.96;21.93;1830104
20.51;20.61;19.5;19.93;1245312
20.71;21.2;19.75;20.34;1699449
21.74;21.83;19.6;20.63;3076417
21.68;22.12;20.21;22.08;3311692
21.92;23.25;21.45;23.25;1508140
24;24.8;23.39;23.84;1576206
23.92;26.22;23.84;26.22;1091931
26.41;26.46;24.35;25.21;967423
24.02;24.5;22.42;22.64;1148596
22.55;23.4;21.7;22.71;903855
23.74;24.57;23.2;23.43;801430
23.07;23.19;22.18;22.37;642164
22.53;23;20.9;21.23;689457
21.99;23.19;20.65;20.9;1662114
22.5;23.45;21.33;23.27;1868090
23.11;23.76;21.3;21.87;1168639
21.96;22.02;20.5;21.6;826119
21.59;21.6;19.88;20;1027346
19.6;19.65;18.45;19.08;1517343
19.1;19.77;16.75;17.14;2194575
17.68;19.52;17.4;19.52;1145177
19.58;20.83;18.65;20.3;1273284
19.78;20.89;19.47;20.26;846141
20.5;23.55;20.5;23.22;973338
23.04;23.86;22.1;23.86;940940
23.6;23.68;20.54;20.8;809637
20.2;21.45;19.19;20.97;1226437
21.16;21.16;19.42;19.91;1173779
19.97;20.44;19.2;19.35;1353403
18.8;18.81;18;18.25;861207
19.69;19.87;18.8;19.42;1256441
19.43;20.65;18.9;19.92;1392721
20.04;20.75;20.03;20.51;863755
20.74;22.4;20.52;22.19;1417565
20.2;21.28;20.12;21.15;1628711
21.75;22.98;21.75;22.68;1532787
22.4;22.89;21.91;22.24;900875
22.7;22.9;22.01;22.41;868142
22.26;22.3;21;21.7;1241686
21.18;21.67;20.68;20.77;1475060
20.89;21.14;20.41;20.59;596752
20.51;20.61;20.12;20.12;463698
20;20.39;19.99;19.99;141241
20.39;21.74;20.31;21.27;472203
21.7;22.03;21.49;21.94;340219
21.95;22.15;21.51;21.7;176489
22.2;23.74;22.03;23.74;516653
24.03;24.85;24;24.85;998079
24.75;27;24.17;26.72;1572577
26.46;26.96;24.76;25.1;907670
24.67;25.9;24.32;25.75;879095
25.98;26.09;24.5;24.94;681536
24.36;24.97;24.02;24.63;869640
24.6;24.6;23.19;24.19;691069
24.6;24.81;22.2;22.65;707824
22.8;23.43;21.7;22.56;798967
22.98;23.73;22.79;23.08;685009
23.46;24.04;22.1;22.53;388181
22.5;23.24;21.34;21.73;789578
21.54;22.25;20.91;21.67;1150400
22.48;22.99;21.26;21.51;815015
21.73;22.15;20.7;21.98;585049
22.31;23.7;22;23.52;820426
23.8;23.83;22.86;23.67;813463
23.9;25.26;23.61;25.01;747681
25.08;25.44;24.2;24.66;604802
24.5;24.99;23.9;24.33;833784
24.35;24.395;23.1;24.02;459652
24.3;24.49;23.125;23.84;502450
24;26.4;23.81;26.125;940433
25.4;27.25;25.39;27.25;1150271
27.4;28.5;27.31;28.25;932503
28;28.875;27.62;28.51;898143
28.05;28.18;27.15;27.5;1320537
27;27.49;26.5;26.975;734247
26.6;26.6;24.845;25.62;1116154
26.13;26.865;25.55;26.47;468807
26.23;26.34;25.38;25.5;388220
25.22;25.68;24.3;24.61;757264
24.7;24.75;23.365;23.76;1048906
25.25;25.98;24.83;25.61;1597913
25.4;25.88;24.3;24.52;612429
24.95;25.07;23.9;24.06;506936
23.53;23.875;23.035;23.55;495600
24.29;25.58;24.03;25.05;1102777
25.32;26.47;25.05;26.27;974548
25.91;26.39;25.06;25.92;721793
24.875;25.32;24.085;24.15;574888
23.96;24.9;22.81;23.065;827245
23.9;25.695;23.265;25.575;869316
25.745;25.745;24.71;24.755;694269
24.84;25.3;23.95;24.15;665952
25;27.07;24.83;26.37;1139452
26.76;27.99;26.5;27.575;810924
26.72;26.75;24.85;25.755;1896302
25.265;25.605;24.5;25.37;979534
25.89;26.805;25.545;25.86;1106711
26.505;26.8;25.905;26.62;404759
26.5;27.155;26.13;27.01;544505
26.98;28;26.84;27.15;911297
27.69;29.47;27.54;27.93;1196679
27.9;29.31;27.63;27.92;1269303
28.7;28.9;28;28.71;648633
29.31;29.33;27.785;28.095;703979
28.04;28.55;26.7;27.26;901825
27.715;29.29;27.55;28.595;830204
28;28.1;26.665;26.83;867133
26.47;27.01;25.955;26.07;563835
26.11;26.96;25.77;26.61;908055
26.7;26.79;25.945;26.51;678245
27.61;28.45;27.1;28.26;901120
28.055;28.625;27.62;28.03;1036897
28.47;28.9;27.67;28;758844
28.31;28.685;27.105;27.655;782603
27.06;27.28;26.51;26.99;896859
27.7;28.02;26.81;27.815;920670
28.15;28.24;27.375;27.82;930861
27.475;27.965;27.095;27.44;786710
27.665;29.95;27.355;28.85;1147819
28.85;30;28.83;29.935;1053368
28.745;29.08;27.5;28.15;1285636
27.82;28.565;27.3;28.28;840227
28.445;29.055;28.035;28.87;804604
28.53;29.505;28.465;28.65;827696
29;30.37;28.915;30.175;1078005
29.61;30.09;28.92;29.9;824518
29.405;29.555;28.695;29.21;576734
29.59;30.77;29.24;30.495;682678
31;33.71;30.95;32.855;1789988
32.7;35.77;32.6;35.3;1138968
34.455;35.505;33.71;34.19;1370851
34.22;35.7;34.1;34.85;1338171
33.92;34.4;32.295;32.45;1507467
32.7;33.25;32.48;33.135;846208
33;33.4;32.45;32.65;846794
33.095;33.59;32.765;32.83;915855
33.45;33.665;30.935;31.62;1173713
31.2;31.675;30.7;31.44;588458
31.84;32.5;31.68;31.95;895334
31.705;32.9;31;32.645;465730
32.87;33.32;32.13;32.68;638751
32.7;33.23;31.96;32.77;978645
32.51;33.25;32;32.315;441476
32.52;32.7;31.965;32.3;396159
32.5;32.78;31.6;32.495;200057
32.45;33.21;31.765;32.985;466168
33.51;33.95;33.365;33.705;628719
33.4;34.69;33.25;34.17;1033670
34.73;35.19;34.34;34.82;1004870
35.33;35.9;35.17;35.75;582824
35.7;36.5;35.7;36.24;832645
36.29;37.1;36.115;36.775;1380177
37;37.52;36.07;36.785;771895
36.9;38.2;36.9;37.39;864758
37.25;37.57;35.91;36.175;669016
36.75;36.95;35.62;35.85;686380
36.21;36.985;36.15;36.645;606253
36.59;37.15;36.325;36.8;485842
36.97;37.745;36.96;37.3;664893
37.995;37.995;36.23;36.405;889721
36.23;36.565;35.805;36;510070
35.95;36.415;33.725;33.96;1454206
34.12;34.605;33.645;34.095;795489
34.105;36.1;34.105;35.49;1069227
35.685;36.18;32;32.22;1058883
31.685;32.83;31.52;32.34;979546
32.72;34.315;32.55;33.955;754101
33.755;34.085;32.83;33.72;708563
34.21;34.65;33.955;34.215;579175
34.24;35.07;34.08;34.755;538528
35.08;36.09;34.52;34.89;714914
34.89;36.13;34.89;35.94;474709
35.865;36.53;35.36;35.67;645810
35.9;35.9;35.055;35.295;438836
35.2;35.21;34.405;34.65;637243
35;35.8;34.9;35.38;916829
35.1;35.23;33.115;33.365;973672
33.845;35.46;33.845;34.99;729775
34.58;34.85;32.36;32.765;1618995
32.765;33.735;32.21;33.6;440969
33.58;34.05;33.18;33.765;377299
33.94;35.75;33.775;35.6;890557
35.465;36.24;35.005;35.71;425712
36.15;37.175;35.72;36.86;597577
37;38.36;36.98;37.98;630859
38.1;43.5;38.04;38.34;1194800
38.01;38.885;36.505;38.05;762541
39;42.335;39;42.155;2062490
41.7;42.405;40.74;41.54;932845
42.4;43.39;41.665;42.975;757541
43.02;43.15;41.59;41.85;828553
42.435;42.735;41.325;41.53;765165
42.335;42.86;41.87;42.66;537632
42.04;42.8;41.95;42.42;683213
42.74;43.49;42.435;42.83;557915
43;43.225;42.24;42.51;574745
42.5;43.24;41.82;42.2;622071
42.99;43.065;41.555;41.985;737407
42.11;42.98;41.5;42.47;529727
42.4;43.22;42;42.575;323411
42.565;43.16;41.525;41.695;478541
41.47;42.02;40.83;41.58;546236
41.485;42.66;41.485;42.21;397017
42.45;42.95;41.365;41.72;362453
41.28;41.78;40.1;40.9;498264
41.005;42.205;41.005;42.205;419874
42.2;42.835;41.21;42.515;497365
43;43.77;42.68;43.5;513991
43.49;45.83;43.3;45.595;730176
46.175;46.62;45.845;46.12;271041
45.995;47.03;45.465;46.235;330357
46.195;46.67;44.68;44.765;555637
44.625;45.25;43.6;43.97;258506
43.945;44.95;43.945;44.585;405493
44.46;44.87;42.835;43.135;578171
43.295;44.135;42.3;42.3;674996
42.105;42.19;39.965;40.4;1193003
40.56;42.21;40.56;41.73;587852
42.1;42.35;41.6;41.875;410648
43.5;44.75;43.095;43.98;953953
44.6;45;44.145;44.98;597080
44.84;45;44.145;44.895;672783
44.5;45;43.47;44.095;740981
44.43;44.71;44.1;44.45;418978
43.845;43.88;42.615;43;490120
43.305;43.735;42.82;43.55;701426
43.9;45.5;43.9;45.5;749250
45.8;46.455;45.745;46.265;696128
46.15;46.88;45.09;45.9;5471213
46.235;46.235;43.42;44.06;1313446
43.8;44.5;43.35;43.505;936648
43.84;44.24;43.15;43.285;760642
43.305;44.345;42.75;43.215;1129159
43.5;44.14;42.305;42.63;911134
42.8;43.545;41.515;43.525;709407
43.53;43.915;43.25;43.545;551804
43.945;44.33;43.075;43.65;865264
43.695;44.15;42.73;42.835;834238
42.27;42.665;42.04;42.105;689430
42.1;43.59;41.6;43.565;640214
43.8;45.7;43.685;45.655;851301
45.655;46.26;45.12;45.12;842753
45.83;46.3;45.325;46.21;487672
46.26;46.85;46.22;46.82;482701
46.955;48.485;46.925;47.87;662331
48.195;48.255;46.875;47.29;621876
47.72;48.085;47.02;47.6;820890
47.585;47.61;46.7;46.975;749783
47.49;48.465;47.1;47.755;925316
48.2;50.35;48.2;50.25;982882
50.75;51.96;49.115;49.305;994636
49.4;49.94;48.37;49.46;576517
49.225;49.335;48.42;49.03;400731
49.5;49.765;48.5;48.65;622086
47.55;47.875;46.2;46.33;785668
45.94;46.055;45.13;45.59;594804
45.27;45.57;43.25;43.365;708802
42.775;45.145;42.46;44.9;642353
45.19;45.23;42.65;42.83;719199
42.89;43.6;42.33;43.105;589768
42.945;42.99;42;42.715;636932
43.005;45.35;43;45.19;859483
44.75;45.895;44.11;45.615;614429
45.43;46.9;45.43;46.06;706140
46.875;48.8;46.49;48.32;690203
48.365;48.795;47.3;47.55;464057
47.865;48.735;47.665;48.43;364615
48.43;48.74;48.13;48.345;553874
46.8;48.205;46.53;48.1;913007
48.275;49.865;48.11;49.47;639021
49.25;49.88;49.11;49.29;463023
49.455;49.8;48.505;48.825;499027
48.83;49;47.35;47.97;562711
48.23;48.45;47.68;47.895;440916
48.275;49.04;48.025;48.77;363376
48.27;48.99;47.715;47.965;426354
48.705;48.85;47.6;47.8;494443
47.5;47.63;46.28;46.28;377148
45.21;46.885;45.13;46.485;530136
46.67;46.79;45.01;45.44;617833
46.06;47.29;46.06;47.18;476277
47.255;48.4;47.18;47.73;637059
48.375;48.985;47;47.335;571353
47.1;47.5;46.475;46.82;589203
46.52;47.7;46.22;47.28;582118
47.07;47.7;45.81;46.385;557580
46.395;47.035;45.55;45.93;580790
46;46.87;45.9;46.71;607314
46.8;47.57;46.51;46.6;494133
47;48.095;46.85;47.98;424489
48.195;48.275;47.3;48.175;323931
48.26;49.045;48.12;49.045;548159
48.8;48.975;47.99;48.125;454680
48.26;49.025;48.09;48.43;492833
48.66;49.4;48.545;49.315;295131
49.4;49.75;49.27;49.435;333274
49.71;49.77;48.875;49.075;409366
49.28;49.55;49.13;49.39;116645
49.75;49.905;49.41;49.88;161515
49.85;49.95;49.11;49.15;241991
48.98;49.35;48.66;49.12;128425
49.245;49.655;49.17;49.4;67443
49.41;50.44;49.32;50.38;303922
50.51;51.36;50.35;50.86;460613
50.9;51.13;50.5;51.13;393633
51.04;52.95;50.9;52.85;872598
53;53.32;51.76;52.22;585159
52.62;53.39;52.43;52.75;729900
52.86;52.86;50.9;51.14;552095
50.81;51.68;50.51;51.38;438784
51.84;52.15;51.41;52.04;501067
52.31;52.71;51.84;52.29;603394
52.35;52.63;51.6;52.3;285717
52.32;52.32;51.39;51.94;422795
52.6;53.38;50.61;50.76;878883
51.2;51.5;50.06;50.13;497871
49.93;50.26;48.59;48.88;904804
48.42;49.45;48.125;48.61;605367
48.07;48.83;47.61;48.83;613767
48.9;49.875;48.3;49.77;1129763
50.33;51.35;50;50;1105714
50.16;50.7;49.235;49.71;889749
49.42;50.59;48.865;50.34;425992
50.25;53.9;49.84;53.55;1335319
53.7;55;53.05;53.13;1329905
52.86;53.33;51.47;51.57;797975
50.22;50.75;49;50.01;1255817
50.15;50.22;47.67;48.64;1445849
48.43;50.32;48.41;49.815;1009459
50.37;51.61;50.26;50.71;871056
51.25;52.65;51.24;52.2;1170716
52.88;53.19;50.57;51.36;1383458
52.13;52.82;51.96;52.41;561055
52.7;53.64;52.3;53.64;659493
54;54.84;53.9;54.17;637824
52.75;52.92;50.3;52.54;997625
52.1;53.76;52;52.84;1315974
53.34;54.63;53.31;54;1126739
54.47;54.82;52.21;52.43;990264
52.6;52.96;52.06;52.61;821954
52.28;52.52;50.77;50.91;656086
51.52;52.3;51.05;52.3;847560
52.91;53.2;52.27;53.08;571006
53.1;53.96;52.78;53.87;444948
53.9;54.98;53.17;54.93;479038
54.45;55.39;54.22;54.4;633550
54.58;55.11;53.86;54.99;437936
55;55.35;54.64;54.95;457687
55;55.41;54.37;55.31;525981
55.42;56.22;54.95;56;427994
55.72;56.55;55.67;56.01;447876
56;57.65;56;57.33;722941
57.4;57.75;55.25;55.63;544298
55.99;56.9;55.85;56.7;406528
57.18;57.57;56.9;57.21;482232
56.97;57.73;56.97;57.38;483597
57.98;58.61;57.32;57.57;901596
57.6;57.92;56.93;57.9;515610
59.05;61.57;59;60.95;1476180
61.25;61.51;60.01;61.51;913819
61.48;61.95;60.35;61.82;896494
61.8;62.57;61.3;62.35;677818
62.35;62.35;61.31;61.81;559276
61.75;61.82;60.21;60.34;752129
60.25;60.66;59.76;60.2;655380
61.11;62.5;61.03;62.48;645688
63.47;64.71;63.06;64.61;691225
64.85;64.85;63.31;63.45;756103
63.07;63.56;62.5;63;604599
63.6;64.4;63.56;63.93;471417
64.25;64.68;63.22;63.65;517320
63.11;64.12;62.82;63.25;761860
63.5;64;62.85;63.66;574243
64.27;64.4;63.58;63.6;815692
63.02;63.22;60.95;61.16;1189044
60.96;61.83;60.51;61.48;650734
61.89;63.26;61.69;63.15;930960
63.82;63.91;63.02;63.13;700108
62.75;63.92;61.09;61.25;992745
61.73;63;61.46;62.28;619799
63;63.8;62.43;63.3;506996
63.19;63.4;61.08;61.08;719887
60.38;60.76;56.61;58.27;1619044
59.5;62.45;58.71;62.05;1249075
62.55;63.52;60.08;60.5;1142565
60.01;61.8;59.22;61.37;453869
61.8;62.59;59.01;59.43;879172
59.19;59.5;56.81;57.68;1525992
55.74;57.46;54.88;54.96;1416752
53.13;54.97;51.64;52.88;1519489
56.96;57.8;56.01;57.49;1600273
56.8;56.93;55.36;56.79;1094480
56.04;57.84;55.86;57.48;772572
58.2;58.2;57.19;57.6;375882
57.39;57.39;55.01;55.25;523827
54.39;55.34;54.05;54.46;752703
55.28;56.32;55.02;55.97;576677
54.77;55.39;52.91;52.99;819571
53.47;54.62;50.03;51.27;1354635
51.1;52.27;50.23;52.13;1310084
52.68;52.85;51.1;51.87;426131
50.03;50.14;48.195;48.575;1598996
49.48;51.56;49.15;50.88;1193703
52.13;54.25;51.71;54.13;1160911
55.81;55.85;53.08;53.29;1008093
53.4;54.01;52.57;52.92;387877
52.66;52.8;50.62;51.77;952954
50.88;51;48.885;50.06;1659218
51.6;51.92;50.75;50.85;901990
51.1;52.55;49.9;50.25;1052630
49.27;50.26;48.64;49.15;548411
49.605;50.15;47.87;48.425;1082008
48.995;49.74;47.32;48.84;1352954
48.245;49.14;47.56;48.66;1354702
49.89;49.945;48.2;49.68;1197399
50.23;51.89;50.1;51.82;896621
51.3;52.3;51.01;52.2;717500
53.19;53.29;52.2;52.72;881319
52.62;53.11;51.55;51.65;645441
51.86;52.17;51.16;51.42;1169678
53.92;54.44;53;54.23;953457
53.37;53.5;51.82;52.89;838287
52.23;52.65;51.5;52;853017
52.42;52.42;49.945;50.09;701811
50.14;50.6;49.25;49.555;477527
49.82;50.86;49.495;50.58;782985
49.76;49.94;47.81;47.99;763445
48.315;48.815;47.305;47.6;764304
47.235;47.335;45.14;45.46;956212
45.67;47.215;45.53;46.87;633279
47.175;47.175;45.785;46.005;372282
46.225;48.465;46.12;47.595;907738
46.82;47.95;46.305;47.705;877426
48.08;49.45;47.61;48.31;829729
48.835;48.88;47.765;48.02;504011
48.225;49.245;47.4;48.88;658676
48.88;50.52;48.875;50.35;743555
50.68;50.7;48.62;49.065;587665
48.785;50.07;48.19;48.5;933629
48.87;49.45;47.79;48.065;654149
47.615;48.45;47.135;47.545;418621
48.005;48.06;46.87;47.68;453318
47.98;49.88;47.98;48.475;811558
48.225;52.33;47.95;52.07;1223212
52.49;53.29;51.8;52.78;688758
53.26;53.28;52.46;52.64;647878
52.61;53.72;52.61;53;612652
53.07;53.75;52.11;52.23;491517
52.33;52.5;51.6;51.87;589333
51.59;52.19;50.37;51.1;517022
51.34;53.79;51.34;53.73;550035
53.5;53.89;52.97;53.84;525965
53.74;54.79;53.13;54.42;755739
54.51;54.59;53.39;53.39;505984
53.75;54.44;52.82;53.14;390839
53.81;54.09;53.2;53.38;265799
52.87;53.55;51.53;51.87;711458
51.5;51.62;50.16;50.24;341446
50.06;52;48.83;50;723110
50.21;50.7;49.505;50.3;498163
50.5;50.65;49.675;50.18;300460
50.33;51.47;50.01;51.3;671674
51.11;51.94;50.77;51.75;510319
52.02;53.64;51.56;52.07;994315
51.81;52.49;50.99;51.76;716463
51.78;52.55;51.4;52;434015
51.72;51.87;50.97;51.56;422320
51.39;51.74;49.725;50.16;425154
50.6;51.82;50.24;51.56;558964
51.51;52.15;50.83;51.97;702871
52.06;52.63;51.4;51.58;283593
50.92;51.69;50.6;51.69;363177
51.95;53.18;51.29;53.18;555864
53.25;54.26;53.04;53.56;762520
53.6;54.49;53.48;54.24;596144
54.57;54.63;53.91;54.08;185849
54.1;54.1;52.59;52.94;434576
52.74;53.2;52.05;52.84;662565
52.76;53.41;52.35;53.3;419483
53.21;54.9;53.03;54.64;634017
55.15;55.35;54.84;55.09;456629
55.22;56;55.13;55.96;672511
55.95;56;55.13;55.39;523982
55.55;55.93;54.85;54.9;341612
55.57;55.9;55.06;55.66;658366
55.99;57.11;55.84;56.99;549805
57;57.85;56.91;57.43;633888
57.87;58.02;57.24;57.64;906657
58.85;58.91;57.26;57.91;1061927
57.61;58.37;57.09;58.16;861298
58.39;58.85;58.02;58.13;469030
57.28;58.43;56.9;58;644448
58.47;59.47;57.87;58.88;670319
59.06;59.75;58.42;58.99;625252
59.47;60.34;59.2;60;659251
60;60.14;59.28;59.46;467438
59.48;60.07;59.15;59.81;365254
59.7;61.15;59.65;60.95;597989
61;61.2;59.58;59.66;582830
59.16;59.55;58.12;59.18;790157
59.22;59.54;58.68;58.94;261630
58.56;59.32;57.7;59.18;465697
59.68;61.25;59.5;61.21;460440
60.96;61.45;60.81;60.9;431058
61.2;61.81;60.88;61.72;595818
61.58;62.4;61.44;62.27;446160
62.13;62.27;61.31;61.52;592773
61.26;62.39;61.1;62.3;544885
61.9;62.45;61.75;62.11;539100
61.94;62.18;61.57;61.99;335430
62.19;62.94;62.05;62.59;405022
62.56;62.72;61.06;61.47;514437
61.1;61.46;60.25;60.28;528516
59.76;60.25;58.44;59.29;1063038
59.44;60.6;59;60.39;538188
60.89;62.94;60.61;62.78;816530
62.5;64.47;62.15;64.22;761555
64.45;64.93;63.67;64.38;580360
65;65.9;64.35;64.91;663416
64.95;65.25;63.53;64.12;566115
63.82;64.19;63.25;63.45;353324
62.62;63.92;62.57;63.7;680787
63.38;63.5;62.39;62.46;463001
62.47;63.37;62.34;63.17;658029
62;63;61.26;62.49;471185
62.05;63.36;62.05;63.31;327246
62.99;62.99;60.61;60.61;516897
60.46;61.03;59.86;60.85;627830
61.24;61.79;60.82;61.57;830691
61.67;61.88;60.19;60.81;559923
61.39;61.66;60.37;60.55;511098
60.24;60.85;59.5;59.89;485908
59.98;62.43;59.78;62.09;707240
62.06;62.86;61.91;62.82;338757
61.73;62.29;61.04;61.89;435317
61.92;62.35;59.85;59.88;500802
60.03;60.48;59.66;59.82;555248
60.4;61.94;60.2;61.91;548404
62.5;65.02;62.31;64.93;930150
64.9;66.51;64.43;66.3;708175
66.21;67.1;65.52;66.65;547347
66.93;68.75;66.83;67.32;811527
66.99;67.1;66.2;66.39;435967
66.71;67.38;65.33;65.61;478639
65.43;66.63;65.41;65.96;471906
66;68.2;66;68.12;820979
67.82;67.91;66.93;67.67;578898
67.37;67.5;66.7;67.18;279668
66.89;67.8;66.7;67.75;399512
68;69.45;67.57;69.45;764739
69.45;70.7;69.2;69.6;689594
69.8;70.29;69.61;70.03;328075
70;71.38;69.9;71.38;573361
71.43;71.74;70.77;70.77;303562
70.49;70.91;69.95;69.95;78442
70.04;70.41;68.74;70;174451
70;70.22;69.6;70.2;119418
70.22;70.62;69.86;70.62;156321
70.62;70.94;70.19;70.62;191554
70.26;70.38;69.1;69.1;141244
70.01;71.63;69.67;71.09;329035
71.06;71.96;70.36;71.84;538154
73;74.35;72.6;74;1065537
74.78;75.74;72.34;72.78;969371
72.74;73.5;71.26;72.49;653377
72.01;72.94;71.52;72.62;308487
72.69;74;72.21;73.87;360607
73.98;75.36;73.92;74.7;492579
74.57;74.74;73.09;73.83;714924
74.09;75.99;74;75.12;814256
74.87;76.3;74.6;75.86;678074
76.03;76.15;73.34;74;1129980
74.07;74.25;71.1;71.5;939077
71.31;71.38;67.79;67.79;1994973
68.49;70.02;68.11;69.45;901910
69.64;69.84;67.81;68.33;627125
68.79;69.41;68.17;68.3;599072
68.51;69.59;68.4;69.31;597645
69.65;72.8;69.6;71.49;945027
71.68;71.84;70.22;70.24;531268
70;71.17;69.3;70.97;526958
71.75;74.57;71.61;74.57;919436
74.82;74.88;72.63;73;764944
73.1;73.3;72.22;72.86;552411
73.21;73.77;72.64;73.2;541193
73.1;73.96;73;73.96;389233
73.77;73.9;72.54;72.56;610879
72.58;74;72.44;73.8;711157
73.5;73.65;71.62;72.55;539382
72.6;73.84;71.65;73.7;424685
73.89;74.42;73.24;74.38;533719
74.49;74.5;73.7;73.82;346636
74.04;74.28;72.9;72.9;483718
73.5;74.9;71.79;74.3;867124
74.41;74.41;71.9;72.13;691855
72.59;72.7;70.59;70.64;682086
70;70.89;69.01;70.7;1061418
70.55;70.68;68.51;69.03;938881
68.33;69.85;68.03;68.71;987841
69.16;70.95;68.75;70.95;759069
70.53;72;70.36;71.54;571505
72;73.2;71.52;71.82;526677
71.32;71.39;70.07;70.07;548361
70.32;70.74;69.93;70.74;575984
71.03;72.41;70.85;71.64;644910
71.18;71.89;70.72;70.72;556714
70.89;72.27;70.61;72.27;704775
71.53;71.91;71.09;71.59;891017
71.1;71.4;70.65;70.97;1137207
70.46;70.76;68.62;69.29;1118025
68.55;68.85;67.02;67.54;965931
66.41;66.62;62.95;66.4;1607980
66.47;67.3;64.97;64.97;1017615
65.21;67;64.53;66.86;1098580
67.26;69.36;67.1;68.23;1289244
69.53;70.15;69.05;70.15;691231
70.09;71.41;69.9;71.41;1030383
70.87;72.06;70.82;71.81;906823
71.35;73.02;71.25;73.02;752756
73.1;73.78;73;73.66;658827
73.64;74.35;73.42;73.56;554345
73.8;74.8;73.36;74.41;861694
74.78;75.15;74.71;74.78;858554
74.78;75.8;74.57;75.25;990709
75.67;76.3;75.2;76.2;882566
75.81;77.1;75.3;77.02;673483
77;77.45;76.64;77.1;537793
76.35;76.9;76.1;76.42;813573
76;76.45;75.84;76.19;1077069
76.58;76.88;76.24;76.84;634911
76.84;77.27;76.49;77.13;756514
76.03;76.45;75.16;75.49;1496673
75.51;75.94;74.8;74.9;1102224
74.5;74.62;73.59;74.12;860559
73.53;73.96;73.05;73.47;856833
73.52;73.97;72.89;73.25;904320
73.37;73.68;73;73.3;589002
74.03;76.01;74.03;76.01;504838
76.49;76.49;75.2;76.4;423996
76.01;77.05;75.43;76.8;466042
77.5;77.5;76.8;76.85;481309
74.8;75.21;74.36;74.96;985568
74.93;76.16;74.86;76.16;399355
76.97;76.97;75.2;75.2;423561
75.48;75.48;74.06;74.21;646369
74.35;74.4;72.68;72.89;780352
72.99;74.55;70.05;70.09;1076497
68.99;71.09;68.04;70.9;1343896
70.9;72.07;70.78;71.79;835110
72.02;72.67;71.51;71.77;675114
72.14;72.41;71.14;71.23;467331
70.55;70.75;69.29;69.9;623744
70.67;71.15;70.13;70.28;434131
69.75;70.63;69.13;70.53;647168
70.09;70.75;69.25;69.41;506319
70.08;70.49;69.45;70.3;571393
70.82;73.72;70.72;72.01;969736
73.6;74.83;72.5;72.81;1343843
72;72.34;70.43;70.43;695741
70.49;72.58;70.18;71.93;689373
71.3;71.8;70.65;71.47;558872
71.99;73.9;71.73;73.73;1066799
74.27;74.9;73.39;74.07;650265
74.18;74.73;73.47;73.75;248230
74.03;74.74;73.61;74.74;548206
74.84;75.47;73.83;74.17;642278
73.54;73.54;72.47;72.5;314208
72.67;72.99;71.75;72.57;426544
72.57;73.31;72.12;73.06;435189
72.98;73.46;72.66;73;419792
72.7;72.9;70.7;71.69;817095
71.55;73.53;71.5;73.37;365032
73.48;73.58;71.55;71.62;366009
71.86;72.05;71.33;71.56;189164
71.78;73.16;71.72;73.07;354648
72.86;73.58;71.93;71.98;368892
71.03;71.71;70.54;71.08;809669
70.8;72.47;69.96;71.39;689268
70.5;70.63;69.5;70.4;515216
70.97;72.64;70.86;72.64;445302
72.57;72.7;71.81;71.85;275962
71.5;71.63;69.53;69.62;558536
70.68;70.89;69.18;69.29;660812
69;69.31;68.8;69.08;630458
69.05;69.3;68.58;69.13;788364
69.66;72.75;69.58;72.75;651070
73;74.2;72.32;73.93;524636
74;74.43;73.54;74.13;536893
74.1;75.05;74.08;74.97;270513
74.92;75.38;74.51;75;426190
75;75.35;74.31;74.78;412780
75.3;76.6;74.57;76.36;652696
76.45;76.6;73.8;73.86;645948
73.6;74.21;72.48;73.16;522659
71.95;72.89;69.6;72.62;855878
72.44;73.54;72.07;73.54;500055
72.63;72.63;71.15;71.25;705773
71.19;72.63;70.69;72.4;474220
71.71;72.75;71.53;72.08;616925
72.3;74;72.07;73.97;413493
74.44;75.2;73.91;74.85;536767
75.66;75.71;73.76;75.4;417345
75.99;76.18;75.29;75.64;307448
74.94;76.45;74.6;76.03;369885
75.99;76.21;74.61;75.96;301845
75.92;76.1;72.98;73.83;599795
76;76.6;74.68;75.45;936492
74.67;77.18;74.5;76.36;913569
77.17;78.14;75.94;76.33;566485
75.93;76.49;73.44;73.79;669665
72.5;72.5;69.64;70.42;980268
71.35;71.62;64.37;64.6;1458657
62.62;65.3;60.16;62.44;1493035
61.06;62.36;56.5;56.78;1989132
56.5;60.87;53.63;60.77;2131118
61.83;63.99;58.67;59.31;1592487
60.92;62.09;57.79;61.38;1238917
61.35;64.46;59.04;64.31;963960
64.83;66.74;64.62;65.64;459073
65.03;65.6;63.42;65.59;459430
65.26;66.17;64.32;65.2;510888