33.875;34.2;32.75;33;4044084
33;33;31.65;31.8;6565248
31.5;31.75;30.775;31;8296864
31;31.5;30.1;30.1;9581504
30.5;31.125;29.9;30.25;16985068
30.625;30.95;29.675;30.275;7909764
30.4;30.5;29.725;30.5;7725848
30.125;30.575;29.975;30;7020096
30;30.125;29.625;29.775;5416048
30.125;30.975;30;30.65;6777968
30.95;31.8;30.95;31.75;7411212
31.75;31.9;30.25;30.325;8380272
31.125;32.225;30.875;31.75;12372944
32.25;33.5;32.15;32.325;13845648
32.25;33.45;32.025;32.875;6568556
32.5;34.375;32.5;33.725;8316112
33.425;34;33;33.075;7547968
33.275;33.6;32.25;32.725;7936096
33.25;33.25;32.025;32.825;6087604
33.5;33.5;32.2;32.35;4399272
31.75;32.325;31.375;31.8;5216332
31.625;32.75;31.625;32.375;4742288
32.75;33.75;32.175;33.625;5084224
34;34.25;32.9;33.425;6518564
33.975;34.625;33.275;33.8;5505360
33.75;34.925;33.575;33.8;4864064
34.6;36.9;34.275;35.375;10220100
36.25;37.2;35.2;36.775;12234200
36.5;36.5;34.9;35.25;9199092
35.7;35.75;33.175;34.225;6944408
34.5;34.75;32.775;34.025;4808988
34.75;35.225;34.125;34.75;6437716
35.125;35.975;34.875;35.9;6410684
35.7;36.25;34.9;35.725;4725112
35.45;35.775;34.8;35.175;3709480
34.625;34.975;33.875;34.025;3240068
34.25;34.625;33.625;34.475;5069152
34.65;34.65;33.05;33.625;6743000
34.275;34.325;33.25;33.3;3835672
34.25;34.975;33.625;34.5;11310848
34.5;34.95;33.575;34.25;6293060
34.7;34.85;33.625;34.375;6860536
34.725;34.75;33.625;34.425;5397200
34.7;34.75;33.25;34.55;5222812
35;35;34.125;34.5;4386556
34.5;34.85;34.025;34.75;2437492
34.4;36;34.325;35.475;6549524
36.25;37.75;36.025;37.625;12910060
37.5;37.575;36.3;37.45;7029940
37.5;37.5;36.025;36.85;4792112
36.625;36.85;35.675;36.125;2978080
35.975;36.8;35.575;36.5;4441008
36.5;36.975;36.2;36.35;4752124
36.85;38;36.625;37.45;6445748
37.5;38;36.35;36.525;5503488
35.775;36.775;35.7;36.15;3907632
36.45;37;35.75;36.9;4880464
36.5;37.45;36.125;36.175;4279924
35.75;36.175;35.025;35.625;5004384
35.675;35.975;34.65;35.175;6034616
35;35.175;34.4;34.675;5678044
34.5;35.85;34.45;35.75;7022268
35.75;37.6;35.75;37;9035000
37.5;38.875;37.225;38.5;11222828
40.95;41.2;38.55;39.125;16420660
38.975;40;38.25;38.825;5391452
39.65;41.85;39.375;41.75;9985136
40.5;40.6;38.875;40;9387616
39.975;40.575;39.325;40.575;5838004
40.5;40.6;38.6;39.625;7355280
39.625;39.625;37.575;37.775;5905032
38.375;39.45;37.775;38.375;6062608
38.75;39.625;38.7;39.1;4912240
38.95;39.975;38.5;39.975;4707928
40;40.5;38.75;39.125;5296600
37.5;39;37.125;38.35;5367384
39;39.75;37.875;39;5735128
39;39.5;38.025;38.125;5463764
39.125;39.125;37.925;38.525;6238940
38.025;40.575;38.025;40.075;4914188
40.7;41.225;40.55;40.95;9400944
41.25;41.75;39.625;40.625;7320432
41.45;41.75;40.625;41.725;4525416
42;42.825;41.525;41.625;6864456
40.9;41.375;39.875;40;7730632
40.5;41.125;39.775;41.125;5988124
41.25;42.125;40.325;40.375;4694536
40.75;41.125;40.2;40.875;2620208
40.875;41.875;40.6;41;5247492
40.4;42.35;40.4;41.8;5062520
41.975;42.575;41.1;41.75;5223112
41.85;42.425;41.625;42.225;4787720
42.25;42.6;41.375;41.5;3470948
42.375;42.7;41.15;42.125;4428972
42.125;42.275;41.625;41.675;5283436
42.125;43.5;41.625;43.275;4634336
43.5;43.75;42.1;42.1;4864676
42.1;42.825;41.875;41.875;3890412
41.675;42.35;40.85;41.175;9470416
40.8;41.425;39.15;39.15;13237548
40.1;40.575;38.65;39.85;10777500
39.475;40.075;39.125;39.125;5635252
39.675;40.3;39.35;39.85;12772168
39.95;40.375;39.1;40.375;9068496
40.7;42.35;40.425;42.225;9340512
42.4;42.6;41.525;41.925;3194628
41.525;42.35;40.875;41.05;7103200
40.75;41;39.75;40.85;4389392
40.4;41.475;39.975;41.175;5111072
40.75;41.7;40.75;41.05;5427888
40.875;41.6;40.125;40.4;6598152
40.5;41.25;40.125;40.275;2999816
41;41.375;40.4;41.15;6850332
41.25;41.3;40.025;40.7;7159704
40.5;40.625;39.525;39.75;5823296
41.25;41.25;40.25;40.25;7638900
40.3;41.1;40.3;40.775;3968268
41.025;41.1;40.2;40.35;4604468
40;40.7;39.675;40.35;5150900
40.875;42.15;40.5;41.625;9549364
41.15;41.45;40.75;41.25;21803312
41;41.375;40.65;40.75;7856484
40.85;40.975;40.15;40.875;8839764
40.875;41.35;40.725;41;5290800
40.8;40.95;40;40.025;5291948
39.775;41.125;39.75;40.15;8263976
40.125;41.225;39.8;41.225;11002384
41.75;42.95;41.3;41.475;8943228
41.125;41.975;40;40;9666776
40.25;40.425;39.55;39.875;5572552
39.975;40.55;39.65;40.125;4721060
39.575;40.85;39.575;40.5;3280504
40.925;41.6;40.125;41.125;4853424
41.5;42;40.9;40.9;4260812
40.9;41.75;40.625;41.3;3328456
40.75;41.1;40.6;41.025;7420280
40.925;41.175;40.625;40.775;4248168
41.125;41.65;40.125;40.175;5372152
40.6;41.05;40.125;40.625;2939668
40.15;40.375;38.95;39.125;6031640
39.45;40.35;39;39.75;4965844
39.9;39.9;38.5;38.75;4878312
39.25;39.25;37.9;39.025;5399280
38.95;39.875;38.875;39.55;4154336
39.95;40.375;39.325;39.525;10001364
39.375;39.975;39.225;39.975;3001044
39.625;40.175;38.875;39.275;4861948
39.375;39.7;38.75;39.45;5034892
39.5;41.225;39.5;40.275;6173456
40.025;41.075;39.8;40.725;4979480
40.7;41.85;40.525;41.3;4530040
41.125;41.925;40.7;41.4;5086904
41.45;41.925;40.975;41.725;3920628
42;42.45;41.675;41.75;4346188
42.05;42.55;41.4;42.55;3629508
42.75;42.75;41.8;42.125;2691948
42.375;43.525;42.125;43.425;4726812
43.425;43.65;42.85;43.25;5370800
43.725;44.475;43.45;43.625;6587676
43.925;44.875;43.725;44.3;4997076
43.775;44.75;43.775;44.2;3862700
44.75;45.1;43.375;43.375;8289816
43.75;44.55;43.4;44.25;11253932
44.45;44.45;42.8;43;8864632
43.125;43.5;42.375;43.1;4855992
42.75;43.1;42.05;42.825;6046080
42.875;43.625;42.875;43.5;4366464
43.25;44.325;43.25;43.4;4300836
43.5;43.5;41.475;41.775;10377676
41.375;42.875;41.375;42.875;6805628
42.875;44.6;42.85;44.5;5298044
44.525;45.225;43.8;44.375;6166052
44.525;45.625;43.575;45.25;7943368
45.65;46.375;45.5;45.75;7835120
45.35;45.7;44.3;44.65;6712552
44.3;46.65;44.3;46.5;7654856
46.5;47.25;45.9;46.375;8172132
46.25;46.975;44.625;45;9070580
44.575;44.725;43.075;43.95;13585392
43.975;45.15;43.625;45.15;17584720
45.125;46;44.5;45.325;9816372
45.675;45.9;44.9;45;8525856
45.425;45.425;44.1;44.85;6469092
44.25;45;43.3;43.3;8552324
43;43.45;41.775;42.275;9382368
42.375;42.375;40.7;40.975;10831184
40.975;41.725;40.8;41;8894960
41.175;41.925;40.775;41.35;7885560
41.95;42.175;41.25;41.425;5190864
41.5;41.85;41.175;41.45;8639220
40.9;42.625;40.9;42.625;6948128
42.8;43.975;42.8;43.275;5171284
43.25;43.725;42.525;42.675;5781692
42.05;42.925;41.525;42.6;5274060
42.95;43.85;42.625;43.225;5456876
42.8;43.35;42.5;42.725;4013944
42.75;44.65;42.75;44.65;13019180
44.85;45.35;44.525;44.575;10178564
44.325;45.875;44.125;45.875;10375684
46.2;46.225;44.05;44.525;7279476
44.375;44.475;43.275;43.275;8020376
43.35;43.95;43;43.3;6282212
42.925;43.375;42.65;42.875;6717812
42.95;43.375;41.775;43.15;8685044
42.625;42.75;41.875;42.75;7745256
42.5;43.775;42.5;43.5;4548708
43.825;44;43;43.45;5862188
43.25;43.75;42.8;43.425;6131020
42.775;43.6;41.725;42.1;9307900
42.25;42.575;41.025;41.6;8393428
40.9;41.325;40.075;41.275;9779636
41.5;42.675;41.5;42.15;8484248
42.225;43.05;41.5;42.75;5544396
42.725;43.1;41.3;41.9;9895420
41.6;41.7;40.5;40.75;8822388
40.775;40.925;39.55;39.9;11448312
40.25;41.125;40.25;40.925;6523796
41.25;41.85;40.625;40.75;7803428
41;41.5;40.6;40.6;8036660
40.6;41;40.05;40.15;7875836
40;40.8;40;40.475;5300684
40.65;41.7;40.125;41.5;6097296
41.375;42.25;41.25;42.075;5834696
42.25;42.35;41.575;41.95;4687620
41.875;42;41.175;41.175;4893952
41.325;42.075;41.225;41.225;4180824
41.275;42.375;41.275;41.95;6232164
42.4;42.875;41.375;41.5;9618884
41.95;42.475;41.5;42.45;2915760
42.175;42.925;42;42.7;4772540
42.625;43;42.425;42.725;4687172
42.875;43.225;42.275;42.5;17499368
42.475;42.475;41.525;41.55;7152460
41.2;41.55;40.8;41.075;6711940
40.75;41;39.95;40.25;9094800
40;40.025;38.9;39.175;9174600
39.025;39.5;39;39.5;11150968
39.25;39.3;36.8;37.15;24931924
37.25;38.35;37.2;38.35;13357376
38.45;38.55;36.95;36.95;11121496
37.25;37.45;36.325;36.825;9634968
36.85;37.75;36.525;37.4;14012772
37.875;38.275;37.575;38.275;7945204
37.975;38.25;36.925;37.075;8480936
36.75;37.225;36.125;37;9521160
37;37.85;36.3;37.675;9673192
37.425;39.225;37.325;38.5;11431428
38.225;38.425;36.95;37.375;8541980
36.75;37.875;35.975;37.875;9702352
37.575;38.45;37.425;38;5920732
38.125;39.5;38.125;38.975;5413888
39.4;39.725;38.95;39.725;4044516
39.75;40.275;39.1;39.6;4280904
39.25;40.6;38.8;39.6;6028948
40.25;40.25;38.675;39.225;7957060
39.675;39.675;37.8;38.425;10371252
38;38.7;37.6;38.5;8990396
38.3;39.325;38.125;38.975;4715128
38.8;39.075;37.95;38.25;6990720
38.175;38.175;37.1;37.4;7343608
37.5;38.95;37.5;38.325;9017572
38.5;39.075;37.925;38.8;8180296
38.8;39.675;38.8;39.575;4251620
39.575;39.575;38.55;38.575;7102852
38.75;39.325;37.675;37.675;10315820
37.5;37.5;36.9;37.025;9969264
36.85;37.225;36.25;36.625;11441872
37;37.75;37;37.225;7684812
36.75;37.3;36.625;36.75;6385364
37.025;37.8;36.925;37.8;6734092
37.55;38.825;37.55;38.7;10062880
38.7;39.525;38.275;39.1;8289596
38.9;40.3;38.825;39.05;8835940
39;39.65;38.775;38.775;6646920
39.275;39.625;38.925;39.625;8056060
39.375;39.575;38.65;38.65;7580420
39.025;39.55;38.95;39.125;6526040
39.325;40.65;39.325;40.375;9998772
40.675;40.675;39.825;40.375;6430140
40.5;40.5;39.25;39.4;8166340
39.625;40.175;39.375;39.625;5092200
39.725;40.125;39.6;39.725;6094724
39.7;40.25;39.225;40.075;7541976
40.125;40.25;39.425;39.75;5045156
39.65;39.85;39.3;39.525;3697184
39.525;40.3;39.525;39.95;7370332
40;40.225;39.375;39.4;7804584
39.25;39.925;39.25;39.8;3879088
40;40.2;39.225;39.225;7301392
39.225;39.65;38.375;39;7052328
39.125;39.45;38.425;39.375;10113776
39.5;39.525;37.875;38.575;10376732
38.375;39.125;37.925;39.075;22598860
38.75;39.075;38.4;38.75;6878860
38.75;39.425;37.975;38.375;7982188
38.25;38.975;37.75;38.975;9578044
38.875;38.875;37.5;38;7540976
38.475;38.625;37.55;38.5;5005868
38.375;38.95;38.25;38.675;6567364
38.5;38.775;38.375;38.375;5808820
38.5;38.95;38.25;38.525;6411964
38.475;38.925;37.925;38.35;5597880
38.125;38.4;37.5;37.65;4642092
37.5;37.975;37;37.225;7419560
37.5;38.45;36.325;38.075;12276972
38.375;39.175;37.775;39;9528548
38.975;39.275;38.275;38.275;8704732
38.25;39.125;37.85;37.85;8875456
38.1;38.5;37.425;38.25;8502468
37.9;38.9;37.6;38.5;12266376
38.525;38.75;37.65;37.725;9055092
37.7;37.7;36.25;36.75;12462068
36.775;37.875;36.55;37.375;7646344
37.625;38.6;37.125;38.45;9559060
38.7;38.725;37.95;38.175;6688608
37.75;38.55;37.325;38.55;8693208
38.5;39.05;38;38.375;8557320
38.625;39.1;37.925;39;7078768
38.625;39;38.15;38.25;8222736
38.125;38.875;37.125;38.625;8845416
39;39.25;37.925;38.425;9452356
38.85;39.2;37.8;39.2;6656720
38.875;39.675;38.775;39;7316372
39.55;40.1;39.275;39.875;7522380
39.5;40.5;39.4;39.75;13302172
39.725;40.4;39.325;40.125;5384648
40.25;40.85;39.75;40.475;4499952
40.6;41.25;40.15;40.15;10143596
40.25;40.575;39.55;40;21251336
39.85;40;39.25;39.85;6800172
39.85;40.475;39.45;39.75;7011332
40.125;40.875;39.95;40.725;9034940
40.375;41.525;40.175;41.125;10738152
40.775;41.775;40.675;41.7;11159880
41.575;42.5;41.25;42.425;14961192
42.25;42.7;41.775;42;8514332
42.05;42.1;40.65;40.7;11072928
40.7;40.7;39.175;39.3;10994144
39.675;40.55;39.45;40.075;9022296
40.65;41.175;40.5;41.1;3900468
41.2;41.425;40.775;41.125;7149224
41.1;41.375;40.825;41.225;7713624
41.5;42.325;41.4;42.25;9596508
42.05;42.375;41.725;41.85;5147220
41.625;42.075;40.9;41.725;6467372
42.025;42.45;41.775;42.45;17433508
42.15;42.4;41.825;42.125;6800836
42.475;43.1;41.8;42.15;10423916
42.35;43.75;42.25;43.675;13133768
43.85;44.5;43.825;44.05;8029992
44;44.125;43.35;43.675;10677452
43.35;43.75;43.075;43.375;15195312
43.125;44.025;43.125;44;3656364
43.75;43.85;43.225;43.55;5795804
43.725;44.125;43.575;44;2558116
43.375;44.3;42.925;44.075;7337924
43.925;44.25;43.375;43.575;17584556
43.375;44.025;42.975;42.975;10149620
43.375;44.15;43.275;43.75;7806828
44.25;44.95;44.15;44.875;12941416
44.5;44.5;43.65;43.775;7775700
43.475;43.875;42.95;43.45;11301996
43.3;43.95;43.3;43.5;5211540
43.725;44;43.25;43.5;7072676
43.75;43.825;43;43.15;5813364
43.575;43.875;43.2;43.65;6507848
43.7;43.825;43.25;43.25;7932816
43.125;43.55;42.65;43.55;8501220
43.5;43.575;41.825;41.825;8456400
42.1;42.775;42.025;42.5;13718344
42.5;43.225;41.525;43;14248548
42.75;42.85;41.925;42.375;12307028
42.375;43.175;41.825;42.25;12567008
42.125;43.125;42.05;42.875;7759360
42.65;42.925;42.225;42.4;8935028
42.375;42.375;41.725;41.725;7817228
41.125;41.175;39.825;40.75;18728620
40.725;41.425;39.8;41.35;17545584
41.45;41.625;40.7;40.975;10181532
40.925;40.95;39.775;39.925;9136740
40.25;40.475;39.625;40.425;7041416
40.375;41.125;40.2;40.975;8771968
41;41;40.3;40.425;8714696
40.425;40.9;39.55;40.875;8832436
40.425;40.7;39.7;39.775;8085828
39.225;39.725;39.175;39.25;9891108
39.625;39.875;39.275;39.7;18084540
39.75;40.425;39.35;40.35;7179640
40.375;40.375;39.55;40;6804388
39.5;39.8;39.4;39.75;6212468
39.5;39.575;37.8;37.8;17500200
38;38.725;37.1;38.625;12739428
38.5;39.4;38.05;39.225;10217924
39.625;40.15;39.325;39.425;10551284
39.3;39.725;38.4;38.625;8748964
38.375;38.975;37.8;38.175;8933060
38.5;39.6;38.5;39.5;22629620
39.425;40.025;39.3;39.875;9563372
40;40.575;39.65;40.1;6530372
39.925;40.85;39.7;40.65;8817792
40.75;41.2;40.675;41;6414156
41.025;41.35;39.925;40.4;10570952
40.5;40.575;39.75;39.85;8796160
39.85;40.2;39.275;40.1;8849348
40;40.375;39.375;40.2;7680720
40.325;40.65;39.7;40;7994052
39.55;39.675;39.025;39.5;7924776
39.625;39.9;38.925;39.05;6063260
39.5;40.375;39.075;40.375;8230584
40.45;40.95;40.2;40.575;6603320
40.625;41.3;40.425;40.925;6598480
40.925;41.075;40.125;40.8;7236004
40.725;40.9;39.475;40;8097992
40;40.15;39.175;39.9;4347452
39.925;40.3;39.525;40.275;6611056
40.225;41.125;40.1;40.725;11304264
40.875;40.975;40.075;40.4;6301892
40.625;41.125;40.525;41;7057056
41;41.375;40.85;40.85;3907248
40.7;41.125;39.9;40.05;8088880
40;40.6;39.5;40.425;8422592
40.55;40.925;39.775;39.825;9760800
39.825;40.675;39.65;40.675;9270120
40.75;40.75;39.7;40.25;5306668
40.625;40.95;39.85;40.75;10071592
40.5;41.125;40.25;40.25;10074624
40.75;40.875;40.025;40.625;13406772
40.5;40.75;39.95;40.025;11170412
40.025;40.4;38.525;39.95;15719844
40.175;42.15;39.9;40;29333832
39.85;40.625;38.125;39.25;20361700
39.125;39.375;38.575;38.725;11118216
38.975;39.25;37;37.05;18449864
37.125;37.75;35.9;37.675;18263872
37.375;38.35;36.925;38.35;15500940
37.475;38.175;35.625;35.875;16247616
35.5;35.875;33.825;34.25;16318740
33.8;33.825;31.5;32.55;23490948
33.025;33.95;33.025;33.875;14481316
32.875;33.725;32.2;33.5;15591728
33.375;35.625;33;34.85;19086888
34.75;36.2;34.6;35.95;17653192
36.7;37.45;36.175;36.875;20276344
36.75;36.875;35.5;36.075;11313220
36.25;37;35.875;36.875;11330072
36.75;36.75;35.5;36.575;12876296
37.125;37.975;36.7;37.975;15278124
37.7;38.625;37.525;38.05;11565760
37.675;38.075;36.8;38.075;10882428
37.875;38.725;37.5;38.225;11049088
38.225;39.8;37.85;39.8;10975280
39.875;40.55;39.45;39.775;15771320
39.95;40.325;39.25;40.25;10323680
39.65;39.9;39;39.275;5813280
39.3;39.925;38.9;39.375;9759744
39.7;39.8;38.95;39.625;11451548
39;39.15;38.325;38.65;9069348
38.275;38.5;36.8;37.525;13465776
37.75;38.475;37.225;38.35;6038216
38.75;39.3;38.425;38.975;12425376
38.45;39.45;38.175;38.625;11925752
38.725;39.225;38.25;38.625;9407444
39.05;39.825;38.775;39.8;8321836
39.75;40.05;39.45;39.6;9015584
39.25;39.45;38.45;38.75;8331920
38.375;39.725;37.875;39;8729160
38.9;38.975;37.725;38.975;10456396
39;39.175;38.025;38.55;8855424
38.475;39.375;38.4;39.05;8568912
39.2;39.375;37.95;38;9823012
38.05;38.55;37.35;37.9;11411212
38;39.05;37.95;38.75;9533844
38.625;39.3;38.5;38.775;7475676
38.95;39.2;37.525;37.575;8628192
38.125;39.5;38.05;39.3;9210196
39.375;39.95;36.85;37.125;21738204
36.625;36.725;34.475;34.5;31829568
35.125;36;34.075;35.5;18428708
35.825;36.4;35.4;35.8;8927532
35.85;36.975;35.05;36.55;13437688
37;37.35;36.55;36.95;11092836
36.975;37.875;36.625;37.475;7843896
37.875;38.15;36.2;37.375;12471212
37.4;37.4;35.8;36.225;13531924
36.3;36.575;35.175;35.875;13200304
35.75;35.95;35.15;35.65;8580996
35.15;36.175;35.125;35.85;10581540
35.75;36.175;35.375;35.625;8775548
35.55;36.5;35.275;36.45;9096828
36.7;37.35;36.475;37.225;10303784
37.1;38.35;36.95;38.275;13940084
38.375;38.625;37.625;38.25;10951712
37.825;38.05;37.45;37.7;9647768
37.8;37.9;36.9;37.175;7260236
36.825;37.525;36.775;37.375;7788712
37.225;37.375;36.75;37.175;7132340
37.05;37.15;36;36.3;18019356
36;36.15;35.775;35.925;9966312
36.125;37.6;35.75;37.375;14384644
37.25;38.025;37.1;37.65;12409816
37.725;37.925;37.175;37.7;9324600
37.5;38.4;37.5;38;9187988
37.625;39.175;37.45;38.5;13087444
38.5;38.975;38.025;38.775;2130784
39.275;39.725;38.9;39.425;5938852
39.675;40.1;39.475;40.1;7052612
39.525;39.875;38.975;39.4;9096136
39.6;39.95;39.15;39.85;9876380
39.85;40.225;39.375;39.925;12332512
39.725;40.275;39.375;39.425;8950144
39.375;39.85;38.95;39.2;12665676
39;39.475;38.525;39.275;9563536
38.975;39.2;38.575;38.75;10739016
38.8;39.25;38.375;39.175;9767968
38.625;38.7;38.075;38.375;8733052
38.225;38.925;37.9;38.75;12839052
38.375;38.625;38.025;38.25;9585580
38.35;39.175;38.275;39;10426184
38.75;39.05;38.45;38.625;10583392
38.4;38.475;38.025;38.25;7540564
38.3;38.85;38.075;38.5;7852372
38.125;39.475;38.125;39.475;8265384
39.625;39.75;39;39.5;9815296
39.5;39.975;39.375;39.875;9256432
40;40.95;39.9;40.65;11970344
40.55;40.7;39.65;39.65;14869048
39.325;40.075;39.325;39.775;14177884
40;40.85;40;40.725;13487540
41;41.425;40.8;41.25;13103996
41.25;41.5;40.95;40.95;8965464
40.55;40.85;39.8;40.225;9623480
40.25;41;40.075;40.525;12595620
40.65;41;40.075;40.475;10775016
40.4;40.85;40.275;40.75;7636364
41;41.075;40.5;40.55;6958764
41;41.2;40.6;40.9;9637828
40.825;41.25;40.525;41.1;9537000
41.25;41.5;41.05;41.325;11137704
41.1;41.575;41.05;41.15;7715596
41.025;41.55;41.025;41.225;4446100
41.05;41.25;40.675;40.75;13207972
40.6;40.875;40.1;40.35;10326304
40.725;40.875;40.325;40.825;10840808
40.65;41.05;40.475;40.65;8272884
40.8;41.375;40.625;41.325;9767272
41.325;41.475;41.1;41.25;21218812
41.4;42.125;41.4;42.1;9235092
41.8;42.625;41.7;42.475;12312764
42.275;42.675;42.125;42.525;10450380
42.65;43.075;42.55;42.825;10299816
42.75;43.05;42.5;42.5;10372252
42.5;42.675;42.05;42.325;9867548
42.675;43;42.5;42.75;9287320
42.775;43.575;42.75;43.025;10728976
43.025;43.525;43.025;43.2;10504876
43.25;43.5;42.9;43.5;11008188
43.75;43.875;43.025;43.05;11715208
42.975;43.2;42.275;42.625;13699776
42.475;43.05;42.475;43;8958512
43.05;43.275;42.625;42.75;6783808
42.975;43.275;42.75;43.25;7565688
43.175;43.475;43.025;43.2;9679364
43.125;43.125;42.575;42.675;8467320
42.825;42.95;42.55;42.85;7189788
42.975;43.2;42.425;42.425;10629868
42.4;43.325;42.275;43.25;12054728
43.375;44.175;43.2;43.775;15822036
44;44.325;43.9;44.25;15022120
44.375;44.85;44.25;44.5;10988880
44.625;44.85;43.85;44.7;14221028
44.4;44.525;43.05;43.2;19201928
43.025;43.2;42.575;42.85;9189260
42.875;43.3;42.325;42.675;9155744
42.75;42.95;42.25;42.45;7253876
42.225;42.55;41.825;42.25;10962936
42.25;42.4;41.925;42;6522484
41.975;42.1;41.35;41.725;9796364
41.775;42.325;41.475;42.15;8894292
42.25;43;42.25;42.875;7153272
43.125;43.475;42.725;42.825;7632448
42.775;43.25;42.775;43.05;8077536
42.875;43;42.35;42.725;6461880
42.95;42.95;42.125;42.85;6078744
42.975;43;41.925;42.6;7144312
42.425;42.875;42.1;42.225;7061268
41.95;42.1;41.25;41.875;9954112
41.975;42.075;41.4;41.7;6943180
41.5;42;41.075;41.725;12226756
41.725;42.2;41.575;42.05;13024984
42.1;42.675;41.9;42.3;9721244
42.3;43.125;42.3;42.425;8833692
42.25;42.375;41.925;42;7351500
41.625;41.875;40.95;41.65;12636604
41.95;42.625;41.9;42.6;6084576
42.825;42.825;42.275;42.475;3005848
42.4;42.675;41.8;41.875;5482112
41.625;42.2;41.6;42.15;5624996
42.4;43.225;42.25;43.125;7720220
43.25;43.475;43;43.25;7777648
43.1;43.725;43;43.425;7682356
42.625;42.75;41.8;42.225;10670724
42.225;42.425;41.75;41.85;3398324
41.9;42.4;41.6;42.025;12977072
41.825;42.025;41.3;41.55;7237672
41.825;42.175;41.575;41.825;6569232
42.325;42.45;42.05;42.05;4986424
41.95;42.4;41.875;42.125;5337864
42.175;42.525;41.55;41.65;8531848
41.6;41.95;41.25;41.275;24130952
41.375;41.425;40.65;40.65;9788448
40.625;42.025;40.625;41.725;10999376
41.475;41.7;40.95;41.125;6686156
40.8;40.8;39.625;39.625;14358900
39.875;39.9;39.2;39.575;12337956
39.75;40.525;39.55;39.55;12226664
39;39.475;38.575;39.45;12921052
39.525;39.95;38.775;39.175;8510160
39.275;40.225;39.125;40.175;13503580
39.575;39.9;39.3;39.5;10595336
39.675;39.85;38.775;39.025;9692588
38.775;38.95;37.5;37.925;15448064
38.225;39.775;38.15;39.775;11426696
40.05;40.2;39.425;39.825;14885400
39.4;39.8;38.925;39.5;18298288
39;39.525;38.025;38.8;19701756
38.5;39.725;38.05;38.55;17960328
38.625;39.25;37.75;38.125;14698708
38.625;39.425;38.575;39;14994172
37.775;38.85;37.775;38.675;17805292
39.2;39.875;38.65;39.325;14153936
39.875;41.125;39.825;41.1;16180384
40.75;41.95;40.65;40.975;8646364
40.875;41.375;40.2;40.35;10827776
40.375;40.75;39.8;39.8;11632512
40.35;40.85;40.1;40.425;8550296
40.7;41.9;40.7;41.725;10424748
41.5;42.3;41.325;42.15;10925200
42.1;42.475;41.325;41.875;10877436
41.375;41.5;40.175;40.25;16050716
39.7;40.225;38.75;38.75;17477692
39.25;40.1;38.525;38.65;13167596
38.35;39.1;36.225;36.225;14443368
37;37.125;34.325;35.4;23307584
35.2;36.8;35.05;36.325;18166812
36.55;36.95;35.45;36.3;16255120
36.25;36.25;34;34;18626008
33.625;33.725;32.05;32.05;19179084
32.5;33.325;30.725;31.75;23806412
31.125;32.325;30.3;31.55;26215912
32.75;33.475;31.65;33.1;19264652
32.475;33.725;31.625;33.625;14974808
33.85;35.5;33.55;35.5;18273188
35.725;36.675;35.5;36.05;17775520
36.225;37.375;35.625;36.875;17855340
36.925;37.475;34.5;34.625;16026936
34.55;35.55;34.025;35.25;12349392
35.3;35.375;34.15;34.625;13280960
33.875;36.1;33.075;36.1;17274924
36.3;36.925;35.35;35.625;13820848
36.075;37.175;35.85;36.95;12260528
37.125;37.55;36.225;37.55;9486144
37.225;37.375;36.35;36.35;7867544
36.8;36.975;35.775;36.275;8208692
35.75;35.875;34.975;35.025;11064068
36;37.125;35.9;36.925;8590860
37.125;37.275;36.125;37.25;5876560
36.875;37.725;36.65;37.625;10045996
37.525;37.75;36.425;36.525;9639788
36.45;37.725;36.15;36.725;11599752
36.95;37.45;36.4;37.375;9458648
37.05;37.575;36.575;36.8;6587716
36.675;37.075;36.25;36.275;4754324
36.55;37.625;36.15;37.5;11714836
37.2;37.25;35.875;35.9;27455772
35.925;35.975;35.025;35.15;13072720
35.525;36.525;35.425;36.35;10027380
35.9;36.125;35.2;35.25;5542948
35;35.125;32.975;33.025;15345172
33.025;33.675;32.45;33.55;23135336
34.175;34.35;32.65;33.9;14729884
33.875;35.75;33.45;35.75;17276916
35.5;36.125;35.05;35.65;10158708
36;36.85;35.875;36.575;9491824
36.725;37.425;36.175;37.375;11841976
36.925;37.2;35.5;35.575;11593488
35.3;35.5;34.2;35.125;10923872
35.7;35.75;34.675;35.375;8989284
35.125;35.6;34.15;34.625;13397864
34.15;34.45;33.15;33.8;16347848
33.85;34.05;32.825;33;13879820
32.775;33.6;32.3;32.55;20643436
32.75;33.6;32.325;32.725;15421500
33.025;33.45;31.525;32.375;20344692
31.925;33.125;31.275;31.975;17379640
32.625;34.375;32.25;34.375;20728664
34.125;35.2;33.8;34.975;15793012
33.875;34.1;32.175;33.3;17309172
33.5;34.95;33.325;34.825;18389508
35.7;36.4;34.9;36.3;20507740
35.725;36.525;35.2;35.2;16827396
35.2;35.425;33.775;33.775;15645876
33.65;34.45;33.375;34.275;14284932
34.125;34.7;33.25;33.525;15014772
33.575;33.65;31.975;32.825;19090276
32.275;34.125;32.275;33.875;15568372
34.25;35.6;34.05;35.5;16443948
35.3;36;34.575;35.225;10661936
35.65;36.525;35.5;36.2;17757920
35.875;37;34.65;35;23258900
35.45;36.125;35.175;35.875;17305632
36.325;36.375;34.825;35.45;13838108
35.05;35.6;34.575;35.15;11367492
35.125;35.55;34;34.45;17564208
34.5;34.8;32.9;33.2;19602984
33.575;34.55;33.3;34.475;14611172
34.175;34.4;33.55;34.225;9131968
34.675;35;33.55;33.875;9972636
33.65;34.25;32.3;32.35;14736740
32.7;33.875;32.5;33.75;12456176
34.075;34.775;33.75;34.775;13888548
34.45;34.75;33.375;34.5;8098388
35.05;35.125;34.15;34.75;9006236
34.625;34.975;34.025;34.725;11096728
35.1;35.1;34;34.1;10939644
34.35;34.55;33.15;33.55;13128836
33.125;34.2;33.125;33.55;9951676
33.425;34.425;33.025;34.05;6069868
34.15;34.8;34.025;34.2;9574324
33.95;34.325;33.375;33.725;10817960
33.575;34.35;33.225;34.35;11028080
34.475;34.8;34.125;34.5;7731260
34.5;35.35;34.5;34.95;8904124
34.75;35.225;34.65;34.95;8477832
35.1;35.125;34.3;34.5;8199828
34.8;35;34.275;34.975;16626468
34.875;35.125;33.8;34.075;12481608
34.425;34.675;33.55;33.75;8635640
33.9;34.125;33.05;33.25;11170524
33.325;34.25;33.025;34.1;30407248
34.225;34.35;33.675;33.875;6414072
33.925;34.2;33.45;33.775;7728368
33.375;33.9;32.975;33.25;10703428
33.475;33.7;32.95;33.05;12827800
33.05;33.25;32.625;32.825;12751980
33;33.325;32.5;32.675;12864896
32.9;33.3;32.3;33.2;10971140
33.5;33.725;32.575;32.625;8996192
32.525;32.775;32.2;32.625;13813668
32.85;33.15;32.5;32.825;12446796
32.65;32.8;32.275;32.6;11533504
32.775;32.825;32.05;32.275;11718732
32.2;33.325;32.125;33.075;9995684
33.425;33.675;33.125;33.175;13121900
33.2;33.4;32.525;32.575;10295196
32.9;33.675;32.425;32.975;15468876
32.975;34.075;32.825;33.25;15969292
33.425;34.125;33.25;33.9;6646272
34.3;34.475;34.025;34.35;2426932
33.85;33.875;32.975;33.25;6704032
33.25;34.025;32.95;33.875;10393792
33.8;34.6;33.75;34.025;6923444
33.925;35.025;33.875;35.025;9026928
35.05;35.125;34.5;34.6;9050712
35;35.675;34.675;35.35;14313124
35.425;35.55;34.175;34.475;13946420
34.125;34.4;33.175;33.375;12533772
33.375;33.7;32.75;33.7;13807772
33.65;34;33.125;33.6;10254824
33.35;33.675;32.65;32.825;10783392
32.875;33.05;32.375;32.725;11603528
32.925;33.075;32.625;32.775;8638860
32.8;33.225;32.625;32.85;9711788
32.7;32.8;32.25;32.5;10569040
32.5;32.6;31.575;31.625;13303264
31.725;31.925;31.3;31.375;17196744
31.375;31.7;30.125;30.675;23921236
30.75;31;29.825;30.375;19044936
30.425;30.8;29.65;29.925;14693640
29.8;29.85;28.8;29.1;18526516
29.35;29.975;29.1;29.875;16172440
29.775;30.875;29.075;30.8;22703696
31.025;31.225;30.475;31.075;15467604
30.5;31.5;30.05;31.4;15787900
31.55;31.875;31.375;31.65;8904140
31.475;31.625;31.15;31.15;13058608
31.25;31.35;30.75;31.3;10244152
31.075;31.5;30.05;30.15;15893244
30.3;30.325;29.425;29.425;11079480
29.525;30.275;29;29.775;11232132
30.25;30.575;29.925;30.35;9584064
29.975;29.975;29.35;29.35;7999068
29.2;29.35;28.9;29.125;10937228
29.375;30.7;29.225;30.175;15205064
30.8;30.875;30.2;30.55;5208344
30.55;31.625;30.4;31.3;9204416
31.575;31.575;30.65;30.65;8528528
30;31.15;29.85;30.375;17941988
30.125;31.225;30.125;31.2;10413648
31.25;31.775;30.95;31.2;10227448
30.95;31.075;30.125;30.525;14299752
30.775;30.825;29.875;30.075;20435136
29.8;30.475;29.55;30.375;14211768
30.225;30.7;29.6;30.65;17511860
30.7;31.2;30.425;30.85;9017896
30.525;30.625;29.65;30.5;13110368
30.25;30.55;29.875;30.375;9832148
30.35;30.85;30.075;30.425;9356984
30.225;30.225;29.5;29.525;10971396
29.55;29.75;29.15;29.325;10516664
29.25;29.55;28.95;29.275;13116848
29.325;29.4;27.65;27.65;21276616
28.15;29.15;27.625;29.15;14326672
29.275;30;28.9;30;18334852
29.425;31.325;29;31.125;17103740
30.8;31.075;29.675;30.1;23234068
30.075;31.225;29.75;30.45;15196816
30.4;30.475;29.375;29.85;14467460
30;31.225;29.95;30.6;16112588
30.35;30.35;29.325;29.375;12651212
29.275;30.575;28.55;30.425;14823852
30.175;30.875;29.875;30.225;11181244
29.975;29.975;29.15;29.625;11809536
29.9;30.05;29.25;29.975;9230004
29.725;29.725;28.8;29;12092136
29.15;29.85;29.15;29.8;12141632
30.225;30.625;29.7;30.35;15110000
30.375;31.225;30.225;30.95;11164908
30.925;31.6;30.4;31.125;11667444
31.85;32.55;31.65;32.05;17756328
31.725;31.9;31.25;31.4;18428888
31.375;32.1;31;31.5;16367216
31.275;31.375;30.4;30.45;14219752
30.675;31.35;30.475;30.65;13790584
30.575;30.8;30.125;30.8;10045052
31.05;31.475;30.55;31.075;12559236
31.325;31.55;30.15;30.5;10207796
30.275;30.825;29.95;30.725;7972952
30.875;31;30.15;30.775;9421824
31.225;31.55;30.925;31.025;10101460
30.725;31.5;30.075;30.2;10440392
30.15;30.4;29.25;29.275;12187732
29.35;30.375;29.275;30.25;9742768
30.325;30.65;29.7;29.75;14211100
29.775;30.15;29.375;29.375;11039312
29.375;30.375;29.225;30.375;12073752
30.65;31.2;30.45;30.7;9281452
30.875;31.475;30.8;31.475;10685520
31.275;31.825;31.175;31.675;13992148
31.725;31.8;30.875;30.975;12209916
31.175;31.375;30.675;31.375;9900184
31.5;31.625;31.1;31.45;8747800
31.5;31.6;31.025;31.4;19197456
31.325;31.85;31.175;31.175;12233028
31.275;31.7;31.125;31.625;14853204
30.85;31.3;30.675;31;12898332
30.7;30.725;29.85;29.975;12727892
30.05;30.425;29.55;30.125;11634504
30.175;30.4;29.75;30.4;15125548
30.5;30.725;30.3;30.7;16253912
30.85;30.925;30.15;30.425;7688884
30.25;30.8;30.15;30.3;4548096
30.35;30.525;29.725;30.5;18500268
30.7;31.05;30.425;31;10017260
30.775;31.25;30.75;30.975;4938516
30.65;31.3;30.45;31.125;9183312
31.425;31.7;31.05;31.7;9767744
31.3;31.975;31.3;31.975;9573404
32.1;32.8;31.925;32.675;14974212
32.65;32.875;31.875;32.125;13498964
32.3;32.925;32.225;32.75;12008004
32.55;32.675;32.2;32.325;6543316
32.3;32.95;32.225;32.85;9814140
33.1;33.675;32.975;33.575;14378356
33.75;34.525;33.75;34.225;16369052
34.125;34.2;33.625;33.75;11089344
33.55;34.375;33.325;34.3;12162696
34.625;34.7;33.675;33.975;14955968
33.875;34.3;33.525;34.275;12171576
34.25;34.375;33.725;33.925;17262400
33.75;34.475;33.7;34.425;20410388
34.25;34.25;33.875;33.975;8693484
33.925;34.175;33.775;34.075;17101720
34.2;34.325;33.525;33.95;15821624
33.625;34.1;33.575;33.775;14782204
33.55;33.7;33.025;33.4;34735632
33.225;33.6;32.9;32.9;17399620
33;33.075;32.1;32.15;14129208
32.475;32.725;32.275;32.7;11532624
32.775;32.8;31.925;32.375;16195956
32.3;32.675;32.225;32.475;7399760
32.625;33.575;32.55;33.525;10883372
33.375;33.7;32.9;33.3;11484272
33.275;33.45;32.8;33;10145604
32.675;32.7;32.15;32.35;14190640
32.325;32.95;32.275;32.95;6504952
33.15;33.325;32.725;33.25;6975104
33.1;33.175;32.525;32.65;11219692
32.675;32.9;32.225;32.3;10271444
32.5;32.975;32.325;32.8;10986432
32.925;33.075;32.65;32.725;10359256
33.125;33.2;32.425;32.575;10449996
32.6;32.825;32.325;32.825;8120520
32.85;33;32.4;32.5;8095672
32.425;33.05;32.275;32.975;10144636
32.625;32.725;32.175;32.25;8350176
32.575;32.875;32.55;32.8;8613532
32.75;33.025;32.125;32.275;14386808
32.3;32.7;32.175;32.475;12021672
32.6;33;32.3;32.95;14071932
32.775;32.825;32.175;32.175;11922292
32.3;32.75;32.15;32.375;8859144
32.575;32.9;32.4;32.9;10775944
32.625;32.9;32.325;32.35;13012500
32.6;33.075;32.375;32.925;11196564
33.25;34.25;33.125;33.975;16051244
34.1;34.9;33.875;34.7;11063724
34.8;34.825;34.525;34.625;9833052
34.85;34.85;34.275;34.45;8501572
34.5;35.325;34.375;35.3;9080620
35.325;35.7;35.1;35.15;8458972
35.425;35.55;34.825;35.55;8262096
35.625;35.7;35.35;35.475;8520484
35.4;35.4;34.725;34.95;9836164
35.125;35.6;35.125;35.275;10396032
35.175;35.6;35.175;35.6;5603976
35.325;35.35;35.025;35.225;5765480
35.275;35.375;34.55;34.7;9610712
34.825;34.925;34.525;34.9;19594120
34.925;35.375;34.775;35.375;8805524
35.5;35.675;34.925;34.925;9695612
35.1;35.575;35.05;35.25;6076132
35.275;35.675;34.95;35.35;11536408
35.65;35.925;35.475;35.75;12959352
35.75;36.05;35.6;35.975;11498136
35.825;35.975;35.3;35.5;10701624
35.5;35.9;35.3;35.85;10546216
35.9;35.975;35.2;35.3;10258564
35.175;35.375;34.875;35.025;9363128
34.925;35.25;34.75;35.025;8623684
35.05;35.425;34.575;34.75;11621992
34.925;35;34.1;34.35;11363276
34.225;34.825;34.075;34.75;9243464
34.85;34.95;34.55;34.65;8324920
34.5;34.5;34.05;34.35;11202188
34.5;34.5;33.7;34.1;17353772
33.55;33.725;33.125;33.4;14001024
33.475;33.625;33.075;33.3;12651588
33.375;33.95;33.125;33.475;11767196
33.325;33.95;33.075;33.7;16077832
33.625;33.775;32.875;33.125;14410092
33.1;33.275;32.775;32.95;11600772
32.975;33.125;32.175;32.4;18394272
32.425;33.25;32.3;33.25;14264468
33.5;33.5;32.725;33;12135368
33;33.775;32.95;33.75;13343180
33.625;33.675;33.4;33.5;7232736
33.575;33.625;32.925;33.25;9582300
33.025;33.725;32.975;33.1;9935572
33.325;33.75;33;33.75;11332732
33.75;33.9;33.5;33.65;7711280
33.75;34.35;33.75;34.3;7810280
34.425;34.625;34.275;34.4;9038024
34.5;34.75;34.375;34.475;9619596
34.325;34.55;34.075;34.225;7923276
34.45;34.675;33.7;33.975;11094720
33.85;34.075;33.65;34;5640404
34.275;34.3;33.675;33.75;8056812
33.65;33.95;33.225;33.35;11448468
33;33.05;32.575;32.875;11754304
32.8;32.975;32.6;32.875;5677488
33;33.4;32.95;33.275;5561716
33.3;33.6;33.15;33.425;7693784
33.65;33.675;33.025;33.4;9117792
33.5;34.075;33.45;33.65;13717524
33.45;33.575;33.15;33.425;9846148
33.5;34.025;33.45;34;11614432
33.8;34.25;33.775;34.15;10888268
33.925;34.05;33.5;33.625;11102588
33.625;34.025;33.375;33.875;12585708
34.05;34.25;33.7;34.075;11011444
33.775;34.175;33.675;33.775;6692636
33.575;33.825;33.425;33.7;5763608
33.7;33.825;33.3;33.5;7866036
33.8;33.85;33.375;33.575;10774728
33.5;34.075;33.475;34.075;11526364
33.675;33.875;33.2;33.25;10462000
33.45;33.45;32.8;33;8182284
32.675;33.225;32.65;33;11254060
33.125;33.15;32.525;32.775;14064220
32.85;33.2;32.725;33.15;8096056
33.3;33.6;33.225;33.575;8702116
33.525;33.8;33.475;33.625;10107740
33.675;33.85;33.425;33.575;7712048
33.9;33.9;33.525;33.8;5078484
34;34.125;33.55;33.7;30295780
33.9;34.425;33.4;34.4;10632004
34.475;34.95;34.2;34.3;13385620
34.35;34.85;34.325;34.525;13058344
34.65;34.7;34.225;34.525;8238972
34.475;34.625;34.05;34.25;9344988
34.05;34.225;33.9;34.225;6385420
34.375;35.225;34.375;35.025;18789440
35;35.075;34.6;35.05;10227452
35.025;35.2;34.95;35.175;10150108
35.225;35.5;35.1;35.225;10802704
35.625;35.75;35.175;35.25;10062388
35.1;35.725;34.975;35.5;10955868
35.65;35.925;35.3;35.75;16814952
35.65;36.4;35.6;36.3;12945208
36.45;36.675;35.925;35.925;18190828
35.925;36.4;35.85;36.125;8714400
36.375;36.4;35.7;35.85;7711244
35.8;36.05;35.75;35.925;2722272
36;36.2;35.95;36.05;4147604
36.3;36.575;36.2;36.2;7282884
36.275;36.975;36.275;36.85;5411972
36.85;37.175;36.8;37.175;4391764
37.25;37.425;36.875;37.425;7485164
37.35;37.4;36.775;36.95;12542944
36.925;37;35.825;35.975;20606704
36.2;36.275;35.525;35.525;15125068
35.375;35.5;34.85;35.325;19740216
35.25;35.725;35.225;35.575;8705532
35.9;36.05;35.725;35.875;7482272
35.875;35.875;35.375;35.575;12238504
35.5;36.375;35.35;36.225;13805204
36.225;36.225;35.675;36.15;11312768
36.15;36.7;36.15;36.55;6881888
36.475;36.8;36.2;36.25;11221968
36.4;36.725;36.35;36.6;9671476
36.725;36.825;36.175;36.35;9120016
36.475;36.6;36.125;36.275;6786732
36.45;36.5;35.95;36.125;6632560
36.625;36.675;36.15;36.175;8023532
35.875;36.55;35.875;36.4;8670632
36.025;36.375;35.85;36.175;10332968
36.225;36.25;35.375;35.375;11298180
35.4;35.75;35.175;35.525;8461288
35.575;35.85;35.375;35.575;7090584
35.5;35.9;35.5;35.675;6480000
35.725;35.9;35.2;35.25;8733584
35.125;35.4;34.9;35.25;8397140
35.575;36.25;35.55;36.075;12244972
35.825;35.95;35.325;35.875;10165080
36;36.05;35.575;35.825;7972812
35.975;36.05;35.3;35.725;7251028
35.525;35.65;35.125;35.125;8000800
35.35;35.5;35.2;35.5;4149212
35.575;35.625;35.25;35.45;6304684
35.5;35.95;35.325;35.8;9582084
35.75;36.225;35.475;36.05;14822904
36.075;37;36.025;36.525;14046372
36.625;37.075;36.625;36.95;7724588
37.05;37.25;36.525;36.6;12734012
36.7;36.85;36.225;36.775;9123348
37;37.275;36.7;37.275;9685156
37.325;37.475;36.75;36.75;12686100
36.825;37.45;36.7;37.325;11158600
37.55;37.9;37.425;37.9;10619928
37.825;38.1;37.525;37.7;15001492
37.85;37.9;37.35;37.85;9942440
37.95;37.95;36.95;37.4;17426164
37.625;38.025;37.5;37.825;7622584
37.625;37.8;37.35;37.475;8294816
37.325;38.675;37.3;38.65;17433508
38.25;38.475;37.425;37.475;23024696
37.075;37.15;36.55;36.95;17314144
36.875;37.475;36.6;36.75;15337644
36.775;36.95;36.35;36.7;11044104
36.625;37.15;36.425;37.15;12304064
37.1;37.525;36.725;36.825;17265544
37.275;37.475;37;37.425;11019204
37.125;37.15;36.425;36.65;12448048
36.5;36.875;36.375;36.55;13737388
36.6;36.825;36.275;36.55;14629264
36.75;36.975;36.3;36.5;12210784
36.625;37;36.2;36.925;11299844
37.025;37.25;36.675;37.15;8008832
37.125;37.375;36.95;37.25;11017484
37.425;37.925;37.3;37.35;15536128
37.5;37.55;36.725;37.25;15873512
37.125;38.25;37.025;38.1;13327392
38.375;39.125;38.3;39;12341588
39;39.475;38.85;39.05;15119920
39.1;39.25;38.4;38.4;17423688
38.7;39.225;38.55;38.875;8338488
39.425;40.025;39.4;39.95;11076172
39.7;39.825;39.2;39.575;10743276
39.625;40.2;39.5;40.1;9942084
40.05;40.675;39.775;40.675;17554280
40.55;40.65;39.925;40.25;9819788
40.525;40.6;40.125;40.25;10792008
39.75;40;39.525;39.9;53236160
39.9;40;39.2;39.9;12139144
40.225;40.5;39.95;40.075;9109188
40.075;40.45;39.925;40.225;9773036
40.25;40.3;39.725;39.95;10223212
40.05;40.125;39.45;39.45;11593064
39.6;39.675;38.725;38.75;20194652
38.5;38.7;38.3;38.575;14004280
38.45;39.225;38.425;39.175;6112548
39.25;39.625;38.875;39.375;9921372
39.25;39.7;39.125;39.7;8999516
39.65;39.85;39.175;39.175;11730380
38.95;39.75;38.85;39.5;13451744
38.975;39.325;38.2;38.2;17059912
38.325;38.8;38.125;38.75;9147772
38.925;39.125;38.475;38.775;10080064
39.1;39.425;38.65;39.425;10617708
39.375;39.925;39.075;39.725;13976588
39.025;39.375;38.7;39.05;15964540
39.375;39.375;38.475;38.875;15976488
38.875;39.2;38.425;39.2;17895952
39;39.125;38.675;38.925;5767840
38.95;39.25;38.775;39;10614336
37.75;38.575;37.65;38.575;12635192
38.5;39.025;38.425;38.7;21438496
39.175;39.35;38.9;39.175;12919600
39.125;39.425;38.925;38.95;15486008
38.9;39.075;38.425;38.425;16001480
38.525;38.925;38.475;38.775;2515824
38.925;39;38.35;38.65;10755316
38.875;39.225;38.85;38.9;15372272
38.85;39.1;38.55;39.05;9591280
39.1;39.3;38.8;39.2;13912092
39.25;39.6;39.2;39.475;7492100
39.675;39.75;39.375;39.725;8793828
39.475;39.65;39.05;39.225;10016400
39.15;39.525;39.1;39.475;10216504
39.575;39.75;39.2;39.475;5517216
39.4;39.55;38.9;39.075;9303964
39.1;39.75;39.05;39.425;9242964
39.575;40.25;39.575;40.125;9811904
40;40.475;39.95;40.35;10962608
40.35;41.125;40.25;40.875;25268492
40.95;41.025;40.35;40.85;10305344
40.7;40.7;40.05;40.075;12521372
40.175;40.425;39.875;40.05;35471012
40.475;40.675;40.075;40.35;9766932
40.15;40.35;39.95;40.05;6264252
40;40.2;39.675;39.8;10952148
39.675;39.825;39.275;39.45;16510760
39.525;39.575;39.025;39.175;12942308
39.3;39.775;39.2;39.425;10250560
39.4;39.65;39.125;39.275;8868604
39.3;39.7;39.3;39.525;3580780
39.45;39.775;39.175;39.675;8485124
39.7;39.875;39.45;39.5;8121336
39.5;39.8;39.175;39.8;8912576
39.65;40.325;39.65;40.225;6859132
40.075;40.15;39.775;39.9;5278368
40.05;40.1;39.75;39.75;5509396
39.625;39.925;39.45;39.775;6192808
39.775;40.325;39.75;40;8753648
40;40.225;39.9;40.025;6364860
40.05;40.225;39.8;39.9;6057304
39.675;39.775;39.325;39.725;8777276
39.9;39.975;39.45;39.725;7745040
39.375;39.425;39.025;39.05;10597876
39.125;39.4;39.025;39.25;6394900
39.175;39.375;38.8;38.825;6360868
38.825;39;38.4;39;8373716
39.2;39.3;38.975;39.1;7936828
39.25;40.325;39.2;40.225;15297248
40.325;40.5;39.925;40.325;12037616
40.075;40.2;39.875;39.95;7519072
40.1;40.85;40.1;40.675;10135636
40.475;40.95;40.05;40.175;12280528
40.25;40.575;39.875;40.075;12812680
39.7;40.1;39.125;39.225;15543824
39.2;39.475;38.875;39.25;9620628
39.325;39.85;39.275;39.75;10751952
39.675;39.9;39.4;39.45;12564384
39.525;39.975;39.4;39.625;10450276
39.325;39.6;39.075;39.3;8713660
39.05;39.45;38.85;39.3;8063788
39.175;39.4;38.925;39.025;9763708
38.875;39.3;38.75;39.2;6633692
39.3;39.625;39;39.2;8361316
39.275;39.5;38.95;39.3;6108776
39.575;39.75;39.4;39.5;5987676
39.5;39.5;39;39.225;8412556
39.325;39.375;39.025;39.25;5263444
39.5;39.625;39.375;39.625;6412604
39.675;40.275;39.625;40.125;9301980
40.25;40.525;40.15;40.25;6034860
40.15;40.4;39.9;40.025;16403024
40.15;40.525;40.075;40.225;8762468
40.25;40.675;40.175;40.475;7569756
40.625;40.9;40.275;40.85;8263272
40.875;40.975;40.575;40.725;5009040
40.75;40.85;40.575;40.75;7425296
40.825;40.925;40.575;40.675;9055032
40.575;40.75;40.375;40.45;7738608
40.7;40.975;40.625;40.85;7764140
40.875;41.1;40.575;41.075;8347760
41.025;41.225;40.9;41.075;9522676
41.125;41.25;40.95;41.075;7681856
41.125;41.2;40.75;40.825;8080168
41;41.475;40.7;41.275;9859576
41.35;41.5;41.125;41.275;6744164
41.225;42.1;41.175;42.05;11878708
42.05;42.375;41.675;41.675;12364512
41.775;41.95;41.4;41.6;14207908
41.55;42.2;41.55;42.1;11251980
42.2;42.4;41.975;42.35;8751612
42.375;42.95;42.375;42.5;16958556
42.15;42.225;41.55;41.55;36244956
41.575;41.65;40.875;41;29445964
41.15;41.9;41.075;41.75;14723064
41.925;42.125;41.575;41.65;11852432
41.6;42.075;41.55;42;13243852
42.075;42.45;41.925;42.325;17081520
42.55;42.65;42.25;42.45;10873620
42.275;42.575;42.05;42.125;30016036
42.275;42.35;42.125;42.225;8202488
42.3;42.325;41.85;41.925;10604068
41.975;42.1;41.3;41.5;13907352
41.5;41.65;41.35;41.525;9865772
41.575;41.6;41.125;41.45;9180184
41.625;41.825;41.45;41.55;5827048
41.475;41.725;41.275;41.4;10641156
41.125;41.375;41.025;41.3;8114920
41.675;41.75;41.275;41.525;8130732
41.575;41.7;41.15;41.6;7170280
41.225;41.225;40.525;40.625;14108628
40.575;40.7;40.35;40.5;8796676
40.75;41.225;40.625;41.075;13192968
40.875;41.125;40.475;41.125;15938500
40.825;41.075;40.625;40.75;11176748
40.75;41.35;40.7;40.9;7026404
40.95;41.1;40.85;41.025;8259680
41.3;41.525;41.075;41.2;10917060
41.3;41.7;41.3;41.575;9515212
41.825;41.85;41.3;41.425;12003432
41.5;41.775;41.25;41.275;6257208
41.35;41.7;41.275;41.35;8627648
41.3;41.775;41.15;41.45;11245672
41.45;42;41.375;41.975;10696824
42;42.075;41.425;41.675;13072132
41.75;41.9;41.35;41.375;10360400
41.475;41.525;40.975;41.1;10762832
41.15;41.5;41.075;41.5;19397808
41.325;41.775;41.325;41.625;8750960
41.725;42;41.525;41.55;15085672
41.55;41.625;41.3;41.425;8032668
41.625;41.85;41.625;41.75;8780124
41.3;41.625;41.075;41.075;9504952
41.2;41.725;41.175;41.675;7466956
41.425;41.575;41.3;41.5;4699128
41.5;41.825;41.3;41.35;7618140
41.45;41.55;41.125;41.175;8084932
41.225;41.55;41.075;41.425;7720356
41.125;41.15;40.525;40.55;17281144
40.55;40.7;40;40.35;21423632
40;40.25;39.925;40.175;7838272
40.125;40.55;40.075;40.35;9095176
40.1;40.15;39.6;39.95;12678488
39.9;40.375;39.9;39.9;12930500
40.1;40.45;40.1;40.35;10242548
40.325;40.5;40.075;40.425;10366792
40.6;40.625;40.075;40.3;12544432
40.25;40.55;40.075;40.275;8416176
40.275;40.4;39.975;40.075;9469376
40.075;40.1;39.325;39.325;17977556
39.425;39.825;39.4;39.7;8085068
39.675;39.975;39.65;39.925;5089284
40.1;40.375;40.025;40.075;8124640
40.075;40.375;40;40.375;5137280
40.25;40.475;40.175;40.475;1131700
40.425;40.625;40.25;40.3;5417004
40.25;40.325;39.975;40.3;4197284
40.3;40.4;40.15;40.3;3397912
40.5;40.55;40.35;40.45;2857720
40.425;40.45;40.025;40.175;2328032
40.45;40.8;39.975;40.15;8257924
39.9;40;39.7;40;8852936
39.8;40.125;39.575;39.625;9859208
39.725;40;39.65;39.925;9464536
39.9;40.15;39.675;40.05;12118020
40.1;40.125;39.8;40.125;5960888
40.35;40.35;39.875;40.1;11112856
40.1;40.25;39.5;39.675;12037280
39.9;39.95;39.525;39.95;9927896
39.925;40.4;39.875;40.3;9862840
40.375;40.5;40.1;40.4;4650536
40.475;40.75;40.25;40.65;10589336
40.7;40.875;40.425;40.55;7688640
40.35;40.375;40.1;40.225;8152992
40.175;40.6;40.15;40.525;8684864
40.425;41.1;40.35;40.975;13221260
40.95;41.325;40.9;41.3;9803900
41.3;41.475;41.05;41.35;9561504
41.325;41.475;41.05;41.4;11118220
41.45;41.45;41.075;41.075;7794656
41.25;41.425;40.875;41.125;8930320
41.325;41.875;41.275;41.875;11662820
41.9;42.125;41.55;42.125;10151484
42.05;42.125;41.725;42;7849820
42.175;42.575;42.125;42.45;9142752
42.5;42.775;42.375;42.5;9489508
42.5;42.65;42.15;42.55;8904772
42.625;42.675;42.1;42.375;11987644
42.35;42.6;42.075;42.4;10839116
42.5;43;42.5;43;12449336
43.025;43.05;42.65;42.95;8056560
42.9;43.4;42.85;43.125;10207176
43.25;43.35;42.975;43.15;13719056
43.5;43.95;43.45;43.55;16652392
43.475;44.275;43.425;44.075;17996304
44.15;44.575;43.825;44.325;10566180
44.35;44.35;43.55;44;15277504
43.6;43.775;43.275;43.775;13102764
43.9;44.275;43.725;43.85;15246664
44.125;45;44.1;44.925;12745616
44.85;45.575;44.825;44.825;17229352
44.825;45.125;44.65;44.8;15099032
44.75;44.975;44.35;44.95;14839600
45.075;45.5;45.025;45.175;11033144
45.5;45.725;45.35;45.675;10934840
45.875;46.025;45.475;45.475;11371204
45.425;45.6;45.225;45.5;8762980
45.5;45.95;45.475;45.625;11836112
45;45.125;44.55;44.8;16366460
45;45.05;44.675;44.875;7972908
45;45.2;44.825;45;6207804
45.075;45.675;45.075;45.65;11654352
45.325;45.425;44.925;45.1;13892252
45.05;45.325;44.95;45.15;8603804
45.325;45.7;45.175;45.675;12172328
45.65;45.8;45.425;45.425;6532096
45.575;45.575;44.625;45.4;10051644
44.925;44.925;44.525;44.725;12670880
44.875;44.925;44.375;44.925;10577444
44.45;45.125;44.45;45.125;8196296
44.75;44.975;44.65;44.725;8398448
45;45.175;44.925;45.125;9582328
45.175;45.575;45.125;45.325;9109916
45.625;45.75;45.1;45.675;10584640
45.725;46.025;45.525;46.025;17575696
45.9;46;45.675;45.95;17043812
46.05;46.25;46;46.25;18316692
46.175;46.225;45.675;45.8;12015300
45.525;45.725;45.4;45.7;18535900
45.75;46;45.6;45.9;15768792
45.85;45.875;45.475;45.675;10664832
45.225;45.325;44.95;45.025;14912812
44.675;44.75;44.125;44.125;17873380
43.3;43.525;43;43.325;17758036
43.55;43.7;43.35;43.525;11537076
43.725;43.85;43.125;43.4;11744288
43.1;43.4;43.025;43.125;9993968
43.525;43.75;43.4;43.75;6904816
43.875;44.375;43.85;44.275;7533668
44.425;44.55;44.2;44.425;8162600
44.1;44.225;43.275;43.275;14118480
43.375;43.475;42.875;43.25;10178684
42.95;43.425;42.85;43.125;8966108
43.225;43.4;43.1;43.275;4674920
43.5;43.775;43.275;43.35;11124864
43.4;43.7;43.125;43.35;11790868
43.325;44.175;43.325;44.075;6093168
44;44.525;43.925;44.5;6961872
44.55;44.575;44.125;44.35;7249884
44.475;44.55;44.25;44.375;7659500
44.075;44.4;44;44.225;8737260
44.3;44.45;43.975;44.05;14073280
43.45;43.625;43.15;43.625;10680140
43.25;43.45;43.075;43.225;5683760
43.375;43.5;43.2;43.3;28642980
43.7;44.1;43.575;43.925;14408564
44;44.375;43.875;44.25;8838796
44.275;44.5;44.15;44.25;22544112
44.475;44.65;44.15;44.6;9305840
44.025;44.2;43.875;44.125;7164964
44.225;44.425;44.05;44.35;6962280
44.475;44.975;44.375;44.75;15195844
44.95;44.975;44.55;44.875;5835204
44.95;45.35;44.8;45.35;5155844
45.375;45.425;44.875;44.875;13229796
45.1;45.775;45.075;45.7;9106472
45.875;46;45.525;45.925;9754116
45.825;45.85;45.475;45.65;7247716
45.7;45.975;45.55;45.8;7915448
45.85;46.225;45.8;46.175;7941344
46.025;46.35;45.825;46.275;9735884
46.125;46.4;45.825;46.15;9459072
46.525;47.075;46.525;46.925;12186376
46.85;47.6;46.775;47.575;8677716
47.675;47.825;47.4;47.75;8439432
47.675;47.775;47.375;47.6;10581040
47.75;48;47.65;47.8;8038420
47.975;48.85;47.925;48.5;16540428
48.75;48.825;48.375;48.525;12936728
48.65;48.725;48.375;48.55;9267672
48.275;48.5;48.075;48.425;9718064
48.45;48.925;48.35;48.825;7718268
48.625;49.15;48.425;48.75;9261272
48.425;48.625;48.225;48.425;10033456
48.675;49.075;48.55;49.025;11412044
48.975;49;48.4;48.6;11448184
48.45;49.025;48.45;48.575;9193860
48.625;49.2;48.525;49.2;7990172
49.4;50.45;49.275;49.8;9480404
49.8;49.925;49.275;49.5;11823224
49.975;50.7;49.975;50.575;12542236
50.3;50.35;48.025;49.9;37337524
50.325;51.675;50.3;51.625;15690432
51.425;51.625;51.05;51.05;10216736
50.7;51.1;50.325;50.85;10248720
50.975;51.85;50.95;51.5;12281972
51.5;52.45;51.5;51.95;11340332
51.15;51.6;50.8;51.45;12423300
51.6;51.6;51.175;51.375;6805112
51.375;52.2;51.375;52.125;17297520
52;52.125;51.25;51.4;11371644
51.525;51.625;50.05;50.25;19763872
50.175;51.1;49.95;51.025;9983492
51.5;52.225;51.45;52.125;8705572
51.975;52.15;51.575;51.625;7329192
51.675;51.75;51.325;51.425;5438580
51.675;52;51.225;51.45;9834844
51.725;52.3;51.5;51.75;9062312
51.75;52.325;51.5;51.65;9007252
51.725;52.3;51.725;52.3;6730420
52.45;52.825;52.025;52.825;10530876
52.025;52.25;51.5;52.15;12219888
51.725;52.225;51.5;51.5;7787044
51.7;52.175;51.625;52.175;4414648
52.225;53.1;52.2;52.85;8878028
52.95;53.2;52.8;53;10324024
53.3;53.45;53.025;53.35;8081316
53.5;53.5;52.925;53.15;7147584
53.025;53.45;52.925;53.05;3127028
53;53.05;52.2;52.2;8581400
51.85;52.35;51.55;52.325;10582060
51.875;51.875;51.275;51.725;8825984
51.7;52.6;51.675;52.6;8657696
52.725;53;52.625;52.725;5470392
52.4;52.5;51.825;52.075;7943736
52.05;52.45;51.975;52.325;8002168
52.325;52.65;51.825;51.825;8979508
51.875;52.175;51.275;51.425;7890028
51.525;51.925;51.375;51.65;5759536
51.9;52.025;51.525;51.95;6539576
52.075;53.4;52.075;53.275;18460204
53.375;54.7;53.375;54.5;14778348
54.325;55.025;53.775;54.25;13004296
54.025;54.425;53.65;53.675;8113340
53.625;54.325;53.525;54.275;8648120
54.375;54.65;54.2;54.475;11037048
54.35;54.5;54.2;54.5;9150960
54.375;54.825;54.375;54.7;7589592
54.95;55.05;54.525;54.525;7439532
54.375;54.45;53.675;54.05;9569148
53.85;54.325;53.7;54.3;7573984
54.475;55.1;54.275;54.425;11793420
54.425;55.2;54.375;54.9;17974956
54.525;55.8;54.325;55.725;12666024
55.975;56.6;55.6;55.7;16327920
55.275;55.9;55.275;55.475;10651288
55.4;55.975;54.925;55.475;12444596
55.375;55.375;54.825;55.2;9471444
55.2;56.125;55.175;56.125;16100880
56.125;56.4;55.575;56.275;12925628
56.3;56.825;56.075;56.7;12332872
56.8;57.2;56.75;56.875;7118484
57.225;57.275;56.675;56.775;8042152
56.75;57.05;56.3;56.45;8033272
56.25;56.5;55.725;55.875;9851928
55.15;55.225;54.1;54.1;19800264
53.225;53.35;52.525;52.925;25078504
52.625;53.55;52.6;53.225;13865584
53.475;54.05;53.15;53.325;9933948
53.5;53.975;53.425;53.9;9665920
53.85;53.975;53.475;53.525;7595660
53.3;53.425;52.4;52.625;13733332
52.3;52.55;51;51.125;28734656
52;53.325;51.875;52.175;17892552
52.525;52.7;51.55;51.85;13076444
50.725;51.225;50.625;50.725;16029924
51.5;52.1;50.475;50.7;13026344
50.1;50.4;49.75;50.35;15582616
50.575;51.625;50.375;51.625;8861696
51.85;52.1;50.975;51.3;12347248
51.75;52.65;51.55;51.95;14220664
51.55;51.85;50.4;50.575;12801420
50.375;51.15;50.1;50.625;12824144
51.375;52.475;51.25;52.35;11961012
52.175;52.75;51.925;52.625;10967000
52.45;53.1;52.4;52.75;13777832
53.225;54.175;53.225;54.075;16104016
54.5;54.875;53.95;54.275;15212856
53.925;54.225;53.45;53.825;7415508
53.75;53.95;53.375;53.6;10482616
53.775;54.05;53.5;53.5;6784264
53.675;53.8;51.825;51.95;15395920
52.375;52.5;51.45;52.05;10069496
52.075;53.325;51.95;53;11764164
53.15;53.7;52.95;53.675;8277824
52.95;53.2;52.225;52.975;11883580
53.175;53.975;53.175;53.5;8592248
53.675;54.275;53.35;53.95;11826816
54.225;55.05;54.175;54.775;9224232
55.15;55.75;54.8;55.725;10882284
56;56.05;55.225;55.4;9932772
54.875;54.975;54.15;54.425;5760816
54.5;54.65;54.175;54.6;4196708
54.875;54.95;53.675;53.675;12087772
53.075;53.725;52.95;53.4;11403352
53.125;53.35;52.8;53.1;16796412
53.4;54.45;53.35;54.425;9619908
54.625;54.925;54.525;54.75;6410776
54.975;55;54.625;54.925;6793620
54.9;55.1;54.65;54.65;7496528
54.85;55.1;54.05;54.2;9277300
53.9;54.8;53.625;54.8;8975864
54.8;54.875;53.875;54.25;8678716
54.35;54.55;53.525;53.575;9167664
53.7;54.725;53.675;54.55;9628920
54.2;54.825;54.2;54.6;8723480
54.675;54.825;53.725;54.1;11016784
53.925;54.8;53.825;53.825;16878552
53.525;53.8;53.125;53.45;10261140
53.375;53.775;53.05;53.5;12064828
53.85;54.325;53.65;53.85;8741824
53.775;54.175;53.55;53.75;5402420
54.075;54.25;53.525;53.65;3006724
53.5;53.875;53.475;53.475;3489416
53.175;53.425;53;53.4;4727868
53.25;53.95;53.25;53.5;4356828
53.3;53.4;52.65;53.05;5864556
53.45;53.6;53.3;53.45;2138488
53.725;54.225;53.625;53.875;10182060
54.25;54.25;53.55;53.7;10161372
53.85;54.15;53.425;53.575;9749700
53.55;54.25;53.55;54.25;9651116
54.75;55.2;54.6;54.7;13710540
54.65;54.925;54.35;54.7;7845872
55;55.175;54.25;54.8;9989572
55.1;56.025;54.95;55.775;11953880
55.375;55.5;55;55.475;10796656
55.65;56.25;55.6;55.875;6851872
55.775;56.075;55.375;55.775;9248328
55.375;55.6;54.975;55;14000616
55;55.25;54.45;55.25;10882184
55.5;56.2;55;55;12540092
54.95;55.15;54.45;54.75;12568036
54.75;55.25;54.35;54.725;11612796
54.925;55.375;54.6;54.925;11450144
54.225;55.175;54.05;55.1;18034976
55.5;56.575;55.425;56.5;14079076
56.55;57.3;56.525;56.95;10686156
57.375;58.15;56.65;56.8;17772356
56.875;57.025;56.375;57.025;10005612
56.575;56.775;55.425;55.425;11364416
55.375;55.85;55.175;55.75;9183768
55.925;56.275;55.65;55.95;7277660
55.875;55.95;55;55.275;11411852
54.25;54.525;53.95;53.975;16034972
54.4;55.075;54.35;54.8;11425000
54.4;54.65;53.6;53.6;12455284
53.75;54.475;53.625;54.475;10020356
54.25;54.525;53.5;53.825;10345032
53.25;54.25;52.575;53.6;17454888
53.375;53.7;53.175;53.7;9538888
53.75;54.225;53.325;54.025;9950984
54.375;54.675;54.05;54.3;5859320
54.625;54.8;54.025;54.25;10511664
54.025;54.2;53.55;53.75;11565204
53.575;53.7;53.075;53.625;12921736
53.625;53.95;53.125;53.775;9898324
53.95;54.075;53.4;53.7;7692012
53.8;53.8;52.75;52.75;9956252
52.9;53.35;52.65;53.175;10353520
53.5;53.5;52.425;52.725;12462384
53.25;53.625;52.275;52.525;13244956
53.025;53.25;51.95;52.25;11730744
52.025;52.425;51.55;52.25;14383584
52.05;52.275;51.425;52.225;15573368
52.5;52.575;51.85;52.25;11019336
51.95;52.725;51.9;52.725;10296688
53.05;53.275;52.55;53.175;7631204
53.05;53.5;53.025;53.35;6171044
53.75;53.975;53.575;53.75;9078328
53.625;53.725;53.15;53.225;7991444
53.525;54.375;53.275;53.525;14394112
53.6;53.9;53.2;53.275;6966388
53;53;52.5;52.725;11048136
52.5;53.175;52.3;53.125;11631104
53.125;53.375;52.85;53.1;7652012
53.275;54.2;53.275;54;12338172
54;54.325;53.7;53.75;8087152
53.8;54.175;53.75;54.075;10438364
53.975;54.7;53.875;54.3;10431060
54.725;55.25;54.475;55.05;9227340
54.825;55.35;54.325;54.425;9051140
54.75;55.15;54.5;55;8658372
54.575;54.825;54.025;54.025;9612740
54.05;54.6;53.85;54.575;8744980
54.9;55.15;54.625;54.75;10578324
54.975;56.375;54.925;55.225;19283860
55.25;56.075;55.15;55.925;8285236
55.925;56.65;55.375;55.4;14218004
55.475;55.7;54.9;55.175;9964668
55.15;55.3;54.575;55.15;6690028
55.275;56.075;55.275;55.725;9867324
56.275;56.45;55.375;56.125;9549708
56.375;56.75;55.65;55.95;12292468
56.025;56.7;56.025;56.7;12099472
56.8;57.425;56.725;57.1;10251176
57;57.35;56.4;56.5;10083992
56.75;56.75;56.1;56.225;8969140
55.875;55.9;54.75;55.55;14139132
55.15;55.425;54.6;54.8;9427612
55.125;55.825;55.075;55.4;8467164
55.725;55.975;54.6;54.675;11204068
55.05;55.875;54.625;55.6;13889000
55.875;56.6;55.425;56.475;10557880
56.675;57.1;55.65;55.875;10411912
56.225;56.325;55.85;56.325;7288824
56.175;56.4;55.525;55.525;8961188
55.975;56.625;55.95;55.95;14826104
55.575;55.875;54.775;54.775;37696272
54.75;55.075;53.7;53.7;29420932
53.775;54.35;53.35;54.175;21225724
54.325;54.875;52.5;52.5;18122640
51.45;51.8;50;51.15;14067113
51.35;51.8;50.4;51.1;14531729
51;51;49.41;49.85;16415291
50.6;51.4;50.1;50.9;18686892
50.4;50.75;49.51;49.75;15997401
49.7;50.95;48.65;50.8;15255397
51.4;51.8;50.95;51.8;15722697
51.55;51.95;51.15;51.65;3320681
51.45;51.7;50.2;50.35;13126281
49.75;50.95;49.51;50.6;16290263
50.7;51.2;49.95;51.05;11456737
51.5;51.7;50.15;50.7;10645565
50.75;51.45;50.3;50.75;7625789
50;50.45;49.25;49.5;12677985
49.75;49.98;49;49.4;11622445
48.35;48.58;47.52;47.52;22190684
48.3;48.69;47.9;48.42;11604728
48.35;48.9;48.12;48.28;8799487
47.2;47.75;46.8;46.99;16190647
47.2;47.6;46.52;46.85;12939307
47.1;48.55;47.1;48.44;11865636
49.15;49.35;47.95;47.95;30450866
48.09;48.73;47.53;47.85;10504136
47.1;48.45;46.96;48.35;10708724
48.36;48.45;47.25;48.41;12557954
49.01;49.16;48.43;48.78;9399901
49;50.3;48.83;49.96;10862579
50.1;50.2;49.1;49.28;13199721
49.97;50.25;49.16;49.25;8834768
49.16;49.88;49.14;49.48;7172332
49.97;50.4;49.67;50.15;10954912
51;51.5;50.6;51.45;11997909
51.4;51.9;51.15;51.75;12254719
51.8;51.85;51.15;51.85;3991434
51.6;51.65;51.05;51.05;7056888
51.4;51.85;51.15;51.35;15667570
51.3;52.35;51;51.8;8424104
51.5;52.3;51.15;52.2;6366229
51.85;52.6;51.55;51.7;16596555
52.15;52.65;51.8;52.1;9349417
51.8;52;51.1;51.6;11936974
51.25;52.15;51.2;51.2;10669094
51.55;51.55;50.1;50.5;13425831
50.2;50.55;49.7;50.4;11850002
50.25;51.15;49.71;51.05;12141981
51.1;51.45;50.65;51;5861168
50.55;50.95;50.15;50.5;7369355
50.5;51.3;50.35;51.3;6714338
51.5;52.3;51.25;51.75;7747363
51.95;52.8;51.95;52.55;10217142
52.95;53.7;52.9;53.45;14084548
52.95;53.85;52.75;53.65;6863413
53.65;53.8;53.25;53.25;5513000
53.45;53.85;52.55;52.65;6813141
52.95;53.25;52.15;52.4;13421595
51.8;52.15;51.1;52;15273575
52.1;52.5;51.45;52.4;9986109
52;52.4;51.65;51.9;7548682
52.3;52.45;51.5;51.95;6967607
52.2;53.15;51.6;52.95;8667577
52.6;52.85;52;52.6;8254501
52.85;53.05;52.2;52.7;5573159
53;53.25;52.55;53.05;5990929
52.9;53.85;52.65;53.7;8251537
53.8;54;53.05;53.65;9200592
53.4;53.45;52.7;53.2;8590871
53.05;53.5;52.85;52.95;10912869
53.15;53.65;53.1;53.35;5651300
53.65;53.85;53.05;53.8;7868790
53.9;54.45;53.6;53.7;8821569
53.9;54.4;53.5;53.95;9004730
54.3;54.5;53.85;54.1;6329386
54.05;54.3;53.5;54.25;4720788
54;54.3;53.25;53.7;9842672
53.8;53.85;53.2;53.35;8987129
53.4;53.65;52.55;52.7;11870368
52.95;53.1;52.45;52.8;6780904
52.9;52.9;52.45;52.75;6097435
52.8;53.1;52.45;52.8;7866395
52.95;53.1;51.65;51.65;11802702
51.1;51.25;50.5;50.85;14438510
51.05;51.2;50.45;51;8458319
50.5;50.55;49.8;50.15;12254507
50.15;50.45;49.55;50.35;15065927
50.25;50.65;49.89;50.35;13910146
50.55;50.85;49.76;49.92;12635562
49.85;50.1;49.61;49.72;30327155
49.82;50.25;49.73;50.05;8225550
50.4;50.8;50.05;50.1;13305087
49.74;50.85;49.64;50.6;11533297
50.35;50.9;50.05;50.65;10572832
50.5;51.05;50.05;50.2;9611358
50.25;50.35;49.45;49.74;11572324
50.2;51;50.1;50.95;11642323
51.25;51.5;50.7;51.2;11725016
51.65;52.25;51.6;51.95;11921349
52;52.55;51.6;51.75;9217909
52;52.35;51.55;51.55;7750220
51.15;51.3;50.3;50.85;10388070
50.25;50.9;50.1;50.55;13027921
51.2;51.5;50.95;51.2;8856423
51.3;51.5;50.95;51.3;6190418
51.3;52.1;51.25;51.9;5571738
51.8;52.2;51.5;51.95;7399196
52.1;52.15;51.35;51.9;8074809
51.8;52.25;51.25;52.25;6790055
52.25;52.65;52.05;52.35;8163966
52.5;52.85;52.3;52.75;7347559
52.9;53.6;52.85;53;11191535
53.25;53.55;52.8;53.2;12805826
52.75;53.7;52.65;53.2;12132854
53.5;53.85;53.3;53.7;15780329
53.75;53.9;53.1;53.8;7191281
53.75;54;53.5;53.9;6823738
53.95;54.3;53.6;54.1;8026966
54.5;54.8;54;54.25;10481980
54.2;54.45;53.45;53.65;6220544
53.1;53.4;52.9;53.35;6054002
53.15;53.55;52.95;53.05;7438210
53.25;53.55;52.95;53.3;5503319
53.1;53.35;52.3;52.45;8714302
52.7;53.45;52.35;53.1;9341992
53.45;54.25;53.3;54.2;7847091
54.3;54.7;54.2;54.4;8543130
53.95;55.15;53.8;54.8;8339789
55.1;55.85;55.05;55.65;9870840
55.55;56.3;55.5;55.9;10962591
55.9;56.15;55.6;55.7;8399269
55.65;56.15;55.6;55.95;10441301
56.2;56.4;55.95;56.25;6494274
56.35;56.95;56.15;56.5;9701461
54.8;55.05;54.2;54.45;16227990
54.2;54.9;53.8;54.75;7297920
54.7;55.25;54.6;54.85;5739545
55.3;55.55;54.3;54.35;9175730
54.7;54.8;53.8;54.5;5847935
54.2;54.5;53.6;53.95;7762218
54;54.4;53.45;53.45;11328945
53.6;53.95;53.1;53.55;8960395
53.85;54.35;53.25;54.3;9563480
54.45;54.8;53.55;53.55;10373185
53.85;53.95;52.3;52.65;11830425
52.95;53.2;52.2;52.75;9047438
53.1;54.1;52.9;53.8;14306260
53.95;54;53.15;53.65;8111664
53.4;54.05;53.35;53.9;6829955
53.8;54.05;53.35;53.9;6424696
54.1;54.45;53.75;54.45;9056826
54.45;54.45;53.6;53.95;10071493
53.95;54.55;53.7;54.45;9386227
54.7;55.3;54.65;55.1;10253106
55.5;55.95;55.1;55.7;23899087
55.8;56;54.8;55;15574059
54.5;54.9;54.15;54.5;9656990
55;55;54.6;54.6;8648230
54.4;54.65;53.95;54.5;6498880
54.35;54.5;53.75;53.75;4127820
54.3;54.9;54;54.9;4751814
55;55.1;54.55;54.7;3609469
54.55;55;54.2;54.65;4385840
54.9;55.2;54.85;55.15;5359080
55.2;55.45;54.5;54.55;9971936
54;54.15;53.1;53.45;14420260
53.05;53.25;52.5;52.75;10732958
53.2;53.3;52.5;52.5;9802522
52.65;52.7;51.65;51.85;18443899
51.6;51.95;51.1;51.25;14412259
51.4;52.15;51.1;52.15;14282218
51.85;52.55;51.7;52.2;12205363
52.8;53.15;52.3;52.4;9780185
52.6;52.65;51.7;51.7;8709250
51.8;52.1;51;51.55;11721349
52.1;52.3;51.2;51.4;12921225
51.3;52.1;50.8;51.95;12753220
52.35;52.5;51.6;51.65;9718236
51.65;52.15;51.4;52.05;8018472
52.5;52.8;52.25;52.3;11191031
52.5;52.6;51.7;51.95;10564629
51.65;52.3;51.15;51.7;11274096
51.95;52;51.35;51.65;6497406
51.5;51.95;51.4;51.85;8523169
52.3;52.4;51.75;51.8;11506772
52.3;53;52.25;52.65;12413072
52.9;53.05;52.5;52.65;7870919
52.85;53.25;52.75;53;7826438
53.1;53.15;52.55;52.75;7353489
53.1;53.2;52.75;52.85;7954487
52.9;52.95;52.25;52.3;7656350
52.8;53.05;52.7;52.75;8454448
52.45;52.5;51.9;52.1;8379618
52.1;52.65;52;52.5;7466523
53.25;53.6;53.1;53.25;13824457
53.4;53.85;53.15;53.3;8632415
53.15;53.5;53.1;53.35;8121887
53.44;53.65;53;53.59;5446998
53.32;53.44;52.5;52.78;8149630
52.86;53.08;52.1;52.45;9337222
52.55;53;52.43;52.49;7961762
52.6;53.08;52.48;52.87;9347232
53.07;53.95;53;53.66;10890022
53.14;53.55;52.06;52.4;19096143
51.5;52.39;51.02;51.02;21747026
51.05;51.61;49.41;50.25;28738636
50.59;50.59;49.7;49.9;15354981
49.08;49.65;48.72;49.29;16266957
49.53;49.85;49.1;49.42;13771751
49.6;50.07;49.13;49.9;12424762
50.35;50.65;50.09;50.35;12182245
50.18;50.75;49.69;50.53;12267435
50.78;50.79;49.8;50.03;8453111
50.03;50.22;49.39;49.69;9693606
49.25;49.49;48.52;48.59;19246960
49.11;49.32;48.33;49.32;13637410
49.2;49.67;48.81;49.1;19746021
49.61;49.83;49;49.79;9846528
49.6;49.9;49.24;49.85;10431301
49.9;50.11;49.3;49.88;8896324
50.44;51.24;50.2;51;10628840
50.74;51.95;50.74;51.7;11867224
51.93;52.33;51.06;51.35;12151067
51.55;51.9;51.33;51.45;7312170
51.68;52.4;51.64;51.91;13509219
52.2;52.7;52.05;52.7;7693464
52.64;52.99;52.31;52.45;9637321
52.2;52.7;52.05;52.39;9276479
52.74;52.84;52.2;52.75;9847059
52.75;52.78;52.22;52.7;10452775
52.65;52.99;52.45;52.69;5346766
52.5;52.67;52.21;52.52;8094541
52.43;53.33;52.43;52.87;8300736
52.89;53.02;52.48;52.94;9907297
53.3;53.94;53.18;53.68;9008264
53.87;53.91;53.29;53.75;8547261
53.7;54.5;53.37;54.3;10570685
54.09;54.36;53.62;53.84;11061152
53.22;53.56;52.92;53.34;13662464
53.55;54.04;53.13;53.87;14983462
54.11;54.44;53.73;54.3;11633405
54.3;54.75;53.76;53.93;10275547
53.7;54.4;53.7;54.35;8773297
54.55;54.7;53.96;54.32;11527398
54.1;54.47;53.79;54.2;9270053
54;54.83;54;54.46;7332138
54.57;55.1;54.47;55;12089937
55.5;55.86;55.17;55.66;11151504
55.75;55.98;55.03;55.75;12253283
55.72;55.73;55.05;55.46;6030641
55.44;55.48;54.59;54.8;8201393
55.15;55.2;54.57;55;8874855
55.15;55.54;54.97;55.24;11822830
54.85;55.36;54.55;55.29;11027398
55.4;55.47;54.87;55.43;6545361
55.25;55.6;54.81;55.43;9564636
55.25;55.55;54.62;54.62;10228995
54.8;55.73;54.69;55.6;7985275
54.95;56.34;54.8;56.19;18908060
56.2;57.09;55.97;56.78;12280212
56.8;57.1;56.31;56.56;8944438
56.43;56.89;56.31;56.8;7884255
56.5;56.92;56.18;56.24;8125807
55.9;56.49;55.82;56.25;7446415
56.3;56.5;55.83;56.25;1400720
56.3;56.4;55.91;55.97;6366609
55.5;55.82;55.01;55.52;7932498
55.95;56.34;55.57;56;9572909
56.13;56.63;55.8;56.6;8181985
56.3;56.49;55.84;56.13;7237848
56.45;56.56;55.79;56;9615288
56.15;56.55;55.58;55.6;12468533
55.89;56.26;55.33;55.5;13105837
55.24;55.76;55.04;55.25;13725898
55.35;55.52;54.85;55.42;7935327
55.34;55.74;55.05;55.37;11288241
55.15;56.2;54.94;55.97;11841483
56.56;58.02;56.26;58;18462144
58.2;59.11;58.1;58.86;25743489
59.09;59.25;58.71;59.09;9115673
59.09;59.5;58.8;58.95;9680542
59.01;60.06;59.01;59.27;13949282
58.69;59.5;58.45;59.1;13100179
59.06;59.13;58.41;58.71;10239075
58.15;58.63;58;58.5;9517724
58.16;58.67;57.78;58;10874111
57.6;57.94;57.25;57.46;11099388
57.9;59.33;57.66;59.32;13392240
59.55;60.31;59.32;60.26;12461589
59.81;60.6;59.75;60.35;8120690
60.75;60.92;60.25;60.32;8585457
60.35;60.75;60.33;60.5;5243924
60.69;61;59.97;60.23;7793339
60.36;61.97;60.36;61.86;10818878
61.85;62.35;61.68;62.26;7981266
62.33;62.7;61.05;61.14;11605643
60.55;61.05;60.12;60.55;9541753
60.83;62.38;60.09;62.38;12638960
62.8;63.4;62.46;63.05;10076267
63.39;63.39;61.86;62.3;9414186
61.84;62.12;61.01;61.62;11112898
60.97;61.1;60.25;60.4;10523286
60.9;61.37;60.36;61.14;6672044
61.05;61.72;59.47;59.47;11858719
59.05;60.6;59.05;60.55;8651711
60.55;60.73;59.17;59.17;10013161
58.93;59.3;57.57;57.96;11663587
58.36;59.27;57.24;57.24;14777290
56.68;57.9;56;56.67;12487341
57.04;57.59;56.4;57.2;10099027
57.77;58.4;57.44;58.28;10437414
57;57.98;56.36;57.39;13952902
57;57.25;55.59;56.06;16622403
56.15;56.15;54.59;54.71;11945100
54;54.4;53.3;53.61;12613214
54.07;54.45;53.7;54.4;11266717
54.78;56.19;54.57;55.95;11926891
56.25;56.25;54.09;54.79;12561050
53.75;54.42;52.8;53.09;13059690
53.85;54.63;53.2;54.45;8499190
53.81;54.83;53.25;53.51;10862427
53.02;54;52.64;53.72;8555618
52.61;52.75;51.44;51.44;17453213
51.44;53.23;50.52;52.94;20666319
53.25;53.55;52.6;52.68;8226160
52.7;53.12;51.99;52.47;9863424
52.7;53.5;52.64;53.29;9471180
53.9;53.96;53.23;53.4;9363273
53.05;54.45;53.05;54.14;7807705
54.28;54.39;53.69;53.88;3811862
54;54.09;52.41;52.56;9708924
52.3;53.17;52;53.02;7940557
53.52;54.75;53.49;54.28;11537255
54.9;55.6;54.71;55.25;10602201
55.29;55.29;54.42;54.83;4699523
54.82;55.51;54.45;55.37;7533878
55.45;56.6;54.62;54.73;11522943
55.23;55.88;54.73;55.69;10964907
55.69;56.32;54.17;54.42;11045110
54.62;55.05;54.04;54.54;8481104
55.28;55.62;54.99;55.38;8271220
55.8;56.01;55.16;55.8;6540932
55.95;56.75;55.72;56.53;8579209
56.37;56.48;55.8;56.27;7269504
56.01;56.24;55.5;55.69;8079929
55.61;56.76;55.12;56.72;8904580
57.85;58.77;57.48;58.49;11915192
58.18;58.5;57.77;58.24;6777508
58.28;58.7;57.85;58.1;13900490
57.69;58.48;57.59;58.09;8124040
57.65;57.75;56.85;57.18;11123979
57.3;58;57.27;57.44;7668120
57.86;57.95;57.31;57.5;8208462
57.69;57.69;56.54;57.02;9807520
56.46;56.78;56.09;56.57;11135312
56.99;56.99;55.44;55.67;14087486
55.76;55.81;54.5;54.94;10831376
54.7;55.11;54.35;54.82;9685598
55;55.44;54.57;54.95;9045672
55;55.07;54.54;54.68;4896867
54.71;55.28;54.48;55.15;7991240
55.06;55.09;54.26;54.85;8743143
55.07;55.43;54.85;55.3;14019742
54.94;55.61;54.65;55.59;12897114
55.75;57;55.72;56.43;14733659
56.42;57.4;56.21;57.2;14974937
57.24;57.24;56.52;57.01;10454938
56.98;57.15;56;56.23;10088265
56.12;56.6;55.6;55.86;10732194
55.17;55.24;54.65;55.01;9307821
55.25;55.38;54.41;54.63;10329942
54.51;55.17;54.12;54.53;8141148
55.1;55.1;53.77;54.15;12625231
54.37;55.57;54.37;55.36;11559412
56;56.66;55.89;56;10960368
56.01;56.25;55.49;55.67;8470264
55.18;55.65;54.82;55.65;10710410
55.8;56.12;53.92;54.21;14748689
54;54.63;53.81;54.42;10045834
54.17;55.11;54.06;54.37;8573926
54.6;55;54.45;54.61;9024269
55.75;57.49;55.65;57.17;27176214
57;57.98;56.65;57.25;15445583
57.22;57.25;56.05;56.33;13344248
55.91;55.99;55.05;55.56;11845665
55.1;55.17;53.82;54.1;14986192
54.76;55.2;54.02;54.93;12077689
54.94;55.08;54.26;54.6;8858088
53.78;54.7;53.65;54.32;12591850
54.48;55.03;53.93;54.01;8875651
54.33;55.07;54.1;54.91;11490367
54.58;55.85;54.46;54.8;11986605
54.8;55.26;54.47;54.79;5711559
54.64;55.27;54.25;55.05;6082732
55.05;55.73;54.49;54.59;8287385
54.64;54.9;53.1;53.73;11907550
53.73;54.49;53;54.3;12543450
54.49;54.99;54.05;54.77;10385028
54.77;55.48;54.49;55.23;9927977
54.98;55.19;54.67;54.77;8986675
54.64;55.48;54.61;54.82;7536033
55.34;56.5;54.96;56.33;11145004
56.52;56.8;55.91;56.69;6566273
56.77;57.15;56.22;56.39;9672216
56.2;56.51;55.35;56.16;8857352
56.02;56.41;55.58;55.98;7633735
55.54;57;55.22;56.49;10220833
56.51;56.55;55.11;55.11;12275691
55.44;55.76;55.1;55.47;7521545
54.92;55.38;54.56;54.78;10085771
54.67;54.92;54.25;54.32;10117894
54.35;55.25;54;54.55;9180467
54.91;55.66;54.77;55.25;8886984
55.87;56.48;55.51;55.88;24850310
56.2;56.29;55.36;55.8;1266717
56.12;57.11;55.84;56.34;6494271
56.15;57;55.98;56.72;4202166
56.93;56.96;56.66;56.83;1579723
56.83;57.61;56.15;56.32;7519723
56.55;57.92;56.44;57.65;11580177
57.83;58.58;56.65;57.2;12267398
57.23;58.5;57.18;58.4;14158911
58.36;59.5;58.29;58.9;14571872
58.34;59.15;57.94;58.74;16608876
58.2;58.73;57.53;57.75;11392770
57.64;58.16;56.65;57.03;10830599
57.27;57.98;57.16;57.33;8657204
57.2;57.22;55.74;55.74;14886392
55.49;55.78;54.27;54.49;18144429
54.54;55.16;53.2;53.46;13521755
53.35;54.41;52.95;53.25;15604095
52.56;52.93;49.55;50;24069018
48.4;50.58;47.75;49.67;31372424
50.38;50.47;46.43;46.78;27161980
48.3;50;47.96;49.95;22857772
50.65;51.3;49.58;49.97;12149930
49.2;49.8;47.98;49.26;13494540
49.63;50.2;48.94;49.83;10490993
49.83;50.07;48.22;48.66;11759842
48.72;49.12;47.3;48.71;13102001
48.9;49.75;48.71;49.44;11955880
50.18;50.33;49.72;49.74;9124646
49.8;50.78;48;48.4;13341645
47.91;49.16;47.89;48.7;11559600
48.12;48.68;47.39;47.71;11446986
47.91;48.45;47.72;48.11;8075912
47.63;48.82;47.5;48.07;9469864
48.65;49.68;48.25;49.5;12600624
49.17;49.97;48.86;49.45;13048045
49.9;50.6;49.62;49.99;9948479
50.12;50.47;48.75;49.15;12773054
49.56;50.48;49.52;50.2;5676851
50.4;51.4;50.05;50.8;10319867
50.61;50.93;49.61;49.88;10190342
50.42;50.74;49.7;49.75;6100155
49.44;50.5;49;49.9;8470605
50.39;51.15;50.28;50.91;7223255
51.16;51.25;50.02;50.98;9542685
51.17;51.5;50.17;50.96;7477268
50.58;50.92;49.86;50.42;9325175
50.05;50.65;49.61;49.99;9562654
49.23;49.95;48.85;49.6;7314407
49.47;49.7;48.65;48.88;7784993
49.09;49.77;48.71;49.69;7379281
49.85;49.99;48.32;48.78;8523504
48.5;48.9;47.82;48.16;8120388
47.9;48.59;47.62;48.13;7133611
48.52;49.46;48.05;48.78;9524730
49.3;49.69;48.75;48.99;8486941
48.3;48.57;47.67;48.35;9778510
48.4;48.75;47.36;47.95;12912688
46.62;47.55;46.06;46.06;14837741
46.75;47.37;46.54;47.31;10155301
47.67;47.97;46.65;46.86;10442830
46.45;46.48;45.45;45.83;16992074
47.4;47.4;46.32;46.87;9128658
46.87;47.1;46.4;46.96;8772753
46.97;47.69;46.88;47.19;7438592
46.98;47.57;46.8;46.91;5607061
46.25;47.32;46.11;47.04;8544307
46.76;47.8;46.35;47.71;11428922
48;48.68;47.53;48.5;9417686
49;49.4;48.72;48.97;10028991
49.25;49.33;48.31;48.63;9546056
48.76;49.08;48.52;48.9;6755315
48.68;49.38;48.66;49.2;6449616
49.27;50.18;48.95;49.85;8956928
50;50.35;49.28;49.96;8123423
49.89;50.47;48.79;49.05;8003166
48.7;49.12;48.51;48.79;6282461
49.4;50.05;49.14;49.4;9320447
50;50.65;49.76;50.6;7780410
50.7;50.94;49.92;50.45;6252111
50.86;51.32;50.65;51.2;8446771
51.13;51.82;50.85;51.67;9101981
51.58;52.4;51.5;51.75;7781803
52;52.87;51.8;52.65;9152172
52.32;52.65;51.47;52.14;7518415
52.39;52.63;51.8;52.49;6597967
52.67;53;52.6;52.72;5112499
53.45;54.29;53.3;53.75;11728452
53.42;54.39;53.42;53.94;8441500
54.36;54.54;53.3;54.33;8987007
54.26;54.66;54.01;54.47;3844391
54.34;54.7;54.01;54.51;6472892
54.3;54.64;53.63;54.3;8442995
54.12;54.21;53.44;53.8;6794946
53.53;53.74;53.12;53.37;7443563
53.69;54.69;53.59;54.13;8659579
54.38;54.56;53.59;54.56;7988200
54.8;55.58;54.71;55.18;9028124
55.02;55.2;54.68;55.05;6634769
55.49;56.73;55.29;56.45;11033959
56.45;58.21;56.43;58.21;11239639
56.84;57.34;56.47;56.95;11719489
57.15;58.25;57.04;57.7;12184476
57.5;58.15;57.18;57.45;9660392
57.24;57.4;56.56;56.56;9513098
56.27;56.9;56.24;56.25;3305922
56.52;56.87;55.3;55.3;9739666
55.27;55.79;54.6;55.61;9783704
55.95;56.79;55.67;56.45;8719469
55.95;56.18;55.31;56.09;8515392
56.18;56.33;55.41;55.71;7097790
55.31;56.13;55.31;55.91;6982748
55.46;55.6;53.78;53.78;14635665
53.55;54.35;53.27;54.18;8457203
54.82;55.21;53.58;53.62;10900157
53.3;54.9;53.3;54.72;6713672
54.4;54.83;54;54;8069393
53.76;54.66;53.4;53.4;8340381
53.67;54.35;52.68;52.91;10230867
52.95;52.95;52;52.3;9015384
52;52.9;51.83;52.61;8169351
52.3;53.19;52.3;52.45;7765599
52.04;52.21;51.45;51.59;9069688
52.2;53.15;51.66;51.66;13141829
51.8;52.3;51.15;51.66;13969342
51.72;52.83;51.43;52.73;8343351
52.73;53.54;52.2;52.47;8788534
52.46;53.1;52.07;52.32;7004028
51.89;52.83;51.86;51.88;7923646
51.78;53.32;51.76;52.91;9243292
52.65;54.21;52.63;54.2;12955978
53.85;54.24;52.82;53.02;9733754
53.09;53.34;52.15;52.29;8556531
51.66;52.08;50.9;51.54;13461754
51.57;52.14;51.13;51.25;5191874
51.61;52.73;51.56;52.55;6163044
51.55;52.08;51.12;51.49;12255042
51.74;51.76;50.79;51.28;8188147
50.5;50.79;49.73;49.85;9591478
50.57;51.14;50.02;50.17;9984801
50.4;50.62;49.54;49.68;8452301
49.32;50.2;48.64;48.64;13124318
48.6;48.85;46.92;47.25;15342163
47.35;47.88;46.31;47.63;14547449
47.55;47.92;46.87;47.63;11262620
48.4;49.08;47.6;47.65;8867315
47.39;49.43;47.33;49.02;10555495
49.13;49.3;48.59;49.04;7397082
48.51;48.7;47.67;47.67;9765838
47.95;48.84;47.88;48.38;8576097
48.38;49.12;48.15;48.99;6592259
48.89;49.8;48.5;48.54;8553567
48.92;49.24;48.31;49.19;8528485
49.95;50.38;49.3;49.4;9315093
49.01;49.25;48.41;48.79;7041683
48.55;49.55;48.05;48.27;6123094
47.72;48;47.01;47.48;11659698
47.61;48.06;46.96;48.05;9661697
48.01;48.9;47.95;48.17;7797343
47.86;48.1;47.2;47.46;8209857
47.6;48.38;47.5;48.08;4909027
48.01;48.37;47.66;48.37;6507647
48.15;48.68;47.38;47.6;8532065
48.19;48.65;47.53;47.95;7201801
48.1;48.59;47.42;47.59;5918276
47.59;49.07;47.27;48.45;7823420
47.85;48.32;47.54;47.82;7425908
48.46;49.3;48.34;49.05;10202100
49.2;49.46;48.29;49.14;10293185
49.31;49.36;48.37;49.18;6342631
48.85;48.85;48.43;48.5;3968938
48.38;48.77;47.79;48.52;5698925
48.78;49.26;48.12;49.02;6125063
49.02;49.22;48.27;49.08;7113334
49.03;49.45;48.71;49.05;6000190
48.84;49.17;47.86;47.94;5950139
47.46;47.69;46.91;47.36;10829322
46.8;47.3;46.27;46.27;9266688
46.44;47.22;45.2;45.28;10835524
45.11;45.62;44.17;44.31;11229558
45.3;45.89;45.14;45.29;9818004
45.47;45.47;43.98;44.18;10961330
44.16;44.84;43.88;44.32;10131717
44.63;45.2;44.28;44.75;8773613
45.44;45.72;44.95;45.71;8309321
44.02;44.66;42.45;43.4;20615109
42.72;42.97;41.59;42.23;15863229
42.82;43.18;41.51;42.29;16665443
42.51;43.24;40.53;41;20296570
42.95;45;41.84;45;27531555
45;45.75;44.55;44.65;12662353
44.69;44.99;43.78;44.18;10219643
44;44.18;43.44;43.67;7987805
43.35;44.57;42.72;44.44;10780442
44.06;44.26;43.4;43.71;6574957
43.85;43.93;41.69;41.69;12612880
40.86;42.82;40.5;42.58;17612239
42.8;42.87;41.71;42.37;10628043
42.48;43.13;41.11;41.35;10489112
41.52;43.07;40.31;42.65;12151483
40.63;41.1;37.68;38.85;20331506
40.25;41.28;39.18;40.02;18462020
38.3;40.43;36.31;37.15;30296898
37.89;38.8;35.34;35.95;16691922
33.09;34.69;31.52;33.18;37245936
34.42;36.6;34.05;36.6;22725451
38.1;40.77;37.85;39.26;21919131
39;39.5;35.93;36.56;19605208
34.77;35.87;32.56;33.2;27283684
35;36.53;33.65;36.44;22989664
37.25;39.45;37.25;39.03;14186377
40.09;40.49;38.35;39.28;11080910
37.95;38.5;36.28;36.86;14278620
36.63;37.89;34.8;37.4;17075800
35.68;36.13;33;36.06;21008079
34.79;36.44;33.6;35.5;16234425
36.6;38.24;35.54;37.69;20215508
39.55;42.92;38.87;42.83;25667466
43.9;43.9;40.07;41.1;20146639
41.44;42.82;40.02;42.82;16255158
43.2;43.5;42.2;43;9998414
43.04;44.55;42.64;44.5;11700234
44;44.25;42.6;42.75;12618214
41.1;42.43;40.02;40.02;14422432
40.22;41.99;39.77;41.3;13138345
42.45;43.9;41.94;42.55;8381266
41.9;41.91;40.35;40.35;9105751
41.2;41.88;39.11;39.29;12184707
38.75;40.56;38.5;40.5;11331227
40.8;41.75;39.8;40.6;13155601
40.34;41.25;38.97;38.97;10413650
39.15;41.1;38.57;40.76;10840324
40.37;40.67;38.91;39.06;10391905
38.2;38.84;36.54;37.34;14869038
37.32;38.7;36.12;36.73;13609915
38.2;41.3;37.69;41.3;19853903
40.89;43.3;40.63;41.77;14455011
41.11;42.02;40.1;41.23;8616132
42;42.38;41.53;42.15;5877290
41.84;42.2;40.4;41.05;12228299
41.21;41.45;38.05;38.19;11469327
37.8;39.43;37.34;39.31;10918006
39.26;39.26;37.15;38.72;13757397
38.27;40.09;38.12;39.13;9098571
38.07;38.25;35.44;35.66;15943682
38.7;39.83;38.11;39.68;13955000
39.23;41.15;38.85;40.28;12508844
40.51;40.94;39.61;40.47;7136903
40.49;41.99;40.1;41.4;9465368
39.77;40.43;38.56;39.8;10408330
40.63;41.08;39.93;40.22;7065129
40.37;41;39.42;41;8271438
41.5;41.87;40.46;41.5;12020976
41.57;42;39.96;40.27;9743538
39.44;40.12;38.04;39.58;17481744
39;39.65;38.17;38.6;7760375
38.72;39.17;38.1;38.1;5718324
38;38.37;37.47;38.04;1682474
38.51;39.29;37.71;38.08;4105410
38.78;39.28;38.4;39.2;4959919
39.53;39.91;38.91;38.91;2244288
38.42;41;38.42;41;4915721
41.68;41.94;40.8;41.7;7682205
42;42.47;41.35;41.79;6895659
41.5;42.1;39.65;40.23;8883686
39.78;40.89;39.76;40.67;5684233
40.8;40.85;39.54;39.98;5615271
39.91;40.15;39.18;39.49;4711310
39.33;39.62;38.61;39.1;7520241
39.27;39.77;37.17;37.56;8892965
37.59;37.97;36.5;36.61;8703977
37.5;38.65;37.01;37.01;12513049
37.75;38.13;36.67;37.1;6000120
37;37.81;36.72;36.9;7552971
36.42;36.85;35.64;36.12;11310933
37;37.43;35.22;35.37;9749507
35.42;36.54;34.35;36.07;10482458
36.5;38.65;36.25;38.21;10992004
38.76;38.93;37.56;38.85;8476228
39;40;38.7;39.79;10626622
39.76;39.94;38.8;39.46;7519736
39.31;39.75;38.53;39.18;9105797
38.585;39.215;37.87;39;6424936
39.2;39.635;38.13;39.565;5870541
39.88;41.25;39.61;40.965;9011394
40.295;40.87;39.5;40.77;8177566
41.2;42.025;40.295;41.925;10390086
41.835;42.185;40.895;41.9;5948875
41.32;41.74;40.33;40.405;7491904
39.97;40.4;39.625;40.085;6825435
40.105;41;39.625;40.3;10141177
40.925;41.48;40.8;40.9;6753302
40.59;40.89;40.355;40.415;4220326
40.06;40.18;38.91;39.01;9511114
39.19;39.59;38.22;39.5;10164613
39.51;39.97;39.01;39.43;6845782
38.83;39.02;37.75;37.75;10978600
38.5;38.75;37.755;38.06;7227970
37.495;38.165;37.215;37.81;8398100
38.47;38.6;37.285;37.975;7401900
38.68;38.92;37.305;38.14;9939767
37.855;37.895;36.64;37.48;10679448
36.605;36.93;35.325;35.325;9961866
35.38;35.885;34.25;34.55;9939792
35.245;37.69;35.15;37.63;15640602
37.3;37.42;35.56;35.57;10881069
35.5;36.805;35.4;35.99;12331469
36.21;36.245;34.725;35.965;11069805
35.935;38.03;35.56;37.56;12342914
37.265;38.5;36.55;37.675;10355500
36.81;37.835;36.35;37.725;7646400
38.22;39.025;37.59;37.88;7954834
38.41;38.625;37.63;38.18;7645356
37.865;38;37;37.83;6568064
38.555;38.555;36.67;37.22;7681632
37.4;38.12;36.94;38;10698187
37.5;38.185;37.24;37.94;12000234
38.56;38.56;37.52;38.35;7870892
38.74;38.82;37.74;38.2;8282646
38.065;39.42;38.01;38.87;7748237
39.18;39.25;38.47;38.915;5207453
38.675;39.1;38.08;38.45;5407007
37.87;37.87;36.47;36.47;5703687
37.065;37.425;36.57;37.425;6590239
37.18;37.23;36.15;36.94;7242071
37.94;38.9;37.61;38.9;11684865
38.8;39.04;37.39;37.685;8748416
38.07;38.23;36.6;37;7901257
37.395;37.585;36.2;36.565;6807139
36.1;36.725;35.885;36.42;6932708
36.62;37.155;36.42;37.06;7398908
37.28;37.29;36.015;36.34;9240276
36.6;36.685;35.81;35.965;6595097
36.4;36.4;35.61;35.8;7814744
36.3;36.77;35.84;36.28;11498295
36.27;36.4;35;35.14;7906173
35.4;35.68;34.72;35.61;8774409
35.65;36;35.01;35.805;7990023
35.985;37.01;35.47;36.595;9328696
36.96;38.63;36.615;38.345;10963353
37.7;38.395;37.51;38.25;5884095
37.72;38.73;37.5;38.09;6412768
38.36;38.65;37.79;38.445;5482144
38.65;38.9;38.31;38.345;8659659
38.56;39.36;38.37;39.275;5825786
39.28;39.96;38.8;39.15;7346606
38.855;39.985;38.3;39.75;8661054
40.01;41;39.78;40.1;11806309
40.65;41.58;40.36;41.02;7158551
41.155;41.19;40.2;40.625;7490480
40.3;41.225;40.295;40.89;5828265
41.23;41.87;40.86;41.05;9225887
40.8;41.095;40;40.36;7556302
40.4;40.87;40.04;40.47;6780099
40.165;41.97;39.62;41.95;7499031
41.2;41.29;40.29;40.87;8499335
40.54;41.4;40.52;41.2;5531318
40.725;40.725;39.5;39.81;5708361
39.95;40.095;39.215;39.685;5219001
39.895;39.895;38.68;39.48;3715730
39.375;40.03;38.665;40.03;6508894
40.185;40.35;39.7;40.24;5819402
39.84;40.355;39.525;40.07;5053894
40.55;41.34;40.51;40.75;9305184
41.6;42.085;41.235;41.92;5699441
41.42;42;41.02;41.88;6288788
41.8;41.92;40.36;40.64;6309246
40.735;41.475;40.7;41.19;5844594
41.645;42.32;41.27;41.595;5587142
41.5;41.545;40.655;41.19;4362271
41.85;41.88;41.025;41.3;4001483
41.99;42.455;41.41;41.61;5774377
41.385;41.685;41.145;41.55;4073552
41.855;41.855;40.55;40.675;5123960
40.5;40.5;39.15;39.44;6772324
39.615;40.22;39.37;39.595;4978501
39.595;39.72;38.44;38.73;6928494
39;39.275;38.32;38.95;5546744
38.74;39.65;38.5;39.18;13317555
38.97;39.18;37.725;37.88;6804807
37.51;38.395;37.505;37.8;5360605
38.045;38.73;37.6;38.5;5194622
38.4;38.49;37.2;38.04;6780337
38.43;38.665;37.66;38.01;5284293
37.83;39.265;37.66;38.97;4962112
39.175;39.34;38.105;38.48;7691912
38.695;39.515;38.6;39.25;6251267
38.805;38.89;37.66;37.77;7540779
37.92;38.015;37.3;37.715;3760859
37.39;37.465;36.565;36.95;5823374
37.08;37.26;36.3;36.495;5242145
36.3;36.9;36.11;36.21;5279824
36.5;36.88;36.11;36.6;4049058
36.41;36.42;35.865;35.985;4582943
35.885;36.775;35.75;36.775;4080014
36.96;37.3;36.54;37.09;4203916
37.065;37.865;36.99;37.865;6833151
37.84;38.3;37.33;38.03;6282176
38.29;38.735;38.2;38.6;6945742
38.94;39.38;38.58;39.14;4681798
39.22;39.99;39.03;39.805;6176154
39.95;40;39.4;39.79;4689758
39.82;40.39;39.185;40.39;6642684
40.265;40.89;39.77;40.19;4734263
40.745;40.855;39.98;40.47;5381712
40.42;40.72;39.2;39.35;6649955
39.15;40.39;39.15;39.52;6728573
39.69;40.26;39.15;39.99;6964779
39.225;39.445;38.58;38.91;13483237
38.7;39.19;38.5;38.89;7710650
38.72;38.8;38.42;38.615;8061581
38.5;38.77;37.92;38.325;6172700
38.445;38.84;38.075;38.4;4857037
38.3;38.68;37.9;38.4;7303851
38.28;38.32;37.805;38.02;4643593
38.2;38.4;37.5;37.785;5299758
37.79;38.695;37.65;38.66;6392035
38.66;39.07;37.975;38.33;6575205
38.705;38.96;37.95;38.14;5302102
37.875;37.98;36.965;37.305;6813198
37.545;37.835;37.46;37.83;4198970
37.635;38.085;37.32;37.8;4349251
38.355;38.95;38.25;38.75;6208934
38.5;40.09;38.33;39.76;9977611
39.87;40.36;39.565;40.09;4759279
39.625;40.55;39.61;40.39;5097744
40.075;40.295;39.82;40.03;5362895
39.835;40.48;39.82;40.2;5808388
40.3;40.64;40.03;40.31;5884013
40.22;40.39;39.75;39.97;4765537
40.195;40.405;39.13;39.25;7029104
39.25;39.98;38.91;39.88;7616446
39.8;39.88;39.09;39.475;5488927
39.84;40.29;39.535;40.21;6801520
40.17;40.36;39.95;40.22;5175117
40.22;40.905;39.925;40.815;7672827
40.65;41.74;40.55;41.695;9043284
41.725;41.98;41.365;41.75;5957949
41.745;42;41.42;41.785;4746576
41.16;41.645;41.055;41.645;4839954
41.52;41.94;41.25;41.615;5193643
41.89;41.925;41.21;41.5;7929395
42;42.03;41.51;41.655;8861310
41.3;41.98;41.25;41.645;20652185
41.5;41.815;41.3;41.685;5261376
41.85;42.45;41.8;42.07;7444065
41.925;42.25;41.12;41.495;6509144
41.3;41.475;40;40.1;10319286
39.97;40.405;39.845;39.97;7761853
39.83;40.93;39.5;40.87;6422640
40.9;41.03;40.225;40.765;7676677
40.635;41.115;40.16;40.605;7415975
40.635;40.87;39.91;39.93;6412061
39.695;39.78;39.14;39.32;6681914
39.32;39.565;39.005;39.15;7905813
39.25;40.4;39.15;40.285;9644416
40.17;40.46;39.805;39.96;5734313
40.405;40.5;39.835;40.13;6497126
40.085;40.555;39.96;40.33;5444542
40.6;41.155;40.395;40.99;5757849
41.065;41.3;40.6;40.72;5142762
41.41;42.01;41.225;41.92;8473953
41.92;42.03;41.6;41.865;7729458
42.38;43.11;42.055;42.15;12429212
42.15;42.9;42.15;42.71;6996824
43;43;42.42;42.595;6085299
42.7;42.995;41.915;42.82;7384065
42.46;42.68;41.945;42.495;6068053
42.79;43.1;42.04;42.33;7667670
42.525;42.975;41.75;41.86;6669428
42.11;43;41.95;42.6;8160777
42.53;42.56;41.79;41.945;7672034
41.65;42.14;40.95;42;7441516
41.725;41.945;40.54;40.635;8850432
40.65;41.59;40.5;41.15;6429045
40.95;41.19;40.5;40.955;6220750
41;41.81;40.55;41.635;7671195
41.11;42.4;40.935;42.2;5505306
41.91;42.21;41.38;42.015;5797482
42.355;43;42.265;42.91;6947215
43;43.125;42.62;42.925;5656481
43.23;43.49;42.99;43.19;6203789
43.035;43.495;42.68;42.995;5643267
41.8;42.245;41.555;42.165;6264417
42.365;42.955;42.245;42.84;5751559
42.25;42.835;42.2;42.6;4851580
42.99;43.03;42.475;42.49;5016825
42.36;42.635;41.915;42.025;5553419
42.08;42.37;41.27;41.445;7658356
41.65;42.87;41.605;42.7;5237189
42.17;42.71;41.955;42.565;4744911
42.775;43;42.33;42.605;4110719
42.365;42.38;41.435;41.565;5129647
40.62;42.32;40.6;41.865;5834804
42.11;42.14;41.21;41.21;6901913
41.55;42.33;41.5;42.22;4949441
42.15;42.745;42.05;42.39;4123750
42.75;43;42.51;42.65;5177491
42.38;43.565;42.205;43.165;7058486
43;43.34;42.565;43.115;4327141
43.075;43.175;42.195;42.51;6242680
42.445;42.72;42;42.33;5216950
42.18;42.965;42.06;42.78;5631885
42.705;43.3;42.62;43.025;6223421
43.33;43.36;42.9;43.27;4917251
43.14;43.655;42.835;43.485;5679228
43.415;43.92;43.27;43.92;5794707
43.5;43.65;43.055;43.31;5062018
43.16;43.88;42.52;42.52;12737364
42.78;43.995;42.635;43.85;5859940
43.94;44.995;43.935;44.61;6367839
44.945;45;44.685;44.88;3831207
44.95;45.3;44.92;45;1206670
45.29;45.53;45.25;45.37;2569815
45.5;45.785;45.345;45.41;3389138
45.235;45.4;44.87;45.025;2722047
45.285;45.4;45.005;45.005;1148425
45.37;45.88;45.26;45.795;5255369
45.75;46;45.445;45.85;4879286
45.675;46.145;45.53;45.88;4721098
45.765;46.065;45.53;45.96;4265108
46.01;46.14;45.55;46.01;4626382
46.19;46.735;46.14;46.26;5020707
46.13;46.22;45.3;45.65;6145662
45.64;45.7;44.9;45.155;6540221
45.55;45.6;44.57;44.87;6024440
45;45.035;43.805;43.805;10393180
44.085;44.665;44.035;44.54;3403397
44.6;45.31;44.27;45.06;5606988
44.96;45.38;44.19;44.39;5858512
44.65;45.165;43.82;43.85;6328808
43.5;43.835;42.915;43.205;6440082
42.81;43.33;42.6;42.74;5894241
42.34;42.965;42.155;42.885;6908671
42.5;42.82;42.01;42.31;7476841
42.895;42.915;41.215;41.215;8276835
41.7;42.51;41.57;42.05;7733803
41.69;42.425;41.45;42.195;5717503
42.19;42.555;41.52;42.45;8531488
42.57;42.77;42.24;42.34;5711112
42.26;42.41;41.55;41.57;7310050
41.37;41.565;40.13;40.13;13653747
40.71;41;40.05;40.89;7206580
40.61;40.735;40.15;40.53;7817618
40.88;41.38;40.645;40.92;8745859
41.89;42.26;41.125;41.545;10466203
41.985;42.42;41.465;41.625;7125154
41.89;42.19;41.625;41.705;3297264
42.17;42.51;41.57;42.51;5698486
42.76;42.965;42.5;42.63;6854392
42.6;43.04;42.26;43;4839048
42.76;42.99;42.335;42.99;6160529
42.955;43.165;42.56;42.675;4277810
43;43.15;41.745;41.98;6503190
41.99;42.19;41.435;41.795;5995260
41.41;41.59;40.35;40.445;8670741
40.84;40.98;40.26;40.98;7382331
40.95;41.5;40.9;41.36;5300718
41.54;41.66;41.15;41.61;4453873
41.675;42.14;41.32;41.76;4969070
41.42;41.81;41.35;41.55;5559140
41.61;42.52;41.52;42.41;6794107
42.695;42.695;42.25;42.26;5023316
42.4;42.59;42.22;42.525;6091472
42.65;43.19;42.6;42.93;6378601
42.6;42.985;42.55;42.925;4261286
42.87;43.165;42.59;42.7;6457677
42.425;42.74;42.2;42.35;4605586
42.52;42.835;42.455;42.615;5083333
42.65;42.94;42.435;42.805;5185850
42.21;42.725;42.05;42.56;6692334
42.765;42.995;42.02;42.34;11389078
42.21;42.45;41.805;42.385;5502585
42.45;42.695;42.255;42.49;3850208
42.37;42.6;42.01;42.435;6065430
42.475;42.835;42.475;42.675;5216500
42.54;42.865;42.51;42.76;4901458
42.8;42.95;42.175;42.705;5107736
42.85;43.25;42.78;42.88;6006671
42.795;43.195;42.615;42.98;7096240
43.265;43.775;43.21;43.64;6676940
44.16;44.595;44.075;44.38;7461436
44.5;44.625;43.9;43.91;5823678
43.6;43.74;43.37;43.59;5650436
44;44.385;43.94;44.37;4980276
44.51;44.625;43.6;43.98;6265211
43.775;44.04;43.305;43.495;5801654
43.695;43.915;43.395;43.505;6038217
44;44.075;43.63;43.73;6471249
43.49;44.07;42.76;42.985;10927599
42.9;43.105;42.53;42.875;5788500
43.37;43.9;43.22;43.74;6725514
44;44.06;43.045;43.165;6101401
43.165;43.545;42.32;42.425;9069777
42.245;42.9;42.2;42.61;6531077
43.12;43.45;42.61;42.68;7440053
42.82;43.1;41.555;41.555;9426633
41.51;42.065;41.04;41.25;12581513
41.4;42.36;40.92;42.04;10427795
41.41;41.855;40.5;40.97;17462812
40.86;41.305;40.44;41.16;6818640
41.02;41.1;39.36;39.52;15865646
39.57;40.115;39.01;39.47;13686302
39.1;39.67;38.55;38.695;14970119
38;38.895;36.58;37.37;22470001
39.45;40.23;38.685;40.23;21851308
39.57;40.075;39.02;39.935;10797563
39.6;40.26;39.05;40.085;11659014
40.685;40.685;39.67;40.1;6700840
39.98;39.98;38.185;38.425;10801845
38.405;39.005;38.16;38.51;7468955
39.15;39.595;38.685;39.3;7374783
38.56;38.985;37.975;38.35;9747951
38.485;39.07;36.945;37.715;13427090
37.465;37.94;36.66;37.6;12886574
37.8;38.065;37.405;37.54;6021385
36.5;37.115;36.21;37.05;12340913
37.8;38.23;37.375;37.595;11704607
37.21;38.545;36.92;38.31;14407190
38.58;38.6;37.91;38.135;7292625
38.035;38.27;37.655;37.73;4212148
37.6;38.13;36.87;37.955;9137359
37.61;38.04;36.97;37.865;7998211
38.9;39.42;38.755;39.03;10357276
39.39;39.71;38.005;38.185;12305310
37.575;38.24;37.51;37.965;7189543
38.09;38.09;36.92;37.66;7541200
38.06;38.16;37.15;38.11;7290530
37.64;38.44;37.42;38.265;8531729
38.555;38.87;37.945;38.7;7889412
38.87;39.765;38.825;39.59;8310677
39.055;40.135;39.05;39.87;6396374
40.135;40.475;39.915;40.355;9255487
40.45;40.93;40.21;40.455;8533234
40.4;40.745;39.83;40.185;12209826
41;41;40.585;40.725;5376366
40.695;40.895;39.79;40.07;7691616
39.565;39.93;39.045;39.245;7126781
39.62;39.62;38.125;38.435;6995330
38.15;38.49;37.665;37.88;7295344
38.005;38.13;37.59;38.13;5280464
37.505;37.695;36.65;36.76;9033611
36.86;37.12;36.48;36.965;8315935
36.5;36.665;35.655;35.88;10393546
36.245;36.59;35.88;36.19;6534861
36.395;36.45;36.01;36.01;4146577
36.295;37.095;36.215;36.64;7647919
36.265;37.26;35.915;37.21;7561465
37.7;38.33;37.435;38.04;7934709
38.415;38.615;38.205;38.295;5159553
38.445;38.735;38.07;38.4;4318371
38.525;39.23;38.4;39.105;5721369
39.275;39.29;38.665;39.02;4796107
39.01;39.645;38.52;38.765;6865381
38.945;39.25;37.89;38.045;8405882
37.905;38.3;37.625;37.77;5256074
38.125;38.13;36.86;37.73;4706456
38.17;38.53;37.28;37.46;8806284
37.19;38.12;37.11;38.04;6787593
38.03;38.415;37.735;38.14;4945578
38.315;38.345;37.715;38.3;4269950
38.475;38.84;38.185;38.395;5199772
38.415;38.91;38.255;38.555;5009297
38.72;39.27;38.35;38.35;5989392
39;39.215;38.47;38.71;7976299
39.14;40.085;38.905;39.91;6428871
39.855;39.955;39.46;39.89;4572487
39.715;40.555;39.4;40.25;5745183
40.43;41;40.3;40.545;6332887
40.625;41;39.68;40.01;6942894
40.55;40.985;40.45;40.81;4294476
40.8;40.8;39.75;40.12;5465330
39.78;40;38.855;39.06;6377805
38.895;39.4;38.6;39.07;5114762
39.4;39.565;38.565;39.03;4299320
39.205;39.23;38.45;38.795;3573186
38.93;39.37;38.8;39.355;3655762
39.21;39.21;38.68;39.01;4125571
39.275;39.385;38.025;38.075;5681443
38.115;38.48;37.56;37.77;6184838
37.935;38.395;37.64;38.025;4186776
37.745;37.875;36.95;37.4;5931180
37.4;37.505;36.535;36.975;5795738
37.165;37.3;36.75;36.995;4760463
36.89;37.25;36.45;37.065;5250792
37.21;37.34;36.66;36.75;5112662
36.275;36.905;36.225;36.87;6827052
37;38.21;36.77;38.145;7452658
38.115;38.435;37.75;38.18;5040897
38.41;39.205;38.305;38.79;5895632
39.095;39.185;38.815;38.89;2765993
38.75;38.855;38.1;38.3;5100785
38.315;38.83;38.06;38.655;5438173
38.58;39.095;38.355;39.09;5391878
39;39.105;38.605;39.005;4256121
39.5;39.565;39.1;39.355;4712533
39.295;39.65;39.08;39.425;5407755
39.56;39.67;38.765;38.785;6756761
38.89;39.04;38.515;38.64;6210320
38.99;39.205;37.85;37.855;16363604
38.1;39.06;38.1;38.905;7512088
38.7;39.135;38.575;38.575;6624141
38.68;38.71;37.78;37.845;7569941
38.115;38.14;37.23;37.77;4879972
37.495;38.1;37.265;38.04;6040554
38.295;38.35;37.965;38;3771454
38;38.235;37.48;38;5665700
38.35;38.49;37.73;37.95;5825034
37.925;38.53;37.535;37.805;7948729
38.015;38.76;37.945;38.075;8401878
38.12;38.24;37.52;37.53;5623176
37.645;38.565;37.53;38.32;6308876
38.545;38.985;38.45;38.685;6895790
38.535;38.975;38.25;38.51;5682071
38.525;38.63;38.125;38.46;5559341
38.565;38.76;38.3;38.405;3731656
38.145;38.17;37.55;37.995;7077721
38.2;39;38.1;38.9;6586566
38.85;39.235;38.685;38.905;5748081
39.19;39.5;39.01;39.19;8520723
38.975;39.72;38.93;39.53;4710572
39.45;39.5;38.69;38.865;7059534
38.785;39.21;38.65;39.04;4726735
38.705;39.335;38.7;39.135;5289661
39.04;39.405;38.93;39.17;3702641
39.49;39.49;38.82;39.05;4447961
38.97;39.135;38.71;39.125;4898022
39;39.16;38.5;38.6;5565936
38.92;39.4;38.8;39.06;5599763
38.82;39.29;38.565;39.045;6130435
39.54;39.55;38.825;39.25;4953884
39.175;39.995;39.1;39.85;6996917
39.835;40.36;39.415;39.575;5821671
39.955;40.795;39.865;40.62;9844390
40.565;40.88;40.14;40.585;5943337
40.565;40.67;40.275;40.455;5478914
40.5;41.275;40.36;41.125;6561445
40.975;41.05;40.53;40.75;6937592
40.895;41;40.55;40.835;6519630
39.3;39.72;38.9;39.47;8720349
39.29;39.995;39.07;39.77;5433093
39.5;39.535;38.355;38.45;9190833
38.235;38.795;38.15;38.595;5939878
38.855;39.145;38.785;39.02;6342693
39.02;39.1;38.33;38.79;5958373
39.19;39.19;38.305;38.395;5228633
38.19;38.535;37.765;37.77;6733133
38.065;38.215;37.54;37.925;6565529
37.965;38.085;37.6;37.97;4255130
37.6;38.055;37.265;37.735;6665782
37.915;38.335;37.1;37.1;8036291
37.35;37.61;36.91;37.315;9695185
37.6;37.835;37.3;37.62;7597503
37.945;38.15;37.195;38.035;10728516
37.99;38.495;37.92;38.06;5837497
38.37;38.66;37.99;38.435;5850594
38.79;39.32;38.445;39.01;7655136
38.865;39.4;38.72;39.12;6049970
39.21;39.42;38.9;39.42;6000477
39.44;39.455;39.1;39.245;4145224
39.455;39.995;39.335;39.765;7424276
39.985;40.225;39.795;40.09;6456757
40.05;40.085;39.77;39.92;5801349
39.77;40.18;39.69;39.905;5564878
40.065;40.14;39.77;39.77;9938878
39.9;40.435;39.8;39.955;4531202
40.3;40.75;40.16;40.55;5235592
40.67;40.785;40.37;40.51;3727692
40.635;40.7;40.23;40.505;2442370
40.305;40.465;40.205;40.465;577016
40.4;40.5;39.7;39.995;2926320
40.15;40.425;40;40.035;2046653
40.21;40.745;40.21;40.54;3227824
40.625;40.79;39.905;40.12;3611093
40.1;40.12;39.65;39.65;1354055
40.19;40.64;40.01;40.59;4178458
40.815;41.705;40.65;41.13;8291464
41.01;41.29;40.435;41.29;5428379
41.38;42;41.3;41.55;6364463
41.05;41.74;40.9;41.22;6299660
41.01;41.06;40.48;40.69;6288632
40.64;41.145;40.505;41.04;6044473
41;41.905;40.92;41.74;7169484
41.62;42.07;41.4;42;7938297
41.685;42.465;41.67;42.4;6910541
42.315;42.475;42.005;42.155;3732795
42.465;42.545;42.25;42.5;4913070
42.585;42.725;42.13;42.2;6248436
42.355;42.44;41.83;41.945;7440539
42.345;42.995;42.25;42.525;11626592
42.57;43.02;42.57;42.905;5557043
43;43.32;42.385;42.62;6078589
42.8;43.28;42.715;43;6120663
42.95;43.575;42.85;43.215;6184377
43.04;43.295;42.325;42.325;6071138
42.355;42.96;42.26;42.715;8246057
43.315;44.25;43.18;44.08;9912401
44.1;44.135;43.665;44;6258028
43.5;43.575;43.185;43.55;6060398
43.775;43.87;43.355;43.52;4440367
43.36;43.93;43.31;43.585;5955718
43.45;43.87;43.35;43.63;5242954
43.5;43.705;43;43;5326776
42.8;43.475;42.515;43.475;6117478
43.265;43.735;42.89;43.445;5198496
43.5;43.66;43.105;43.305;4570590
43.205;43.6;43.065;43.465;3565831
43.66;43.75;43.08;43.41;6758339
43.565;43.6;43.075;43.5;4974949
43.6;43.75;43.36;43.605;6905159
43.655;43.74;42.78;43.05;5939489
43.045;43.41;42.325;42.985;7839054
42.8;43.205;42.625;43;5396358
42.8;44.05;42.7;43.655;9629595
43.575;44.115;43.39;43.78;6661807
43.645;44.47;43.6;44.41;7537188
44.4;44.535;43.42;43.465;6667487
43.25;43.53;42.835;43.36;6170389
43.75;44.22;43.43;43.84;5883703
43.95;44.55;43.855;43.96;6340789
43.9;44.49;43.7;43.7;5766430
43.81;43.94;43.12;43.65;5878762
43.595;43.645;43.02;43.1;5183469
42.8;42.85;42.25;42.605;5975142
42.205;42.455;41.965;42.255;5872121
42.2;42.37;41.325;41.595;7695384
40.75;41.35;40;40.62;12553455
40.7;40.8;39.71;39.82;11038607
40.085;40.955;39.73;40.79;10110410
41.04;41.695;40.76;40.76;13686614
41.395;41.535;41.06;41.515;5949062
41.515;41.99;41.475;41.63;5517667
41.445;42.22;41.4;42.085;5603617
41.935;42.7;41.795;42.505;5840736
42.73;42.73;42.23;42.575;3614631
42.675;42.83;42.545;42.605;3649872
42.515;42.775;42.275;42.755;4184700
43.09;43.29;42.92;42.92;4664295
43.135;43.39;42.935;42.955;5483932
43.27;43.67;42.82;43.595;6944955
43.505;43.605;43.355;43.375;4739406
43.3;43.73;43.2;43.565;3855191
43.51;43.715;42.96;43.065;6847568
43.035;43.285;42.73;42.835;4080137
43.04;43.225;42.92;43.15;4164756
43.115;43.245;42.74;43.005;3237285
42.7;42.765;41.77;41.94;7334198
42.175;42.51;42.02;42.05;3768822
41.935;41.965;41.26;41.64;5010563
41.72;41.86;41.265;41.675;6472160
41.58;41.58;40.34;40.66;8417195
40.74;40.9;40.5;40.54;4668362
41.01;41.88;41;41.875;5597468
42.08;42.3;41.8;42.05;3735613
41.995;42.15;41.735;42.03;4905710
42.005;42.93;42.005;42.595;6462068
42.995;43.09;42.795;43.005;5291552
43.25;43.25;42.75;43.22;3155621
43.59;43.605;42.98;43.045;2899581
43;43.09;42.425;42.76;5232304
42.145;42.73;41.5;41.765;7447093
41.92;42.23;40.985;41.175;6402170
41.155;41.935;40.58;41.61;7514969
41.35;41.75;40.86;41.27;6050470
41.43;42.15;41.26;41.81;5694891
42.035;42.045;41.46;41.525;6110104
41.2;41.295;40.57;40.945;6830412
41.33;41.365;40.525;40.695;4901172
40.515;40.665;40.15;40.555;4923409
40.385;40.915;40.165;40.34;5653083
40.835;40.96;40.51;40.765;4335778
41.09;41.595;40.96;41.26;6433787
41.515;41.88;41.035;41.07;7204072
40.03;40.085;39.49;39.49;8029014
39.7;39.815;39.325;39.445;5744455
39.22;39.43;39.05;39.3;6638013
39.54;39.54;39.08;39.195;5599282
39.59;39.8;39.405;39.535;5074547
39.535;39.73;39.315;39.445;2014324
39.79;40.295;39.76;40.03;7012098
40.03;40.235;39.33;39.58;5564832
39.25;39.385;38.64;38.64;5200713
38.86;38.885;38.06;38.36;6406647
38.3;38.465;38.02;38.15;4332853
38.15;38.5;38.055;38.285;4728071
38.145;38.425;37.735;38.21;5632349
38.21;38.685;38.07;38.66;4880346
38.565;38.695;37.985;38;4909650
38.06;38.19;37.875;37.98;2627048
38.06;38.56;37.95;38.325;5185339
38.25;38.325;37.68;37.74;5689549
37.595;38.135;37.305;38.09;8373976
38;38.58;37.59;38.13;11882853
37.5;38.15;37.5;38.055;3899156
38.4;38.975;38.27;38.875;5307421
38.705;38.915;38.51;38.58;4748812
38.38;38.475;37.655;37.97;5863015
38.485;38.78;37.905;37.995;5674207
37.82;39.1;37.755;38.13;3933781
38.235;38.76;38.115;38.4;5032203
38.645;39.32;38.62;39.115;5847687
39.31;39.88;39.2;39.88;6130363
39.93;40.17;39.62;39.91;4712715
39.945;40.035;39.81;39.87;3518010
39.815;39.915;39.615;39.67;3993281
39.715;40.07;39.41;39.8;5298522
39.99;40.8;39.99;40.4;7264477
40.44;40.895;39.97;39.97;7183065
39.635;39.91;39.12;39.33;6419714
38.575;39.105;37.94;38.83;8674399
38.73;39.045;38.455;38.85;6666453
38.445;38.82;38.345;38.595;5095781
38.21;38.64;38.1;38.37;7741691
37.94;38.375;37.805;38.085;4579450
38.205;38.525;38.025;38.32;4983926
38.555;38.82;38.255;38.555;5268608
38.705;39.23;38.205;38.905;5668081
39.165;39.565;38.785;39.455;5523798
39.24;39.73;39.19;39.265;4761650
39.335;39.5;38.835;39.06;3763427
39.235;39.29;38.26;38.68;4072977
38.76;38.76;38.05;38.365;4658515
37.975;38.06;37.385;37.78;5908486
38.075;38.11;36.94;37.075;6260978
36.915;37.39;36.8;36.8;6252707
36.265;36.785;36.02;36.15;9328096
36.48;36.52;35.165;35.31;10633795
34.295;35.55;33.95;34.235;15827786
33.93;34.975;33.295;33.295;13239158
33.3;33.89;31.555;33.11;16157331
33.45;33.5;31.635;31.665;15794347
32.48;32.53;30.335;32.22;17458211
32.06;33.195;31.54;33.09;10753484
33.375;33.68;33.1;33.375;4222957
33.065;33.35;32.565;33.35;5505075
33.15;34.15;33.105;33.85;7596455