4.26;4.3;4.22;4.3;116060
4.3;4.3;4.22;4.221;116240
4.14;4.22;4.089;4.1;210040
4.11;4.35;4.11;4.35;513940
4.389;4.824;4.37;4.73;1378770
4.575;4.74;4.56;4.712;471460
4.669;4.7;4.56;4.598;280110
4.521;4.7;4.505;4.65;260130
4.65;4.715;4.56;4.62;499170
4.55;4.72;4.501;4.7;426580
4.726;4.87;4.7;4.82;680840
4.71;4.8;4.66;4.7;152230
4.6;4.94;4.6;4.8;441190
4.805;5.145;4.805;5.075;1009090
5.04;5.04;4.75;4.905;287920
4.8;4.85;4.8;4.801;197520
4.71;4.9;4.511;4.695;208490
4.55;4.8;4.55;4.8;272910
4.85;5;4.81;4.9;388080
4.56;4.96;4.56;4.791;174380
4.8;4.825;4.611;4.815;55540
4.75;4.8;4.35;4.45;445090
4.383;4.67;4.25;4.67;256560
4.6;4.715;4.261;4.4;639180
4.426;4.597;4.426;4.597;123110
4.51;4.68;4.42;4.42;160960
4.42;4.69;4.38;4.44;175770
4.44;4.48;4.25;4.251;117210
4.211;4.24;4.18;4.23;121180
4.221;4.3;4.08;4.1;323610
4.05;4.18;4.02;4.08;228780
4.07;4.33;4.06;4.073;245660
4.11;4.244;4.082;4.14;188140
4.05;4.13;4.025;4.08;108360
4.05;4.245;4.021;4.041;112950
4.03;4.13;4.015;4.035;127590
4.116;4.116;4.02;4.03;149430
4.02;4.105;3.98;4.1;142840
4.15;4.32;4.1;4.11;44360
4.11;4.299;4.11;4.245;71770
4.235;4.269;4.149;4.149;91420
4.3;4.3;4.15;4.2;154420
4.15;4.2;4.02;4.15;125580
4.025;4.18;4.025;4.18;230120
4.024;4.1;4.01;4.04;158200
4.01;4.04;3.75;3.89;198540
3.95;3.95;3.8;3.895;189390
3.81;4.09;3.81;3.999;191750
4.04;4.04;3.77;3.85;155450
3.96;3.96;3.811;3.918;255960
3.899;3.899;3.78;3.82;116000
3.81;3.81;3.71;3.8;132200
3.799;3.849;3.71;3.849;44570
3.85;3.85;3.77;3.806;71240
3.94;3.94;3.78;3.85;154300
3.8;3.85;3.73;3.752;213790
3.75;3.765;3.4;3.639;301260
3.65;3.72;3.63;3.7;143780
3.72;3.8;3.693;3.693;94300
3.693;3.8;3.68;3.7;118850
3.8;3.8;3.7;3.7;103100
3.7;3.715;3.55;3.64;267650
3.6;3.6;3.41;3.5;319720
3.5;3.5;3.35;3.45;235910
3.37;3.44;3.225;3.25;373790
3.355;3.57;3.34;3.51;256020
3.59;4;3.555;3.949;519060
3.95;3.997;3.752;3.997;415240
3.9;4.02;3.9;4.015;170160
4;4.1;3.95;4.1;167810
4.147;4.279;4.1;4.279;279550
4.2;4.28;4.168;4.19;104800
4.2;4.24;4.115;4.18;155810
4.15;4.25;4.15;4.199;265860
4.2;4.27;3.9;3.9;275140
3.4;3.797;3.4;3.77;178260
3.756;3.888;3.756;3.78;92270
3.71;3.796;3.68;3.68;692680
3.6;3.9;3.6;3.9;696420
4.02;4.087;3.91;3.981;322150
4.085;4.1;4;4.056;295660
4.1;4.1;3.97;4.001;937830
3.96;4.05;3.92;4.01;534860
3.95;4;3.88;3.95;273470
3.96;4;3.89;3.97;197670
4;4;3.91;3.95;79530
4;4;3.941;4;306060
4;4.014;3.98;4;392730
4;4.08;4;4;68370
4;4.08;3.95;4;897870
4;4.06;4;4.021;122290
4.015;4.275;4.015;4.229;598800
4.24;4.43;4.24;4.405;1185870
4.472;4.48;4.32;4.341;384580
4.4;4.41;4.375;4.4;363170
4.4;4.4;4.283;4.363;287170
4.35;4.369;4.2;4.225;188890
4.2;4.276;4.15;4.276;69650
4.16;4.186;4.116;4.116;61030
4.11;4.11;3.83;3.957;134770
3.887;4.25;3.887;4.187;67340
4.03;4.135;4.015;4.11;87330
3.97;4.1;3.97;3.983;40480
3.97;3.975;3.826;3.885;203060
3.8;3.94;3.8;3.9;220800
3.987;3.987;3.835;3.899;56640
3.899;3.899;3.851;3.899;62810
3.85;3.899;3.8;3.88;45410
3.805;3.869;3.79;3.8;125630
3.8;3.85;3.8;3.825;149990
3.82;3.84;3.74;3.78;71610
3.733;3.78;3.72;3.77;60450
3.765;3.889;3.765;3.83;394590
3.83;3.925;3.815;3.9;434040
3.94;3.94;3.78;3.896;122120
4;4.187;3.99;4.16;1165390
4.21;4.375;4.21;4.34;984000
4.32;4.35;4.177;4.35;890640
4.35;4.39;4.21;4.27;114730
4.3;4.35;4.28;4.31;44740
4.335;4.365;4.3;4.32;80290
4.345;4.4;4.336;4.352;32900
4.4;4.68;4.4;4.68;743510
4.75;4.75;4.603;4.67;323820
4.65;4.65;4.33;4.4;1633800
4.5;4.55;4.31;4.4;88090
4.558;4.558;4.45;4.5;76040
4.5;4.554;4.492;4.492;68030
4.495;4.495;4.417;4.455;68010
4.42;4.5;4.42;4.45;80480
4.569;4.569;4.46;4.48;394710
4.46;4.475;4.42;4.42;57050
4.43;4.475;4.42;4.451;65390
4.48;4.6;4.48;4.55;667870
4.519;4.519;4.31;4.452;146010
4.402;4.48;4.4;4.46;40580
4.46;4.53;4.45;4.475;76260
4.455;4.499;4.45;4.45;35640
4.405;4.48;4.401;4.405;107600
4.375;4.49;4.355;4.49;152820
4.36;4.49;4.355;4.45;91200
4.45;4.55;4.37;4.42;51170
4.4;4.55;4.4;4.41;40960
4.41;4.48;4.25;4.388;324180
4.26;4.35;4.26;4.28;1141060
4.26;4.344;4.26;4.28;37960
4.26;4.32;4.25;4.28;118010
4.241;4.318;4.235;4.252;39850
4.35;4.55;4.345;4.545;483720
4.55;4.8;4.501;4.772;766080
4.8;4.8;4.58;4.74;487770
4.65;4.69;4.48;4.5;487970
4.5;4.59;4.5;4.5;168420
4.54;4.57;4.45;4.56;153790
4.56;4.57;4.555;4.57;237010
4.585;4.65;4.585;4.645;167290
4.585;4.66;4.585;4.6;98020
4.65;4.65;4.56;4.605;1657250
4.605;4.79;4.605;4.77;352960
4.7;4.795;4.651;4.676;144180
4.67;4.72;4.65;4.706;94400
4.77;5.09;4.731;5.005;1078170
4.908;4.949;4.8;4.85;373780
4.875;5.09;4.815;4.97;628700
4.99;4.999;4.87;4.991;261600
4.95;4.96;4.852;4.96;108590
4.944;4.999;4.9;4.9;196820
4.855;4.921;4.855;4.9;164900
4.84;4.887;4.785;4.82;134280
4.7;4.88;4.7;4.75;384390
4.7;4.75;4.61;4.61;349860
4.605;4.709;4.6;4.61;245880
4.65;4.78;4.65;4.763;51970
4.75;4.955;4.73;4.95;208210
4.98;5;4.871;5;339350
5;5;4.8;4.9;134210
4.9;4.945;4.85;4.94;74580
4.91;4.941;4.901;4.901;167650
4.9;4.94;4.9;4.94;101000
4.93;5.05;4.91;5.05;145850
5.04;5.04;4.775;4.9;161560
4.9;4.9;4.65;4.662;193010
4.89;4.9;4.62;4.695;473440
4.74;4.875;4.691;4.702;990000
4.5;4.601;4.45;4.5;504360
4.6;4.63;4.429;4.525;129810
4.67;4.695;4.6;4.6;95820
4.6;4.6;4.51;4.59;66670
4.64;4.685;4.526;4.555;125920
4.66;4.778;4.6;4.77;337780
4.75;4.79;4.65;4.697;80060
4.78;4.78;4.68;4.689;189140
4.795;4.8;4.65;4.719;58390
4.78;4.94;4.695;4.928;600940
4.95;5.2;4.9;5.18;758760
5.2;5.2;5.01;5.065;182510
4.92;5.2;4.92;5.2;196330
5.2;5.2;4.98;5.16;488550
5.15;5.35;5.12;5.3;600400
5.2;5.2;4.965;5.2;571160
5.19;5.19;5.09;5.125;95920
5.055;5.1;5.015;5.015;214970
5.05;5.15;5.03;5.1;187990
5.11;5.27;5.11;5.2;224500
5.11;5.445;5.11;5.415;300840
5.4;5.45;5.355;5.405;91560
5.355;5.4;5.31;5.38;94370
5.35;5.5;5.33;5.45;188200
5.47;5.495;5.345;5.42;52170
5.45;5.45;5.3;5.39;254750
5.38;5.4;5.275;5.345;56030
5.27;5.42;5.27;5.375;125140
5.33;5.46;5.33;5.38;35340
5.38;5.53;5.38;5.47;108260
5.485;5.585;5.4;5.5;173470
5.45;5.64;5.45;5.6;213720
5.65;5.7;5.6;5.62;182380
5.64;5.8;5.53;5.79;357030
5.7;5.83;5.65;5.83;148260
5.71;5.98;5.71;5.82;398780
5.72;5.79;5.58;5.6;93880
5.57;5.69;5.515;5.69;90920
5.67;5.79;5.515;5.655;91450
5.71;5.9;5.6;5.9;159200
5.705;5.95;5.705;5.945;142890
5.75;5.97;5.72;5.72;148670
5.75;5.95;5.74;5.8;244780
5.85;5.85;5.56;5.62;199060
5.56;5.8;5.56;5.77;126770
5.8;5.9;5.65;5.815;424320
5.84;5.905;5.79;5.865;266590
5.885;5.91;5.865;5.89;591130
5.885;5.92;5.6;5.7;345220
5.79;5.825;5.56;5.56;425610
5.7;5.725;5.5;5.72;68980
5.7;5.7;5.56;5.6;175000
5.6;5.7;5.51;5.625;180120
5.65;5.69;5.4;5.6;243080
5.47;5.685;5.43;5.685;99260
5.6;5.6;5.45;5.55;97440
5.4;5.5;5.1;5.16;334710
5.16;5.24;5.015;5.015;322560
4.905;5.315;4.75;4.93;691010
4.92;5.295;4.92;5.2;276220
5.23;5.25;5.025;5.145;113650
5.16;5.29;5.15;5.15;164170
5.25;5.605;5.15;5.52;788080
5.47;5.535;5.4;5.51;509090
5.54;5.6;5.47;5.6;283790
5.505;5.9;5.505;5.9;258570
5.605;5.84;5.605;5.68;245940
5.75;5.75;5.615;5.73;113120
5.7;5.7;5.6;5.69;44300
5.6;5.685;5.6;5.6;33130
5.59;5.59;5.36;5.415;239090
5.43;5.46;5.38;5.45;178170
5.45;5.45;5.365;5.4;161940
5.4;5.475;5.375;5.475;117470
5.45;5.5;5.385;5.49;381700
5.405;5.45;5.045;5.4;124750
5.35;5.39;5.185;5.195;161300
5.28;5.34;5.25;5.3;102330
5.3;5.5;5.3;5.495;198250
5.5;5.5;5.3;5.44;419530
5.4;5.45;5.25;5.32;128920
5.34;5.37;5.1;5.25;138800
5.205;5.25;5.1;5.15;223810
5.14;5.24;5.1;5.24;364170
5.2;5.2;4.926;4.926;442440
4.877;5.26;4.87;5.25;430690
5.115;5.28;5.115;5.28;292190
5.2;5.3;5.2;5.3;117140
5.28;5.3;5.07;5.19;101240
5.25;5.4;5.165;5.4;229770
5.425;5.62;5.315;5.525;241680
5.45;5.585;5.45;5.51;127540
5.52;5.6;5.5;5.6;313960
5.61;5.635;5.41;5.5;84790
5.53;5.7;5.43;5.7;115730
5.6;5.7;5.6;5.69;118340
5.69;5.69;5.61;5.675;109270
5.52;5.675;5.52;5.55;45810
5.5;5.55;5.48;5.55;72240
5.5;5.55;5.45;5.54;88060
5.535;5.55;5.5;5.51;128330
5.5;5.725;5.45;5.65;205670
5.65;5.69;5.535;5.6;194080
5.5;5.55;5.5;5.525;225450
5.525;5.625;5.5;5.5;240630
5.4;5.63;5.4;5.595;245800
5.6;5.66;5.55;5.65;368980
5.68;5.9;5.68;5.85;746780
5.8;5.85;5.76;5.76;320320
5.825;5.875;5.75;5.75;504410
5.8;5.845;5.7;5.75;330920
5.74;5.825;5.6;5.6;333970
5.69;5.74;5.2;5.385;518260
5.41;5.65;5.4;5.6;486770
5.71;5.85;5.5;5.8;229860
6.1;6.695;6.1;6.695;2739800
6.6;6.68;6.6;6.65;974010
6.6;6.68;6.5;6.55;599100
6.6;6.69;6.55;6.65;509110
6.55;6.6;6.425;6.425;312070
6.5;6.5;5.91;6.27;289910
6.055;6.2;6.035;6.165;166360
6.195;6.2;5.95;5.995;66790
5.95;6.08;5.6;6.04;256400
6.08;6.14;6.01;6.12;101980
5.88;6;5.88;5.95;59480
5.9;5.965;5.835;5.835;142450
5.91;6.2;5.835;6.2;142810
6.18;6.37;6.065;6.195;201210
6.2;6.27;6.02;6.19;210920
6.05;6.28;5.88;5.9;197510
6.1;6.34;5.9;6.34;94300
6.315;6.49;6.19;6.49;75330
6.3;6.485;6.205;6.26;81550
6.19;6.305;5.95;6.1;37060
6.01;6.13;6.01;6.02;68590
6.1;6.2;6.07;6.175;239360
6.185;6.505;6.175;6.365;196950
6.405;6.405;6.165;6.195;124290
6.245;6.38;6.15;6.15;204210
6.21;6.405;6.21;6.305;77480
6.3;6.395;6.295;6.3;64060
6.24;6.37;6.2;6.35;114000
6.37;6.55;6.3;6.495;225460
6.55;6.565;6.495;6.56;141490
6.565;6.575;6.44;6.51;90590
6.55;6.8;6.5;6.685;310790
6.7;6.75;6.615;6.655;107840
6.66;6.735;6.57;6.615;169070
6.6;6.65;6.51;6.59;154660
6.6;6.75;6.525;6.705;106900
6.72;6.8;6.72;6.8;223380
6.88;6.88;6.73;6.77;109540
6.7;6.71;6.51;6.69;149100
6.69;6.95;6.6;6.95;356220
6.855;6.97;6.855;6.97;64960
6.94;6.99;6.88;6.99;33830
6.85;6.9;6.815;6.85;78780
6.8;6.85;6.8;6.85;55170
6.79;6.89;6.79;6.89;65200
6.82;7.17;6.82;7.11;390250
7.025;7.28;7.025;7.28;193250
7.18;7.275;6.975;7.025;585860
7.09;7.4;7.09;7.3;312150
7.25;7.29;7.22;7.225;230830
7.295;7.295;7.225;7.235;225140
7.25;7.28;7.1;7.1;115040
6.99;7.1;6.99;7;66070
6.99;7.1;6.99;7.05;30940
7.05;7.05;6.515;6.74;568320
6.79;6.94;6.685;6.84;158710
6.84;6.92;6.73;6.875;95140
6.875;6.875;6.615;6.63;76900
6.6;6.7;6.425;6.52;179720
6.555;6.7;6.46;6.7;349170
6.83;6.83;6.7;6.7;142980
6.7;6.935;6.695;6.77;200430
6.7;6.8;6.61;6.7;115870
6.7;6.8;6.615;6.75;111610
6.8;6.85;6.67;6.8;674760
6.735;6.795;6.67;6.785;457160
6.89;7.09;6.86;6.99;352910
7;7;6.625;6.655;297070
6.6;6.65;6.45;6.5;157200
6.7;6.7;6.495;6.55;202140
6.52;7.015;6.52;6.81;258310
6.83;6.95;6.825;6.89;176360
6.9;6.9;6.66;6.775;227440
6.805;6.88;6.665;6.805;114740
6.8;6.87;6.62;6.65;149620
6.61;6.7;6.505;6.57;52030
6.575;6.66;6.53;6.55;33090
6.515;6.515;6.11;6.49;529670
6.51;6.55;6.3;6.55;98300
6.785;6.785;6.55;6.7;1828120
6.69;6.785;6.67;6.75;216120
6.61;6.65;6.45;6.595;106720
6.57;6.595;6.5;6.545;94290
6.4;6.54;6.22;6.22;92440
6.27;6.57;6.24;6.43;1607860
6.54;6.54;6.435;6.435;22780
6.36;6.36;6.22;6.255;270290
6.26;6.3;6.125;6.18;177940
6.18;6.18;6.025;6.025;121800
6.05;6.05;5.87;5.885;312230
5.87;5.89;5.62;5.67;133330
5.7;5.785;5.39;5.58;967940
5.585;5.645;5.425;5.6;482160
5.6;5.625;5.39;5.47;381350
5.5;5.655;5.5;5.625;209810
5.51;5.6;5.49;5.59;173880
5.6;5.63;5.51;5.59;63010
5.645;5.85;5.645;5.7;100160
5.79;5.79;5.52;5.69;80020
5.69;5.705;5.54;5.54;140940
5.53;5.685;5.5;5.55;264260
5.675;5.7;5.51;5.55;681410
5.65;5.65;5.51;5.52;130640
5.55;5.64;5.345;5.38;152680
5.39;5.485;5.31;5.32;151200
5.305;5.355;5.1;5.18;303100
5.15;5.2;4.955;5.04;380750
5.01;5.01;4.926;4.926;387630
4.91;5.02;4.91;4.988;213580
5.28;5.28;5.1;5.23;384570
5.29;5.35;5.22;5.22;405180
5.2;5.44;5.2;5.35;309230
5.35;5.48;5.25;5.385;515350
5.455;5.455;5.33;5.35;331110
5.45;5.45;5.25;5.25;430930
5.25;5.375;5.25;5.36;131140
5.39;5.585;5.35;5.55;269490
5.585;5.6;5.53;5.55;128060
5.6;5.6;5.39;5.5;390380
5.58;5.59;5.51;5.555;95550
5.55;5.58;5.45;5.45;208280
5.52;5.56;5.41;5.48;199180
5.5;5.55;5.41;5.425;355720
5.42;5.43;5.36;5.375;526000
5.4;5.425;5.39;5.4;346320
5.4;5.5;5.4;5.45;111430
5.49;5.49;5.41;5.42;134540
5.43;5.435;5.38;5.38;227990
5.3;5.385;5.3;5.365;146730
5.33;5.345;5.035;5.245;131780
5.33;5.58;4.5;5.15;256150
4.5;5.095;4.5;4.911;103310
4.9;5.06;4.75;4.886;114940
4.8;4.85;4.353;4.45;204400
4.2;4.36;3.96;4.265;450390
4.2;4.46;4.2;4.4;410250
4.51;4.95;4.5;4.501;373710
4.55;4.6;4.315;4.35;454480
4.25;4.3;3.815;4.1;525610
4.105;4.3;4.105;4.249;428490
4.401;4.595;4.401;4.58;371190
4.602;4.977;4.602;4.798;488080
4.8;4.87;4.455;4.589;241370
4.7;4.78;4.61;4.78;348100
4.87;4.87;4.55;4.73;123790
4.75;4.75;4.5;4.75;196030
4.631;4.7;4.5;4.6;127190
4.695;4.74;4.61;4.615;61920
4.5;4.79;4.5;4.785;130100
4.7;4.779;4.65;4.73;121340
4.73;4.85;4.7;4.77;156880
4.799;4.848;4.77;4.776;335000
4.89;4.9;4.825;4.85;103350
4.9;4.9;4.865;4.89;284130
4.9;4.97;4.51;4.71;307650
4.84;4.93;4.8;4.879;141510
4.755;4.93;4.755;4.911;511460
4.875;4.889;4.811;4.889;92360
4.86;4.95;4.85;4.91;180460
4.98;4.985;4.94;4.97;84740
4.994;5;4.95;4.978;88870
4.979;5.09;4.97;5.01;131840
5.1;5.16;5.05;5.05;200350
5.16;5.195;5.1;5.13;80030
5.195;5.2;5.15;5.165;66380
5.16;5.18;5;5;212280
4.9;5.2;4.878;5.105;106080
5.2;5.39;5.2;5.33;105680
5.39;5.45;5.155;5.2;131460
5.1;5.275;5.1;5.2;84850
5.2;5.24;5;5.04;130700
5.18;5.19;5.075;5.1;75260
5.1;5.1;4.91;4.925;294450
4.988;4.988;4.915;4.969;88940
5.1;5.1;4.936;5;234250
5.05;5.12;5.03;5.07;92890
5.155;5.32;5.15;5.24;452810
5.24;5.24;4.95;5.01;730860
5;5;4.895;4.895;998280
4.94;4.94;4.87;4.89;314940
4.9;4.93;4.87;4.92;238500
4.92;4.999;4.87;4.995;299230
5;5.24;4.991;5.175;173080
5.21;5.24;5.09;5.12;211730
5.25;5.25;5.115;5.115;162290
5.12;5.205;5.025;5.075;192920
5.1;5.1;5.04;5.1;121330
5.195;5.195;5.06;5.085;89970
5.15;5.15;5.085;5.085;91360
5.1;5.15;5.075;5.085;81820
5.1;5.125;5.055;5.065;90710
5.09;5.3;5.085;5.23;227490
5.26;5.285;5.225;5.285;115900
5.285;5.285;5.255;5.27;77000
5.285;5.585;5.28;5.585;470430
5.42;5.505;5.405;5.47;182400
5.5;5.54;5.275;5.3;153850
5.3;5.33;5.265;5.31;60330
5.25;5.26;5.23;5.25;35130
5.26;5.4;5.23;5.39;42590
5.4;5.475;5.345;5.44;204100
5.255;5.4;5.255;5.4;52090
5.395;5.395;5.25;5.25;69130
5.25;5.29;5.155;5.25;81640
5.35;5.41;5.33;5.33;32100
5.32;5.34;5.235;5.335;46870
5.54;5.54;5.325;5.325;111020
5.39;5.46;5.35;5.375;26970
5.485;5.52;5.405;5.52;61010
5.54;5.6;5.485;5.57;84940
5.73;5.77;5.63;5.63;422890
5.695;5.7;5.52;5.52;254650
5.65;5.725;5.61;5.7;109140
5.8;5.9;5.7;5.85;244390
5.86;5.98;5.84;5.94;344110
5.95;5.96;5.91;5.94;298190
5.905;5.91;5.565;5.65;412050
5.74;5.75;5.65;5.7;97010
5.75;5.82;5.7;5.82;155660
5.82;5.84;5.66;5.735;343050
5.725;5.725;5.59;5.59;99790
5.625;5.725;5.595;5.66;43100
5.6;5.715;5.59;5.715;72660
5.61;5.785;5.6;5.69;78750
5.7;5.74;5.59;5.695;71070
5.75;5.75;5.605;5.705;75080
5.73;5.73;5.61;5.65;79420
5.615;5.65;5.57;5.6;110120
5.65;5.725;5.65;5.7;65480
5.69;5.8;5.685;5.75;96740
5.805;5.9;5.8;5.8;426800
5.8;5.85;5.75;5.84;150200
5.85;5.85;5.75;5.8;105090
5.75;5.81;5.75;5.79;127660
5.795;5.81;5.76;5.77;186670
5.8;5.86;5.8;5.83;143870
5.85;5.88;5.78;5.78;157590
5.8;5.845;5.75;5.84;96380
5.82;6.11;5.8;6.04;589320
5.995;6;5.95;5.965;79470
5.96;6.11;5.96;6.08;244100
6.12;6.175;6.01;6.1;356640
6;6.035;5.955;6;536280
6;6.18;6;6.1;285720
6.15;6.15;5.915;5.965;179460
5.96;6.08;5.92;6.08;89860
6.08;6.12;6.05;6.08;127430
6.05;6.21;6.05;6.19;206260
6.145;6.35;6.145;6.27;255700
6.22;6.32;6.1;6.1;91550
6.2;6.3;6.18;6.25;121270
6.11;6.27;6.085;6.14;130250
6.27;6.34;6.04;6.15;593170
6.2;6.395;6.2;6.34;736980
6.32;6.4;6.3;6.38;153280
6.405;6.55;6.405;6.5;877400
6.505;6.52;6.4;6.4;272090
6.49;6.58;6.465;6.54;281460
6.53;6.58;6.41;6.45;263060
6.56;6.665;6.5;6.665;306390
6.6;6.62;6.57;6.6;204190
6.6;6.62;6.41;6.55;543690
6.42;6.495;6.32;6.415;112380
6.39;6.445;6.315;6.34;409820
6.37;6.37;6.325;6.35;75930
6.36;6.395;6.355;6.375;47380
6.365;6.4;6.315;6.37;102950
6.35;6.38;6.27;6.3;122810
6.3;6.37;6.3;6.37;118020
6.35;6.5;6.325;6.395;100600
6.39;6.52;6.39;6.5;152470
6.41;6.53;6.39;6.495;138270
6.5;6.5;6.45;6.49;28430
6.405;6.455;6.38;6.39;149730
6.38;6.42;6.38;6.4;106760
6.4;6.5;6.385;6.47;50660
6.495;6.505;6.465;6.49;200250
6.45;6.49;6.425;6.47;120880
6.43;6.45;6.385;6.385;88580
6.38;6.4;6.35;6.375;50940
6.3;6.37;6.2;6.21;129920
6.215;6.28;6.1;6.12;69890
6.2;6.545;6.2;6.45;710750
6.48;6.49;6.45;6.48;216940
6.48;6.54;6.43;6.43;193860
6.405;6.425;6.36;6.36;78380
6.36;6.36;6.215;6.3;70360
6.295;6.32;6.26;6.28;87060
6.2;6.28;6.175;6.2;64210
6.2;6.28;6.2;6.22;169410
6.3;6.44;6.28;6.41;211380
6.44;6.45;6.31;6.45;460890
6.42;6.46;6.4;6.46;96400
6.47;6.475;6.395;6.4;371430
6.32;6.45;6.32;6.45;127580
6.45;6.51;6.45;6.51;71680
6.5;6.565;6.47;6.525;316130
6.51;6.54;6.425;6.49;193780
6.49;6.5;6.435;6.5;135250
6.45;6.515;6.445;6.515;197690
6.41;6.66;6.41;6.65;246130
6.655;6.67;6.605;6.65;167490
6.615;6.83;6.615;6.74;201050
6.7;6.75;6.635;6.745;106820
6.7;6.75;6.675;6.675;119980
6.65;6.7;6.61;6.7;71070
6.67;6.79;6.67;6.79;241090
6.82;7.14;6.82;6.86;1353550
6.885;6.965;6.865;6.92;676140
6.775;6.945;6.775;6.9;106900
6.86;6.89;6.72;6.775;106170
6.69;6.78;6.66;6.74;140120
6.7;6.725;6.685;6.72;168730
6.725;6.725;6.525;6.575;483910
6.525;6.67;6.525;6.615;80170
6.6;6.615;6.52;6.6;84640
6.5;6.6;6.35;6.38;164850
6.57;6.57;6.38;6.385;97750
6.38;6.7;6.38;6.555;254540
6.35;6.35;6.11;6.3;875830
6.35;6.38;6.25;6.27;84220
6.21;6.295;5.91;6.2;584020
6.26;6.5;6.26;6.335;140780
6.5;6.56;6.3;6.38;181770
6.38;6.38;6.22;6.345;51040
6.39;6.39;6.215;6.22;189120
6.25;6.25;5.98;6.1;281170
6;6.09;5.65;5.8;170590
5.8;5.89;5.7;5.79;156530
5.7;5.85;5.2;5.85;137260
6.095;6.235;5.95;6.005;121260
6.23;6.38;6.175;6.175;460280
6.45;6.45;6.32;6.33;147450
6.4;6.41;6.25;6.275;174450
6.05;6.19;5.89;6;124280
6.185;6.185;6.065;6.14;40500
6.175;6.19;5.99;6;257080
6.15;6.15;6.09;6.1;75630
6.09;6.12;6.08;6.1;244860
6.01;6.095;6.01;6.085;75200
6;6.135;6;6.01;187750
6.15;6.15;5.955;6;77770
5.995;6.01;5.955;5.965;179700
5.95;5.99;5.84;5.875;405900
5.8;5.89;5.8;5.89;156030
5.8;5.995;5.8;5.97;193590
5.905;5.95;5.79;5.8;327570
5.8;5.8;5.65;5.68;79510
5.61;5.68;5.205;5.205;287450
5.2;5.295;4.903;5.06;379330
5.37;5.4;5.15;5.315;209030
5.3;5.3;5.1;5.205;60700
5.33;5.39;5.21;5.39;278050
5.41;5.45;5.41;5.43;44810
5.5;5.575;5.46;5.5;183450
5.6;5.6;5.41;5.45;396970
5.455;5.46;5.2;5.2;148250
5.09;5.15;4.8;5;382490
5;5.2;4.93;5.2;261990
5.345;5.345;5.1;5.1;28500
5.1;5.295;4.81;5.295;649730
5.01;5.195;5.01;5.075;115900
5.075;5.075;4.9;4.95;474780
4.96;5.09;4.93;4.93;338540
5;5;4.91;4.91;70100
5.06;5.06;4.9;4.915;216560
4.95;5.075;4.91;5.075;65650
4.995;5.085;4.95;4.975;199970
5;5.05;4.976;4.98;107520
5;5.155;5;5.155;423330
5.17;5.33;5.17;5.285;189430
5.39;5.39;5.3;5.3;345420
5.25;5.3;5.18;5.18;48240
5.1;5.355;5.1;5.31;184100
5.27;5.43;5.26;5.4;89240
5.48;5.48;5.33;5.345;132650
5.4;5.445;5.255;5.32;61060
5.32;5.33;5.205;5.21;69430
5.25;5.3;5.1;5.3;163660
5.25;5.365;5.2;5.25;73230
5.25;5.35;5.015;5.015;137460
5.08;5.255;5.025;5.24;59970
5.3;5.3;5.105;5.2;27910
5.3;5.3;5.15;5.25;190540
5.285;5.5;5.2;5.48;188700
5.5;5.5;5.25;5.31;158760
5.32;5.32;5.21;5.32;111660
5.295;5.44;5.1;5.1;522780
5.105;5.3;5.105;5.28;139810
5.26;5.335;5.205;5.205;287650
5.2;5.22;5.005;5.095;115000
5;5.2;5;5.2;141860
5.025;5.185;4.858;4.858;243610
4.811;4.811;4.38;4.7;397550
4.5;4.692;4.417;4.638;227630
4.95;4.95;4.87;4.918;341190
4.95;5.065;4.895;5.065;151490
4.95;4.99;4.851;4.9;278220
4.965;4.965;4.88;4.9;409360
4.915;5.17;4.9;5.17;104900
4.955;5.1;4.9;4.915;128520
4.948;4.948;4.9;4.935;66110
4.944;4.944;4.88;4.9;238440
4.9;4.91;4.88;4.88;202980
4.88;4.9;4.86;4.86;362750
4.86;4.93;4.84;4.871;338140
4.93;4.93;4.71;4.72;82790
4.74;4.895;4.671;4.85;650290
4.9;5.2;4.9;5.19;487670
4.78;5.12;4.78;5.03;130500
5.1;5.2;5.03;5.17;1873370
5.195;5.42;5.1;5.355;195410
5.38;5.51;5.315;5.51;246690
5.53;5.53;5.405;5.5;138670
5.485;5.5;5.36;5.4;388440
5.4;5.5;5.38;5.38;53870
5.38;5.42;5.38;5.42;18710
5.38;5.48;5.38;5.435;140520
5.45;5.48;5.38;5.38;156240
5.38;5.58;5.38;5.54;267730
5.555;5.555;5.47;5.53;74290
5.57;5.57;5.45;5.52;17250
5.55;5.705;5.55;5.675;120210
5.69;5.82;5.635;5.73;373920
5.8;5.8;5.455;5.71;244770
5.6;5.73;5.56;5.62;54530
5.5;5.63;5.475;5.56;117910
5.505;5.555;5.505;5.555;27400
5.535;5.535;5.28;5.385;149820
5.38;5.44;5.305;5.365;46420
5.4;5.5;5.4;5.49;185300
5.5;5.5;5.365;5.44;58650
5.44;5.5;5.4;5.4;54310
4.86;4.948;4.66;4.9;3153880
4.95;5.12;4.949;5.1;1375380
5.12;5.35;5.105;5.25;679910
5.31;5.36;5.25;5.3;1938380
5.32;5.375;5.29;5.365;772090
5.35;5.625;5.35;5.61;1339770
5.695;6.26;5.63;6.25;2067960
6.2;6.2;5.77;5.9;742660
5.91;5.94;5.735;5.735;234390
5.82;5.85;5.735;5.79;75630
5.8;5.9;5.77;5.79;99650
5.77;5.81;5.605;5.735;53930
5.67;5.85;5.67;5.79;205330
5.8;5.8;5.655;5.8;255960
5.8;5.855;5.72;5.745;177680
5.71;5.8;5.7;5.8;337440
5.71;5.79;5.58;5.66;270430
5.565;5.885;5.565;5.715;134570
5.86;5.86;5.6;5.6;92740
5.6;5.695;5.515;5.56;242060
5.54;5.59;5.36;5.36;389170
5.4;5.5;5.4;5.45;127440
5.455;5.49;5.325;5.49;303120
5.49;5.6;5.4;5.56;107370
5.51;5.62;5.42;5.6;189460
5.63;5.63;5.595;5.61;17810
5.6;5.63;5.585;5.6;90610
5.6;5.61;5.55;5.55;174520
5.55;5.595;5.55;5.595;41910
5.55;5.635;5.51;5.6;88510
5.68;5.78;5.58;5.7;188320
5.71;5.8;5.68;5.7;391290
5.7;5.75;5.615;5.7;131850
5.74;5.74;5.6;5.6;568410
5.7;5.7;5.45;5.59;105970
5.645;5.645;5.41;5.43;148730
5.55;5.585;5.5;5.5;85140
5.505;5.55;5.435;5.55;128460
5.53;5.65;5.5;5.625;186580
5.455;5.61;5.455;5.6;85260
5.5;5.6;5.5;5.585;21820
5.58;5.585;5.5;5.58;14560
5.555;5.575;5.475;5.5;33400
5.45;5.575;5.42;5.57;159220
5.5;5.515;5.45;5.5;20780
5.495;5.495;5.42;5.45;105670
5.4;5.435;5.35;5.395;115970
5.365;5.4;5.31;5.37;106540
5.31;5.365;5.2;5.2;164890
5.1;5.365;5.1;5.35;1248700
5.25;5.35;5.25;5.35;98510
5.25;5.35;5.25;5.25;111690
5.25;5.29;5.2;5.2;299940
5.15;5.235;5.105;5.105;76930
5.1;5.17;5.1;5.1;158540
5.135;5.14;5.03;5.03;172480
5.05;5.135;5.05;5.05;53500
5.05;5.1;5.05;5.05;130730
5.03;5.1;5.025;5.1;67040
5.1;5.1;5.025;5.1;52250
5.1;5.135;5.035;5.13;32050
5.1;5.15;5.1;5.12;78030
5.1;5.145;5.025;5.145;460410
5.14;5.14;5.025;5.065;15450
5.065;5.1;5.025;5.1;31600
5.025;5.055;5;5;156030
4.951;5.035;4.95;4.994;94670
4.95;4.994;4.93;4.95;98400
4.95;4.996;4.925;4.936;3368620
4.901;4.945;4.85;4.945;235610
4.9;5.1;4.85;5.1;81040
5.1;5.1;4.903;5.08;76900
4.927;5;4.85;4.85;182760
4.8;4.925;4.75;4.795;970400
4.7;4.817;4.7;4.765;555820
4.7;4.8;4.7;4.766;83990
4.706;4.8;4.7;4.7;107810
4.705;4.726;4.644;4.675;211290
4.6;4.62;4.529;4.551;277110
4.55;4.585;4.546;4.55;62370
4.57;4.713;4.57;4.686;38740
4.66;4.66;4.542;4.585;182520
4.58;4.655;4.541;4.541;207940
4.64;4.64;4.541;4.598;66920
4.57;4.598;4.52;4.579;16290
4.52;4.575;4.52;4.536;50310
4.58;4.58;4.525;4.53;77570
4.51;4.529;4.345;4.49;209980
4.41;4.65;4.41;4.561;285770
4.51;4.63;4.5;4.595;62950
4.45;4.59;4.45;4.587;51660
4.5;4.588;4.451;4.485;174990
4.586;4.586;4.47;4.5;58490
4.468;4.5;4.43;4.45;128080
4.45;4.48;4.403;4.42;128910
4.44;4.44;4.403;4.412;35780
4.412;4.55;4.412;4.53;132700
4.501;4.57;4.457;4.457;107590
4.52;4.52;4.461;4.48;74610
4.462;4.55;4.456;4.55;114390
4.55;4.59;4.511;4.59;88260
4.58;4.59;4.511;4.575;66200
4.56;4.65;4.56;4.612;104730
4.65;4.9;4.65;4.9;117800
4.963;4.963;4.81;4.81;70070
4.921;4.956;4.86;4.956;79360
5;5.175;5;5.075;161180
5.1;5.29;5.035;5.29;135520
5.27;5.325;5.16;5.25;86750
5.16;5.235;5.16;5.2;176550
5.235;5.265;5.17;5.21;65050
5.16;5.25;5.12;5.18;183710
5.205;5.205;5.135;5.185;69700
5.19;5.19;5.03;5.04;160930
5.015;5.07;4.95;5.05;217130
5.1;5.165;5.01;5.165;239420
5.155;5.24;5.155;5.205;147710
5.1;5.155;5.1;5.105;92910
5.1;5.15;5.015;5.1;155390
5.07;5.19;5.07;5.15;136630
5.15;5.18;5.1;5.1;173760
5.1;5.18;5.095;5.175;59340
5.1;5.2;5.1;5.2;28190
5.15;5.23;5.15;5.2;142630
5.15;5.22;5.15;5.165;40540
5.15;5.2;5.13;5.17;59920
5.16;5.215;5.155;5.215;18700
5.155;5.295;5.155;5.295;204170
5.315;5.315;5.215;5.28;35730
5.22;5.27;5.22;5.25;86350
5.26;5.345;5.26;5.345;39770
5.345;5.41;5.345;5.41;22540
5.35;5.52;5.35;5.52;160580
5.52;5.545;5.45;5.45;37740
5.41;5.49;5.41;5.46;49870
5.46;5.5;5.41;5.5;172260
5.47;5.505;5.47;5.5;43440
5.5;5.58;5.46;5.49;82220
5.58;5.65;5.505;5.65;37570
5.67;5.945;5.5;5.945;209250
5.9;5.925;5.8;5.875;162910
5.75;5.75;5.49;5.53;370500
5.51;5.55;5.51;5.55;98250
5.54;5.59;5.51;5.51;49620
5.52;5.585;5.515;5.54;59430
5.52;5.55;5.505;5.52;90020
5.51;5.58;5.51;5.58;27650
5.54;5.54;5.415;5.42;369510
5.47;5.55;5.415;5.47;401950
5.485;5.545;5.43;5.43;59750
5.47;5.54;5.43;5.45;1845450
5.52;5.62;5.5;5.54;211790
5.6;5.61;5.56;5.6;24100
5.55;5.68;5.55;5.68;69920
5.68;5.74;5.68;5.74;200590
5.49;5.53;5.35;5.49;147980
5.48;5.53;5.345;5.4;253200
5.4;5.46;5.36;5.43;99590
5.415;5.715;5.415;5.705;394110
5.605;5.77;5.605;5.71;158470
5.66;5.77;5.66;5.71;63150
5.7;5.75;5.635;5.635;151830
5.6;5.6;5.51;5.515;27940
5.52;5.57;5.52;5.57;110840
5.525;5.59;5.52;5.56;75140
5.53;5.8;5.53;5.765;177050
5.88;5.89;5.765;5.89;197760
5.77;5.81;5.71;5.81;26250
5.795;5.82;5.77;5.8;41960
5.75;5.795;5.625;5.78;25700
5.7;5.78;5.7;5.75;41550
5.77;5.77;5.72;5.75;41530
5.7;5.78;5.675;5.78;39330
5.7;5.95;5.7;5.85;149070
5.85;5.91;5.8;5.825;271910
5.765;5.86;5.765;5.86;38050
5.75;5.895;5.75;5.895;46720
5.86;5.95;5.745;5.895;67670
5.76;5.89;5.76;5.79;7680
5.79;5.9;5.785;5.89;36780
5.79;5.805;5.755;5.78;37340
5.78;5.86;5.75;5.795;43290
5.75;5.795;5.745;5.795;33960
5.74;5.79;5.74;5.79;5180
5.75;5.87;5.75;5.855;55230
5.855;5.865;5.76;5.765;30710
5.795;5.795;5.76;5.795;12230
5.8;5.85;5.77;5.85;27950
5.8;5.9;5.775;5.85;20200
5.77;5.9;5.77;5.88;50170
5.86;5.86;5.825;5.85;6820
5.85;5.895;5.81;5.895;104190
5.81;5.98;5.81;5.98;132020
5.91;5.91;5.805;5.825;20540
5.84;5.97;5.84;5.965;62860
5.875;6.05;5.875;6.045;123040
6.04;6.04;5.965;6.03;12350
6;6.09;5.975;6.015;60180
5.975;6.1;5.975;6.055;35060
6.025;6.08;6.025;6.08;36300
6.08;6.15;6.05;6.1;138140
6.005;6.095;6.005;6.06;32690
6.01;6.1;6.01;6.1;158040
6.1;6.15;6;6.15;39790
6.15;6.19;6.11;6.19;73280
6.13;6.17;6.03;6.03;44290
6.005;6.05;5.985;5.985;77710
5.99;6.09;5.99;6.08;20100
6.085;6.085;6.02;6.08;48740
6.08;6.2;6.02;6.2;85860
6;6.2;5.905;6.125;605810
6.08;6.175;6.025;6.175;370260
6.085;6.15;6.085;6.145;525500
6.195;6.2;6.06;6.075;277230
6.08;6.12;6.065;6.12;152990
6.105;6.145;6.085;6.13;141080
6.13;6.13;5.875;5.9;115910
5.9;6.21;5.85;6.195;374830
6.08;6.185;6.03;6.115;1763200
6.025;6.225;6.025;6.195;817940
6.105;6.2;6.05;6.05;295740
6.02;6.07;5.92;6.005;61240
6.3;6.34;6.16;6.2;439310
6.21;6.225;6.07;6.21;187060
6.2;6.21;6.105;6.21;25110
6.11;6.21;6.11;6.2;62790
6.195;6.395;6.12;6.225;297450
6.29;6.41;6.22;6.4;289970
6.4;6.4;6.3;6.395;125780
6.38;6.45;6.37;6.38;115670
6.3;6.4;6.3;6.34;111020
6.305;6.4;6.305;6.4;36160
6.315;6.35;6.3;6.3;20890
6.3;6.38;6.2;6.31;44470
6.3;6.475;6.3;6.4;100990
6.41;6.49;6.39;6.4;87970
6.4;6.42;6.31;6.4;54100
6.385;6.43;6.21;6.245;90530
6.22;6.245;6.215;6.22;47310
6.24;6.3;6.21;6.25;50810
6.22;6.255;6.2;6.2;210440
6.2;6.29;6.18;6.29;91690
6.24;6.325;6.225;6.3;66130
6.25;6.46;6.25;6.4;256020
6.4;6.45;6.4;6.42;55980
6.43;6.53;6.41;6.53;127150
6.53;6.53;6.5;6.5;108970
6.5;6.53;6.45;6.45;130600
6.41;6.5;6.4;6.455;129410
6.455;6.475;6.405;6.405;14200
6.41;6.515;6.405;6.5;71530
6.51;6.59;6.51;6.53;78690
6.4;6.59;6.4;6.58;43740
6.55;6.55;6.4;6.405;121640
6.4;6.45;6.23;6.27;614360
6.22;6.3;6.22;6.235;31650
6.24;6.41;6.23;6.34;625490
6.255;6.395;6.255;6.3;30440
6.265;6.48;6.265;6.44;33750
6.28;6.455;6.28;6.37;27590
6.37;6.455;6.36;6.445;1498590
6.36;6.45;6.35;6.405;11720
6.35;6.445;6.345;6.445;141270
6.39;6.44;6.39;6.405;350890
6.4;6.44;6.395;6.405;47970
6.39;6.435;6.36;6.4;99180
6.35;6.48;6.35;6.48;121090
6.36;6.55;6.36;6.545;171560
6.36;6.48;6.36;6.47;62720
6.475;6.52;6.405;6.52;92320
6.515;6.52;6.425;6.48;40170
6.43;6.53;6.43;6.47;26050
6.51;6.54;6.48;6.5;117660
6.5;6.59;6.5;6.585;41960
6.5;6.59;6.5;6.535;72070
6.535;6.59;6.52;6.59;98710
6.55;6.605;6.52;6.605;86320
6.4;6.605;6.4;6.53;77520
6.475;6.6;6.47;6.585;126710
6.485;6.62;6.485;6.57;48610
6.58;6.6;6.525;6.525;7810
6.455;6.575;6.455;6.565;26130
6.465;6.61;6.465;6.605;296930
6.6;6.63;6.55;6.6;57240
6.56;6.66;6.56;6.6;28070
6.6;6.68;6.57;6.65;37830
6.6;6.68;6.6;6.66;31100
6.68;6.68;6.63;6.63;147330
6.615;6.675;6.575;6.58;42330
6.58;6.6;6.525;6.555;136610
6.545;6.64;6.545;6.6;120510
6.535;6.6;6.52;6.595;87140
6.525;6.675;6.525;6.595;59800
6.565;6.65;6.565;6.595;154940
6.535;6.7;6.535;6.7;115060
6.65;6.74;6.575;6.61;60900
6.6;6.6;6.585;6.595;40110
6.6;6.6;6.435;6.435;65890
6.4;6.445;6.37;6.37;183520
6.37;6.58;6.37;6.58;140710
6.53;6.58;6.465;6.515;26530
6.455;6.6;6.455;6.5;86940
6.465;6.55;6.405;6.5;193830
6.49;6.49;6.39;6.4;86300
6.395;6.455;6.365;6.41;105690
6.41;6.47;6.36;6.415;143110
6.37;6.49;6.37;6.405;134360
6.45;6.5;6.39;6.445;1329330
6.41;6.5;6.41;6.49;14680
6.44;6.49;6.38;6.405;45200
6.4;6.525;6.4;6.525;67700
6.525;6.525;6.4;6.5;117080
6.5;6.52;6.405;6.48;35080
6.48;6.6;6.465;6.5;108970
6.5;6.59;6.45;6.455;98800
6.46;6.58;6.46;6.55;25710
6.5;6.66;6.5;6.6;392960
6.555;6.615;6.555;6.58;142680
6.565;6.65;6.55;6.58;63400
6.575;6.595;6.555;6.57;18660
6.58;6.61;6.57;6.6;193400
6.6;6.61;6.55;6.6;85960
6.63;6.63;6.56;6.6;77870
6.55;6.62;6.55;6.59;13500
6.59;6.6;6.5;6.5;132840
6.5;6.59;6.49;6.59;98170
6.59;6.845;6.59;6.845;765780
6.8;6.845;6.73;6.79;460980
6.73;6.795;6.73;6.79;61030
6.79;7.39;6.79;7.125;579310
7.055;7.105;7.015;7.1;252280
7.09;7.115;7.06;7.1;188020
7.065;7.1;7.06;7.06;149430
7.06;7.09;6.83;6.91;204510
6.895;7;6.855;7;263710
6.87;7.09;6.87;6.995;288070
6.87;7.13;6.865;7.13;177290
7.08;7.08;6.94;7;166250
6.985;7.1;6.975;7.1;83550
7.005;7.25;7.005;7.245;202290
7.11;7.24;7.11;7.21;390160
7.2;7.24;7.14;7.195;457030
7.11;7.195;7.11;7.13;235660
7.11;7.2;7.11;7.18;182870
7.11;7.25;7.11;7.25;109890
7.11;7.25;7.11;7.15;138700
7.15;7.3;7.14;7.255;118950
7.3;7.3;7.225;7.3;33260
7.165;7.295;7.165;7.285;18750
7.29;7.385;7.245;7.32;383890
7.3;7.35;7.3;7.31;76110
7.3;7.3;7.17;7.235;303280
7.18;7.3;7.18;7.295;119640
7.295;7.35;7.24;7.3;107440
7.3;7.39;7.3;7.39;62630
7.39;7.39;7.23;7.34;45820
7.23;7.245;7.17;7.215;58290
7.205;7.29;7.205;7.21;26080
7.345;7.5;7.275;7.45;159600
7.47;7.5;7.4;7.485;135500
7.43;7.48;7.4;7.475;119420
7.45;7.475;7.335;7.43;88920
7.475;7.52;7.41;7.5;211650
7.48;7.665;7.415;7.57;133210
7.61;7.645;7.56;7.595;65180
7.5;7.675;7.4;7.47;51480
7.43;7.485;7.2;7.345;67200
7.3;7.55;7.29;7.37;164690
7.35;7.45;7.305;7.4;240400
7.415;7.45;7.33;7.385;69670
7.215;7.42;7.215;7.34;39710
7.29;7.4;7.2;7.345;83460
7.33;7.345;7.225;7.255;242200
7.2;7.25;6.87;6.87;196980
6.91;7.15;6.91;7.105;244490
7.06;7.22;7.06;7.14;165930
7.075;7.28;7.05;7.05;207080
7;7.17;6.875;7.14;39860
7.16;7.16;6.95;6.985;61150
6.91;7.03;6.91;6.95;45900
7;7.2;7;7.185;137060
7.05;7.18;7.01;7.1;17590
7.175;7.2;7.01;7.2;70590
7.2;7.2;7.115;7.125;16470
7.12;7.2;7;7.01;67400
7.2;7.2;7.045;7.115;55590
7.135;7.2;7.065;7.2;67280
7.2;7.2;7.065;7.145;40090
7.1;7.18;7.1;7.15;2290
7.1;7.2;7.1;7.11;68070
7.2;7.235;7.11;7.11;26700
7.11;7.22;7.1;7.15;68640
7.11;7.23;7.11;7.15;54910
7.15;7.25;7.15;7.225;29680
7.16;7.2;7.16;7.18;35400
7.2;7.24;7.18;7.205;56680
7.205;7.365;7.205;7.3;84370
7.45;7.745;7.45;7.68;423900
7.63;7.78;7.62;7.725;219070
7.725;7.78;7.63;7.75;68800
7.755;8.06;7.755;8;222990
7.99;7.99;7.855;7.855;32670
7.82;7.86;7.775;7.795;13350
7.78;7.845;7.775;7.79;1383380
7.775;7.795;7.695;7.775;102450
7.69;7.75;7.62;7.62;126530
7.65;7.79;7.65;7.77;234130
7.8;8;7.8;8;165670
7.86;8.125;7.86;8.095;124360
8.1;8.135;8.005;8.09;71130
8.09;8.1;8.015;8.065;116050
8.1;8.2;8.09;8.18;38480
8.1;8.19;8.015;8.18;81130
8.18;8.34;8.15;8.26;58490
8.26;8.36;8.215;8.36;198660
8.24;8.24;8.08;8.105;201560
8.075;8.075;7.73;7.73;156100
7.8;7.975;7.795;7.9;94590
7.9;8.1;7.9;8;45640
7.905;8.1;7.905;8.035;49470
7.92;8.2;7.92;8.16;59640
8.19;8.19;8.135;8.185;144660
8;8.185;8;8.15;38650
8.035;8.14;8.02;8.14;59710
8;8.135;7.91;8.1;108730
8;8.1;8;8.05;64180
7.95;8.135;7.95;8.135;25040
8.07;8.15;7.975;8.075;21110
7.965;8.06;7.81;7.82;1342880
7.605;7.86;7.605;7.68;152040
7.57;8.135;7.57;8.13;118500
8.175;8.3;8.175;8.26;193330
8.16;8.33;8.16;8.33;198800
8.27;8.29;8.165;8.29;77030
8.295;8.3;8.265;8.3;146780
8.18;8.285;8.18;8.275;41210
8.185;8.285;8.185;8.25;28900
8.2;8.2;8.17;8.18;67640
8.18;8.18;8.14;8.145;78910
8.19;8.29;8.15;8.29;104210
8.205;8.3;8.195;8.2;60900
8.2;8.4;8.2;8.4;198310
8.23;8.365;8.23;8.28;108060
8.3;8.3;8.2;8.2;29260
8.15;8.24;8.125;8.125;28700
8.1;8.12;8.04;8.07;39880
8.1;8.195;8.04;8.1;85260
8.025;8.15;8.025;8.12;26830
8.17;8.24;8.12;8.24;70610
8.245;8.245;8.125;8.185;24390
8.15;8.185;8.135;8.17;118720
8.12;8.17;8.12;8.15;66400
8.07;8.17;8.035;8.075;104010
8.02;8.095;8.02;8.07;32600
8.05;8.085;8.05;8.06;176970
8.05;8.1;8.05;8.05;38600
8.05;8.13;8.05;8.13;68380
8.1;8.3;8.1;8.3;87230
8.16;8.215;8.16;8.2;15200
8.2;8.3;8.19;8.3;11690
8.3;8.4;8.27;8.4;212530
8.4;8.485;8.31;8.485;251680
8.4;8.515;8.4;8.485;292150
8.45;8.8;8.45;8.8;98240
8.76;8.76;8.6;8.66;121470
9.2;9.2;8.755;8.795;540680
8.91;8.975;8.855;8.91;347250
8.91;9.13;8.7;9;169290
9.1;9.1;8.9;8.975;62730
8.835;9.085;8.835;9.065;85040
8.92;9.18;8.92;9.17;152650
9.09;9.155;9.07;9.15;319970
9.18;9.24;9.115;9.24;221780
9.295;9.3;9.23;9.3;140650
9.3;9.45;9.3;9.445;273470
9.4;9.45;9.335;9.45;237310
9.4;9.45;9.2;9.4;299540
9.38;9.71;9.38;9.69;346970
9.785;9.9;9.7;9.82;229410
9.745;9.83;9.64;9.75;147560
9.785;9.785;9.66;9.75;100180
9.75;9.8;9.67;9.765;162880
9.795;9.95;9.73;9.9;295160
9.89;9.95;9.88;9.94;176220
9.93;9.935;9.61;9.7;182700
9.6;9.7;9.52;9.59;213760
9.595;9.65;9.54;9.605;184840
9.6;9.65;9.545;9.615;230090
9.675;9.695;9.6;9.695;90970
9.7;9.75;9.685;9.725;78000
9.79;9.79;9.54;9.745;45150
9.7;9.75;9.665;9.745;105210
9.745;9.8;9.71;9.725;83190
9.62;9.75;9.56;9.725;264210
9.745;9.745;9.505;9.535;141330
9.5;9.57;9.455;9.495;96620
9.6;9.8;9.6;9.66;372180
9.55;9.75;9.55;9.69;51510
9.67;9.9;9.67;9.835;73500
9.88;9.92;9.82;9.89;63620
9.92;9.945;9.835;9.91;90720
9.84;9.9;9.78;9.83;66180
9.83;9.9;9.77;9.81;60960
9.75;9.9;9.74;9.74;41720
9.67;9.82;9.67;9.79;49830
9.795;9.945;9.795;9.8;202230
9.765;9.94;9.765;9.92;64860
9.94;9.98;9.815;9.98;110680
9.97;10;9.88;10;127110
9.94;10.17;9.94;10.09;137570
10.18;10.2;10.01;10.05;91980
10;10.15;10;10.13;103740
10.1;10.14;10.08;10.11;118400
10.11;10.3;10.11;10.23;80490
10.3;10.36;10.2;10.25;185700
10.3;10.5;10.3;10.5;353650
10.46;10.5;10.19;10.19;172560
10.34;10.45;10.3;10.3;100950
10.35;10.48;10.33;10.4;93120
10.48;10.5;10.35;10.4;214500
10.35;10.48;10.35;10.42;91600
10.42;10.48;10.4;10.45;238510
10.45;10.75;10.41;10.75;206050
10.71;10.75;10.63;10.73;107290
10.7;11;10.7;10.95;192850
10.88;10.96;10.69;10.84;308460
10.81;10.91;10.69;10.79;608790
10.75;10.91;10.75;10.91;237930
10.91;10.93;10.8;10.87;56450
10.88;10.94;10.82;10.89;144360
10.95;10.95;10.87;10.95;67580
10.86;10.97;10.78;10.96;235440
10.9;11.2;10.85;11.11;133440
10.81;11.21;10.81;11.15;161770
11.01;11.2;10.92;10.97;41010
10.9;11.02;10.88;10.88;98540
10.9;11.1;10.84;11.1;79370
11.08;11.08;10.83;11.05;15430
10.89;11.07;10.89;10.98;47660
10.83;10.9;10.82;10.86;46210
10.8;10.87;10.5;10.73;78180
10.69;10.95;10.64;10.86;41930
10.98;11;10.8;11;33830
10.8;10.99;10.8;10.89;28090
10.82;10.82;10.6;10.7;90060
10.6;10.61;10.02;10.27;687380
10.3;10.59;10.27;10.4;315930
10.43;10.65;10.4;10.5;421160
10.51;10.66;10.45;10.5;97560
10.5;10.58;10.4;10.52;88890
10.48;10.52;10.46;10.5;59300
10.5;11.12;10.5;11.1;502940
10.86;11.07;10.85;10.9;135910
10.83;11;10.72;10.81;169700
10.75;10.9;10.71;10.8;94690
10.77;10.94;10.77;10.92;33230
10.94;11;10.82;10.97;76360
12.31;14.28;12.31;13.8;4357130
13.72;13.94;13.51;13.76;383000
13.7;14.58;13.61;14.2;502700
14.35;14.76;14.25;14.35;301250
14.53;14.54;13.54;13.71;383990
13.95;14.3;13.75;14.1;358490
14.28;14.5;14.24;14.43;154780
14.35;14.5;14.27;14.5;467400
15.1;15.4;14.85;14.85;509800
14.65;14.97;14.63;14.8;256590
14.8;15.1;14.64;15.1;138250
15.32;15.35;15.06;15.2;212940
15.3;15.49;15.2;15.4;174860
15.39;16.2;15.32;15.5;223050
15.73;15.85;15.21;15.3;173230
15.4;15.7;15.1;15.5;145210
15.82;16.2;15.7;16;627380
16.19;16.24;16;16.24;123500
16.27;16.95;16.11;16.26;277790
16.26;16.5;15.85;15.9;261400
16;16.29;15.9;16.1;166840
16.01;16.3;15.95;16.05;36000
16;16.1;15.95;16;325140
16;16.05;15.2;15.66;114370
15.66;16.05;15.6;15.85;202800
16;16.6;16;16.45;223100
16.41;16.55;16.32;16.41;147680
16.5;16.5;16.13;16.35;173990
16.36;16.4;16.13;16.24;64190
16.27;16.47;16.2;16.42;51250
16.42;16.59;16.3;16.56;396630
16.59;16.6;16.37;16.5;125670
16.31;16.7;16.31;16.6;176720
17.1;17.64;17.02;17.45;1065500
17.45;17.46;16.7;16.99;380170
17.01;17.17;16.72;16.75;137840
16.65;16.74;16.55;16.58;145430
16.55;16.81;16.55;16.81;725690
16.82;16.88;16.74;16.85;268880
16.85;17;16.8;16.95;468560
16.89;17.1;16.89;17;286710
16.96;17.01;16.56;16.61;109350
16.58;16.9;16.58;16.68;96020
16.7;16.99;16.7;16.99;137820
16.85;17.16;16.75;17.1;270890
17.01;17.04;16.63;16.8;158610
16.67;16.9;16.3;16.34;266020
16.59;16.59;16.26;16.31;141390
16.45;16.65;16.33;16.47;117130
16.4;16.54;16.4;16.43;103140
16.47;16.59;16.44;16.5;386300
16.6;17.22;16.51;17.06;259130
16.95;17.07;16.9;16.95;143280
16.93;17.14;16.87;16.94;267920
16.94;17.06;16.89;16.96;240910
17.12;17.13;16.95;16.98;115200
17;17.05;16.92;17.05;121630
17.06;17.15;16.95;17.1;340170
17;17.08;16.8;16.94;393740
16.55;16.57;16.04;16.55;159580
16.5;16.81;16.38;16.7;165840
16.7;17.15;16.7;17;235100
16.88;16.92;16.68;16.92;934920
17;17;16.8;16.9;207650
17;17;16.8;16.85;99340
16.8;16.97;16.8;16.96;221490
16.95;16.95;16.7;16.8;300900
16.71;16.9;16.34;16.4;119200
16.79;16.79;16.3;16.3;252950
16.3;16.68;16.3;16.6;119550
16.5;16.6;16.4;16.45;62050
16.55;16.79;16.5;16.53;241090
16.51;16.79;16.51;16.55;72930
16.58;16.76;16.5;16.5;82910
16.68;17.2;16.65;16.8;585410
16.75;16.98;16.75;16.9;453010
16.9;16.99;16.8;16.8;101600
16.9;17.14;16.8;17.14;355000
17.15;17.15;16.96;17;284280
16.99;17.1;16.96;17;273350
17;17.05;16.64;16.76;103110
16.81;17.09;16.8;16.93;264120
16.9;17.33;16.9;17.25;261910
17.28;17.5;17.1;17.43;887200
17.51;17.93;17.42;17.86;590890
17.95;17.98;17.8;17.92;274890
17.93;18.08;17.82;18;526050
18.1;18.6;18.1;18.5;526450
18.51;18.58;18.3;18.56;300760
18.58;18.6;18.5;18.57;150020
18.5;18.94;18.5;18.82;203280
18.9;18.98;18.65;18.76;156170
18.83;19.2;18.76;19.06;461060
19.05;19.09;18.85;19;182270
19.12;19.12;18.72;19.05;360000
19.11;19.52;18.99;19.37;379530
20.11;22;20.11;21.1;1389040
21.25;21.31;20.89;20.98;425570
21.29;21.3;20.4;21.18;145110
21.23;21.29;20.96;21.13;239730
21.2;21.2;21.03;21.15;204980
21.15;21.64;21.09;21.25;458720
21.2;21.68;21.2;21.35;499530
21.45;22;21.4;21.91;513930
21.58;21.74;21.33;21.64;191400
21.78;22.35;21.66;21.86;433400
22;22.34;21.97;22.28;222270
22.26;22.86;22.13;22.55;409350
22.5;22.64;22.42;22.5;307500
22.5;23.21;22.42;23.21;376620
23.2;24.15;23.2;24.05;771650
24.2;24.39;24.1;24.16;700060
24.1;24.19;23.78;23.78;758240
23.88;24.2;23.74;24.13;553320
24.36;24.97;24.26;24.85;235870
25.07;25.89;24.9;25.73;449750
25.7;26.4;25.53;25.8;1164160
26.08;26.33;23.48;25.35;777290
25.96;26.19;25.52;26.1;236230
26.26;26.46;25.71;26.3;220290
26.29;26.5;25.92;26.12;234460
26.29;26.5;26.29;26.29;194960
26.49;26.49;25.9;26.24;185950
26.1;26.1;24.3;25.36;444670
24.61;25.29;24.61;24.88;241660
24.7;25;24.7;24.8;278310
25;25.35;24.5;25.06;347310
25.3;25.97;25.15;25.34;366700
25.5;25.65;24.95;25.58;214640
25.51;25.8;25.45;25.79;170480
26;26.48;25.8;26.3;356780
26.5;28.5;26.5;27.98;965400
28.2;29.68;28.12;29.51;972940
29.8;31.3;29.55;29.98;649890
30.31;30.5;29.85;30.5;412390
30.5;30.89;30.45;30.71;1038510
30.89;31.03;30.19;31;1364220
31.05;31.08;30.3;30.85;339780
30.7;30.9;30.4;30.8;553770
30.8;30.8;30.48;30.48;244100
30.39;31.5;30.33;31.06;953220
31.48;32;31.27;32;500860
30.7;31.73;30.5;31.5;1275220
31.2;31.46;30.65;30.7;846950
30.93;31.48;30.86;31.27;175430
31.47;31.6;31;31.3;149930
31.43;31.43;30.66;31.29;194450
31.18;31.18;28.4;29.76;559250
28.51;29.59;28.51;29.03;661790
28.9;29;28.73;28.9;515940
28.95;29.75;28.91;29.6;476970
29.66;29.78;29.26;29.46;412280
29.38;29.49;28.62;29.49;383300
29.5;30.14;29.2;30.1;594470
30.72;30.72;29.63;30.2;184300
30.35;32.44;30.35;31.86;918460
32.3;34.79;32.3;34;1189550
35;35.5;33.7;33.9;1006690
34.17;34.7;34;34.7;504120
34.85;35.1;34.3;35.04;335150
35.19;35.45;34.7;34.78;404770
34.76;35.28;34.3;35.1;364640
35.19;37.6;35.13;36.73;761360
37.06;37.19;36.03;36.39;297470
36.39;36.8;36.25;36.65;175840
36.58;38;36.3;37.2;660120
37.5;38.17;37.39;38;727710
40;40.25;38.2;38.9;1155830
39.3;39.4;38.83;39.17;438210
39.3;39.4;39.03;39.1;417430
39.39;39.5;39.16;39.24;254440
39.24;40.48;39.2;40.28;1064690
40.29;41;39.63;40.99;906620
41.14;41.48;40;40.2;417660
40.01;40.5;40.01;40.2;358280
40.2;40.76;40.2;40.76;414560
40.72;40.75;40.52;40.75;348560
41;41.1;40.54;40.77;672400
40.55;40.55;40.35;40.55;656120
40.44;42.1;40.3;41.7;1219380
41.59;42.34;41.38;42;560510
41.9;41.9;40.93;41.49;644610
40.65;40.7;39.22;39.28;979340
38.9;40.72;37.7;39.76;918240
40.38;41.45;39.83;41.09;483380
41.3;42.62;41.3;42.24;948310
42.16;43;41.85;42.55;579970
42.87;42.87;38.85;39.55;1371280
39.59;40.42;37.9;38.2;1050450
39.3;40.18;39.14;39.59;1244920
40.09;40.09;38.62;38.62;734030
38;38;34.77;35.99;1907860
37;38.35;36.5;37.33;1816340
36.2;36.71;35.12;35.75;865700
35.6;38.3;35.06;38.15;1357170
38.9;40.2;38.71;39.3;1022190
39.7;40.47;38.72;39.49;928000
39.3;39.3;37.4;37.69;775700
37.85;37.85;36.4;36.81;840550
37.6;38.03;37.4;37.5;520760
37.5;39.6;37.5;39.1;749630
39.1;39.47;38.2;38.5;846580
39;40.57;38.81;40;750960
40.01;40.83;39.36;40.68;642050
40.5;40.55;40;40.55;359620
40.57;41.4;40.1;41.37;793130
41.5;42.09;41.37;41.94;805360
41.9;42.1;40.71;40.93;699660
40.55;41.05;40.2;40.8;256270
40.61;40.95;40.15;40.52;293160
40.5;41.32;40.4;40.62;368660
40.7;41.24;40.38;41;354760
41;41.99;40.62;41.95;417420
41.6;41.89;41.15;41.87;366260
41.6;41.78;41.32;41.46;196230
41.45;41.5;40.4;40.94;672630
41.24;41.88;41.01;41.5;520460
41.31;41.5;40.28;40.6;355990
40.51;41.45;40.46;41.37;223970
41.16;41.6;40.83;40.9;216500
40.9;41.2;39.82;40.31;781290
39.99;40.5;39.85;40.5;592440
40.5;42.35;40.45;42.25;809800
42.45;44;42.45;43;1012170
43.21;44.59;43.21;44.59;850460
44.82;45.49;44.6;44.75;774070
44.9;45.25;44.01;45.04;535630
44.8;44.8;43.6;44.77;369320
44.79;45.19;44.37;44.68;257780
44.7;45.8;44.7;45.02;403710
45.41;45.45;44.02;44.26;350280
44.27;44.4;42.86;43.4;578740
43.59;43.97;42.85;43.61;492780
44.04;44.2;43.3;43.91;240030
43.45;43.62;42.41;42.55;506560
42.26;42.75;41.51;42.45;677670
42.44;43.46;42.16;43.46;657250
43.21;44.09;42.6;43.93;335010
43.9;44.39;43.6;44.14;351570
44.39;44.8;44.25;44.6;298420
44.21;45.02;44.05;45.02;260030
44.71;46.3;44.71;46.3;594140
46.3;46.5;45.2;46.5;506880
46.4;47.25;45.58;47;363090
47.28;47.31;46.65;47.15;823800
47.2;47.79;47.16;47.5;1029750
47.24;47.5;46.63;47.21;420450
46.97;47.4;46.75;46.83;351420
46.86;47.32;46.81;46.86;387330
46.99;46.99;45.81;46.11;556360
46.2;46.88;45.91;46.3;805040
46;46.58;45.48;46.23;905490
46.58;47.25;46.05;46.38;1178630
46.38;46.84;46.23;46.65;559830
46.4;46.9;46.2;46.45;360010
46.19;46.59;45.7;46.4;734890
46.61;49.6;46.43;48.91;1093750
49.09;50.75;49.01;50.6;1685830
50.6;52.8;50.1;52.5;1472490
52.8;53.6;51.6;52.45;1201500
52.85;52.85;51.75;52.1;1037590
52.7;53.75;52.2;53.2;1027400
53.8;58.45;53.8;56;1875060
58;58.3;56.65;57.4;979370
58.4;59.05;56.7;57.7;720240
59.2;62.75;57.85;61.65;2240120
60.9;61.5;58.2;58.7;3018270
59;60.45;56.75;59.35;1923300
60.2;61;59.65;60.8;768590
61.45;62.35;61.05;61.5;1157830
60.6;61.1;58.7;59.95;1300790
60.95;61.5;60.35;61.5;774800
61.55;61.9;61;61.2;631770
61.75;61.75;60.2;60.45;541910
60.7;61;59.3;59.95;792180
60.35;62.3;59.7;61.85;932380
61.95;61.95;60.6;61.25;708300
61.6;62;60.9;61.8;426870
62.25;62.9;61.85;62.35;629270
62.8;63.5;62.7;62.8;638540
63.35;64.4;62.7;64.35;774080
64.95;66.6;64.85;66;891440
66.6;66.9;65.75;66.8;653490
67.9;67.9;66.8;67.8;457660
67.5;67.55;65.3;65.65;627480
66.85;67.3;65.05;66.9;342760
67.45;70;66.8;67.8;1279200
70;72.15;68.8;71.95;1449160
72.55;75;70.65;70.65;1442010
71;72;68.1;69.45;1262730
72.5;74.2;69.7;72.45;2330410
74.35;75.5;72.8;74.95;1329380
74.6;77.5;73.95;77.3;839550
78.9;80;78;79.2;1062860
80;80.9;77.4;78.4;898150
79.5;79.6;77.5;79;436470
79.5;79.55;77.75;79.1;835230
79.1;79.45;78.5;79.25;650340
79.9;80;79.4;79.6;474080
79.4;79.45;76.6;77;985750
76.95;78;75.5;77.5;508470
77;77.5;76.05;77.1;657030
76.5;78.8;76.5;78.35;505030
78.5;78.7;78;78.2;341150
78.65;78.65;76.8;77.65;512280
77.6;80;77.6;79.8;702270
79.75;80.4;78.4;79.65;643990
79.75;80.1;78.6;79.7;345090
79.9;81.7;79.6;81.7;684280
81.4;83.55;80.9;82.1;657230
82.1;83.9;82.1;83.9;583920
84.05;92.45;84.05;91.25;2222010
91.7;94.1;89.05;90.05;1922900
92.7;93.9;90.6;93.7;996250
94.85;100;94.2;97.3;1384410
96.2;98;93.7;97.15;827260
98.2;99.5;95.1;97;585680
98.35;99.5;97.1;98.35;873010
99;100.8;97.9;100;756950
100;101.95;98;98.7;839070
104.8;110.2;103.55;110.05;1796940
115.3;116;106.6;108.3;1994020
111.25;111.8;107.1;107.5;1249140
108.9;109.1;100.5;105.35;1493720
105.5;107.65;100.2;104.9;1349410
105.7;105.8;100.25;103;866280
103.55;106.2;103.2;104.35;949690
106.2;108.2;105.1;106.35;865470
107.3;112.55;106.55;111.1;969160
109.35;113.7;109.2;113.3;967550
114.3;116;113.4;113.9;892710
113.9;114.7;110.5;113.5;980390
112.9;114;111.1;113.15;494590
116;116;113;113;908890
111.7;114.2;108.2;108.75;665210
106;107.45;98.25;100.45;2331110
98.3;99.95;92.6;97.7;3286940
97.65;101.95;93.95;93.95;1550900
91.75;95.5;85.4;88.4;3114460
86;90.85;83.75;84.7;2355210
83.5;83.5;72.6;76.6;4978040
76.65;86.9;76.65;85.65;3437370
83.4;87.3;80.9;83.5;2110010
84.45;88.85;81.05;85.9;1197570
89.95;91.8;88.1;91;2009510
94.3;97.8;93.2;97.25;1347850
98.5;99.25;91.25;93.2;2245360
90;97.8;87;97.8;4516190
97.8;99;94.25;97;1601130
100.5;101.35;95.6;96.65;2036790
96.05;97.9;94.1;94.8;870470
89.9;91.35;88.45;88.45;2122690
90;91.2;87.65;88.45;1153800
84;87;79.2;79.5;3371120
84.05;85.5;82.55;83.05;1233260
84.5;84.5;80.1;80.3;971560
76.15;80.3;74.7;78.3;3094940
79.35;82.35;77;81.15;1516980
84.8;88.4;84.2;88.35;1808460
92.6;93.5;85.75;87.1;1641120
86.8;90.2;85.55;85.7;976410
83.05;85.75;82.05;85.75;1258560
84.8;85.6;83.2;84.6;1001150
86.8;87.65;84.2;85.5;858960
86.05;88.4;85.55;88.4;1014110
89.5;92;88.1;89.4;817670
90.85;91.2;89.2;90;625930
88.6;90.65;88.2;90.25;1239420
91.4;92.85;90.8;92.85;926470
95;96.3;93.5;94;984940
94.9;97.05;94.2;96.9;760990
97.3;97.4;95.1;96;557220
93.7;94.6;91.45;91.45;1051120
92.35;95.8;92.25;94.85;993010
94.7;95.5;93.1;95.05;611590
94.05;95.35;94.05;94.4;353760
94.05;94.2;91.05;91.7;1743590
93.1;95.1;92.35;94.4;1044570
93.2;93.2;89.9;90;880050
88.35;90.5;86.7;87.95;496870
88.05;88.65;83.5;84.3;1247920
84.9;86.5;80.75;81.75;807492
83.9;87.35;82;87.3;577158
88.4;90.65;85.6;86.25;857582
84.25;85.35;82.1;83.7;622550
84.6;86.8;84.05;86.75;485228
87.35;90.1;86.95;89.05;739932
90.25;91.15;89.1;90.05;679038
88.5;89.75;84.6;86.75;1443988
85.85;85.85;83.5;84;1073514
84.75;86.1;84.2;85.1;581302
85.55;86.45;84.05;84.4;496382
85.05;85.6;83;84.75;1018436
85;85;82.6;83.05;654986
83.8;85.4;83.05;84.25;628752
83.25;83.8;81.4;82.25;688770
78.85;79.45;76.8;77;6434286
76.85;78.4;76.35;77.9;2635572
77.65;77.7;76.05;77.7;1376456
78;79.4;77.6;79;1016712
80;80.75;78.9;79.15;719156
79.3;80.3;77.85;79.95;557510
80.4;84.5;80.3;84.45;1468364
84.65;86.1;83.05;84.5;1169152
84.5;84.7;83.15;83.8;471004
83.95;84.35;80.8;84.05;751018
84.4;84.7;82.8;84.35;420058
84.25;84.3;83;83.65;566440
84.15;86.75;83.85;86.6;1115778
87.05;89.4;86.8;88;1223830
89.5;89.5;88.4;89.05;477868
89.3;89.4;87.55;87.75;627866
87.8;89.25;86.8;87.2;615564
87.2;88.25;86.25;87.5;768286
87.45;89.75;87.1;89.45;825822
90;90.4;89;89.3;313484
89.45;89.5;88.3;89.3;456760
89.8;89.85;87.75;88.15;729900
87.75;87.8;85.5;85.7;696838
85.55;87;84.6;86.1;595386
85.85;85.85;82.25;82.55;939504
83.8;84.8;81.65;84.8;874110
87.5;88.9;86.7;88.65;1849514
89.25;90.1;88.3;88.75;1183668
88.55;91.25;88;91;1892794
92;95.75;91.5;95.65;1620902
96.5;96.7;93.9;94.65;1186014
94.4;94.4;92.35;92.85;1082898
92.8;92.8;90.5;91;907394
90.15;94;90.15;92.65;1047650
93.45;93.55;86.75;87.5;1702462
89.45;91;88.65;90.5;848608
91.35;92.45;90.75;91.75;714152
92.85;93.25;91.35;91.5;688348
91.9;92.85;91;91.95;642672
92.6;94.05;92.2;94;717846
93.65;94.85;91.05;91.55;1194688
91.5;92.2;89.5;90;1200128
90.95;91.2;87.2;89;2203864
89.85;90.2;88.6;89.1;569892
89.15;90.45;89.05;90.3;540420
90.8;92.35;90.5;92.35;668406
91;93.7;90.65;93.7;871226
93.6;93.95;92.4;93.35;497680
92.7;93.65;91.75;92.45;450966
93.45;94;92.65;93.95;346430
93.85;95;92;92.55;922890
93.5;95;93;95;1107306
94.45;95.4;93.55;94.55;469724
95;96.15;94.65;95.85;1076616
96;96.45;94.4;95.45;469104
95.85;95.9;94.15;95.65;487684
95.75;97.25;95.7;97;741334
97.5;100.85;96.8;98.9;1639638
99.6;100.15;97.75;98.5;815794
97.05;98.35;96.55;98.05;437528
97.95;98;96.6;97.5;435344
97.5;99.5;97.5;99.25;658052
98.7;100.3;97.5;98.15;811298
99.1;99.1;97.7;98.15;398986
98.9;99.75;98.5;99.5;427758
99.95;101.1;99.55;100.65;1025356
100.35;103.4;99.7;102.75;1488244
103.8;104.65;102.05;102.95;983976
103.3;104.2;101.6;103.5;831894
103.55;104.95;102.75;103.55;376928
102.85;103.5;101.9;102.5;771582
102.8;104;102.55;103.65;514270
104.1;104.15;102.95;103.7;445362
102.8;102.8;97.05;99.2;1286896
97.5;101;97.5;100.45;772742
101.15;101.7;99.6;100.5;575804
101.45;102.5;101.25;101.75;754898
102.05;102.4;100.25;101.5;333640
101.25;102.35;98.95;101.45;510742
102.7;103.7;99.75;99.95;970818
99.95;100.7;97.3;98.65;926272
99.75;102.95;99.05;101.9;800330
102.5;103.9;101.2;101.4;1050876
101.9;103.4;100.3;100.5;563416
100.85;101.4;98.75;99.05;585908
99.75;101.25;99.6;100.9;617240
101.2;101.8;100;100.75;539042
100.25;103.25;100.25;102.25;634448
102.15;103.8;101.75;103.8;596746
103.75;105;103.55;104.5;784350
104.25;105;102.95;104;782048
104.5;106.75;103.45;106.75;1436088
106.9;109.5;106.85;108.55;1735858
109;109.95;108.35;109.95;6016482
110.55;110.9;109;109.5;1587958
108.55;110;107.55;109.75;1112714
110.45;111.6;110;111.3;1143438
110.6;111.45;110.5;110.9;763654
109.8;110.8;109.1;110;558986
110.65;111.75;110.65;111.35;326208
111.35;111.4;110.85;110.9;314308
111;111.3;110.05;110.15;312434
110.75;111.75;110.5;111.05;576502
111.55;111.75;108.55;109.35;756830
108.45;108.5;103.7;104.2;1819594
103.85;105.05;100.65;103.6;1686364
104.1;105.7;104.1;105.05;787532
106.5;106.95;103.85;104;894878
102.8;103.85;100.75;103.35;1817432
102.95;105.5;101.4;104.6;1229322
105.1;105.1;103.1;103.35;891116
104.5;104.95;102.2;102.5;1138778
103.05;103.4;100.25;100.25;1226810
100.35;100.75;97.1;98.2;2790874
97.6;98;94.2;94.5;2715170
93.35;98.8;92.95;98.55;2979894
99.5;101.3;99.35;100.65;1677516
100.95;101.15;98.2;100.15;947866
101.5;102.35;99.2;100.7;1196590
100;100.35;98;98.05;1191942
97.5;99;96;98.1;1047076
98.3;99.25;97;99.1;1009086
98.8;99.5;97.3;99.4;1048928
98.95;99.9;98;99.15;813920
100.2;101.7;99.75;100.9;906628
97.5;98.45;93.55;95.1;4545940
95.85;96.5;94.15;95.85;1570150
95;95.55;93;93.3;1780694
93.45;94.6;93.25;93.65;1999984
94.35;94.35;91.35;91.55;1774016
92.5;93.3;92.05;93.1;1491750
93.5;94.25;91.1;92.2;1079144
92.65;94.65;92.1;94.65;1007970
95.8;97.7;95.25;97.3;1382780
97.95;97.95;94.8;95.85;1350188
95.5;97.2;94.95;97;1046932
97.445;97.735;96.105;96.4;571470
96.505;96.51;94.625;95.765;709456
96.385;96.385;94.5;95.25;753034
96.3;97.97;95.5;97.5;1297314
97.85;98;96.8;97.3;719132
97.795;99.5;97.55;99;1092260
98.4;98.49;93.625;93.83;1780932
90.5;93.94;90.25;93.665;1941536
93.66;94.475;90.93;91.325;1745794
92.8;95.945;92.275;95.53;1940444
94.75;94.75;91.055;92.7;1831004
93.995;94.375;92.75;94.115;1060340
90.5;91.45;87.1;87.375;6050328
88.25;90.075;87.38;89.755;2490204
89.65;89.65;86.375;87.49;1978726
88.225;88.35;85.5;85.99;1968010
86.3;86.725;84.01;84.08;2148710
81.3;83.085;80.645;81.515;2550792
83.525;84.79;83.305;84.74;1594646
84.995;85;83.36;84.125;1165446
84.15;84.75;83.075;83.3;875442
82.57;83.6;82.255;83.5;1169320
83.67;87.45;82.555;87.21;1798122
88.5;88.625;86.05;86.45;1422960
87.34;87.84;86.535;87.095;742092
88.145;88.45;86.9;87.135;733598
87.995;88.495;87.255;88.015;770208
88.245;92.95;88.05;92.35;3389252
92.75;98.755;92.6;97.65;3621546
98.005;98.5;95.1;95.79;1250708
96.03;98.06;95.305;97.74;1155384
98;98.175;96.09;96.685;889774
97.005;97.25;95.415;96.775;1205704
97.2;97.2;95.35;96.15;793230
96.39;96.66;95.505;96.565;1176034
96.915;97.225;94;94.735;1566006
93.61;97.645;92.625;97.6;2270394
98;99;97.605;99;1910972
99.005;99.5;97.805;98.5;946680
98;98.07;95.45;97.035;1661884
96.305;96.69;94.5;94.97;1485546
93.95;95.165;93.29;94.815;1513790
95.255;103.725;95.255;103.5;4894856
102.515;105.9;101.5;104.43;3476160
104.9;105.95;103.055;103.515;2183706
103.8;107.6;103.645;106.805;1981654
107.05;108.45;104.055;104.515;1926414
103.81;105.5;101.555;103.225;2137940
103.24;104.07;100.65;101;1758256
101.245;101.245;98.81;99.25;3266102
100.77;104.475;100.755;102.14;2774690
105.5;107.65;105.2;107.425;4551932
107.25;109.325;105.6;108.99;1681660
109.335;109.335;107.05;108.3;2383986
108.96;111.3;108.6;109;1926652
109.5;110.745;107.65;108.125;1788388
106.25;110.01;106.01;110.01;1886084
109.495;109.495;107.65;108.065;1029324
107.505;111.45;107.505;110.725;1546340
110.055;110.715;109.26;110;1683418
110.485;112.8;110.1;112.58;1514246
112.625;114.1;111.65;114;1672612
113.995;115.25;112.555;114.795;1198220
116.25;117.5;115.11;115.695;1713220
115.65;115.65;112.925;114.185;1360226
113.35;115.68;112.315;114.25;1242522
112.82;114.42;112.5;113.18;908624
113.345;113.75;112.765;113.75;97670
113.75;115.375;113.305;115.25;852648
113.9;114.31;110.26;112.235;1507290
115.5;119.9;114.09;118.925;3501966
119.38;120.73;116.145;117.445;1773912
117;118.2;115.62;116.8;1202418
118.25;119.155;115.645;116;1622378
114.975;116.85;113.115;114.725;1905202
114.28;115.75;113;113.84;1631106
112;113.5;110.685;111.995;1724754
113.75;116.495;112.9;116.135;1246386
115.05;115.175;113.875;114.285;1142184
113.595;116.55;113.385;115.555;1205088
117;117.5;115.8;117.15;884758
116.625;119.95;116.625;119.5;1650424
119.6;121.625;118.885;120.21;1281248
119.51;121.1;117.88;118.495;1126640
118.745;120.36;118.7;118.925;943934
117.255;118.245;116.435;117.05;1055866
117.55;121.385;117.55;121.05;1957052
119.7;120.655;118.055;118.75;1137244
118.5;119.2;117.75;117.75;958734
117.155;118.53;116.5;116.75;1086824
118.21;120.5;117.855;120.5;1336512
121.455;121.455;118.6;119.105;1875024
118.905;118.905;116.58;118.41;1028434
118.75;118.96;116.76;117.625;897958
115;115.5;114.35;114.925;856406
115.25;115.5;113.555;114.11;775316
113.8;115;111.7;112.45;1125580
112.2;113.665;112.2;112.83;739248
113;113.05;110.1;110.25;1047434
109.1;117.085;107.065;116;4013576
115.6;117.14;113.92;116.5;1842840
117.45;117.475;114.6;114.6;847708
114.5;114.645;112.75;113.825;669792
113.45;116.99;113.05;114.875;1241358
113.905;114.945;112.35;112.55;943846
113.495;115.25;113;113.645;699112
112;112.1;107.91;108.09;3043602
107.89;107.89;104.955;106.475;1548882
106.495;107.5;103.555;103.91;1174554
103.145;103.39;101.05;101.795;1591136
103;103;96.555;96.555;2502206
95.64;96.95;93.935;95.1;3998986
96;96.9;93.605;94.5;1951528
96.385;97.25;95.375;96.54;2045302
95;99.5;94.05;98.06;2756708
100.45;101.12;99.37;100.43;1855344
100.9;101.4;99.3;100.05;1117860
98.535;99.8;97.515;97.975;1133706
99.5;99.72;97.1;98;1167302
99.19;99.735;98.05;99.22;1636530
99.66;99.73;97;97.75;1842086
96;96.86;95.05;95.28;2134776
95.5;97.56;95.5;96.415;935948
95.655;98.25;95.495;95.955;837308
95.025;95.925;92.455;93.325;1209858
90.55;91.005;85.735;85.925;3035384
85;90;82.55;87.65;3649622
90.91;90.91;88.77;88.865;1185050
89.75;91.4;89.025;91.275;1033168
91.51;95.5;91.51;95.355;1264074
97.495;98.25;96.45;96.875;1101340
96.5;98.8;96.05;98.4;698848
99.695;99.7;96.77;97.145;619076
96.755;97;95.1;95.325;674230
93.39;96.44;93.125;96.42;848124
97.51;98.36;95.365;96.945;623082
97.72;98.475;96.9;98.2;527022
99;99;97.8;98.215;439994
98.35;98.495;97;97.575;793016
97.4;97.845;95.25;95.53;813574
95.69;96.5;93.555;94.605;877524
94.95;95.345;91;91.05;1220044
90.765;91.795;88.125;88.42;1522912
89.92;92.595;89.755;92.155;1205900
92.5;92.5;90.05;91.23;833782
96.7;97.4;93;95.63;2610994
95.825;96;94.105;94.825;684480
95;95.45;92.5;92.75;881712
92;95.055;92;94.76;844998
97.35;99.99;96.75;99.805;1977594
98.265;99.5;97.7;98.545;1131694
98.07;101.455;98.055;100.87;2582702
101;102.445;100.26;101.915;922258
101.4;101.4;99.29;99.505;837164
99.58;101.5;99.25;99.475;664480
101.025;101.825;100.12;100.735;920188
100.465;101.25;99.525;101;916230
100;102.81;99.755;102.8;970544
103.05;104.825;101.9;102.08;1253204
101.855;103.945;101.855;103.175;725364
102.5;102.75;101.5;102.055;618974
102.24;103.465;100.56;103.465;570992
103.44;103.44;102.5;102.75;408378
102.5;107.03;101.915;106.71;1589804
107.15;107.445;105.605;107.355;864274
107.63;110.45;107.555;110.19;1771572
108.305;109.615;107.065;108.85;1509870
109.065;109.75;105.31;105.975;938118
105.515;105.745;103.035;104.445;1122286
104.5;106.875;103.8;106.405;1481088
107;107.15;103.325;103.66;1210162
104.005;108.25;103.4;104.83;1756938
102.525;103.48;100.3;102.5;1418190
103.5;105.47;103.25;104.85;831598
105.46;105.465;102.525;103;660978
104.7;107.745;104.1;107.085;1417110
108;108.47;106.27;107.3;788152
107.675;108.395;105.025;105.825;1102526
105;105;100.625;100.79;2206904
100;101.49;97.495;100.03;1488556
101.34;101.495;95.775;97.8;1299334
96.78;97.31;95.645;96.835;1488800
96.665;96.665;95.065;95.3;874510
95.955;98.43;95.5;97.015;1057318
97.5;98.99;96.16;96.65;1161100
95;101.25;92.05;101.05;4517476
99.995;100.56;92.8;94.8;2936810
97.015;103.175;96.695;96.825;4663852
96.695;96.96;93.305;93.325;1886996
95.1;96.225;93.85;95.345;1636326
97.95;99.5;95.35;97.05;2472564
96.01;102.5;95.345;99.095;3261398
99.975;101.37;94.75;94.825;1592744
95.3;97.575;92.6;96.83;1551756
94.405;95.905;93.43;93.76;1399544
95;97.015;93.805;95.75;990342
95.56;97.135;95.56;96.81;658348
98;98;94.59;94.74;843246
94.25;94.96;92.8;93.5;1033696
94.25;95.65;91.9;94.635;1185524
95.54;98;95.265;96.195;1023760
96.195;97.5;95.7;96.645;947804
96.74;97.55;95.25;95.42;478972
94.99;95.72;92.555;92.6;1035168
93.795;95.75;93.5;95.365;946712
96;97.575;95.26;95.915;914390
96.97;97.25;95.8;96.2;616752
95.755;98;95.4;97.475;709806
97.94;97.995;95.3;95.735;1006314
94.965;97.005;94.5;96;906404
95.08;95.995;94;94.32;743518
94.42;95.385;92.95;94.9;767868
93;94;92.05;92.425;1104930
93;94.45;91.39;91.43;837760
92.705;92.75;91;91.03;875268
91.035;91.945;89.75;90.275;819548
90.76;91.43;89.875;90.005;1616402
90;90.75;89.805;90;135102
90.1;92.295;90.1;91.935;788174
91.13;92.155;90.75;91.63;389154
91.75;92.575;91.655;92.575;154072
91.285;92.625;90.41;90.595;600456
90.25;91.19;88.505;89.305;849748
89.55;89.815;85.705;86.07;1472286
85.815;87.38;82.55;83.19;1900468
83.285;85.83;83.285;84.3;1158422
83.605;83.74;81.525;81.855;1503200
83.49;83.6;76.945;77.52;2675178
78;78.135;74.275;75.435;3508526
75.31;77.25;74.705;76.8;1633114
77.5;77.5;70.555;70.555;2755848
68.87;70.45;67.5;70;2821206
71.3;71.995;69.35;69.5;1418108
69.16;69.945;66.53;67;2133660
65.7;66.245;63.255;64.02;2201762
61.75;66.235;60.01;65.2;2960034
67.85;68.45;62.25;62.52;2066874
65.75;67.195;64.55;66.895;1505804
68.08;69.2;66.925;67.215;1619546
65.5;66.705;64.75;66.05;1063316
67.095;70;66.75;69.96;1171206
69.02;69.74;66.875;67.18;1460920
66.72;67.74;64.58;66.68;1730418
67.75;68.75;66.41;68.745;2435636
69.975;71.7;69.575;71.385;2057074
70.99;72.95;68.805;70.85;2173806
67.995;67.995;62.025;64.81;5118052
64.895;64.895;61.825;62.06;1983510
63.055;63.75;62.09;63.42;1553428
62.255;63.35;62.05;62.31;1029520
63.5;66.2;62.11;65.47;2228368
65;65.35;63.765;64.075;1614108
65.355;65.495;64.3;65.25;1346860
64.95;66.5;64.52;66.5;1655684
67.295;68.75;67.025;68.4;1530692
68.265;69.355;66.8;68.755;1204282
67.57;68.75;66.445;66.7;1473254
67.235;70.4;66.9;68.495;1680802
67.86;69.55;67.26;68.265;1000074
69.065;70.245;68.2;68.875;902546
69.705;70.8;69.265;70.26;1357580
73;73.95;71;71.815;2119376
71.345;72.475;70.01;70.5;1412734
70.3;71.355;68.25;69.135;1497508
67.05;68.745;66.685;68.445;1212924
69.755;69.755;67.325;68.015;1302636
66;74.215;64.7;73.11;4483772
74.3;74.795;72.105;72.52;2062914
71.225;73.035;70.605;72.51;1576882
72.095;73.7;71.41;72.545;1359006
72.775;74.24;72.15;73.845;1729978
74.995;76.455;74.285;74.525;1542472
73.035;74.15;72.5;73.765;1040990
74;78.95;74;78.53;3209824
75.485;77.405;74.45;74.52;1894692
75.9;75.975;74.9;75.545;1073000
76.5;77.4;73.31;73.465;1485188
72.75;74.15;72.075;73.56;1398430
75.5;76.37;74.565;76.235;1211312
75.45;77.15;75;76.255;929826
76.6;77.75;76.285;76.815;773892
77.295;77.86;76.375;77.03;755836
76.105;77.435;75.635;76.885;723560
76.83;79.5;76.795;79.105;839748
79.5;79.825;78.38;79.445;985688
79.45;80;78.1;78.25;853736
78.84;78.95;77.04;77.235;988088
78.01;79;77.605;78.9;763902
78.75;79.195;78.005;79.07;1014454
78.875;81.655;78.57;80.9;1451150
80.915;81.05;79.375;80.305;1101000
80.95;82.45;79.32;80.095;1093360
79.5;79.82;78.82;79.485;486186
81.5;83.195;80.15;81.5;1550154
83.5;85.1;83.46;84.295;1643614
84.5;85.2;82.1;82.72;1489420
83.7;87.45;83.7;87.225;1583654
86.815;87.8;86.3;87.06;1212854
87.25;89.945;87.235;89;1607006
89.005;91.025;87.98;90.655;1332032
89.75;90.29;87.335;87.69;1369396
88.5;88.79;86.6;86.92;950008
87.33;88.905;87.11;88.54;889630
87.595;88.89;86.31;86.76;1086576
86.35;87.9;85.965;87.625;1006800
88.995;90.34;88.405;90.075;1409330
90.05;91.25;89.5;90.93;797876
90.865;91.4;88.5;88.93;1275956
89.105;90.18;87.75;89.125;1347486
83.1;91.235;82.525;91.19;4211090
90.075;91.15;88.605;89.24;1053840
89.945;90.25;89.3;89.365;440078
90;92.55;89.31;92.46;1268244
92.74;95.2;92.74;94.65;1240634
94.2;94.69;93.31;94.5;919756
95;96.85;94.79;96.575;990364
95.805;97.965;95.555;97.8;1027920
97.75;99.75;96.65;96.9;1389462
96.825;99.245;96.825;99;1541118
98.9;99.645;98.005;99.135;1015078
100.5;100.895;97;97;1151078
97;98.42;96.405;96.945;650104
97.66;98.095;94.135;94.235;1491326
94.475;95.89;93.67;95.75;1410042
96.585;99;96.11;98.92;1184158
98.63;99.645;97.855;99.57;1140638
99.02;100.2;98.16;100;1031574
99.85;102.15;99.085;102.005;1301930
101.855;101.92;98.65;100.85;1303516
102.255;104.4;101.585;104.24;1735480
105.015;106.3;102.25;104;1532554
103.615;104.94;102.55;103.265;863910
102.25;102.845;99.005;99.585;1616046
100;101.945;99.4;100.3;1064304
101.125;104;101.005;104;1440830
101.05;101.45;98.65;99.44;1457324
99;99.235;95.61;97.315;981130
98.4;101.5;98.05;101.085;1263946
100.305;101.5;99.38;100.145;998482
101.25;106.5;101.25;106.3;2713306
105.885;109.7;103.19;104.795;2916034
103.995;105.15;102.355;104.6;1088012
105;105;102.55;103.695;1217798
104.5;104.75;103.28;103.99;1134508
103;105;103;104.24;1332536
103.975;110;103.3;109.96;2138562
109.5;112.225;107.555;111.455;2438528
111.455;111.455;108.57;109.555;1140426
109.25;111.12;101.435;102.5;2434292
98.5;100.975;95.215;96.335;3245628
96;96.335;94.25;95.75;1021066
96;101.5;95.75;100.645;1186262
98.63;101.705;97.495;98.055;1423164
99.995;100.245;97.805;100.215;890276
98.97;100.87;98.025;98.785;684936
99.715;100.425;97;97.82;794740
98.915;99.75;98.75;99.1;404210
98.415;98.795;96;96.005;1044744
96;97.77;95.445;96.24;890914
96.5;98.16;94.2;94.64;998050
94;94.745;89.525;90.51;1881914
90;96.85;88.19;95;1302026
94.875;98;94.125;95;1062352
96.995;97.235;92.84;93.375;887792
94.99;94.99;87.1;87.36;1639642
86.1;90.375;86.1;89.68;1370190
89.82;91.115;88.07;88.5;835148
87.505;94.445;87.14;93.905;1696716
95.5;97.945;95.19;96.305;1448854
97.77;97.975;94.65;96.08;1346420
92.51;97.38;92.51;93.5;1326822
95.37;97;94.32;95.36;1134582
94.4;94.485;88.35;88.535;2116046
89.435;92.72;88.8;92.595;1278422
92.495;95.6;91.155;94.785;1163804
94.785;94.96;92.2;92.555;742100
93;94;92.5;93.45;603676
92.5;92.795;89.755;90;1158426
90;92;88.315;88.5;997622
89.5;91.725;89.49;91;577752
91.55;92.94;90.1;90.515;849132
90.605;92.71;89.755;91.5;406502
91.045;91.36;88.05;88.165;784380
89.3;92.85;89.105;92.22;728046
91.76;93.49;91.14;92.73;597504
93.45;94;92.65;93.68;530234
92.75;93.85;92.33;92.555;296664
89.755;89.85;88.35;89;1130168
89.33;91.5;88.36;91.32;788418
91.32;93.45;90.435;93.37;818338
93.05;95.59;92.69;95.42;903104
94.24;94.865;92.565;92.815;434960
92.875;92.9;88.11;88.3;1542440
88.245;89.7;85.7;86;1376272
85.82;88.25;82.25;82.32;1543444
81.94;82.925;78.275;78.575;1380390
81.61;84;80.18;80.935;1143094
80.5;80.925;75;76.12;1679416
76.55;78.485;75.01;75.405;1323802
76.055;78.43;73.075;74.61;1453018
76.25;80.61;76.215;80.45;1606412
77.96;80.44;75.31;76.84;1374740
75.5;79.935;75.255;78.5;1794046
80;80.77;78.135;78.18;1994058
77.975;80.4;76.055;79.7;1589154
82.5;87.325;81.45;86.59;1939564
86;88.625;84.25;87.995;1247862
87.025;88.65;86.335;87;1397728
86.45;87.45;81.305;81.93;1575026
82.58;84.625;82.03;82.74;1167026
82.015;84;81;81.64;931752
81;81.34;74.125;74.16;1341442
71.48;77.62;71.025;75.53;1877084
76.55;77.25;70.38;71.625;1110598
72.9;72.9;63.875;65.205;2528690
65.05;67.25;62.46;67.02;2165550
62.885;63.445;54.63;56.25;2506520
58.035;60.69;56.1;59.085;1698180
55.505;60.25;52;54.665;2503824
56.11;59.2;55.27;57.165;1846728
52.145;55.8;50;51.535;2651750
55.5;56.8;52.26;56.425;2070896
59.975;63.95;58.205;59.495;2529478
59.225;59.7;52.565;53.23;1494214
49.525;51.47;45.805;48.545;2459118
52.135;52.15;45.605;46.245;3133214
48;49.45;45.625;46.365;1896378
47.625;48.35;43.895;44.05;2546338
42;42.45;39.31;39.725;3198418
38.12;38.93;36.51;38.45;3614210
36;37.185;35;37.185;3314506
34.505;37.075;34.5;35.28;1783266
36.525;37.875;35.035;36.785;2256420
39.225;40.165;38;40.045;2889154
41.225;42.8;40.75;42.11;2410096
41.47;43.5;40.535;43.5;1721394
42.5;44.625;42.105;43.545;1409804
43;46.21;42.31;46.135;1574246
45.69;45.74;43.065;43.94;1445988
41.95;42.2;39.835;39.875;1703866
39.515;42.86;39.25;41.88;1573328
43;45.385;43;43.465;1453628
41.85;42.85;41.115;41.25;751304
41.15;41.99;38.05;38.32;938732
38;40.195;37.75;39.165;1324094
43.5;44.385;41.51;41.9;2102396
42.18;43.49;41.6;42.6;973550
43.09;43.275;40.705;41.595;1493320
42.08;42.08;37.01;37.25;1717146
36;36.5;35;35.65;1818096
35.495;35.5;32.095;33.625;3250164
34.995;37.13;34.25;37.13;1625644
37;40.45;36.155;38.98;1878878
38.47;40.135;38.03;39.97;1102414
41.34;42.33;40.595;42.33;771012
42.015;42.45;40.575;41.73;956720
41.935;42;39.055;39.09;736730
38.5;40.515;37.525;40;1040442
40.495;40.495;37.575;38.965;1245678
38.82;40.945;38.645;39.81;1136530
39.215;39.405;36.78;36.965;1233086
39.5;39.875;38.52;39.41;1089972
39.24;40.5;38.66;39.725;1616996
40.03;41.95;40.01;41.585;1492036
41.525;42.635;40.71;41.89;1026350
40.1;42.595;39.41;42.3;1336868
42.75;43.865;41.805;42.14;758004
41.81;42.355;40.31;41;967990
41.91;42.075;40.905;41.75;714914
41.645;43.195;41.295;42.91;840532
41.815;42.81;40.135;40.7;1514058
41.33;41.33;38.565;38.6;1325836
38.505;39.45;38.055;38.055;727016
38.005;39.145;38.005;39.095;165670
39.46;41.035;39.33;40.25;488154
40.31;40.87;39.75;40.16;270668
40.95;40.99;40.325;40.5;130616
42.235;43.165;41.035;43.165;547744
43.35;44.445;42.42;43.5;772990
43.705;49.09;43.16;47.85;2147198
47.85;48.825;45.165;45.535;1445338
44.94;47.47;44.5;47.24;1259892
47.7;48.43;45.855;46.45;1033654
46;46.205;44.44;44.5;608354
44.49;44.49;41.95;42.375;1502960
43.035;43.385;40.2;40.565;721586
40.675;41.5;39.345;40.11;1182846
41.2;41.89;40.35;40.695;919834
41.5;41.84;38.755;39.23;728268
38.825;38.85;35.585;35.815;2057274
35.425;37.755;34.625;37.315;1902078
38.44;38.675;37.2;37.2;1477292
37.45;37.485;35.095;36.745;1069812
36.72;39.1;36.155;38.73;1277988
38.755;39.2;37.645;38.865;1243416
39.25;40.65;38.885;40.18;1055918
39.84;40.365;39.17;39.555;707760
39.1;39.935;38.195;38.445;908834
37.895;38.053;36.655;37.383;664616
37.705;37.705;35.97;36.86;839008
37.175;40.343;36.863;39.918;1297084
38.94;41.198;38.82;41.198;1117062
41.5;43.4;41.365;43.05;1186988
42.365;44.395;41.75;43.95;783972
43.44;43.5;41.305;41.375;860496
40.8;42.463;40.8;42.065;577240
41.855;41.865;39.645;40.198;759696
40.928;41.3;40.075;40.208;553130
39.985;40.285;39.308;39.615;385820
39.345;39.6;38.1;38.385;639412
38.74;39;37.418;37.998;627988
38.305;39.45;38.193;39.045;554588
38.408;38.62;37.75;37.928;771830
38.8;39.16;36.625;36.923;792214
36.253;36.255;35;35.123;1252062
36.2;36.35;33.925;34.73;1055206
32.65;33.42;29.56;32.623;4632386
32.498;32.738;30.303;31.24;1645996
30.25;30.995;29.318;29.5;1783878
29.06;29.435;28.055;28.678;2277148
28.953;30.415;28.57;30;1652746
29.975;29.995;28;28.003;1862038
28.145;28.975;27.5;28;1836450
28.29;28.29;26.75;27.105;1702286
27.095;29.245;26.26;28.885;1727926
28.75;29.845;28.045;28.418;1674214
28.24;30.51;27.4;30.475;1975404
32.198;32.2;30.128;30.31;2156684
31.14;31.485;30.225;30.765;1458988
30.625;30.925;29.85;30.318;1024322
30.938;31.745;30.56;31.005;1670230
31.49;32.455;31.2;31.705;1897960
31.395;32.018;31.05;31.925;2159084
33;33.97;32.425;33.968;1319416
34.55;34.735;33.103;33.648;1214240
33.335;33.975;32.57;33.85;976242
34.083;35.1;33.52;35.005;1027950
36;36.625;34.925;35.34;1889382
34.57;34.85;32.7;32.808;1123890
33.31;34.905;33.125;34.905;959872
34.895;35.225;33.7;35;879046
36.055;37.68;35.758;37.68;1636274
38.05;40.3;37.843;39.998;2235154
40.165;41.473;38.155;39.575;1615018
40.25;40.94;37.075;37.73;1630416
37;38.828;36.5;37.953;1031382
38.75;39.95;38.195;39.758;1016410
39.8;41.345;39.285;41;1438946
40.335;40.96;39.75;40.278;600828
40.873;42.8;40.495;42.51;1387700
42.775;43.25;42.325;42.85;1134628
42.733;42.85;39.775;40.225;1116134
40.093;40.868;39.008;40.77;1096186
41;42;40.128;41.703;1101514
41.5;42.243;41.1;41.46;854246
41.878;42.565;41.415;42.525;895538
42.193;42.36;41.175;42.188;519772
41.48;41.48;39.68;40.2;1289834
40.72;40.95;40.05;40.425;715662
40.603;42.1;40.603;41.695;1292378
42.2;44.695;41.92;44.695;1036820
44.805;45.955;44.05;44.865;1417800
44.69;46.173;44.25;45.178;1084148
45.55;47.1;45;45.2;1304902
45.568;46.558;45.503;46.558;1202238
46.45;46.45;44.638;45.698;978208
45.05;46.225;43.15;43.4;1343424
43.695;44.295;41.708;41.75;1085120
40.563;42.675;40.555;42.293;1343338
42.415;43.15;41.708;42.898;1210872
42.195;43.488;41.38;43.345;766542
43.828;45.4;43.635;44.955;873172
44.453;45.6;44.3;45.253;819474
44.5;44.95;43.005;43.075;793052
42.71;43.49;41.75;42.925;779768
43.2;43.795;42.005;43.48;450130
43.39;43.745;42;43.49;767960
43.913;44.84;43.505;44.393;1169296
43.285;44.618;43.003;43.948;814568
44.61;44.8;44.175;44.245;971352
45.075;47.73;45;47.043;1362398
46.25;49.305;46.16;48.723;1468842
48.573;48.695;47.388;47.625;961958
47.525;48.375;46.75;47.358;708266
47.05;48.7;46.553;48.275;1405154
48.2;48.55;47;48.33;846310
48.253;49.23;47.995;47.995;982288
49.188;49.875;48.828;49.875;1169820
46.9;47.69;46.375;47.098;1387498
47.213;47.533;46.413;46.5;919704
46.525;46.665;44.785;44.985;1160418
45.075;45.95;44.33;45.065;955426
45.055;45.138;41.568;42.055;1749344
42.493;43;41.5;42.04;1134372
42.25;43.55;42.05;42.96;760026
43.245;43.3;42.05;42.143;1062822
41.62;42.055;41;41.318;1045496
41.855;43.37;41.11;42.875;738404
42.998;43.12;41.445;42.655;884802
42.91;43.75;42.005;42.103;938620
42.165;44.043;41.92;43.5;1213964
43.848;44.155;43.145;43.265;941570
43.65;44.93;43.5;44.488;678712
44.175;44.35;43;43.25;695830
43;43.19;42.108;42.45;697520
42;42.023;41.1;41.508;879568
41.9;42.19;41.055;41.055;619442
41;41;39.355;39.395;1029788
39.95;40.84;39.628;40.118;797868
40.05;40.25;38.25;38.423;1155190
38.375;39.49;37.81;39.435;803836
39.413;40.283;39;40.18;733678
40.475;41;40.168;40.735;985652
40.745;41.59;40.29;41.045;800146
41.58;41.665;40.565;40.73;666226
41.5;42.915;41.28;42.285;928512
42.4;43.25;42.075;42.72;786326
42.75;42.75;41.51;42.46;676092
42.595;44.275;42.435;44.1;797056
44;44.73;43.25;43.885;697844
44.445;44.595;43.195;43.64;561530
43.605;44.195;41.555;41.735;773334
41.39;42.7;41.225;41.58;674754
42;42.8;41.585;42.4;698406
44.5;46.6;44;46.15;4218998
46.15;48.25;46;48.015;1299900
48.05;48.55;47.055;48.1;808378
48.89;52.45;48.695;51.625;2414048
51.775;52.475;50.2;50.5;1098000
50.275;52.25;49.755;52.05;886776
51.925;53.95;51.325;52.775;902868
52.575;53.05;50.5;50.75;1054256
50.425;51.5;50;51.175;830790
51.525;52.875;51;51.45;975768
51.3;52;50.575;51.3;486954
50.6;50.75;49.05;49.65;881246
49.59;50.5;49.36;50.275;545616
50;50.5;49;49.94;588312
51;51.95;50.875;51.5;759012
51.45;54.575;51.275;54;1122512
54.3;56;54.3;55.2;998622
54.1;55.95;53.2;55.075;1082570
54.575;55.825;53.525;54.225;988776
54.075;54.25;52.625;53.225;685254
53.525;54.7;53.35;53.925;653328
53.45;53.55;52.625;52.975;487446
53;53.675;50.65;50.65;1140898
50.675;50.85;49.195;50.375;1006168
50.85;51.75;50.4;51.125;675486
51.5;52.425;51.25;52.075;552176
52.3;53.8;52.275;53.3;327502
53.45;55.05;52.75;54.6;946346
54.4;55.125;54.05;54.5;864430
55.35;57.725;54.775;57.475;1555670
58;59.675;57.75;59.35;1418566
58.05;58.375;56.25;58.075;835848
58.275;58.7;57.625;58.325;554086
58.7;61.2;58.5;60.95;1562088
62.225;63.4;61.3;62.875;1334268
62.675;62.85;61.375;62.275;1193206
62.2;62.2;60.125;60.7;829842
60.65;62.25;60.65;61.125;876132
61.5;62.2;60.9;61.475;817194
60.9;62;59.8;60.125;991518
58.95;59.425;57.875;58.2;1473118
57.525;58.75;55.6;58.625;1570974
58.9;59.25;58.2;58.825;874546
58.675;59.375;57.05;57.9;842220
58.2;58.675;56.5;56.575;795898
56.025;56.125;54.175;54.625;982958
54.4;55.1;53.075;54.7;1047466
55.025;58.05;55.025;57.975;1070088
58.1;58.5;56.1;56.9;1006950
58.35;58.55;57.775;58.35;925052
58.5;59.4;58.25;59.175;737448
59.5;60.25;59.325;59.375;628532
59.55;59.975;57.975;58.375;576660
59.1;60.75;59.1;60.75;920154
60.75;61.85;60.75;61.275;919386
61.725;62.775;59.575;59.6;1108072
59.725;60.45;59.25;60.225;620210
60.25;61;59.375;60.2;676484
59.875;60.475;58.275;59.725;837380
58.525;58.75;58;58.45;693804
58.75;59.225;57.85;58.025;569494
57.825;58.55;56.65;56.8;791916
56.7;57.225;55.825;56;1069256
55.025;55.95;53.175;53.4;1374554
52.95;55.725;52.6;55.675;1093606
55.7;56.425;53.6;53.85;828848
53.3;55.65;53.275;54.9;907340
53.65;55.225;53.5;54.875;1074474
54.85;57;54.625;56.725;808490
56;57.15;55.1;56.975;660664
56.675;58.4;56.5;57.35;996434
57.45;58.95;57.45;58.475;1029170
58.1;59.125;57.975;58.7;533966
58.85;59.95;58.85;59.05;575192
59.1;62.5;58.75;62.15;1615482
62.45;62.65;58.7;59.475;1965870
60.5;60.7;58.9;59.675;1486688
59.5;60.025;59.2;59.35;574058
59.85;60;59.05;59.2;764874
59.2;59.475;57.45;57.5;730496
57.7;58.425;56.275;56.575;932122
57.4;58.675;57.25;58.175;845508
57.5;58.6;57.1;58.225;741786
58.975;59.25;58.25;58.9;660028
58.825;58.85;56;56;647598
55;56.85;54.25;56.525;861714
56.95;56.95;55.3;55.7;825686
56.375;57.225;56.325;57.075;708982
57.075;57.875;56.75;57.625;468924
58.25;58.6;57.65;57.875;570480
57.725;58.6;56.8;57.625;486962
57.5;58.525;57.15;58.475;521640
58.225;59.25;57.35;57.9;722398
57.725;58.175;56.15;56.475;772084
56.5;57.25;56.25;56.85;565638
56.75;57.175;56.05;56.15;612766
56.65;57.625;56.375;57.625;702562
57.625;58.225;56.975;58.225;600334
59.5;60.975;59.325;60.7;1646196
60.5;60.95;60.25;60.825;748732
60.9;61.9;60.425;60.625;1319128
60.1;61.275;59.5;61.05;659450
61.075;62.725;61.075;62.575;1113286
63;63.65;62.75;63;753802
63.25;63.6;63.125;63.6;104556
63.775;64;63.05;63.325;290972
63.575;64.25;63.175;64.075;414874
63.875;64.15;63.35;63.85;262694
64.15;64.25;63.525;63.525;223974
63.75;66.75;63.625;66.575;1362734
66.525;67.5;66.3;67.5;941130
66.55;66.925;65.7;66.65;824124
66.425;67.375;65.875;66.925;688546
67.25;67.95;66.3;67.175;811614
67.6;68;67.275;67.275;481624
67.35;67.625;64.325;65.125;1072632
64.5;65.475;64.45;64.85;841482
65.325;66.825;64.95;66.45;1029954
66.65;67.2;65.65;65.825;763830
66;66.25;65.05;65.875;459550
65.825;66.225;64.45;65.925;649520
64.8;65;63.675;64.125;1247904
64.7;64.975;63.4;63.55;916592
63.05;63.55;61.425;62.475;839624
62.075;62.825;61.7;62.05;570406
61.5;62.725;61.025;62.725;877844
62.05;62.9;61.3;62.1;520922
62.825;63.2;60.4;60.4;779514
60.7;62.85;60.35;62.5;787970
62.225;62.65;61.5;62.125;605254
62.35;64.95;61.8;64.95;1133478
65.2;66.85;65.05;66.15;1164132
66;66.15;63.65;63.875;1087150
63.25;63.4;60.825;61.725;1271970
62.325;62.575;60.425;61.425;848926
62.875;64.2;62;63.05;1420272
64.4;64.825;63.1;63.525;1132892
63.625;64.65;62.65;63.45;737304
64.05;64.5;61.55;62.075;1248704
62.5;63.475;62.45;63.075;413840
65;66.65;65;66.65;1542066
67.075;67.75;67.025;67.125;953406
66.275;67.875;66.1;67.525;720164
66.775;69.375;66.675;69.125;1033354
69.55;69.775;68.275;68.45;777178
68.6;68.825;66.325;66.725;1207044
67.9;70.225;67.5;69.5;2225594
69.1;70.875;68.025;68.2;2031788
70.225;70.225;68.975;70.175;1173946
70.5;71;69.6;70.525;839936
70.425;71.8;70.25;71.675;651732
71.4;72.7;71.225;72.35;649916
71.55;72.825;71.55;72.075;651972
72.175;73.075;72.125;72.875;813216
72.975;73.225;71.6;71.7;631248
71.7;72.25;70.875;71.225;714720
71;72.825;71;72.75;722420
72.425;72.975;72.075;72.25;638316
72.525;73.5;72.35;72.85;703520
72.725;72.975;71.175;71.225;564254
71.6;72.3;71.425;72;496894
72.375;72.475;71.475;72.275;693448
72.425;75.2;71.9;73.325;1576552
73.975;74.375;71.725;72;2697068
72;73.25;71.3;73.05;718826
73.275;75.2;73.175;75.175;1109958
75.525;75.975;74.15;75.4;716510
75.475;76.45;75.075;75.95;618064
75.7;76.425;75.325;76.1;675952
76.25;77.3;75.35;75.8;935294
76.45;76.45;74.275;74.85;904998
74.75;75.45;73.85;74.65;869378
75.225;77.075;74.95;77.075;671106
77.775;79.925;77.75;79.325;1006010
79.225;79.35;78.575;78.575;700784
77.6;77.975;76.275;76.775;733032
77.575;78.4;77.25;78.025;441306
77.925;77.925;76.325;76.525;841014
76.375;77.025;76.025;76.425;453846
76.825;77.425;76.2;76.95;453348
76.975;77.4;76.05;76.225;608336
76;76.7;74.975;74.975;801764
74.375;74.975;74;74.3;551658
74.775;76.175;74.325;75.675;532576
76.15;76.225;74.525;74.75;683206
74.975;75.65;73.55;74.175;754892
74.275;75.425;73.65;74.9;531728
76;76.15;75.2;75.7;635068
75.4;75.9;72.85;72.85;710470
72.45;73.325;70.75;72.8;1119876
73.425;74.375;72.45;74.225;830358
74.4;76.325;74.275;75.225;1185230
74.725;76.05;74.2;75.7;518840
75.925;76.2;71.7;72.225;1195516
72.325;73.325;70;70.5;1542584
69.85;71.65;69.3;69.7;1387324
68.25;69.75;66.25;67.375;2044082
70.5;75.575;69.55;75.5;1915362
73.825;74.325;72.4;73.975;837694
72.875;76.075;72.85;75.875;1113514
77.975;81.2;77.625;80.675;1733804
80.25;80.875;79;79.8;2197092
78.1;79.375;76.55;76.625;1468042
78.075;80.4;78.075;80.075;1317276
79;79.725;76.775;76.95;1324324
77.625;78.3;71.7;72.65;1812804
72.875;73.75;71.05;73.05;1743044
74.125;74.65;72.925;74.05;947218
71.9;71.925;68.65;69.225;1642530
70.6;73.175;70.35;71.9;1743758
72.975;75.825;72.725;75.7;1186952
76.75;77.05;75.35;75.775;934460
75.775;76.9;75.75;76.075;286980
75.3;75.725;72.45;73.475;1697564
72.725;72.925;69.775;71.95;1578414
74.475;75.725;73.975;74.75;1217870
75.075;76.5;73.125;73.35;1279070
71.35;71.9;69.15;69.575;1471600
70.25;70.25;67.075;67.95;1775466
68.5;69.8;67.05;69.775;1456348
69.125;71.65;68.6;70.75;1509968
71.6;72.325;70.575;71.5;846470
72.3;73.875;72.175;73.7;736968
72.875;74.85;72.25;74.625;701432
75.15;76.15;74.05;75.2;909276
74.725;76.075;74.4;75.5;723616
75.95;76.875;75.425;76.55;908396
77.5;78.85;77.475;77.55;785332
76.65;77.725;75.55;76.425;701256
75.375;76.625;74.7;75.15;564550
75.95;76;72.125;72.325;922842
72.55;73.3;71.95;72.25;588110
73.4;75.225;73;74.75;901596
73.6;73.6;71.525;71.6;930002
72.3;73.05;71.175;71.375;1060986
70.5;71.1;69.25;70.05;1382406
70.975;71.225;69.8;70.65;723732
71.025;71.275;70.175;70.6;276882
70.925;74.35;70.775;73.525;936586
72.625;74.875;72.025;74.55;839558
75.15;76.3;75.15;75.825;854910
76.6;77.13;75.54;76.75;604491
77;78.25;75.99;77.57;603140
77.5;79.69;77.5;78.7;920350
78.83;79.67;76.53;77.12;860938
76.59;77.43;75.72;77.05;1289742
77.21;77.67;76.07;76.69;1111557
75.82;76.37;74.31;74.73;1033504
75.01;75.43;72.64;74.26;711889
75;76.8;74.21;76.31;898227
76.28;79.65;75.73;79.55;980964
79.39;81.17;78.77;80.94;883356
81.25;81.61;79.63;80.36;557189
80.35;80.91;78.77;80.69;900886
81;81.6;78.9;79.5;466686
77.15;77.6;75.61;77.02;1663906
76.22;77.17;74.7;74.71;973546
75.82;77.24;75.17;77.2;804931
76;76.58;75.73;75.91;905506
75.93;76.16;74.52;74.88;781864
74.83;75.49;74.1;74.58;800864
74.77;75.24;72.85;73.26;666695
74.51;74.7;73.58;73.86;460876
73.59;73.73;72.16;72.58;570388
72.33;72.33;70.55;70.75;725837
70.5;70.95;69.62;70.62;857004
71.55;71.58;70;71.44;675202
71.97;72.14;70.91;71.95;629459
72.49;72.9;71.8;72.66;566868
72.21;73.35;71.82;72.37;481041
72.8;73.95;71.23;71.25;651316
71.44;71.63;69.84;70.12;479676
70.15;71.06;69.55;70.4;393070
69.97;70.11;68;69.04;617819
68.59;68.89;65.5;66.5;1517224
66.91;67.75;65.78;67.2;1055947
66.76;67.39;65.11;66.54;816932
67.2;67.5;65.4;65.96;453596
64.9;67.79;64.5;67.79;923039
67.83;70.45;66.59;70.34;1024103
69.9;71;69.45;70.37;769508
70.1;71.63;69.61;71.26;602567
71.43;71.44;70.57;70.79;314514
70.7;70.78;68.97;69.51;496730
68.91;69.95;68.13;69.65;747401
69.35;70.59;68.84;70.39;550745
70.24;70.5;69.85;69.87;469088
70.28;71.18;69.95;70.57;648621
70.79;71.25;70.39;70.94;615627
70.95;71.61;70.54;71.23;641934
71.21;72.09;70.65;70.71;683672
71.01;71.87;70.83;71.5;1467263
71.33;73.1;71.16;73.01;816643
72.89;73.57;72.69;73;662244
73.03;73.25;72.45;72.76;939284
72.93;73.37;71.13;72.44;739359
72.09;73.79;71.88;73.77;641566
74.14;74.58;72.73;72.87;761926
72.8;73.6;71.72;73.4;562185
74.22;74.88;73.66;74.61;889781
73.91;74.78;72.84;72.87;743425
73.02;74;72.55;73.15;570175
73.18;73.41;72.22;72.33;497013
72.33;74.01;72.12;73.78;442739
74.14;75;73.91;74.52;532971
74.21;74.8;73.75;74.45;484847
74.42;74.65;73.75;74.49;427881
74.5;76.52;74.49;76.15;524910
75.49;76.52;74.91;76.36;545186
76.81;78.81;76.78;78.31;752054
78.45;79.19;78.41;79.03;762910
79.06;79.14;77.94;78.37;531364
77.61;78.27;77.02;78.11;328519
78.02;78.95;76.85;77.03;457198
76.13;77;76;76.81;670714
76;78;75.66;77.7;537777
77.2;77.86;76.84;77;489173
76.85;77.71;76.65;77.05;367746
76.22;76.71;74.44;74.97;714578
74.21;74.75;73.84;74.01;535500
74.04;75.4;73.8;74.75;561213
74.17;75.09;74.03;74.57;589218
74.79;75.45;74.35;75.45;478873
75.06;76.81;75.05;76.69;539300
76.2;76.57;75.37;75.57;540909
75.76;76.8;75.75;76.01;623886
75.97;78.41;75.96;78.24;827619
77.75;79.01;77.75;78.89;671035
78.05;80.55;78.03;80.45;1201608
79.25;79.5;77.64;77.75;1264895
77.77;78.24;75.31;75.4;901690
74.8;76;74;75.39;720938
75.22;76.84;75.01;76.51;604322
76;76;73.44;73.44;685789
72.77;73.51;72.24;73.45;680077
74.11;75.41;73.69;75.38;535314
75.31;76.29;75.09;76.04;684704
76.7;76.93;74.67;74.84;494055
74.5;74.98;73.35;73.38;480523
73.83;75.56;73.28;75.45;441018
75.61;75.61;74.8;75.41;335946
74.67;76.13;74.41;75.95;595732
76.2;76.49;73.97;74.09;567778
74.6;74.63;72.84;73.17;650564
73.79;74.28;73.28;74.13;508000
74.56;74.6;71.46;73.65;1472435
73.78;74;72.63;72.87;996474
72.99;74.38;72.99;74.34;520134
75;76.5;74.75;76.19;976818
75.88;77.1;75.53;76.59;515008
77.26;77.4;75.7;76.19;519371
76.23;76.51;76.11;76.4;388897
76.88;77.87;76.68;77.8;541557
77.81;77.94;77.47;77.92;426374
77.76;78.75;77.46;78.45;540680
78.26;79.43;78.14;79.3;585062
79.5;79.75;78.87;79.53;657927
79.43;80;78.97;79.74;497128
79.96;80.5;79.52;80.28;424169
80.17;80.3;79.6;80.25;470536
80.31;80.67;79.32;80.09;352945
80;80.1;79.1;79.1;77442
79;79.85;78.65;79.13;256279
79.2;80.25;79.01;80.19;276901
80.42;80.64;79.78;80.61;267776
80.65;80.9;79.47;79.96;207335
80.45;80.54;78.6;78.6;122929
79.5;80.75;79.2;80.6;364632
80.84;81.5;80.05;80.18;620239
80.1;80.95;79.45;80.95;610646
81.08;83.17;81;83;729022
82.66;83.59;82.04;82.91;524724
82.8;82.8;80.55;81;586966
81.41;82.73;81;82.69;523620
82.86;84.81;82.8;84.81;616452
84.81;85.59;81.12;82.47;1418306
82.18;83.19;81.7;82.95;955071
83;83.2;82.09;82.35;501278
82.51;82.86;81.77;82.47;534660
82.6;82.91;81.54;81.93;520474
81.94;82.19;79.11;79.21;1006849
79.49;81.19;79.12;80.6;734923
80.55;80.55;79.14;79.8;563283
80.22;80.78;79.72;80;478670
80.32;80.76;79.89;80.53;582092
80.42;82.52;80.12;81.71;704047
81.73;82.09;80.01;80.01;604514
79.96;80.07;78.67;79.34;510703
80.58;80.75;79.14;80.33;605626
80.59;80.83;79.26;79.77;647837
79.99;80.16;78.68;79.4;564561
79.68;80.04;79.01;79.39;442766
79.61;80.71;79.51;80.71;478325
80.59;81.66;80.03;80.43;552717
80.43;81.22;80.2;80.31;346574
80.4;80.6;79.33;79.66;418826
80.19;80.64;78.8;80.59;484262
80.86;81.43;80.41;80.9;334892
80.86;81.17;80.12;80.57;298519
80.8;81;80.34;80.45;379436
80.67;80.95;79.56;79.7;404858
79.88;79.95;79.02;79.66;404078
79.54;79.99;78.7;79.05;364291
78.64;78.89;77.39;78.2;534161
78.18;78.9;77.24;77.65;437347
73.94;74.53;72;72.55;2342780
73.32;74.52;72.55;74.15;1191515
74.43;75.49;73.7;75.07;707681
75.49;76.37;75.45;76;789348
75.11;75.78;74.27;75.5;773026
75.9;75.96;74.52;74.58;707524
74.5;74.5;72.55;72.97;1139334
72.95;74.53;72.61;73.6;631277
73.82;73.96;72.48;73.95;596035
74.02;75.81;73.87;74.89;774723
74.43;74.49;72.99;73.56;626522
73;73.46;72.58;73.15;488856
72.8;73.35;72.1;72.5;835161
72;72.2;69.18;71.91;1188734
72.21;73.21;70.38;70.39;854071
70.55;72.79;70.25;72.44;814536
72.9;74.53;72.69;73.45;1295505
74.1;75.36;74.01;75.17;544545
75.04;75.17;74.19;74.81;677322
74.68;74.91;73.82;74.74;383908
74.56;76.04;74.36;75.68;570391
76.08;76.74;75.43;76.4;386311
76.3;76.98;75.75;76.62;380600
76.84;78.29;76.17;78.29;930832
78.98;80.6;78.83;79.5;906944
79.38;80.1;79.14;79.16;612184
79.77;80.31;79.25;80.31;795523
79.84;81.03;79.49;80.84;729088
80.82;81.92;80.68;81.21;553624
81.52;82.5;81.51;82.3;699921
82.14;82.3;80.35;80.35;666628
81.65;84.45;81.65;84.1;1213606
84.39;84.78;83.56;83.87;643402
83.12;83.12;81.3;81.51;636340
81.81;83.14;81.75;82.78;551916
82.35;82.58;81.6;82.26;444388
82.27;83.59;81.55;83.59;458590
83.82;83.99;80.78;81.17;703876
81.26;82.4;80.5;81.64;421280
82.7;84.12;82.51;84.02;460294
84.46;85;83.8;84.85;482425
84.75;85.15;84.2;84.48;487906
84.71;85.04;84.02;84.21;338633
84.8;84.87;83.08;83.61;487736
83.44;84.6;82.88;84.19;295882
84.88;84.88;83.69;84.01;233455
84.01;84.1;82.58;83.19;386127
82.83;83.81;81.5;81.84;463385
82.31;82.76;80.79;81.02;513314
81.2;84.07;81.08;84.03;667780
83.85;85.6;83.37;84.5;562038
84.5;85.72;84.4;84.7;448372
85;85.15;84;84.24;347785
83.08;84.15;82.35;84.06;468005
86;89.58;85.8;89.18;1852585
88.12;89.44;87.18;88.61;761745
88.1;88.92;86.72;86.83;661014
88.02;88.06;85.95;85.95;575154
86.55;88.03;86.13;87.9;630265
88.21;88.92;86.33;86.91;744370
86;86.4;85.07;85.99;668690
86.31;87.64;84.34;84.95;842680
83.95;83.95;82.51;83.6;827296
84.01;84.87;83.63;84.04;552621
84.6;85.68;84.44;85.42;510262
85.18;86.08;85.01;85.59;167943
86.42;87.3;86.42;86.97;525644
86.74;87.39;85.7;85.92;417770
85.01;85.89;84.46;85.42;344456
85.39;85.6;83.53;84.84;451861
84.65;84.66;83.68;84.12;326506
84.18;85.02;83.38;83.38;417502
83;83.18;81.17;81.71;606742
81.9;83.88;81.22;83.47;601906
83.3;83.95;82.47;82.76;469558
82.97;83.77;82.55;82.99;307861
83.13;84.22;83.13;83.8;340355
83.7;83.91;82.31;82.88;389717
81.1;81.65;79.81;80.3;883138
80.3;80.3;78.4;79.08;1171971
78.65;78.67;77.53;77.9;632226
78.35;81.02;77.75;80.8;814854
80.53;80.88;79.98;80.3;466982
79.71;80.07;78.57;78.8;494598
79.94;80.26;78.48;78.55;604063
78.55;79.45;78.16;78.5;363134
78.8;80.03;78.48;79.61;500021
80.23;82.75;80;82.34;733272
82.51;85.14;82.04;83.99;834853
83.82;85.51;83.35;85.25;614916
85.18;86.07;84.85;86.05;338808
85.99;86.36;85.47;85.63;487833
85.14;86.85;85.1;86.77;472693
86.85;87.51;86.21;87;659392
87;87.6;85.32;86.2;571875
85.52;86.36;84.75;85.15;544383
83.97;84.45;82;84.23;624106
83.95;86.51;83.61;86.51;459268
85.41;86.36;85.12;85.42;280666
84.99;85.3;83.72;84.44;467032
83.79;84.01;82.09;82.4;611636
82.51;83.87;82.15;83.52;341184
84.01;84.39;83.2;83.96;387329
84.5;85.49;82.84;84.93;453204
85.49;85.95;84.88;85.55;344371
85;86.88;85;86.52;385933
87;87;85.31;86.05;457433
86.33;86.72;84.1;84.17;518928
72;73;68.88;69.99;6399441
69.76;72.1;69.24;71.12;1742323
73.09;73.1;69.47;69.72;1095095
69.69;70.93;69.41;69.66;1123458
69.29;69.32;66.6;68.16;1138781
69.25;69.25;63.81;63.92;1428365
61.27;66.5;60.2;63.98;1527461
62.29;63.6;57.57;57.93;1563164
57.9;61.16;55.65;60.81;1788555
62.98;63.97;59.01;59.39;1351028
61.23;62.63;58.76;62.46;1035748
62.76;64.26;60.91;63.65;842395
64.4;65.76;63.79;64.45;616451
64.45;64.45;62;63.58;548592
63.31;64.51;62.35;63.9;455362