34;34.2;32.9;33.88;49149336
33.8;34.25;33.4;33.65;1677685
33.5;34.01;33.3;33.63;847837
33.6;34.05;33.5;34;1288810
33.67;33.95;33.3;33.93;566254
33.06;34.01;33.06;33.9;591626
33.5;33.9;33.5;33.75;337527
33.2;33.6;33.2;33.6;162422
33.22;33.49;33.21;33.4;284811
33.4;36.7;33.3;35;3237844
35;36.75;35;36.01;1449917
35.6;36.5;35.4;35.9;720357
35;36.2;35;36.2;678003
36;37.45;35.62;37.1;1682688
37;38;36.65;37.24;1385939
36.55;38.01;36.55;37.9;978315
37.3;39;37.3;38.85;1381709
37.7;38.87;37.7;38.2;143898
38.9;39.4;38.8;39;686135
39.1;39.3;38;39;621348
38.89;38.95;38;38;165459
38.3;38.9;37.56;38;301407
38;39;38;38.85;390838
38.5;39.65;38.5;39.65;765458
38.5;40.5;38.5;40.05;1182177
39.65;40.8;39.65;40.5;813102
40.7;40.75;40.3;40.55;234120
40.4;40.5;39.2;39.5;201281
39.45;39.85;39;39.7;465165
39.5;39.5;37.6;38.7;314246
38.15;39;38.15;38.65;405589
38.66;40.39;38.2;40.2;626367
40.4;41.1;40.3;40.8;359882
38.6;40.5;38.6;40.2;256321
40;42.25;40;41.8;479684
40.6;42.5;40.6;42.4;249326
41.7;42.7;41.5;42.7;445935
42;42.55;41.8;42;315298
42;42.3;41.65;41.89;204237
42;42;41;41.55;140546
41.47;42.84;41.4;42.5;518061
41.9;42.25;40.2;41;198534
41;41.25;40;40.05;456740
40.02;42.5;40;42;708418
42.5;42.5;41.9;42.5;420154
41.83;42.4;40.21;41;458098
41;44;38.8;44;1440433
42.5;44.05;42.5;43.65;919931
43.05;44.09;42.75;43.99;654037
44;46;43.21;43.5;1283531
42.5;44.15;42.5;43.79;368617
43.5;43.7;40.4;42;1679649
41;42.54;41;41.6;570932
41.5;41.7;40.5;40.85;295581
40.5;41.4;40.3;40.8;460510
40.75;41.4;40.51;40.85;401706
40.99;41.5;40.61;41.15;983158
39.5;41;39.5;40.25;368945
40;40.44;40;40.13;181977
40.1;41.8;40;41.49;708386
41.2;43.8;41.04;43.7;996569
42.5;44.5;41.11;42.3;1040361
42;42.5;40.6;42.2;236314
42.2;43.02;41.9;42.9;506878
42.3;43.69;41.1;42;736507
42.8;43.25;42.1;43;465807
43.3;44.06;42.81;43.11;579149
43;43.6;42.8;42.95;300504
42.94;42.94;41.7;42.27;389898
41;41.95;41;41.5;244279
41;44;41;43.5;220286
43;44;42.51;43.99;263588
42.15;43.57;42.15;42.7;60856
43.5;44;42.46;44;90633
43.35;44;43.26;44;152798
43.94;44.1;43.1;43.75;115954
43.66;45.9;43.5;45;414819
44.15;45.2;43.91;45;155304
45;45.6;44.71;45.1;396856
45;45.5;44.75;45;546103
44.8;45.3;44.1;45.05;145560
44.75;45.2;43.01;44;347054
43;43.74;42;42;112901
42.2;45;42.2;44;167647
43.42;44.5;43.42;44.25;129687
44.7;46.5;44.26;46.5;457529
46;46.61;45.5;46.42;243294
45.73;48.19;45.6;47.6;695185
46.55;48.17;46.55;47.45;840914
47.2;49;47.2;49;722328
48;48.2;47.6;47.6;609839
47.3;47.98;45.22;45.5;1697720
45.5;46.25;45.5;46.25;300034
46.21;48;46.21;47.11;513818
47.98;48.63;47.4;48.4;345204
47.3;48.28;45.5;47.5;246747
47.13;47.5;46.5;46.85;174561
46.5;47.8;45;46.5;305993
46.5;48.4;46.01;48.4;482177
48.3;48.3;45;45.9;601370
45.16;46.1;45.15;45.51;244347
45.95;45.99;44.3;44.3;271944
44.1;44.5;40.5;43.6;260427
44.39;45;43.92;44;285548
43.85;47.51;43.85;46.89;244615
45.21;47.5;43.4;44.8;694055
45;45;42.05;44;818801
43.15;48;43.1;46.9;636479
47.2;47.2;44.5;45.6;280752
44.61;47;44.61;46.72;349199
44.98;46.5;44.5;46.5;212524
46;48;44.5;48;137635
45.1;46.9;45.1;45.5;84802
46;46.5;45.55;46.1;102540
46.01;47.01;46.01;46.5;144572
47;47.1;45.6;46.5;118291
45.51;47.39;45.51;46.5;313671
47.5;47.5;42.1;42.1;689400
43.5;44;42.75;42.75;570404
42.9;43.9;42.2;43.9;469677
44;44.7;43.5;43.5;856989
44.4;44.4;42.21;43.7;349251
43.11;43.5;42.25;42.85;423467
42.51;42.98;40.6;41.05;676529
41.49;41.9;40.05;41.9;762456
42.5;42.5;40.41;40.55;770601
40.5;41.57;39.85;41.1;706433
40.1;41.15;40;40.2;558683
40.2;40.3;39.1;39.1;939397
39.1;41.62;38.5;41;1302174
41.9;43.1;41.3;42.35;585098
42.9;43.05;40.54;41.6;483767
41.03;42.7;41.03;42.5;248188
42.69;42.8;42;42.5;241124
41.7;42.39;41.41;41.55;138727
41.75;43.1;41.08;42.5;401415
43;43;41.7;42.64;344581
42.1;43.3;42.1;43;540876
43;43;42.01;42.55;360940
42.6;43.68;42.6;43.5;348670
43.9;44;43.5;43.85;429661
43.85;44;41.8;44;512958
41;45.99;41;45.5;7545799
43.9;44.12;43.25;43.6;2992107
43.1;45.09;43.1;44.62;1190338
44.2;45.19;44.2;45.05;1895733
44.88;45.45;44.79;45.41;432211
45.75;47.18;45.4;45.9;1553395
46;46.15;45.62;46.1;635701
45.15;46.64;45.15;46.06;333478
46.1;46.75;46.06;46.65;871515
46.94;46.94;46.02;46.4;250826
46.5;46.55;45.5;45.51;472458
45.5;46.4;45.5;45.86;586245
45.5;46.58;45.5;46.58;457352
45.74;46.3;45.5;45.5;264205
46;46.2;45.5;45.99;371635
45.54;46.48;45.51;46.2;458397
45.75;46.4;45.5;45.5;304198
45.3;45.85;45.3;45.75;192665
45.53;45.8;44.6;44.8;518187
44.33;45.49;44.33;45.1;611612
44.85;45.45;44.01;44.5;616652
45.55;46.8;44.2;46.15;1069542
46.19;48.4;46.15;47.7;1450075
47.58;49.25;46.5;48.85;1951626
48.5;48.9;46.9;48.15;1052780
47.05;48.5;47.05;48.41;793743
48.5;49.69;48;49.5;1656793
48.5;49.93;48.5;49.44;663666
49.75;50.25;48.63;49;1036368
48.99;49.5;48.6;49.03;1340532
48.13;49.14;47.4;47.4;1126273
47.6;49;47.5;48.98;337082
48.26;49;48.26;48.85;501437
48.38;49;48;48;1180310
48.01;49.84;48.01;49.18;1224716
48.89;48.89;47.51;47.65;752896
47.66;49.99;47.62;49.65;692362
50;50.3;49.51;50;788554
50.3;50.95;49.52;50.85;645990
50;50.85;49.75;50.2;479220
49.94;50.5;49.75;49.93;373306
49.95;50.3;49.7;50;657130
49.26;49.85;49.2;49.4;247468
49.3;50.4;49.25;49.5;555201
49.5;49.68;48.65;48.65;457733
49.5;49.5;48.25;48.35;338781
48.2;48.25;47.7;48.05;1021270
48;49.15;47.98;49.1;386899
48.1;48.97;47.66;47.8;728762
48;48.1;47.25;47.5;921115
47.5;47.89;46.95;47.1;317711
47;48;46.95;47.7;284024
46.95;47.82;46.95;47.21;254376
47;48.3;46.91;48.3;290154
47.51;49.22;47.51;48.69;975300
49;49.39;48.78;49.36;252008
49.4;49.75;47.5;48.3;692117
48.41;49.41;48.41;48.65;334430
49.1;49.98;48.7;49.34;912853
49.35;49.95;49;49;166503
49.4;50;49;49.85;292945
50;50.15;49.36;49.75;177348
49.09;50.2;48.83;49.71;418541
50;50.3;49.3;50.3;262683
49.3;50.15;49.3;49.75;142955
49.95;50.45;49.2;50.45;254279
50.45;51.1;49.98;50.55;425147
51;51.25;50.05;51.2;239709
51;51.4;50.5;51;233077
50.45;50.8;49.8;50;289877
49.3;50.2;49.3;50;435658
49.67;50.3;49.37;50.3;363497
49.51;50.65;49.51;50.65;56552
50.65;50.95;50.05;50.4;182908
50.4;51.1;50.2;50.5;99487
50.4;51.1;49.25;49.5;372877
49.5;49.9;48.2;49.1;604039
49;50.3;48.3;50.3;640727
50.3;50.3;49.1;49.35;279867
49;49.25;48.3;48.5;607879
48.3;48.94;48.3;48.71;316686
49;49.22;48.31;49.22;418709
49.3;49.3;48.9;49.1;393977
48.34;48.94;48.05;48.49;241345
48;48.56;47.5;48.56;370098
47.9;48.4;47.81;48.1;326684
48;49.27;48;49;338470
48.1;49.27;47.85;48.58;754385
48.21;49.5;48.08;49.17;216036
49.08;49.6;48.63;49;194774
49.17;49.8;49;49.07;236515
49.17;49.95;49.08;49.95;278698
49.27;49.5;48.52;49.28;322643
48.51;49.92;48.51;49.7;213383
49.25;50.2;48.74;49;630139
48.75;49.4;48.75;49.11;221829
48.75;49.8;48.6;49.8;342305
49.8;50.3;49.32;49.71;405704
49.7;50.25;49.5;50.25;178186
49.5;49.8;48.83;49.4;660973
49;50;48.83;49.95;156599
49.3;50;49.05;49.7;247255
49.4;50;49.31;49.9;305932
49.5;50.25;49.4;49.89;214829
49.8;49.89;49.12;49.74;353190
50.35;51.25;49.8;50.1;1224193
50.3;50.5;49.81;50.3;304617
50.5;51.1;49.9;50.8;598909
50.75;50.75;49.9;50.5;599753
49.9;50.6;49.9;50.35;516505
50.05;50.9;50.05;50.35;307293
50.3;50.95;50.2;50.2;365269
50.05;50.05;48.85;49.75;752552
49.01;49.68;49.01;49.32;282720
49.15;49.4;48.51;49.05;299434
48.9;49.15;48.7;49;449930
49;49.1;48.7;49;645924
49.3;49.3;48.35;48.5;386541
48.35;49.68;48.35;48.75;381558
48.7;48.85;48.4;48.5;232688
48.4;48.77;48.4;48.77;159057
48.5;49.25;48.5;49;529476
49.05;50.15;49.01;49.15;1052059
49.06;49.98;49.06;49.9;303265
49.6;50.1;49.42;49.5;3428170
49.3;49.5;48.78;49.35;682694
48.9;49.19;48.6;49;564033
48.55;49;46.96;46.99;1121339
47;47.93;46.01;47.39;629491
47.45;47.92;47.1;47.92;295253
47.8;47.97;47.26;47.3;112261
47.26;48;47.26;47.8;241157
47.55;47.99;47.2;47.6;74733
47.73;47.73;46.5;46.53;340315
46.88;48.2;46.6;47.95;549993
47.76;48.25;47.45;47.5;276604
47.5;48;47.04;47.99;298191
48.08;48.2;47.6;47.91;152155
48;48.2;47.55;47.71;94967
47.6;47.84;46.85;47.5;244232
47.22;47.74;47.02;47.6;668141
47.6;47.85;46.76;46.76;256168
46.76;47.18;46.5;46.77;398320
46.5;47.03;46.5;46.5;139332
46.55;47.85;46.55;47.6;417945
47.5;47.9;47.03;47.61;89978
47.7;47.92;47.26;47.75;247872
47.8;47.9;47.28;47.6;425550
47.28;47.72;46.55;46.64;506085
46.55;46.75;44;44.11;741370
44.05;46;44;46;519166
45.6;46.29;44.32;46;500220
46;46.3;44.75;44.75;374492
44.7;45.5;44.28;44.99;707492
44.53;46.08;44.52;45.2;763083
45.6;46;44.75;45;588042
45;45.55;44.6;45.55;445819
44.5;44.75;41.5;43;1744826
43.4;43.41;41.54;42.06;1062456
42.5;42.5;40;40.39;2650915
41.02;41.9;40.52;41.6;1551522
41.6;42.25;41.3;42;1164377
42;43.28;41.9;42.52;1127075
42.2;42.85;42.02;42.73;511215
42.68;44.25;42.27;44.1;732728
44;44.3;43.5;43.8;506664
44;44.1;42.41;43.06;743079
42.45;42.9;41.98;42.7;950602
42.2;42.7;41.7;42.7;342628
42.9;42.9;42;42.9;271958
42.82;43.35;42;42.05;845336
42.5;43.5;41.75;41.99;673375
42.01;42.5;41.85;41.95;491390
42.33;42.5;41.8;42;341183
42.1;43.5;42.1;43.5;486069
43.07;43.65;43.07;43.5;416751
43.48;43.94;42.68;42.88;469066
43;43;42.25;42.25;314104
42.1;42.5;41.9;42.3;318611
42.75;42.75;41.7;42.05;1040144
41.87;42.68;41.85;42.25;890543
42.75;42.75;41.65;41.65;866379
41.6;42.65;41.6;42.25;516711
42.23;42.3;41.25;41.55;572558
41.1;42.25;41.1;42.2;568921
42.12;43.4;41.71;42.71;692380
42.15;42.91;42;42.48;267543
42.15;42.8;42.03;42.55;523518
42.84;42.99;41.92;42.1;566220
42;43;41.85;42.36;646945
42.35;43.2;41.9;42.32;1252529
42.16;42.45;41.7;41.84;1011515
41.8;42;40.76;40.78;791993
40.8;41.08;40.16;40.6;1177001
40.65;42.2;40.49;42.01;623139
42.2;42.65;41.63;42.65;466994
42.57;42.94;42;42.13;343116
42.3;43;42.25;42.3;221709
42.95;42.95;42.12;42.12;251448
41.8;42.72;41.58;42.72;299966
42.8;43.5;42.36;42.91;431299
43.2;43.39;42.42;43.19;171433
41.8;43.3;41.8;43.03;212320
43.12;44;43.12;43.6;373151
43.8;44.5;43.39;43.39;462227
43.25;43.58;42.5;43.01;633594
42.56;44;42.52;42.85;936681
42.49;42.49;40.25;41;2175034
41.2;41.3;40.19;40.24;881720
40;40.45;37.89;38.46;6864796
38.79;39.07;38.01;38.28;3377723
38.5;38.75;36.7;37.15;3745645
37.44;38.13;36.95;37.5;1612546
38.2;38.2;37.5;37.9;876433
37.85;38.2;37.55;37.75;1514360
37.85;38.09;37.5;37.5;972129
38;38;36.97;37.19;1000226
36.91;38.17;36.91;37.96;643061
37.92;37.92;37.07;37.4;600565
37.65;37.65;36.8;37.25;662852
37.05;37.25;36.6;36.7;1056727
37;37.1;36.65;36.85;556836
36.51;37.04;36.1;36.79;806637
36.5;37.05;36.5;36.9;197196
36.4;37.7;36.4;37.5;849942
37.35;37.46;36.66;37.46;764045
37.67;37.67;36.76;36.87;273912
36.65;37;36.23;36.98;896502
36.8;36.98;35.52;35.7;1239681
35.98;36.1;35.27;35.94;1264873
35.61;37.25;35.61;37.06;2106113
37.41;37.97;36.83;37.88;1299741
37.4;37.9;36.61;37.1;1566381
37;37.5;36.86;37.2;539998
37.67;37.67;36.75;37.25;566131
37.06;38.1;36.98;38;1497387
38.45;38.6;37.35;37.7;1493447
37.9;38.3;37.5;38.3;815705
38.5;38.95;38.11;38.95;753425
38.8;38.96;38.32;38.5;743762
38.59;39;38.48;38.6;662575
38.7;38.75;37.61;38.21;908917
38.43;38.43;37.7;38.2;696772
38.2;38.75;37.8;38.5;531162
38.59;38.9;38.4;38.89;500088
38.8;39.2;38.4;38.85;410497
38.6;38.6;37.8;37.99;880023
38;38.48;37.7;38.39;490461
38.5;38.5;37.52;38.1;752094
38.44;38.58;37.62;38.5;644342
38.06;38.9;38.04;38.65;769653
38.5;38.85;38.03;38.5;510042
38.8;38.8;38.07;38.5;398750
38.15;38.5;37.6;37.99;1232793
38.19;38.19;37.83;38;491248
38.34;38.39;37.02;37.25;862600
37.11;37.45;36.9;37;565310
37.34;37.49;36.9;37.24;526701
36.9;37.94;36.9;37.81;440593
37.45;37.93;37.35;37.35;491389
37.7;37.74;37.15;37.31;803024
37.2;37.4;36.73;37;534391
37.42;37.55;36.75;36.8;653682
36.8;37.26;36.8;36.9;364900
37;37.57;36.8;37.51;435978
37.58;37.8;36.25;36.3;814918
36.45;36.93;36.35;36.68;343112
36.37;36.91;36.26;36.5;495975
36.42;36.97;36.42;36.97;397823
37.1;37.23;35.75;36.15;1049716
36.23;36.64;34.6;36.2;2256326
36.2;37.7;36.07;37.7;980014
37.8;37.87;36.32;36.5;1771427
36.49;36.88;34.99;35.35;2375240
35.68;35.68;34.78;34.85;1588655
35;35;34.06;34.35;1271415
34.15;34.67;33.55;34.38;1699190
34.41;35.28;34.1;35.18;1154328
34.8;35.14;34.32;34.49;1327008
34.31;35.35;34.31;34.85;594070
35.35;35.88;35.1;35.88;1235018
36.1;36.46;36.01;36.33;1181061
36.16;36.43;36.11;36.2;830149
36.29;36.65;36.2;36.38;875590
36.35;37.05;36.31;37;1136727
36.6;37.09;36.1;36.2;905526
36.47;36.47;35.14;35.71;957464
35.91;35.97;35.41;35.6;951916
35.9;35.95;35.24;35.68;486347
35.8;35.85;35.15;35.45;545333
35.45;35.65;34.66;35.13;1298385
34.91;35.23;34.77;35;453803
35;35.69;34.82;35.2;372521
35.5;35.6;34.9;34.9;431847
34.9;35.28;34.7;34.77;853568
34.98;35.84;34.75;35.2;1288377
35.27;37.17;35.15;37;1493549
37;37.2;36.6;37;1018869
36.75;37.05;36.22;36.5;1011380
36.5;36.99;36.25;36.79;512816
36.76;37.53;36.75;37.5;997244
37.71;39.1;37.71;37.99;2743085
38;38.2;37.16;37.49;669675
37.6;38.6;37.45;38.42;930222
38.05;38.2;37.07;37.81;684600
37.7;38.49;37.23;37.65;848971
37.56;38.14;37.31;37.8;339835
38;38.1;37.33;37.46;478608
37.46;37.55;36.25;36.6;1687991
36.9;36.97;36.42;36.74;1001999
37;37.4;36.8;36.95;526673
36.94;37.01;36.2;36.5;813636
36.21;36.9;36.15;36.57;947085
36.11;36.47;35.85;36.07;573882
36.17;36.94;35.85;36.88;337541
36.85;37.38;36.69;37.23;446563
37.15;37.22;36.8;37.12;591421
37.25;38;37.12;37.78;475139
38;38;37.14;37.3;1664488
37.5;37.7;36.67;37;715960
37;37.5;36.57;36.82;470082
36.62;37.15;36.62;36.92;63717
36.9;37.14;36.52;36.56;548503
36.7;36.8;35.12;35.22;1658778
35.3;35.93;34.86;35.71;983383
35.25;35.5;34.7;35;944817
34.8;35.22;34.26;34.55;844904
34.99;35.02;34.51;34.74;733057
34.7;35.7;34.7;34.97;688735
35.29;35.29;34.2;34.65;647649
34.69;34.69;33.93;33.93;826236
33.82;34.28;33.61;34;272949
33.93;33.93;32.81;32.82;449089
33;33.75;32.9;33.2;389148
33.38;33.7;33.1;33.25;266519
32.92;33.65;32.7;33.06;801169
33;33;31.86;32.15;970013
32.15;32.55;31.67;32.41;652114
32.15;32.8;31.81;32.7;589747
32.7;32.94;32.15;32.51;496635
32.05;33.54;31.95;31.95;1273080
32.03;32.5;31.85;32.5;376835
32;33.5;31.87;32.65;1850990
32.8;33.88;32.25;33.88;1043371
33.45;33.6;32.52;33;1184279
33;33.25;32.09;32.09;980158
32.5;32.66;28.25;28.4;3966909
28.9;29.68;27.12;29.4;8908231
27.5;30.79;27;30;3242590
30.8;31.6;30.05;31.31;2210146
31.9;31.93;30.05;31.25;1787311
31.25;31.6;30.4;30.49;1093892
30.15;30.76;27.78;29.38;3915883
29.15;29.7;28.55;28.71;2206196
28.4;28.85;27.26;28.85;2359424
28.78;29.19;28.53;28.75;1350674
28.5;29.18;28.38;29.13;1412919
29.15;29.87;28.95;29.07;1556034
28.65;28.9;28.3;28.3;1277073
27.84;27.96;27;27.19;2129778
27.44;27.79;26.8;27.25;1373922
26.9;27.44;26.51;26.55;1450211
26.57;26.74;25.27;26.25;2943328
26.19;26.65;26;26.5;1405333
26.61;26.79;26.36;26.66;1403458
26.6;26.6;26.21;26.36;3072147
26.21;26.45;25.51;25.51;1192128
25.92;26.05;22.35;23.56;1720452
23.32;23.57;20.3;21.18;2384850
22.18;22.35;21.3;21.47;2208248
21.47;22.2;20.91;21.5;1622164
21.5;23.28;21.28;22.7;1245268
23.75;23.78;22.51;23.44;1563616
23.8;25.4;23.22;23.76;1646114
23.9;25;22.86;22.9;2393448
22.88;23.18;22.3;22.59;686390
22.93;24;22.33;24;965753
23.15;24.95;22.51;24.2;1378253
24.14;24.88;23.75;23.75;765871
24.27;24.3;21.3;22.14;2764292
22.5;22.97;22;22.94;2129279
23;24.2;22.77;23.96;708813
23.95;23.96;22.8;23.3;1320005
22.8;23.05;21.92;22.25;1231499
22.73;22.9;19.73;20.8;2214579
21.04;21.25;18.45;19.97;2501246
19.79;21.75;19.49;19.81;1609878
20.2;23.85;19.96;23;5056030
23.9;25.91;23.65;25.7;5113663
26;26.2;24.71;25.05;1467395
25.5;26;25.06;25.25;1074098
25.15;26.4;25.11;25.46;642570
25.94;25.94;25.3;25.7;965981
25.2;25.55;25;25.17;1910971
25.16;25.16;23.62;24;2295683
24.37;25.4;23.83;25.16;787214
25.07;25.4;24.6;24.65;419208
24.43;24.43;23.25;23.9;714819
23.49;23.99;22.82;23.18;678859
23.33;23.74;21.81;23.18;961604
23.49;23.89;22.88;23.55;768111
23.4;23.76;23;23.32;828542
23.3;23.79;23.17;23.3;355525
23.55;23.55;22.27;23;975441
22.6;23;22.02;22.19;565283
22.21;22.35;20.92;21.49;960002
21.75;21.87;21.1;21.55;390832
22.25;22.5;20.67;21.19;561715
20.88;20.93;18.8;20.71;1532744
21.02;21.4;20.26;20.59;817434
20.01;20.68;19.1;20.4;847479
19.72;20.1;17.75;19.02;1370418
19.02;19.35;17.18;18;1379284
18.24;20.4;18.09;19.1;1830584
19.97;20.75;19.26;20.75;1206497
20.7;21.1;19.9;20.46;1819762
20;20.8;19.62;20.3;1443828
20.41;22.01;20.15;21.75;1015144
22.31;23.42;21.83;23.23;779439
22.75;24.6;22.73;23.65;1442906
23.95;23.95;22.28;22.9;1173983
22.26;23.45;22.02;22.13;830097
22.48;22.76;21.15;21.45;854845
22.11;22.11;20.3;20.97;723048
21;21.64;20.09;21.4;950024
21.77;22.15;20.8;21.5;951661
21.28;21.57;20.73;20.79;1144252
21.19;23.3;21;22.97;959874
22.5;24.06;22.04;23.35;1403291
23.91;24.75;23.84;24.65;1254691
24.35;24.9;23.68;24.73;803673
24.4;25.25;24.14;24.53;418004
24.75;25.5;22.45;22.5;1276031
22.99;23.6;22.35;22.85;1139551
22.92;24.45;22.92;23.45;825816
23.09;24.35;22.9;23.4;713475
24.5;24.75;23.42;23.78;433572
23.65;24.16;23.14;23.32;698562
23.6;24;22.74;23.84;833137
23.7;24.29;23.31;23.94;713414
23.57;24.7;23.37;24.38;337464
24.8;25.13;23.33;23.71;803030
24;24.39;23.62;24;630792
24.33;24.55;23.77;23.94;657962
24;24.25;22.74;23.1;932306
23.4;24.25;22.67;23.25;2516611
23.33;23.67;23.3;23.38;415359
23.5;23.68;22.72;23.03;537198
22.9;23.1;22.44;22.53;751580
22.73;23.75;22.55;23.62;781140
23.77;23.77;21.8;22.21;1259232
22.7;22.85;22.28;22.5;1063842
22.15;22.84;22.06;22.41;497435
23;23.45;22.6;22.9;790238
23.55;24.4;23.11;23.85;1193463
24.45;25.3;24.2;25;1313246
25.46;25.99;24.2;24.58;1327309
24.82;25.05;23.63;24.1;1652870
24.3;24.6;24;24.37;2098875
24.55;25.2;24.55;25;935415
25.25;25.29;24.81;25.05;730903
25.4;25.48;24.4;24.5;801889
24.53;25;24.15;24.34;776688
24.11;24.6;24;24.19;832590
24.12;24.38;23.6;23.69;639002
23.72;23.97;23.07;23.49;716961
24.24;24.24;23.06;23.2;626242
23.26;23.71;22.73;23.05;804680
23.29;23.39;22.68;22.9;867274
22.88;23.29;22.28;23.16;869700
23.05;23.08;22.35;22.64;281422
22.22;23.5;22.06;23.03;599785
23.12;23.49;22.9;23.21;948022
23.03;24.1;22.85;23.45;952289
23.68;23.92;22.98;23.29;846823
23;23.29;22.13;22.5;878721
22.39;22.68;21.51;21.59;957287
21.97;22.25;21.6;21.61;224745
21.61;22.28;21.27;21.67;271745
21.84;22.05;21.11;21.91;522510
21.91;22.43;21.75;22.22;335381
22.15;23.18;22.08;23.18;639912
23.25;23.47;22.61;23.1;947165
23.11;23.57;22.76;22.87;861298
23.16;23.57;22.82;23;917656
22.6;23.46;22.6;22.88;438533
22.5;23.12;22.31;23.1;959594
22.99;23.5;22.3;22.73;1071845
23;23.88;22.65;23.35;449647
23.55;24.41;23.55;24.08;878095
24.41;24.9;24.26;24.9;1403016
24.93;24.93;24.18;24.18;1077671
24.06;24.57;23.85;24;891471
24;24.67;23.72;23.88;1514791
24.06;24.15;23.62;23.9;7870693
23.85;23.9;23.35;23.53;2186742
23.58;23.74;23.13;23.48;1543049
23.41;23.5;23;23.03;1007105
22.65;22.9;22.22;22.3;1090768
22.4;22.5;21.91;22;1249165
21.71;22.15;21.3;21.88;1790045
21.88;22.3;21.53;21.9;945268
21.81;23.28;21.75;22.96;1525658
23.5;23.5;22.21;22.63;580429
21.88;22.63;21.73;21.98;959679
22;22.41;21.45;22.36;949097
22.44;22.44;21;21.49;1144792
21.7;21.7;20.84;21.23;668475
21.38;21.83;20.83;21.45;527598
21;21.3;20.67;21.05;1374756
20.8;21.02;20.3;20.65;894040
20.25;20.52;19.63;19.9;858324
19.88;20.71;19.56;20.4;1067056
20.62;20.63;19.5;19.92;640402
20;20.43;19.79;19.8;945335
20.07;20.2;19.1;19.51;889099
19.62;19.62;18.5;18.69;1024217
18.69;18.7;17.85;18.28;1680914
18.07;18.2;16.92;17;1556137
16.9;17.18;16.02;16.5;1959399
16.72;16.94;15.02;15.71;2472607
15.41;17;15.41;16.65;2177877
16.8;17.75;16.45;17.6;2296744
17.45;17.74;16;16.71;1628984
16.71;17.55;16.6;16.83;1555055
16.79;17.4;16.31;17.17;1121258
17.25;17.48;16.51;16.65;741404
16.61;17.6;16.52;17.04;1017831
16.9;17.1;16.05;16.28;653623
16.06;16.59;15.5;15.82;2326688
16.08;16.17;15;15;1500706
15.59;15.89;14.4;14.75;1812275
15;16.89;14.95;16.69;2206045
15.79;17.99;15.52;17.85;913744
17.81;18.45;16.4;16.99;2129026
17.01;17.85;16.96;17.39;943915
17.48;17.5;16.6;16.72;661655
16.87;17.84;16.87;17.68;849661
17.5;17.5;15.75;16.03;1026711
16.08;17;15.83;16.43;1447042
16.63;16.97;16.2;16.47;1321168
16.17;16.57;15.7;15.75;1012493
16.02;16.13;15.27;15.68;637722
15.42;15.77;15;15.11;837174
15.1;15.3;14.58;14.79;884588
15.21;15.87;15.02;15.8;2017159
16.04;17.05;15.81;16.89;1455088
16.92;17.31;16.6;17.27;1899076
17.91;18.26;17.41;17.98;1866024
17.89;17.91;16.59;16.78;2892200
16.7;17.6;16.53;17.33;1510666
17;17.35;16.4;16.42;1547262
16.47;16.75;15.98;16.17;2278991
16.47;17.12;16.1;17.11;1660280
17.3;17.5;16.8;17.13;1264937
17.45;17.54;16.99;16.99;1186787
16.69;16.98;16.5;16.64;1981868
16.89;17;16.64;16.75;582643
17.1;17.49;16.97;17.17;1317018
17.15;17.72;17.15;17.5;1497862
17.7;17.7;16.87;16.93;1815827
17;17.52;17;17.25;1722962
17.75;18.75;17.75;18.53;3581609
18.53;19.74;18.53;19.35;2921965
19.5;19.95;19.2;19.72;1373611
20.1;20.28;19.32;19.52;2629523
19.36;19.85;19.35;19.73;2216403
19.35;19.6;18.98;19.4;2069511
19.36;19.5;18.97;19.07;811693
19.08;19.3;18.81;19.24;643342
18.95;19.1;18.36;18.98;1860441
19;19.2;18.15;18.22;2101297
18.28;18.47;17.98;18.25;2309676
18.35;18.47;18.21;18.39;1940309
18.5;18.9;18.3;18.46;1810123
18.43;18.43;17.74;17.77;1111365
17.95;18.15;17.7;18.11;1479448
17.97;18.12;17.25;17.69;1819217
17.6;18.16;17.6;17.8;1508859
18.05;18.27;17.55;18.11;1388396
18.02;18.13;17.68;17.95;954408
17.86;17.86;17.6;17.72;1299101
17.86;18.09;17.7;17.85;4209170
17.82;18.85;17.75;18.7;1739650
18.63;19.09;18.46;19.09;8644290
19.1;19.14;18.51;18.92;1707433
18.62;18.85;18.44;18.66;1212296
18.6;18.9;18.48;18.8;1230458
18.9;19.22;18.56;19.18;1613253
19.04;19.2;18.83;18.94;1024347
18.83;19.18;18.75;19.1;408203
19.13;19.37;18.93;19.37;739672
19.4;19.56;19.1;19.2;888815
19.44;19.68;19.21;19.68;961377
19.5;19.65;18.96;19.21;988894
18.97;19.22;18.55;18.82;2132051
19.06;19.21;18.73;19.12;1839815
19.09;19.2;18.88;19.09;1038652
19.17;19.17;18.55;18.57;1942081
18.33;18.77;18.29;18.65;2635287
18.42;18.69;18.25;18.46;715860
18.46;18.54;17.89;17.96;2817256
18.24;18.24;17.8;18;1615609
17.94;18.03;17.61;17.81;1092192
17.92;18.02;17.65;17.88;1516960
17.91;18.1;17.75;17.9;1653438
17.83;17.85;16.85;17.3;2128729
17.43;17.5;17.25;17.36;597420
17.29;17.61;17.25;17.39;685301
17.36;17.6;17.07;17.18;619013
17.19;18.01;17.19;17.99;963943
18.01;18.07;17.68;17.82;938094
17.81;17.98;17.35;17.5;1395802
17.42;17.67;17.29;17.45;890881
17.29;17.47;16.93;17.22;2609845
17.3;17.46;17.18;17.34;656699
17.16;17.48;17;17.1;942790
17.18;17.4;16.81;16.99;1137894
16.86;17.18;16.85;17;965788
17.1;17.1;16.62;16.62;1224784
16.8;16.91;16.5;16.86;1115917
16.89;17;16.67;16.92;1030044
16.88;17.07;16.75;16.89;746456
16.7;17.14;16.7;16.99;1228506
16.71;16.86;16.5;16.65;924479
16.72;17;16.72;16.75;904694
16.72;16.9;16.44;16.65;1586595
16.65;16.71;16.54;16.65;1324563
16.77;17;16.3;16.9;1480159
16.88;16.99;16.42;16.65;1095929
16.62;16.83;16.31;16.58;722628
16.51;16.55;16.22;16.44;1583523
16.37;16.47;16.26;16.32;877401
16.49;16.49;16.2;16.39;727269
16.41;16.5;16.15;16.15;852028
16.32;16.33;16.15;16.25;511163
16.2;16.7;16;16.57;1004935
16.74;16.74;16.15;16.27;1809477
16.4;17.5;16.2;17.26;2257631
17.3;17.83;17.26;17.76;1996963
17.85;17.86;17.25;17.58;1281396
17.53;17.74;17.38;17.46;1295145
17.43;17.43;17.08;17.1;772947
17.17;17.64;17.09;17.45;2171245
17.45;17.94;17.42;17.8;982790
17.67;17.84;17.5;17.75;369036
17.84;17.9;17.4;17.4;1170574
17.41;17.59;17.25;17.4;3186988
17.44;17.69;17.22;17.53;951532
17.51;17.84;17.51;17.75;901013
17.8;18.85;17.75;18.39;1809180
18.43;18.74;18.14;18.39;1114998
18.68;19.2;18.55;18.98;1802455
18.84;19.54;18.78;19.12;2134984
19.22;19.28;18.46;18.51;1825090
18.7;19.2;18.55;18.99;976743
19.23;19.23;18.66;18.96;751349
18.99;19.15;18.66;18.94;710702
18.9;18.9;18.49;18.58;953739
18.55;18.75;18.24;18.32;979513
18.41;18.65;18.35;18.4;472181
18.39;18.62;18.3;18.53;689966
18.74;18.75;18.2;18.31;853042
18.44;18.48;18.11;18.44;1105275
18.5;18.75;18.25;18.54;1060327
18.62;18.62;18.05;18.12;1000056
18.07;18.16;17.58;17.7;1021238
17.41;19.65;17.33;19.1;9856458
18.98;19.78;18.9;19.52;4377301
19.56;19.79;19.21;19.69;2786083
19.23;19.78;19.23;19.36;1819961
19.28;19.54;18.85;19.04;2312713
19.01;19.05;18.72;18.84;1190502
19.05;19.12;18.54;18.78;1525061
18.65;19.32;18.56;19.17;1695838
19.17;19.3;18.92;19.18;476386
19.18;19.28;18.85;19;727432
19;19.5;18.8;19.3;1417304
19.51;19.87;19.25;19.75;1820941
19.89;19.89;19.42;19.55;1480744
19.56;19.74;19.38;19.58;890623
19.76;20.07;19.55;19.83;1581436
19.92;20.1;19.53;19.72;1386761
19.71;19.97;19.65;19.84;890012
19.85;19.85;19.5;19.51;884226
19.54;19.77;19.45;19.5;1237237
19.56;19.83;19.43;19.63;1097953
19.62;19.7;19.12;19.25;1423362
19.09;19.44;18.87;19.3;1614875
19.45;19.64;19.34;19.39;1290783
19.4;19.55;19.15;19.31;1162760
19.31;19.4;19.25;19.38;634280
19.21;19.4;19.15;19.4;692890
19.4;19.47;19.12;19.25;2002439
19.29;19.44;19.07;19.2;1627905
19.21;19.37;19.12;19.23;1288518
19.29;19.49;18.93;19.25;2023971
19.1;19.35;18.58;18.78;2866920
18.93;19.05;18.61;18.68;2424901
18.77;18.99;18.08;18.29;3282791
18.35;18.61;18.27;18.48;2275110
18.43;18.78;18.36;18.63;1235959
18.65;18.76;18.57;18.64;1162787
18.95;18.95;18.55;18.69;1460153
18.57;18.96;18.56;18.91;1470456
18.6;18.84;18.33;18.56;1072731
18.54;18.88;18.4;18.56;980197
18.37;19.35;18.33;19.13;2379558
19.39;19.64;18.95;19.51;3170756
19.43;19.7;19.23;19.59;1744477
19.55;19.66;19.16;19.57;921980
19.54;19.95;19.41;19.83;2005128
19.81;20.23;19.77;20.03;2795997
20.14;20.15;19.37;19.84;2477221
19.64;19.64;19.3;19.63;4196352
19.63;19.91;19.43;19.82;1161696
19.72;19.92;19.5;19.79;1850570
19.89;19.97;19.63;19.76;1631146
19.56;19.84;19.44;19.75;1630486
19.75;19.84;19.52;19.61;789534
19.44;19.64;19.4;19.51;650756
19.54;19.9;19.4;19.8;1354384
19.67;19.81;19.53;19.77;1533672
19.76;19.88;19.58;19.82;837104
20;20;19.59;19.72;749804
19.9;20.86;19.85;20.7;3383707
20.66;21.05;20.5;20.79;2158314
20.77;20.94;20.38;20.86;2436574
20.62;20.95;20.51;20.75;1805643
20.87;20.97;20.58;20.86;1503980
21;21.27;20.9;21.08;983468
21.2;21.52;21.14;21.45;1262801
21.5;21.52;21.25;21.36;309675
21.37;21.73;21.28;21.57;891272
21.67;21.7;21.4;21.63;759169
21.03;21.78;21.03;21.3;1021756
21.58;22;21.3;21.79;735645
21.8;22;21.58;21.93;1281414
22;22.5;21.77;22.25;2035265
22.45;22.59;22.1;22.16;1525477
22;22.08;21.43;21.77;3163511
21.98;21.98;21.6;21.77;1054129
21.8;22.07;21.76;21.97;748611
21.92;22.04;21.76;21.86;1013161
21.86;22.08;21.7;21.92;1324526
21.75;22;21.75;21.98;855481
21.95;22.25;21.95;22.03;1032979
22;22.19;21.88;22.01;806706
21.94;22.2;21.84;22.04;1239785
21.95;22.29;21.86;22.02;1661677
22;22.32;21.98;22.14;1608613
22.01;22.53;22.01;22.36;1476068
22.25;22.45;22.25;22.3;559858
22.38;23.05;22.31;22.78;2314697
22.53;23.12;22.53;23;1742500
22.81;23.3;22.75;22.98;1402326
23.13;23.15;22.51;22.65;1694421
22.7;23;22.51;22.83;777574
22.69;23;22.69;22.99;1149848
22.6;22.85;22.37;22.66;1311691
22.49;23;22.45;22.8;2927394
22.61;22.94;22.58;22.75;1032634
22.6;22.96;22.6;22.9;1715186
22.78;22.97;22.75;22.91;1068896
22.82;23.13;22.79;23.08;1263633
23.2;23.5;23.11;23.18;1242580
23.18;23.54;23.12;23.28;1246915
23.4;23.58;23.3;23.5;709622
23.65;23.97;23.61;23.95;2006755
23.98;24.37;23.92;24.21;1729592
24.19;24.47;24.02;24.1;1512813
24.01;24.25;23.71;23.92;1190101
23.94;24.19;23.94;24.01;812062
23.97;24.1;23.6;23.75;1242751
23.7;23.85;23.41;23.71;3009982
23.61;23.77;23.45;23.68;1347769
23.68;24.22;23.66;24.05;2203096
24.2;24.21;23.8;24.03;849983
24.17;24.31;24.03;24.22;827191
24.08;24.27;23.89;24.27;1393148
24.16;24.43;24.05;24.19;992608
24.08;24.56;23.85;24.2;1454935
24.05;24.34;24;24.05;1641560
24.02;24.11;23.75;23.97;1503559
23.98;23.98;23.43;23.8;1740048
23.6;23.64;22.92;23.19;2710570
22.55;23.22;22.55;22.97;2605449
22.85;23.1;22.61;22.73;1387057
22.74;22.89;22.31;22.49;1383900
22.52;22.9;22.39;22.8;1483085
22.77;22.95;22.6;22.63;625297
22.75;22.75;22.33;22.56;704247
22.3;22.4;22.04;22.26;1199537
22.15;22.42;22.1;22.17;956309
22.06;22.33;21.93;22.07;1131514
22.38;22.38;22.1;22.21;881934
22.4;22.54;22.33;22.44;1179416
22.42;22.87;22.35;22.65;877272
22.66;22.88;22.43;22.64;932730
22.73;22.87;22.6;22.7;1369386
23.12;23.12;22.81;23.03;2101894
23.09;23.45;22.9;23.24;1225778
23.28;23.69;23.1;23.33;1330071
23.1;23.51;23.1;23.3;898350
23.46;23.59;23.18;23.28;1484230
23.63;23.63;23.25;23.43;718486
23.12;23.49;23.12;23.27;1152866
23.22;23.29;22.63;22.87;1454114
22.71;22.81;22.27;22.53;2049030
22.55;23.22;22.46;22.98;2593951
22.95;23.05;22.76;23.03;1122726
23.11;23.36;22.88;23.15;874564
22.45;22.96;22.45;22.74;1976165
22.75;22.89;22.45;22.77;1133582
22.82;23.09;22.65;22.7;565098
22.83;23;22.58;22.8;1123815
22.88;22.88;22.65;22.78;938957
22.62;22.78;22.27;22.37;1305983
22.43;22.49;22.15;22.33;1325452
22.37;22.39;21.95;22.19;1692695
22.01;22.25;21.94;22.21;526437
22.09;22.44;22.09;22.26;885947
22.07;22.63;22.06;22.52;972668
22.34;22.5;22;22.15;1176948
22.2;22.28;21.45;21.74;1855213
21.48;21.61;21.06;21.13;2281408
21.2;21.88;21.18;21.76;1751843
21.92;22.66;21.9;22.01;2608353
22.19;22.41;21.85;22;1646060
21.86;22.34;21.86;22.26;1300704
22.11;22.57;21.97;22.31;1629267
22.29;22.35;21.93;22.13;1159966
22.21;22.61;22.17;22.48;1193096
22.39;22.39;21.94;22.05;963164
22.1;22.4;21.99;22.07;1252242
22.2;22.46;22.2;22.28;2125508
22.16;22.28;21.95;22.01;887990
22.35;22.7;22.12;22.52;1286406
22.62;22.62;22.13;22.22;2085791
21.97;21.97;21.54;21.9;2505245
21.84;22.06;21.72;21.75;358390
21.86;21.94;21.56;21.7;965126
21.86;22.23;21.71;22.08;1218906
22.13;22.16;21.8;21.97;1215384
22.11;22.61;21.93;22.49;2684849
22.57;22.83;22.47;22.55;1170771
22.72;22.86;22.62;22.68;816093
22.7;22.89;22.6;22.71;883855
22.74;22.74;22.42;22.6;1281359
22.41;22.65;22.37;22.59;764526
22.6;22.85;22.12;22.38;1682224
22.49;22.75;22.39;22.6;1432278
22.7;23.12;22.56;22.95;1451290
22.9;23.31;22.79;23.14;1147742
22.91;23.53;22.91;23.45;2140743
23.58;23.59;23.2;23.4;887457
23.39;23.54;23.28;23.37;806326
23.36;23.58;23.36;23.48;1553257
23.6;23.68;23.42;23.49;784594
23.35;23.49;23.07;23.21;1551206
23.27;23.62;23.14;23.41;1683851
23.18;23.6;23.18;23.31;1578851
23.35;23.48;23.19;23.19;1212709
23.24;23.4;23.06;23.09;647638
23.13;23.17;22.87;23.01;711926
22.88;23.06;22.88;23.02;332221
22.91;23.11;22.71;23.05;713032
23.06;23.13;22.85;22.97;789978
23;23.25;22.83;23.18;1226273
23.27;23.52;23.11;23.32;1598391
23.19;23.48;23.08;23.2;586115
23.37;23.37;23.05;23.09;719958
23.04;23.04;22.61;22.95;1033718
22.93;23.02;22.54;22.62;1001185
22.6;22.72;22.45;22.54;858787
22.4;22.53;22.2;22.44;768170
22.44;22.46;22.18;22.43;1225130
22.37;22.54;22.25;22.42;776184
22.18;22.36;22.02;22.05;894184
22.12;22.28;22.04;22.1;766923
22.1;22.2;21.91;21.95;713285
21.95;22;21.76;21.85;1085891
21.9;21.98;21.72;21.83;1838426
21.9;22.28;21.87;22.1;1392902
21.95;22.28;21.93;22.16;900115
22;22.15;21.82;22.06;634362
22.06;22.23;21.9;22.19;1154415
21.97;22.16;21.83;21.95;922387
22.12;22.48;21.96;22.3;1573306
21.95;22.17;21.78;21.85;1227553
21.75;21.9;21.54;21.78;837155
21.71;21.88;21.45;21.57;1345061
21.71;21.71;21.28;21.41;991025
21.46;21.6;21.4;21.5;755001
21.45;21.66;21.25;21.48;1021120
21.4;21.63;21.3;21.56;659325
21.52;21.68;21.42;21.6;1128415
21.52;21.77;21.4;21.68;545255
21.77;21.81;21.55;21.72;852218
21.7;21.74;21.38;21.53;1074401
21.73;21.91;21.55;21.7;543498
21.71;21.78;21.44;21.54;1064206
21.58;21.64;21.44;21.52;708857
21.63;21.94;21.57;21.7;692188
21.7;21.75;21.47;21.6;984908
21.5;21.72;21.49;21.51;641099
21.38;21.51;21.02;21.2;2023662
21.2;21.37;21.16;21.23;1057036
21.3;22.07;21.23;21.98;2303399
21.9;22.28;21.86;22.19;1317805
22.2;22.41;22.14;22.35;1234151
22.39;22.61;22.33;22.4;2141540
22.5;22.67;22.42;22.58;1220943
22.5;22.63;22.38;22.58;1498229
22.5;22.75;22.5;22.72;1629786
22.8;23.09;22.76;23;1888527
22.99;22.99;22.3;22.69;2784905
22.61;22.82;22.58;22.75;1012397
22.86;23.01;22.67;22.94;1237726
23.01;23.54;23.01;23.31;3650145
23.1;23.2;22.92;23.12;1277900
23;23.22;22.93;23.08;1099020
23.03;23.03;22.77;22.89;1421049
22.75;23.25;22.72;23.19;2858234
23.12;23.3;23.11;23.21;1126165
23.1;23.18;22.97;23.1;1571131
23.1;23.2;23;23.13;961912
23.03;23.3;23.02;23.25;961070
23.44;23.44;23;23.17;2433252
23.25;23.77;23.25;23.64;1967651
23.68;23.89;23.56;23.65;1484704
23.63;24.05;23.6;23.9;1553566
23.9;24.05;23.82;23.91;1011292
23.81;23.94;23.72;23.85;1398322
23.67;23.92;23.64;23.79;2278039
23.64;23.72;23.55;23.71;1842784
23.71;23.72;23.58;23.62;796460
23.2;23.8;23.2;23.75;1028456
23.69;23.81;23.6;23.74;1218556
23.7;23.74;23.42;23.69;1121546
23.7;23.8;23.46;23.58;521648
23.74;24;23.63;23.88;1989152
23.8;23.84;23.6;23.79;1668575
23.88;23.88;23.52;23.66;1536098
23.67;23.71;23.45;23.53;1434665
23.25;23.48;23.11;23.15;1397820
23.13;23.48;23.12;23.32;764501
23.41;23.68;23.2;23.62;1470117
23.65;23.89;23.54;23.8;1455993
23.73;23.85;23.69;23.75;806719
23.69;24.3;23.64;24.3;1348533
24.24;24.94;24.24;24.88;2647448
24.85;24.97;24.61;24.83;1669993
24.52;24.79;24.37;24.55;1930879
24.61;24.84;24.07;24.36;1963109
24.35;24.37;24.16;24.33;1504368
24.35;24.58;24.22;24.42;919936
24.65;24.65;24.26;24.41;1344575
24.4;24.64;24.24;24.42;808787
24.41;24.51;24.16;24.31;1212907
24.42;24.47;24.2;24.21;1450942
24.05;24.3;24.05;24.17;1335420
24.17;24.32;24.05;24.15;1125627
24.15;24.29;24.02;24.21;1255833
24.28;24.28;23.67;23.8;1615184
23.75;24.21;23.75;24.16;1262655
24.3;24.3;24.14;24.23;1165272
24.3;24.3;24.05;24.15;811957
24.2;24.27;24.15;24.16;751120
24.07;24.13;23.9;24.07;722267
24.08;24.19;24.01;24.08;1117641
24.15;24.19;23.7;23.73;969554
23.78;24.28;23.7;24.18;1736269
24.25;24.57;24.25;24.48;1371380
24.49;24.68;24.34;24.5;1262000
24.68;24.68;24.27;24.35;762807
24.34;24.47;24.28;24.32;806976
24.2;24.33;23.9;23.97;1488604
24.17;25.35;24.12;25.34;8798307
25.25;25.55;24.88;24.93;6009356
24.91;25.19;24.87;25.05;2235037
25.3;25.38;25.12;25.29;2243055
25.2;25.27;25.14;25.15;1391007
25.25;25.25;25.05;25.18;1640670
25.27;25.3;24.74;24.94;1941481
24.61;25.23;24.6;25.12;1247697
25.12;25.36;25.05;25.27;1101473
25.4;26.23;25.33;26.19;2315478
26.02;26.29;25.49;25.54;2093080
25.68;25.89;25.57;25.89;216321
26;26;25.52;25.54;685342
25.5;25.6;25.34;25.53;402657
25.5;25.72;25.45;25.56;566181
25.86;25.87;25.55;25.85;480498
25.9;26.63;25.8;26.63;4041616
26.8;27.03;26.4;26.8;2006273
26.8;26.8;26;26.29;1834166
26.15;26.7;25.91;26.32;2536757
26.36;26.6;26.25;26.6;1690706
26.5;26.6;26.38;26.56;1362090
26.6;26.64;26.35;26.41;1176516
26.67;26.67;26.05;26.1;1856955
26.1;26.1;25.36;25.55;1673952
25.74;25.74;25.25;25.32;2289082
25.21;25.94;25.21;25.86;1631844
26;26.1;25.74;25.89;526101
25.95;25.95;25.42;25.66;1408478
25.83;26.01;25.73;25.85;2052715
25.9;26.09;25.69;26.02;1814636
26.02;26.67;25.84;26.59;2105263
26.58;26.97;26.45;26.97;2217855
27;27.34;26.85;26.97;2887562
27;27.12;26.64;26.69;1028383
26.77;26.8;26.21;26.5;1545974
26.67;26.86;26.51;26.67;860555
26.85;27.5;26.72;27.42;1533344
27.4;27.91;27.1;27.62;3388584
27.67;27.8;27.48;27.52;1472757
27.39;27.74;26.96;27.16;1684625
27.26;28.03;27.2;27.89;2332121
28;28.42;27.77;27.89;1574955
27.82;27.92;27.04;27.36;2026686
27.24;27.36;26.9;27.19;1113715
27.03;27.3;27.03;27.13;740692
27.11;27.3;27.05;27.25;1573169
27.19;27.34;27.14;27.2;697998
27.2;27.58;27.11;27.48;1579111
27.29;27.47;27.06;27.12;1249511
27.1;27.25;27.06;27.07;998311
27.3;27.33;26.86;26.98;2110957
27;27.09;26;26;5081443
26.02;26.3;25.89;26.21;2536010
26.17;26.2;25.95;26.1;1916101
26.05;26.14;25.52;25.58;2710920
25.74;26.15;25.7;26.14;1997487
26.2;26.55;26.16;26.27;2506269
26.14;26.65;25.82;26.61;2391083
26.69;26.69;25.8;26.06;2335510
26.4;26.4;25.68;25.84;2196737
25.97;26.36;25.74;26.36;1300559
26.29;26.85;26.27;26.46;1238689
26.25;26.67;25.91;25.93;1211445
26.07;26.18;25.43;25.48;2370360
25.5;25.9;25.24;25.63;1967767
25.89;26.14;25.69;25.7;1248434
25.78;25.97;25.67;25.74;1103351
25.77;25.97;25.73;25.9;1174706
26.12;26.55;25.98;26.28;4225600
26.4;26.56;26.18;26.53;2218748
26.57;26.82;26.33;26.63;1959416
26.51;26.82;26.39;26.45;1306320
26.5;26.76;26.24;26.71;1148265
26.63;26.95;26.47;26.9;1594031
26.99;27.48;26.87;27.42;2013370
27.21;27.47;27.02;27.28;1878905
27.15;27.45;26.97;27.35;1506828
27.49;27.8;27.34;27.36;2404121
27.37;27.75;27.27;27.71;1391150
27.45;27.64;27.17;27.54;1196415
27.68;28.1;27.67;28.01;1608694
28.11;28.43;27.97;28.41;2240441
28.44;28.97;28.36;28.92;2640851
29;29.08;28.74;28.91;1752399
28.92;28.95;28.62;28.91;1133278
29;29.02;28.65;28.66;1081103
28.94;29.08;28.69;28.96;1392483
28.76;29.22;28.63;29;1193157
28.75;28.87;28.36;28.39;1615282
28.1;28.16;27.6;27.96;1435073
27.95;28.1;27.77;27.84;1154049
28.08;28.38;27.88;28.19;1574205
28.1;28.43;27.98;28.43;1306685
28.49;28.9;28.15;28.69;1433318
28.69;29.44;28.57;29.38;2431896
29.5;29.5;29.12;29.39;1356236
29.03;29.37;28.85;28.93;2122024
29.09;29.14;28.64;28.84;1925389
28.54;29.28;28.54;29.16;1570023
29.45;29.57;29.31;29.31;657964
29.51;29.55;29.27;29.38;1205920
29.71;29.72;29.21;29.27;1417500
29.48;29.75;29.22;29.66;898034
29.75;29.91;29.61;29.8;952387
29.95;29.95;29.51;29.77;1369576
30;30.46;30;30.37;3830862
30.26;31.17;30.26;30.5;3964410
30.53;30.65;30.2;30.35;1957755
30.3;30.85;30.3;30.81;2131741
30.85;31.01;30.56;30.69;688617
30.7;30.86;30.42;30.54;1195154
30.6;31.07;30.48;30.86;1618817
30.9;31.21;30.9;31.05;796292
31.05;31.48;30.9;31.25;1440807
31.45;31.5;31.16;31.26;939090
31.34;31.44;31.09;31.3;1527997
31.15;31.44;31.15;31.31;822673
31.4;31.82;31.35;31.46;6409704
30.78;31.22;30.78;30.99;1719049
31.03;31.22;30.61;30.96;482285
30.84;30.93;30.56;30.65;1046633
30.54;31.09;30.54;31;699121
31.1;31.43;30.97;31.25;1248023
31.41;31.41;31.11;31.2;442549
31.3;31.33;31.12;31.25;632280
31.37;31.62;31.24;31.38;1105627
31.39;31.48;31.09;31.25;889405
31.25;31.25;30.74;31.11;1057555
31.35;31.43;30.91;31.08;748837
30.9;31.09;30.72;31;1136899
30.78;31.15;30.75;30.82;1476068
30.74;30.83;29.91;30.18;2473940
30.26;30.44;29.51;30.18;1951131
30.08;30.23;29.81;30.06;1349409
30.1;30.12;29.75;29.95;1414221
30;30.25;29.83;30.25;1270538
30.39;30.42;30.11;30.25;1189945
30.46;31.14;30.25;30.81;2036451
30.59;31.1;30.5;31.05;1258386
30.99;31;30.42;30.71;989893
30.66;30.98;30.65;30.88;716853
30.9;30.97;30.66;30.85;1150142
30.65;31.19;30.64;31.07;1426002
30.93;31.45;30.82;31.39;1321988
31.39;31.39;30.93;31.05;718644
30.98;31.18;30.81;30.89;1606446
31.09;31.09;30.67;30.82;802757
30.86;30.86;29.8;30.31;2472993
30.7;31;30.56;30.85;1513677
31.08;31.57;31;31.2;1892989
31.37;31.37;31;31;1035018
31.17;31.39;30.59;30.7;1620969
30.75;30.87;29.95;30.21;2747024
30.36;30.36;29.88;29.88;1502131
30.01;30.04;29.77;29.85;1103934
30.03;30.17;29.56;29.97;2661385
30;30.1;29.78;30;1428755
30.1;30.97;30.05;30.94;3117896
30.76;30.87;30.5;30.76;1382772
30.99;30.99;30.52;30.7;753811
30.7;30.8;30.47;30.47;1138766
30.44;31.05;30.44;31.04;1618615
31.1;31.41;31.05;31.36;1586168
31.6;32.49;31.59;32.01;3225732
32.16;32.28;31.72;31.8;1235480
31.77;31.78;31.33;31.55;2326550
31.5;32.26;31.23;32.17;2247099
32.06;32.33;31.94;32.03;1464789
32;32.27;31.83;31.89;1172072
32.08;32.18;31.92;32.07;667750
31.9;32.65;31.67;32.43;2056869
32.6;33;32.5;32.85;1845283
32.85;32.9;32.46;32.64;3577897
32.5;32.88;32.36;32.46;827492
32.47;32.49;32.11;32.26;482679
32.48;32.55;32.2;32.32;1083864
32.37;32.5;32.18;32.32;650227
32.2;32.5;32.06;32.28;674201
32.44;32.85;32.38;32.73;965982
32.81;32.97;32.7;32.87;627463
32.91;33.2;32.62;32.86;1271675
32.68;33.2;32.63;33.09;853241
32.76;32.99;32.54;32.7;860189
32.76;32.91;32.45;32.56;702894
32.34;32.66;32.15;32.55;665134
32.53;32.66;32.34;32.45;641241
32.39;33.15;32.21;33.05;1134731
33.39;33.39;32.95;33.11;1027124
33.12;33.88;33.1;33.75;1465993
33.9;34.54;33.88;34.35;1575270
34.55;34.79;34.39;34.64;1519125
34.55;34.79;34.49;34.53;1360425
34.69;34.75;34.37;34.5;1131368
34.5;34.64;34.31;34.54;1145717
34.8;34.81;34.46;34.54;1207419
34.64;34.66;34.07;34.31;980788
34.46;34.5;33.93;34.1;1635450
34;35.1;33.93;34.86;1997083
34.35;34.98;34.2;34.91;2121849
34.5;35.1;34.25;34.74;1033001
34.73;34.9;34.53;34.88;1424287
34.54;34.79;34.47;34.59;1471108
34.3;34.76;34.22;34.55;1176312
34.49;34.95;34.49;34.78;1350585
34.78;35.34;34.75;35;1718337
34.78;34.98;34.63;34.82;1680936
34.8;35.4;34.8;35.26;1598436
35.26;35.36;34.95;35.05;883212
35.3;35.3;35.04;35.11;734695
35.25;35.36;35.12;35.29;635481
35.47;36.19;35.13;36.1;1635933
35.99;36.28;35.75;35.9;1388118
35.54;36.2;35.54;35.85;2024274
35.9;36;35.77;35.83;1627260
35.85;36.14;35.79;35.91;651951
35.69;36.09;35.66;35.76;847931
35.46;35.7;35.36;35.49;1349803
35.41;35.5;34.66;34.93;1737695
34.58;35.23;34.33;34.85;1877284
35;35.16;34.5;34.9;1177692
35.01;35.14;34.81;34.84;1556301
34.55;34.86;34.3;34.43;2096467
34.7;34.87;34.35;34.39;1456207
34.05;34.8;34;34.63;1909122
34.7;34.94;34.42;34.8;976723
34.59;34.59;33.8;34.22;2837515
34.25;34.99;34.05;34.34;2637408
34.2;34.2;34.02;34.15;1701161
34.04;34.38;33.93;34.25;1312496
34.44;34.78;34.38;34.73;1248952
34.75;34.88;34.29;34.56;1258315
34.6;34.95;34.26;34.5;2071533
34.6;34.92;34.35;34.81;2094294
34.99;35.25;34.72;34.96;2225769
35.21;35.53;35.21;35.31;1659644
35.19;35.6;34.83;34.97;1991298
35.13;35.13;34.63;34.73;1653630
34.9;35.23;34.88;34.96;855539
35.47;35.47;35.06;35.06;1077809
35.24;35.45;35.06;35.18;1009639
35.18;35.64;35.07;35.3;1230849
35.5;35.75;35.32;35.49;1376624
35.77;35.98;35.45;35.52;1447755
35.77;35.85;34.82;35.08;2011880
35.24;35.42;35.03;35.26;1372720
35.31;35.61;35.12;35.17;1689816
35.25;35.39;35.18;35.24;1188632
35.24;35.53;35.24;35.44;1364005
35.44;35.65;35.44;35.59;678775
35.78;35.88;35.31;35.48;1618074
35.6;36.17;35.52;36.15;2155244
36.03;36.64;35.86;36.35;3347169
36.56;36.6;36.32;36.52;2004279
36.55;36.81;36.51;36.79;1119417
36.79;36.85;36.26;36.46;1499750
36.38;36.9;36.38;36.75;897622
36.81;36.9;36.42;36.8;987458
36.78;37.19;36.57;37.19;1477505
37.25;37.25;36.9;37;821054
37.17;37.8;37.11;37.79;2189740
37.7;37.8;37.5;37.7;1321880
37.66;37.86;37.35;37.8;1463811
37.8;38.33;37.66;38.11;1413428
38.2;38.43;38.02;38.42;1808975
38.35;38.38;37.95;38.04;1159616
37.9;38.4;37.81;38.19;1892468
38.14;38.91;38.14;38.78;1441349
38.78;39;38.74;38.87;713594
38.81;39.06;38.7;38.78;518159
38.8;39.07;38.8;39.05;288557
38.99;39.14;38.76;38.76;496023
38.99;38.99;38.43;38.54;576762
38.73;38.73;38.11;38.24;587782
38.6;38.6;38.2;38.47;224326
38.32;39.05;38.23;39.05;1239616
39.31;39.5;38.86;39.4;1000482
39.55;39.55;38.95;38.99;1137443
39.08;39.08;38.54;38.77;1328668
38.6;38.7;38.13;38.31;1596116
38.21;38.68;38.05;38.59;1324309
38.88;38.97;38.52;38.96;941275
38.9;39.07;38.67;38.91;787485
38.71;38.89;38.15;38.67;1172111
38.61;38.86;38.58;38.75;983409
38.43;38.61;38.21;38.49;1301176
38.1;38.5;37.82;38.45;1782369
38.75;40.15;38.75;40.13;2612545
40.19;40.6;39.72;39.94;2169786
39.36;39.78;39.3;39.46;1741198
39.55;39.7;39.29;39.42;882208
39.43;39.59;39.19;39.57;973206
39.54;40.03;39.42;39.91;1526645
40.29;41.37;40.15;41.37;2319834
41.3;41.35;40.76;41.17;1552299
41.1;41.75;41.1;41.66;1108534
42.03;42.2;41.65;41.99;1318248
42.08;42.4;42.08;42.22;1407809
42.22;42.69;41.82;42.5;1940872
42.7;42.85;41.94;42.58;1369953
42.5;42.55;41.98;42.31;1596037
42;42.04;41.36;41.69;1234921
41.95;41.95;41.53;41.58;1028792
41.61;41.95;41.25;41.25;1071792
41.25;41.49;41.17;41.23;979708
41.44;41.44;40.96;41.26;694775
41.56;42.21;41.3;41.87;1884171
42.25;42.44;41.93;42.16;1350548
42.29;42.62;42.08;42.62;981180
42.21;42.5;42.21;42.36;695435
42.71;44.65;42.71;43.7;2833953
43.6;44.8;43.6;44.68;1892442
44.61;44.97;44.37;44.6;1960615
44.98;45.57;44.71;45.53;1127455
46.1;46.19;45.15;45.33;1133341
45.11;45.25;43.74;43.81;1723253
43.84;44.67;43.36;44.54;1600473
44.82;44.9;43.75;43.8;1315771
43.81;44.27;43.5;43.58;1323686
44;44.8;43.77;44.48;1119658
44.11;44.64;43.91;44.28;1383013
44.16;44.61;43.21;43.82;1330905
43.99;45;43.95;44.71;1836858
44.49;45.67;44.49;45.5;1332300
46;46.4;44.25;44.71;1886954
44.52;45.14;43.54;44.99;2039012
45.21;45.37;44.4;44.95;1244614
44.87;45.11;44.51;45.11;1164478
44.9;44.9;44.21;44.74;2033412
45.4;45.4;44.83;45.18;1439051
45.26;45.87;44.94;45.51;1761643
45.07;45.26;44.5;45.05;1437252
44.92;45.18;44.41;44.88;1059034
45.38;45.6;45.03;45.19;973617
45.2;45.25;44.64;44.86;1037284
45.01;45.35;44.15;44.21;1144005
44.17;45.27;44.14;45.2;1988932
45.36;46.35;45.36;46.15;2343217
46.26;46.26;45.51;45.83;1517326
46.1;46.1;45.52;45.77;934843
45.54;45.54;44.93;45.2;1829355
45.35;46.66;45.15;46.52;2012984
46.61;47.44;46.58;46.95;1948759
47;47.37;45.81;46.21;1624156
46.13;46.64;45.81;46.64;871974
46.9;46.9;45.85;46;1356269
46;46.35;45.62;46.02;2295260
46.1;46.1;45.71;46;825749
45.77;46.3;45.71;46.1;908854
46.5;46.74;46.16;46.54;1308517
46.35;47.17;46.35;47.02;2203762
47.3;47.93;47;47.89;2076715
47.65;48.2;47.25;48.2;1203202
48.73;48.73;47.12;47.2;2402173
47.34;48.5;47.33;48.3;2442231
48.42;48.42;47.37;47.83;1955568
47.89;47.89;47.15;47.36;1230588
47.13;48.18;46.92;47.66;1387505
47.7;48.5;47.55;47.74;1349594
47.52;48.46;47.52;48.16;1144967
48.4;48.58;48.06;48.52;1176304
48.51;48.73;48.16;48.46;826186
48.64;49.09;48.37;48.98;1044007
49.2;49.45;48.31;48.31;1677009
48.46;48.99;48.13;48.13;1566949
48;48.49;47.12;47.29;1566949
46.81;47.16;46.21;46.22;2490793
46.24;46.83;45.85;46.02;2256049
46.02;46.26;45.09;45.09;2153730
44.78;45.37;44.36;44.9;2222393
45.01;45.01;44.21;44.76;1811677
44.74;44.74;43.78;44.04;1679951
44.04;45.57;44.04;44.96;1747308
44.88;44.9;44.1;44.3;1432184
44.11;44.63;43.53;44.58;1684720
45.03;45.04;44.38;44.69;1506712
44.4;44.4;43.74;44;670540
43.98;44.2;42.65;42.84;2290975
42.35;44;42.35;43.25;4332201
43.25;43.8;42.98;43.65;1024000
44.33;44.68;43.96;44.08;1551896
44.09;44.6;43.71;44.07;806314
43.7;44.49;43.36;43.87;1557481
43.89;44.37;43.65;44.16;1052086
43.22;44;42.96;43.2;2211674
43.22;43.76;42.68;43.17;1831602
42.83;43.39;42.4;42.52;1111977
41.51;41.75;40.56;41.43;2828249
41.1;41.39;37.77;38.13;8680773
39.1;39.88;36.7;37.49;7100579
37.64;38.05;36.49;36.82;4969659
38.5;39.15;37.19;37.6;5408695
37.4;39.01;37.35;39.01;4093109
39.49;39.49;38.55;39.33;2473103
39.5;39.58;38.75;39.01;1833110
39.35;39.36;38.71;38.88;1186765
39.3;39.59;38.65;39.26;1728081
39.6;39.6;38.85;39.09;1682726
39;39.42;38.9;39.33;1552674
39.5;40.09;39.26;40.09;1962627
40.4;40.66;40.13;40.41;1795355
40.75;40.9;40.06;40.52;2512327
40.89;40.89;40.3;40.73;920112
40.7;41.15;40.55;40.72;1583237
40;40.3;39.8;40.01;3462378
39.93;40.69;39.4;40.52;2529772
40.24;40.89;39.82;40.68;2907800
40.57;40.87;40.17;40.34;2474253
40.41;40.79;40.18;40.44;2026584
40.02;40.11;39.63;39.84;1770460
39.44;39.5;39.14;39.14;841638
39.13;39.48;38.61;39.06;1992520
39.07;39.76;39;39.27;2471118
39.32;40.74;39.32;40.25;1567510
40.35;41.36;40.35;40.98;2705996
40.89;41.1;40.25;40.65;2222632
40.97;41.54;40.4;41.47;2319938
41.57;42.07;41.2;41.31;2598897
41.36;41.63;41.1;41.3;2007013
41.39;41.99;41.1;41.76;1755188
41.68;42.74;41.53;42.61;1902093
42.74;42.85;42.17;42.52;812354
42.78;42.78;41.92;42.11;1603553
42.3;42.69;42.13;42.6;1393119
42.77;42.79;41.51;41.89;1689419
41.97;42.15;41.25;41.33;2145276
41.06;41.12;40.56;40.89;1541328
40.88;41.1;40.11;40.52;2294370
40.7;41.28;40.42;41.18;1494580
40.6;41;40.47;40.95;1170538
41;41.45;40.99;41.34;1327421
41.39;41.66;41.15;41.34;477749
41.05;41.91;40.94;41.85;927530
41.78;41.84;41.12;41.75;1038337
41.9;42.13;41.51;41.64;1339190
41.57;41.64;41.23;41.32;1343157
41.32;41.58;41.2;41.4;708102
41.62;42.09;41.47;42.09;1331732
42.2;42.76;41.9;42.1;1666995
42.29;42.87;41.91;42.87;1411384
42.77;43.13;42.56;42.65;1630346
42.66;43.15;42.45;43.11;710408
43.24;43.59;42.98;43.55;1348926
43.7;43.85;43.38;43.82;1078082
43.95;44;43.53;43.75;1270927
43.91;43.99;43.53;43.91;1246346
44;44.26;43.86;44;1184094
44;44.05;43.33;43.56;1387740
43.67;43.75;42.92;43.01;1302515
43.03;43.38;42.94;43.24;1103076
43.48;43.65;43.29;43.46;1128583
43.3;43.41;42.9;43.02;1073281
43.01;43.25;42.71;43.12;1516165
43.42;43.55;43.26;43.55;1689065
43.79;44;43.43;43.67;2228702
44.27;44.5;43.66;43.69;3915915
43.92;45;43.81;44.88;2496524
45.21;45.21;44.57;44.88;2126233
45.06;46.05;44.95;45.8;2546789
45.71;46.48;45.64;46.04;2552213
45.71;45.79;45.36;45.56;1757440
45.32;46.76;45.32;46.08;1615475
46.15;46.9;45.84;46.77;1967438
47.09;48.14;47.05;47.94;2824895
47.8;48.69;47.78;48.25;3057991
47.99;48.29;47.44;47.61;2550605
47.51;48.48;47.5;47.8;1841222
47.56;47.73;46.82;47.18;3000858
47.08;47.35;46.71;47.33;1884680
47.01;47.33;46.12;46.49;2943017
46.27;46.82;46.12;46.65;1639722
46.5;46.94;46.32;46.86;956199
46.9;47.35;46.31;46.59;1458135
46.22;47.19;46.12;47.1;1858115
47.2;47.8;47;47.51;1767232
47.39;47.66;47.14;47.24;1123613
47.31;48.09;47.31;48.04;1580105
47.69;48.02;47.3;47.48;1211035
47.44;48.36;47.41;48.15;1244475
48;48.21;47.71;47.97;1117695
48.39;48.74;48.12;48.57;1571245
48.88;49.4;48.6;48.89;1102906
48.65;49.03;48.39;48.75;1170237
48.78;49.46;48.77;49.15;1811611
49.19;49.35;48.27;48.57;1660556
48.89;49.06;47.91;48.38;1767260
48.74;48.74;47.72;48.06;1940782
47.76;48.1;47.08;47.97;2496456
47.61;48.49;47.41;48.21;1000485
47.81;47.98;47.33;47.79;936420
48.17;48.27;47.7;47.99;806045
47.95;48.41;47.72;48.26;997086
48.03;48.6;48.03;48.3;849523
48.12;48.97;48.12;48.94;1547929
48.97;49.28;48.57;49.09;1254746
48.87;49.3;48.55;49.2;1023252
49.18;49.74;49;49.43;641180
49.75;49.95;49.1;49.44;1194134
49.7;50.45;49.7;49.99;1903274
50.1;50.45;49.76;50.05;1275922
50.15;50.5;49.86;50.2;1537673
50.2;51.15;49.61;50.9;1962904
51.15;51.6;50.9;51;1784672
51.3;51.3;50.45;50.65;828172
50.8;50.85;49.96;50.55;621507
50.25;51.2;50;51.2;2537657
51.05;51.6;50.7;50.8;1068831
50.75;50.75;50.3;50.6;1006078
50.65;50.85;50.3;50.7;1485305
50.45;50.65;49.8;49.99;1842570
49.94;50.4;49.16;49.5;2194897
49.39;50.2;49.15;49.93;1328438
50.3;50.5;49.72;50.2;1890643
50.25;51;50;50.65;1261308
50.65;51.1;50.25;50.8;838201
50.55;51.25;50.55;51.15;1097324
51.3;51.45;51.05;51.15;1245970
51.05;51.95;51;51.25;1099503
51.15;51.95;51.1;51.6;1523581
51.7;52.15;51.05;51.45;1335841
51.4;51.75;51.2;51.75;2396662
51.55;51.95;51.4;51.7;1087804
51.7;51.8;51.25;51.35;1455686
51.55;52.3;51.55;51.95;2418168
52;52.3;51.75;52.1;1657452
52.3;52.75;51.7;51.95;1021871
52.35;53.45;52;53.25;833774
53.65;54.3;53.5;53.6;1656129
53.75;58.4;53.6;58.4;1881143
56.1;57.1;55.2;56;2050851
55.7;56;54.95;55.1;2232583
55;55.1;53.95;54.6;1718642
54;54.3;53.05;53.05;2279301
53;53.65;52.55;53;1711383
53.2;53.4;52.75;53.2;1646832
52.8;53.1;52.75;52.75;1415970
52.8;53.9;52.8;53.6;1543998
53.85;54.25;53.5;53.7;1773917
53.65;54.05;53.5;53.8;854374
53.7;54;53.3;53.5;916672
53.65;53.9;53.2;53.55;1738885
53.55;53.9;52.65;52.85;1557142
52.65;53.6;52.4;53.3;1667899
53.6;53.6;52.95;53.3;1268509
53.55;53.75;52.6;52.85;1396202
53.15;53.35;52.8;53.2;1734217
53.25;53.55;52.5;53.1;1291178
53;53;51.8;52.6;1418952
52.7;54.75;52.7;54.35;1857800
54.55;54.65;53.5;53.9;2153669
53.5;54.3;53.5;53.75;1340970
54.15;54.5;53.55;53.7;1233438
53.9;54.15;53.1;53.85;1770626
53.7;53.75;53.3;53.6;810491
53.2;54.15;53.2;53.65;1309133
53.85;54.6;53.7;54.35;1392184
54.65;55.4;54.45;54.85;1704196
54.95;55.65;54.9;55.05;1164893
54.95;54.95;54.35;54.8;953859
55.25;55.4;54.8;55.2;1330751
55.5;56.15;55.35;55.95;1578539
55.85;56.05;55.25;55.6;1210923
55.35;56.45;55.35;56.15;1410522
56.4;56.67;55.85;56.1;769514
55.86;56.19;55.51;55.82;854466
55.86;56.35;55.06;55.35;1146883
55.6;56.1;54.99;55.03;932517
55;55.5;54.55;55.34;1116625
55.7;56.23;55.34;55.88;1264880
55.73;55.73;53.71;53.94;1654723
52.5;54.14;52.45;53.32;2422656
53.04;54.07;52.29;53.05;2065941
53.12;53.64;51.7;52.64;1595736
51.59;53.12;50.6;52.81;2105023
53;53.05;52.1;52.55;1802646
52.71;53.49;52.29;52.94;1459548
52.26;54.5;52.26;54.04;2030898
54.05;54.23;53.1;53.65;1545574
53.86;53.98;52.91;53.5;1141536
53.92;53.92;52.77;52.96;1021174
52.37;52.74;51.73;51.88;2054735
52.26;52.74;51.77;52.42;1463819
52.24;52.62;51.86;52.46;2387180
52.97;53.25;52.39;53.06;968983
53.11;53.95;53.11;53.88;1298739
54.1;54.9;53.87;54.28;1301915
54.71;55.26;54.71;55.01;1286806
55.22;55.61;55.1;55.34;1246708
55.63;55.63;54.54;54.9;1589700
55.3;55.5;54.83;55.16;1131707
55.05;55.7;55.05;55.58;1200660
56;56;55.33;55.65;891199
55.11;56.06;55.11;55.66;1372634
55.31;56.42;55.3;56.34;1513401
57.16;57.4;56.54;57.08;2083321
57.21;57.5;56.7;57.11;1382805
56.74;57;56.2;56.6;1446169
56.35;57.79;55.95;57.55;2110883
57.2;57.99;56.55;56.8;1587709
56.36;57.14;56.14;56.99;1210496
57;57.34;56.55;57.02;1060056
57.2;58.1;57.05;58.1;1754605
57.65;58.09;57.17;57.25;1817028
57.06;57.29;56.22;57.05;1798302
56.52;57.8;56.19;57.43;1605260
57.61;58.17;57.16;57.85;1796044
57.66;58;57.06;57.31;1652754
57.38;57.6;57.04;57.32;835695
57.17;58.78;57.17;58.62;1442953
58.98;59.1;58.53;58.84;1933177
59.1;60.58;58.18;60.42;3285496
59.96;61.15;59.96;60.9;1454096
61.35;62.21;61;61.83;2801074
62.8;62.85;61.41;61.83;2079850
62.78;62.78;61.25;62;2251763
62.42;63.05;62.06;62.86;1228431
63;63.09;61.8;61.87;1498748
62.65;62.65;61.08;62;1987146
62.45;62.45;60.55;60.83;2070453
60.55;61.1;60.21;61;1442853
61.35;61.72;60.6;61.44;1245851
60.7;60.88;59.55;60.1;2053712
59.81;60.75;59.6;60.6;1529059
60.67;60.9;60.19;60.46;600478
60.18;61.49;60.18;61.22;1176132
61.22;61.5;60.7;61.25;1107820
61.01;61.5;60.8;61.17;1126086
61.29;61.88;61.29;61.81;1087278
61.26;62;61.1;61.56;1099956
61.18;61.89;61;61.75;1085190
61.46;61.74;61;61.37;257875
61.5;61.56;60.9;61.1;1042654
60.6;61.53;60.38;61.53;1046211
61.7;62.95;61.7;62.2;2144228
63;63.19;62.51;63.06;1283972
63.3;63.65;62.25;62.5;1269722
62.72;62.8;61.57;61.75;1406203
61.45;61.49;60.01;60.19;1543546
60.2;60.89;59.3;59.31;1706752
59.19;59.82;58.52;59.08;2250468
59.32;59.62;58.45;58.67;2198204
57.9;58.67;57.42;58.57;4647121
58.25;58.8;57.85;58.5;4261547
57.5;57.75;57.02;57.65;3536055
57.65;58.34;57.56;57.8;3214750
58;58;56.85;57.05;2946139
56.73;57.28;56.73;56.9;2343474
56.88;56.98;56.23;56.44;3281194
56.15;57.29;56.1;56.52;3537975
56.51;56.65;56.05;56.45;5208791
56.32;56.35;55.93;56.34;2924079
56.15;56.35;55.8;56.15;3367730
55.7;56.35;55.33;56.35;4806395
56.55;56.89;56.4;56.84;3654669
57.01;58.03;56.58;58.03;3597167
58.2;58.2;57.43;57.79;1765520
57.84;58.3;57.84;58.05;1621328
57.96;58.3;57.9;58.29;826617
58.5;58.59;57.46;57.6;1359304
57.6;57.72;57.1;57.34;1865033
57.13;57.5;56.6;57.5;4084213
57.11;57.45;56.35;56.73;1692162
56.4;56.8;56.03;56.62;1707982
56.61;57.7;56.01;57.7;2598800
58;58.25;57.51;57.51;1735751
57.69;57.76;56.86;57.11;1380287
57.26;57.29;56.65;56.98;1463174
56.51;56.86;55.93;56.25;1974247
56.65;56.94;56.03;56.35;1499450
56.21;56.85;55.68;55.82;1815348
55.5;56.48;55.36;56.38;1761115
56.03;56.3;55.37;55.59;2233358
55.61;56.2;55.02;55.25;2057546
55.31;55.79;54.46;54.47;2597458
53.95;54.64;53.36;53.8;3487318
53.72;54.18;53.22;53.63;1800375
54;54.8;53.77;54.49;1899810
54.1;54.78;53.4;54.45;2930572
54.2;55.39;53.72;55.06;2354129
55.26;55.27;54.13;54.35;1236360
53.75;54.53;53.5;53.92;1545173
54.46;54.47;53.74;54.14;1433972
54.54;55.73;54.35;55.4;2306071
55.48;56.31;55.15;55.8;3271305
56.25;56.46;55.16;55.68;3009958
56.11;56.18;54.42;55.19;2553737
54.7;55.28;54.61;54.84;1886586
54.05;54.59;53.79;53.85;1796652
53.1;53.58;51.66;51.85;3670094
51.34;52.3;50.62;51.62;4062969
51.95;52.55;51.64;52.1;1890068
52;52.67;51.67;52.44;1607686
52.56;53.2;52.13;52.97;1423442
53.46;53.6;53.11;53.36;1134722
52.98;53.32;52.68;53.25;1036529
53.32;54.12;53.25;53.66;1101810
53.36;53.97;53.1;53.13;1582386
52.9;54.71;52.64;54.42;3145387
54.7;55.6;54.32;55.37;2943955
55.44;56.95;55.43;56.28;4084090
56.47;56.55;54.75;54.91;2168215
54.61;55.52;53.9;55.17;2518799
55.22;55.23;54.53;54.58;1531876
54.9;55.25;53.8;54.6;2204120
54.63;54.84;53.47;53.81;1889494
53.71;54.72;53.33;54.38;2533054
55.07;55.31;54.8;55.13;1837280
55.02;56.68;55.02;56.45;3177044
56.49;58.35;56.47;57.95;3268368
58.39;58.46;57.63;58.15;2380388
58.15;58.38;56.95;57.27;2131639
57.16;58.4;57;58.22;2107974
59;59.67;58.76;59.44;2154299
58.75;59.45;58.75;58.89;1373064
58.5;59.24;58.5;59.01;3071939
58.61;59.63;58.61;59.55;1779629
59.21;59.75;59.06;59.4;1279662
59.34;60.25;59.34;60.08;1593875
60.3;60.96;59.57;60.84;1619683
60.6;60.9;60.05;60.39;1485605
60.39;60.94;60.32;60.88;1444060
61;61;59.74;59.86;1560925
59.6;59.99;59.19;59.79;1839591
59.52;60.15;59.52;59.91;1131041
59.9;60.6;59.76;60.39;894667
60.2;61.32;60.12;60.87;1075325
60.66;61.44;60.63;60.9;1252608
60.8;61.16;60.35;60.63;966169
60.37;61.96;60.37;61.74;1178609
61.78;62.6;61.5;62.6;1810580
62.35;62.95;61.58;61.83;1577973
61.24;62.35;61.23;61.8;1370261
61.52;62.25;61.52;62.02;1645835
62.04;62.23;61.42;61.79;1804511
61.9;61.97;60.73;61;1407568
59.8;60.46;59.8;60.21;1810540
60.3;61.17;60;60.78;1103429
60.71;61.79;60.53;61.15;1092127
61.39;62.7;61.1;62.7;1612004
62.92;63;62.3;62.6;1572891
63;63;62.04;62.3;1348417
61.91;62.52;61.7;61.99;1085282
61.85;62;61.23;61.65;1603842
61.89;62.41;61.08;61.28;1632276
60.87;62.24;60.87;62.24;1100852
62.09;63.13;61.74;63.01;1407951
62.95;63.8;62.95;63.46;1401685
62.82;64.23;62.22;62.47;1947986
61.4;61.92;60.91;61.66;2394445
62;62.65;61.54;62.35;2235963
62;63.09;62;62.76;2059651
62.49;63.2;62.06;63.04;1764400
63.73;64.03;62.91;63.75;1998095
63.53;64.35;63.1;63.99;1509307
63.7;65.06;63.65;64.67;1968072
65;66.25;64;64.17;3311219
64.3;64.46;61.45;62.2;6790871
61.61;61.9;60.12;60.3;2492344
60.45;61.61;60.32;61.45;1747870
61.2;61.99;60.23;60.63;1992991
61.25;61.38;59.88;60.87;2197005
60.55;61.4;60.21;61.35;2024750
61.94;63.02;61.16;62.76;2361029
63.06;63.19;62.12;62.97;1468920
63.07;63.6;62.8;63.17;1447206
63.36;63.82;63.13;63.41;1652634
63.3;64.2;63.3;64.06;1847162
64.1;65.26;64;65.15;1635389
65.15;65.79;64.53;65.5;1775302
65.5;65.85;65.26;65.65;1753968
65.32;65.65;63.08;64.31;2432473
64.49;64.71;63.81;64.27;1811590
63.69;65.19;62.64;63.01;2337445
62.01;62.74;61.12;61.2;3008809
61.31;61.79;60.37;61.5;2462310
60.92;62.25;60.92;61.44;1665710
61.07;61.69;60.57;60.65;1620956
60.99;61.32;60.3;60.63;1728046
60.61;60.98;60.07;60.3;1778387
60.74;62.36;60.5;62.24;4517920
62.99;63.19;62.11;63.03;395783
62.98;63.11;62.35;62.84;1350657
62.85;63.33;62.15;63.3;1006945
62.15;62.86;62.07;62.45;372919
62.27;63.49;61.5;61.86;1135350
61.87;63.89;61.87;63.27;1588167
63.53;63.6;61.57;61.79;1506648
61.85;63.19;61.61;62.83;1775912
62.43;63.97;62.31;63;1814482
62.96;63.69;62.18;63.03;2053638
63.48;64;63.06;63.28;1298508
63.09;63.64;60.85;61.2;1923598
60.26;61.18;60.1;60.4;1852672
60.48;61.23;59.4;59.5;1954956
59.08;59.8;58.04;58.61;2723450
58.62;59.47;57.95;58.65;2029848
58.4;59.49;57.63;57.94;2023351
56.5;57.4;52.62;52.89;4834943
48.81;53.1;48.81;51.79;6777373
53.05;53.3;50.4;51.2;4127135
52.41;54.53;52.1;54.47;3557790
54.74;55.59;54.21;54.83;2348217
54.48;55.87;53.82;54.91;2777114
55.38;56.9;55.05;56.67;2508725
56.74;56.98;55.34;55.49;2853276
55.69;56.24;54.15;54.8;3183314
55.69;55.98;54.92;55.58;2362825
56.51;56.51;55.38;55.82;1345240
56;56.64;54.21;54.5;2491707
54.5;55.5;54.22;55;4048578
54.8;55;53.29;54.06;1609016
54.86;55;54;54.09;2010501
53.73;54.76;53.43;53.96;1434379
53.98;55.48;53.84;55.28;2456825
54.98;56.29;54.6;55.69;1953599
56.07;57.08;55.53;56.78;2187272
56.58;57.19;55.13;55.54;1621865
55.89;57;55.8;56.42;924274
56.18;57.2;55.81;56.85;1255278
56.45;56.95;55.76;56.85;1831022
57.02;57.48;56.67;57.2;1730767
56.86;58.93;56.41;58.93;3163699
59.21;59.59;58.51;59.28;1818279
59.37;59.81;57.97;58.72;1707923
59.13;59.41;58.2;59.25;1840455
58.9;59.84;58.5;58.83;1845089
58.85;59.63;58.21;58.87;1800226
57.78;58.29;56.12;56.62;2009954
56.62;57.81;55.8;56.25;2025409
56.81;56.93;55.2;55.35;2624218
55.62;56.12;54.85;54.96;1961491
51.8;52.27;49.27;49.5;10641853
49.7;49.77;46.6;47.52;6631530
47.69;48.65;47.69;47.98;3948922
49.5;49.5;48.55;48.84;3087700
48;48.57;47.82;48.27;2507857
48.47;49.18;47.6;48.59;4044516
47.5;48.51;46.95;47.32;4031729
47.83;47.83;46.13;46.32;4927247
46.76;47.2;43.68;43.93;7255763
43.7;44.68;42;42.57;10279500
43.6;44;43.2;43.78;4193162
43.37;44.88;43.31;44.88;3764960
44.37;46.47;44.37;46.21;5092621
45.85;45.85;43.9;45;3918756
44.55;44.67;43.55;44.16;2812842
43.72;45.73;43.7;45.73;2921357
45.99;46.42;45.15;45.43;2241591
45.6;47.03;45.2;47.03;2843541
47.3;47.3;46.34;46.8;1719720
47.05;47.19;46.5;46.62;1712724
46.5;46.51;45.47;46;2135621
45.5;45.77;44.88;45.28;2872989
45.02;45.37;44.12;44.69;2679159
44.85;45.6;44.5;45;2183802
44.68;44.92;44.01;44.17;1877444
44.26;44.56;43.4;43.66;2448800
43.84;44.06;43.12;43.5;2827441
43.65;43.89;42.9;43.1;2935964
43.35;44.58;43.35;44.3;3051796
44.23;44.39;43;43.04;1870880
42.77;44.29;42.7;43.31;2442004
43.64;45.56;43.45;45.42;4288309
45.62;46.01;45.1;45.68;2548522
46.63;47.68;46.35;46.63;3899893
46.89;47.7;46.55;46.66;1727382
46.65;47.21;46.25;46.83;1355578
46.98;46.98;46.34;46.54;1603618
47.14;47.38;45.71;46.1;2618589
45.83;46.3;45.54;45.9;1726405
44.5;44.51;42.9;43.01;8029201
43.44;44.49;43.07;44;4493291
43.64;44.23;43.51;43.96;2152569
44;44.74;43.65;44.27;2565823
44.21;44.3;43.53;43.68;1547781
43.85;44.53;43.81;43.97;2372253
44.08;45.03;44.08;44.93;2028442
45.09;45.8;44.55;45.5;2000054
45.97;46.33;45.61;45.82;2306571
46.15;46.5;45.57;46.2;1997759
46.37;46.47;45.64;46.14;1779497
46.33;47.49;46.01;46.36;2886413
45.25;45.79;44.79;45.01;1806472
45.1;45.1;43.81;43.95;1783734
43.97;44.56;43.97;44.05;731157
44.38;44.82;43.76;44.62;1707196
45;46.4;44.64;46.11;2837856
46.5;46.71;45.93;46.16;1883167
46.59;46.74;45.43;45.81;2521846
45.63;45.81;44.82;45.06;1717157
45.2;46.33;45.11;46.21;2101885
46.03;46.31;44.6;45.1;1971379
45.65;46.63;45.53;46.14;1843635
46.6;47.9;45.12;45.33;3887810
45.3;46.49;45.28;45.83;1687765
45;45.06;42.71;42.85;5927855
42.6;42.6;40.23;40.4;8908035
40.25;40.95;38.68;39.02;6892578
39.5;39.95;39.15;39.54;5293854
39.99;39.99;38.1;38.76;3567853
38.83;39.58;38.79;38.84;2446902
38.9;39.04;37.73;38.07;3422011
37.64;38.05;35.85;36.92;5760522
37;37.06;35.75;35.93;6157189
35.4;36.47;35;36.05;2928795
36.06;36.19;34.7;35.16;3639372
35.11;36.16;34.91;36.05;2871450
35.98;36.53;35.32;35.53;2767098
35.3;35.85;35;35.39;2333405
35.7;36.07;35.34;35.63;2273439
35.4;35.8;34.77;35;2224558
34.53;35.27;34.05;34.65;2320618
34.5;34.77;33.93;34.65;2137672
34.99;35.2;33.72;33.77;2175568
33.91;34.82;33.73;34.59;2218617
33.99;34.5;33.5;34.39;2439559
34.72;34.83;34.15;34.4;1943912
34.06;34.18;33.03;33.16;2397200
33.46;33.46;31.3;31.45;4548683
31.8;32.68;31.6;32.12;1612162
31.77;31.89;30.65;30.93;2632873
31.01;31.67;30.82;31.5;2167485
31.62;33.03;31.32;32.74;2995629
32.52;33.26;32.16;33.07;2444798
33.28;33.8;32.27;32.91;2163879
32.77;35.25;32.66;33.87;3750726
34.5;35.11;34.18;34.46;1937258
34.8;34.8;33.93;34.14;1965458
34;35.25;34;34.72;2162368
34.86;34.88;33.26;33.35;2041737
33;33.15;32.03;32.86;3069590
32.9;34.04;32.9;33.83;1642359
33.76;34.43;33.71;34.1;1911430
33.82;34.43;33.08;33.14;1245250
33.34;33.6;32.82;33.11;1205480
33.21;33.48;32.73;33.36;1968215
33.74;33.92;33.01;33.25;2788707
33.77;36.54;33.51;36.3;7460010
36.25;37.09;35.85;36.68;3801553
36.91;37.48;36.53;37.31;1522123
37.44;37.44;36.55;37.15;1582817
37.2;38;36.81;37.03;2176828
37.39;37.8;36.87;37.03;1530582
37.42;37.7;36.55;37.46;1366214
37.5;37.94;36.83;37.36;1303056
37.13;37.44;36.67;36.95;1872846
37.12;37.3;36.52;37.01;1389649
36.84;36.91;36.17;36.63;991122
36.86;37.45;36.49;37.3;1035072
37.15;37.35;36.79;36.84;414707
36.75;37.04;36.05;36.83;1208835
36.56;36.8;36.02;36.72;1509544
36.13;37;35.77;36.76;1758959
36.98;36.99;36.33;36.65;1160835
36.69;36.73;35.87;35.94;1483629
36;36.85;35.76;36.58;2061781
36.36;36.57;35.96;36.01;1651675
35.93;35.98;33.85;34.11;3698092
33.6;34;32.59;32.66;2692777
33.25;34.4;33.25;33.58;1981862
33.63;33.92;32.85;33.01;1959936
32.88;33.1;31.86;32.28;2091381
32.14;33;31.52;31.73;1803521
32.26;32.37;31.8;32.35;2229708
31.85;32.05;30.81;31.6;2519546
31.22;31.57;30.29;30.33;3189021
30.6;31.25;29.37;29.74;3728079
29.63;30.32;28.35;28.67;3107340
29.86;31.35;29.5;30.9;6622862
31.29;31.5;30.32;30.5;1784635
29.99;30.73;29.76;29.81;2448491
29.66;29.75;28.69;28.98;2675335
29.21;30.1;29.1;29.95;2047612
29.9;30.39;29.32;30.11;1764740
29.9;30.22;28.96;29.26;2789772
28.28;28.87;28;28.87;3037221
28.94;29.34;28.37;29.11;2074891
28.96;29.86;28.51;28.55;2241202
28.71;28.85;27.7;28.51;2766246
27.32;27.97;26.07;26.1;3807465
26.91;27.1;24.8;24.94;3988670
23.69;24.4;21.41;23.39;7516277
23.66;24.47;23.39;23.77;5198524
22.19;24.2;20.73;22.27;6498001
25;26.5;24;26.32;4357470
27.5;29.4;24.91;25.59;5342342
25.65;26.1;24.02;24.33;3523151
23.01;24.36;22.02;22.51;5143982
23.87;24.05;22.71;23.42;3806006
20.51;20.83;18.05;18.43;10437570
18.75;19.28;18.45;18.49;5590589
18.41;18.48;17.52;17.53;4862880
17.7;17.75;16.66;17.15;4608942
16.62;17.64;16.55;17.64;5435605
17.11;17.77;16.6;17.11;3504475
17.55;17.84;16.8;16.96;4189079
17.95;18.61;16.92;18.5;4740565
18.84;19.48;18.6;19.18;3249697
19.15;19.4;18.67;19.21;3130160
19.7;19.7;18.92;19.63;3626997
19.55;20.7;19.55;20.59;4755875
20.98;20.98;19.95;20.4;3199816
19.95;20.09;18.99;19.02;2698151
19.35;19.76;18.85;19.35;2864294
20;20.42;19.76;19.99;1547402
19.51;19.81;18.97;18.99;1830143
19.39;20.05;18.99;19.3;3635805
19.02;19.39;18.1;18.92;4200343
19.3;19.5;18.53;19.37;2899147
19.42;19.58;18.5;18.76;3569495
18.98;19.8;18.75;19.37;2649339
19.49;19.8;18.98;19.1;2516080
18.6;18.74;17.89;18.21;3957885
18.47;19.13;17.36;17.72;3009770
18.12;19.37;17.92;19.37;2451202
19.16;20.35;19.05;19.95;2971549
19.69;19.82;19.01;19.59;1959878
19.89;20.24;19.35;19.6;1429118
19.68;19.9;19.17;19.57;1751507
19.69;19.9;18.21;18.3;1724996
18.06;18.87;18.06;18.71;1828594
18.71;18.71;18.18;18.58;1428999
18.65;18.97;18.07;18.1;2232149
18.01;18.08;17.11;17.4;2278403
18.42;18.75;18.32;18.34;2455036
18.26;19.15;18.05;18.51;2862724
18.75;19.75;18.69;19.47;2201436
19.47;19.68;19.01;19.43;1568316
18.55;18.55;17.74;18.29;2674556
18.56;18.75;18.23;18.66;1711235
18.73;19.84;18.5;19.84;2371104
20.2;20.47;19.41;20.2;2656853
20.29;21.3;20.22;21.16;2607683
20.86;21.55;20.61;21.25;2620396
21;21.19;20.12;20.12;1924158
20.24;21.56;20.24;21.35;1866140
21.13;21.7;20.27;20.62;679621
20.99;21.45;20.82;20.99;900565
21.09;21.99;21.09;21.99;1190360
22.29;22.48;21.85;22.2;585987
22.5;22.62;21.97;22.52;1054395
22.76;23.09;22.29;22.77;2171769
22.65;22.65;21.3;21.85;2848360
21.85;21.85;21.19;21.35;1845609
21.23;21.63;21.02;21.45;1945085
21.66;21.91;21.34;21.73;1818114
21.58;21.85;21.07;21.22;1517431
21.14;21.27;20.8;21.19;1883836
21.39;21.43;20.17;20.43;2281862
20.55;20.8;19.8;20.15;1871084
20.55;20.64;18.89;19.07;3351998
19.49;19.73;17.17;17.19;5360233
17.4;17.67;16;16.31;5915316
16.1;16.58;15.34;16.19;5108539
16.51;16.92;16.26;16.46;3495971
16.47;16.85;16.27;16.81;2424846
16.86;17.48;16.52;17.35;1861636
17.6;17.9;17.36;17.8;2566588
19;19.19;18.38;18.51;2847536
18.54;18.64;18.06;18.32;1903885
18.16;18.2;17.15;17.66;2854867
17.53;17.53;16.92;17.185;1564088
17.32;17.825;17.165;17.78;1518942
17.84;18.25;17.71;18.125;2094037
17.75;18.295;17.53;18.26;1461042
18.37;18.495;17.975;18.41;1966882
18.43;19.22;18.12;19.065;2079234
19.025;19.13;18.175;18.22;2627989
18.13;18.955;18.01;18.65;2441841
18.61;18.61;17.945;18.19;2173197
18.475;18.6;18.195;18.25;1327852
18.12;18.19;17.65;17.72;1082448
17.64;17.695;17.25;17.435;1458777
17.435;17.58;16.835;17.06;1875952
17.06;17.135;16.615;16.765;2078593
16.515;16.755;16.35;16.415;2520041
16.615;16.64;15.62;15.745;2600625
15.75;15.965;15.35;15.78;2827028
16;16.165;15.08;15.405;2251639
15.61;16.855;15.45;16.54;3545776
16.245;17.21;16.14;17.155;4289122
16.84;17.09;16.34;16.835;2880917
17.135;17.58;16.12;16.18;3069154
16.445;16.85;16.015;16.705;2790983
16.765;16.92;15.84;15.95;2056725
15.1;17.185;15;16.515;4353177
16.69;17.11;15.625;15.835;2927104
15.36;16.235;15.32;16.105;2864711
16;16.04;15.13;15.435;3023400
15.34;15.98;15.23;15.94;1637143
16.11;16.18;15.61;15.785;2572853
16.02;16.57;16.02;16.465;2069877
16.545;17.1;16.345;17.035;2527419
17.27;17.3;16.74;17.005;1850751
17.22;17.3;16.66;16.81;1671037
16.575;17.43;16.48;17.38;1927870
17.5;17.59;17.01;17.36;1676112
17.72;17.9;17.135;17.315;1434898
17.2;17.735;17.2;17.395;1828824
17.365;17.435;16.23;16.52;3277544
16.63;16.63;15.935;16.045;1994078
15.9;15.99;15.41;15.445;1660453
15.655;15.845;15.465;15.72;2187070
15.72;15.87;15.37;15.795;1688780
15.99;16.605;15.9;16.495;2982507
16.5;16.8;16.14;16.58;2199108
16.65;17.365;16.48;16.9;2259384
16.915;17.59;16.915;17.365;1940864
17;17.565;16.73;17.4;1685328
17.68;17.97;17.32;17.61;2303244
17.45;17.5;16.825;17;2660936
17;17.68;16.875;17.22;2332407
17.2;19.11;17.2;18.995;5660641
19.4;20.2;19.095;20.2;4649950
20;20.19;19.27;19.5;2512261
19.335;20.1;19.105;19.975;2649591
19.97;19.975;19.29;19.93;1728434
19.495;19.95;19.44;19.535;1654466
19.405;19.77;19.35;19.685;2276339
19.11;20.475;19.01;20.345;1842289
19.62;21;19.615;20.71;2757159
20.605;21.1;20.375;20.94;2215311
20.735;21.1;20.415;20.965;2550086
21;21.845;20.66;21.79;1872245
21.44;21.68;21.205;21.43;1671080
21.055;21.94;21.055;21.65;2154255
22.7;23.15;21.72;21.865;3753846
22.22;23;22.02;22.89;2823044
22.755;22.8;21.465;21.96;3701262
21.92;22.655;21.7;22.58;3373997
21.15;21.15;19.925;20.085;3426646
20.18;20.7;20.07;20.47;2754322
21;21.3;20.475;20.605;2179810
20.415;21;20.3;20.97;1798449
21.11;22.155;21.05;21.7;2290901
21.76;22.3;21.575;21.825;1660574
21.555;21.555;21;21.045;1151289
21.15;21.54;20.61;20.97;1303077
20.95;21.11;20.38;20.755;777961
20.635;20.85;19.965;20.8;2204291
20.855;21.3;20.55;21.135;2181422
20.5;20.93;20.285;20.48;1818760
21.01;21.09;20.58;20.67;2085913
21.1;21.2;20.755;21.065;995305
20.88;21.985;20.88;21.985;2031965
22;22.155;21.82;21.865;2259699
21.73;22.1;21.55;21.69;1226434
21.65;21.955;21.39;21.51;1381201
21.205;21.32;20.71;21.1;1213256
21.5;22.26;21.47;22.22;2967069
22.375;23.055;21.735;21.79;2500911
21.69;22.16;21.66;22.1;1078423
22.03;22.37;21.87;22.21;1222429
22.01;22.1;21.24;21.32;1357200
21.28;21.46;21.05;21.06;1392633
20.97;20.97;20.16;20.29;2204150
20.225;20.615;20.105;20.47;1474125
20.6;21.42;20.6;21.33;4700754
21.2;21.325;20.605;20.77;1334765
20.735;21.13;20.475;20.59;1118087
20.7;21.245;20.31;21.045;1649240
21;21.105;20.59;21.015;973048
21.135;21.45;20.42;20.61;1105103
20.515;21.425;20.515;21.36;970149
21.27;21.375;20.8;20.99;1388732
21.135;21.89;21.055;21.8;1438567
21.62;21.62;21.03;21.115;1474860
21.31;21.415;20.62;21.02;1108333
20.815;21.405;20.645;21.02;1407524
21.19;21.54;20.985;20.985;1571136
20.875;21.115;20.1;20.23;1833850
20.165;20.4;20.02;20.135;1354616
20.02;20.54;20.015;20.295;1101847
20.305;20.825;20.05;20.76;915144
20.705;21.04;20.435;20.625;1057868
20.855;21.645;20.71;21.645;1366442
21.52;21.78;21.22;21.48;1326119
21.665;22.045;21.64;22;1444009
22.3;22.885;22.3;22.885;2402063
22.885;23.135;22.485;22.695;2027314
22.68;22.76;22.135;22.525;1170775
22.55;23.85;22.26;23.625;2241092
23.62;23.955;23.23;23.75;1708001
23.75;24;23.61;23.93;1417870
23.95;24.285;23.55;23.65;1476790
23.5;24.315;23.465;23.765;1417514
23.85;24.16;23.66;24.04;1568613
24;24.495;23.75;24.13;1612096
24.2;24.3;23.83;24.05;1733792
24;24.41;23.905;24.245;1284533
24.115;24.99;24.115;24.35;2399521
23.3;23.6;22.4;22.875;6437037
22.85;23;22.14;22.38;3398042
22.265;22.375;22.05;22.325;1484925
22.4;23.125;22.235;22.41;1877406
22.465;23.25;22.425;23.195;1809686
23.08;23.44;22.785;23.33;1554582
23.4;23.44;22.65;22.74;1610154
22.7;22.73;21.92;22.42;1940222
22.62;22.905;22.43;22.705;816652
22.635;22.94;22.37;22.87;1609277
22.85;23.385;22.83;23.145;1313473
23.05;23.93;23.02;23.86;1997519
23.97;24.2;23.81;23.96;1290818
23.915;24.17;23.73;24.03;1086627
23.965;25.12;23.92;24.68;2603392
24.565;24.89;24.35;24.555;1089809
24.61;24.92;24.41;24.615;1534043
24.24;24.765;24;24.13;1407656
24.21;24.505;23.735;23.805;1602960
23.685;23.825;23.32;23.815;1598089
23.725;24.38;23.52;23.735;1480979
23.72;24.05;23.5;23.635;1191410
23.94;24.555;23.9;24.4;1721412
24.355;24.615;24.21;24.37;1811529
24.3;24.9;24.045;24.89;2826170
24.995;25.77;24.97;25.6;2826017
25.88;26.37;25.8;25.94;2456661
25.78;25.94;25.3;25.775;1392101
25.74;26;25.5;25.845;1670587
26;26.78;25.89;26.63;2624182
26.72;27;26.49;26.795;1993681
26.66;26.835;26.22;26.675;2425718
26.835;26.965;26.445;26.73;1418100
26.98;27.1;26.725;26.75;1531237
26.8;27.1;26.575;26.7;1255172
26.545;26.77;26.02;26.145;1512945
26.65;26.95;25.845;25.925;1709265
26.015;26.35;25.625;26.235;1475927
26.195;26.44;25.8;26.15;1594510
26.285;26.865;25.86;26.19;2406153
26.3;26.67;25.71;25.825;1424965
25.535;25.69;24.35;24.45;5502140
24.405;24.805;23.825;24.03;3090962
24.03;24.24;23.775;23.815;3260740
23.94;24.38;23.88;23.975;2122431
24.3;24.52;23.96;24.115;2334072
24.09;24.275;23.785;24.07;1693746
24.075;24.095;23.55;23.88;2356525
23.88;24.01;23.675;23.765;1455587
24;24.04;23.65;23.735;2900242
23.835;23.995;23.245;23.58;2327966
23.735;23.95;23.15;23.315;1973096
23.49;23.605;23.265;23.49;1147838
23.52;23.69;23.265;23.305;1860840
23.3;23.47;22.96;23.235;1778783
23.005;23.21;22.855;23.065;2396276
23.24;23.34;22.825;22.865;1788164
22.965;23.155;22.3;22.545;1871040
22.52;22.835;22.32;22.57;2143548
22.57;22.57;22.02;22.18;1978309
22.1;23;22.035;22.815;3056819
22.9;22.9;22.17;22.275;2606960
22.38;22.39;22.065;22.14;2149447
22;22.145;21.65;21.97;1846468
22.11;22.5;21.9;22.4;1523890
22.24;22.565;21.82;22.5;1354090
22.44;22.5;22.04;22.26;1795261
22.25;22.88;22.12;22.785;2851661
22.78;23.31;22.755;23.16;2162652
23.33;23.42;22.915;23.015;1162915
23;23.235;22.78;22.91;1456494
22.875;23.075;22.59;22.93;1884955
23.14;23.18;22.925;23.09;1131360
23.07;23.39;23.04;23.04;1673387
23.05;23.47;23.05;23.3;1741980
23.365;23.495;22.805;22.95;1371581
23.04;23.25;22.81;23.075;1700297
23.2;23.46;23.085;23.125;1199915
22.96;23.28;22.875;23.095;1583790
23.215;23.27;22.965;23.165;1180273
23.035;23.105;22.6;22.7;1452584
22.44;23.03;22.31;22.8;1666829
22.965;22.965;22.22;22.545;2359242
22.74;22.96;22.52;22.765;1532131
22.735;22.875;22.55;22.85;1541140
22.95;22.995;22.695;22.815;1286601
22.82;22.92;22.555;22.655;2112154
22.64;22.655;22.42;22.55;2153881
22.5;22.65;22.105;22.235;1512084
22.21;22.3;21.935;22.135;1365980
22.265;22.5;22.155;22.355;2290360
22.405;22.64;22.405;22.475;1627712
22.725;22.84;22.45;22.545;1129484
22.66;22.73;22.38;22.645;1397602
22.71;22.75;22.445;22.55;1905786
22.445;22.5;22.075;22.245;1984440
22.24;22.465;22.035;22.19;2036505
22.29;22.62;22.16;22.515;1223190
22.52;22.69;22.42;22.555;1441649
22.67;22.93;22.62;22.795;1276003
22.89;22.965;22.665;22.7;281499
22.97;22.99;22.82;22.895;639049
23.015;23.15;22.985;23.045;1082898
22.995;23.2;22.91;23.13;758189
23.035;23.295;23.03;23.125;381347
23.26;23.405;23.16;23.35;1435611
23.36;23.6;23.25;23.53;1785732
23.56;23.98;23.46;23.875;2295263
23.845;24.295;23.6;24.155;2276694
25.5;25.9;25.04;25.1;5492414
25.335;25.545;25.165;25.305;2263472
25.3;25.465;24.77;25.07;2560377
25.01;25.16;24.94;25.13;1615453
25.26;25.585;25.06;25.535;2607907
25.55;25.69;25.025;25.135;1618315
25.315;25.44;25.14;25.235;1408936
25.26;25.49;24.985;25.415;1288625
25.3;25.43;24.975;25.045;2829329
25.17;25.57;25;25.075;2397065
24.96;25.2;24.72;24.8;2029982
24.605;24.96;24.555;24.6;1776005
24.45;24.65;24.305;24.54;1889315
24.4;24.6;24.24;24.55;1611250
24.8;24.8;24.05;24.055;1594554
24.175;24.21;23.6;23.84;2632887
23.895;24.63;23.835;24.45;1839798
24.5;24.975;24.21;24.805;2090520
24.81;24.945;24.405;24.45;1536648
24.43;24.51;23.72;23.74;2042128
23.7;23.93;23.25;23.38;2879114
23.495;23.675;23.14;23.23;2003977
23.19;23.265;22.805;23.05;2168618
23.58;23.7;23.26;23.445;2298285
23.505;23.78;23.24;23.515;1960682
23.8;23.85;23.53;23.595;1389252
23.71;23.83;23.475;23.545;653655
23.7;23.79;23.425;23.705;1392333
23.88;24;23.795;23.925;1463954
23.805;24.07;23.805;24.04;1140827
23.9;24.255;23.755;24.185;1273567
24.19;24.48;24.075;24.28;1527515
24.4;24.575;23.99;24.055;1535848
24.145;24.48;24.01;24.265;1752001
24.065;24.125;23.635;23.705;2664582
23.615;23.81;23.425;23.81;3088710
24.045;24.205;23.78;24.195;2097974
24.225;24.72;24.155;24.655;2085485
24.63;25.215;24.63;25.215;2261643
25.01;25.2;24.89;25.005;1544378
25.21;25.245;23.57;23.94;7798343
23.895;23.91;23.51;23.795;3134995
23.77;23.885;23.32;23.51;3526100
23.54;23.805;23.42;23.72;2121702
23.715;24.08;23.605;23.905;1983901
24.03;24.35;23.985;24.3;3949701
24.35;24.62;24.27;24.36;1957019
24.52;24.55;24.285;24.435;2140153
24.58;24.845;24.4;24.735;2596714
24.68;24.77;24.53;24.6;1285924
24.64;24.685;24.38;24.505;3126905
24.5;24.535;24.155;24.355;1889311
24.75;25.43;24.615;25.35;4855373
25.27;25.7;25.23;25.64;3082893
25.745;26.14;25.64;25.99;3279698
25.51;25.88;25.505;25.715;3014583
25.75;26.005;25.675;25.99;1623494
26.195;26.2;25.95;26.09;2048864
26.05;26.085;25.465;25.68;2576745
25.8;25.97;25.6;25.97;1590181
25.95;26.175;25.845;26.12;1458392
26.02;26.135;25.825;25.98;1830455
25.915;25.995;25.65;25.88;1805335
26.01;26.265;25.96;26.18;1367707
26.2;26.29;26.015;26.215;1372235
26.2;26.49;26.085;26.1;1384040
26.15;26.275;26.02;26.105;1365745
26.095;26.275;26.01;26.2;1305451
26.08;26.14;25.325;25.46;4472911
25;25.35;24.825;25.065;2223140
25.105;25.3;24.83;25.215;1562996
25.145;25.26;24.855;24.92;1692510
24.745;24.975;24.465;24.59;2022583
24.55;24.67;24.32;24.455;2511158
24.5;24.655;24.325;24.555;2205323
24.5;24.62;24.215;24.215;1949755
24;24.315;23.76;23.86;4135016
23.93;24.025;23.66;23.76;2892172
23.725;23.86;23.4;23.745;2796328
23.55;23.95;23.5;23.93;1277419
23.93;24.155;23.53;23.65;3007390
23.74;23.85;23.18;23.23;3431341
23.31;23.42;22.875;22.875;3692319
22.35;22.75;21.335;21.67;8230742
22.45;23.165;22.06;23.145;6648549
23.05;23.59;22.86;23.57;3348851
23.48;23.87;23.25;23.82;2770387
23.875;23.95;23.205;23.575;2800508
22.285;22.29;21.235;21.315;4434557
21.17;21.465;21.01;21.115;3396639
21.45;21.695;21.33;21.39;2781544
21.1;21.395;20.84;21.055;2845666
21.185;21.28;20.475;20.635;2977285
20.73;20.98;20.135;20.39;3595881
20.58;20.68;20.34;20.465;2175380
20.07;20.28;19.885;20.12;2684377
20.4;20.7;20.145;20.3;5183241
20.44;20.805;20.415;20.78;2353746
20.83;21.315;20.805;21.005;2267289
21.05;21.23;20.875;20.945;927397
20.8;21.16;20.52;21.115;1774719
20.925;21.105;20.55;21.07;1860304
21.28;21.575;21.09;21.395;1901552
21.395;21.575;20.645;20.74;2306126
20.375;20.76;20.29;20.48;2789059
20.88;20.895;20.245;20.39;2334080
20.545;20.59;20.16;20.455;2001974
20.32;20.98;20.275;20.915;2506622
20.875;21.14;20.815;20.93;1749398
21.1;21.3;21.05;21.285;1752994
21.085;21.42;21.01;21.29;1939247
21.395;21.485;21.295;21.37;1821948
21.36;21.67;21.32;21.475;1945946
21.57;21.75;21.505;21.73;2504824
21.99;21.99;21.565;21.665;1371264
21.52;21.745;21.355;21.58;1327042
21.475;21.625;21.11;21.22;1626088
21.325;21.54;20.75;20.86;1731588
20.945;21.045;20.245;20.3;1964453
20.435;20.47;20.205;20.375;1797695
20.27;20.28;19.675;19.76;2395298
19.94;20.05;19.255;19.355;3553567
19.065;19.09;18.74;18.865;3244206
19.04;19.22;18.745;19.04;2308636
19.05;19.145;18.855;18.935;890105
19.055;19.555;19;19.32;1466800
19.125;19.8;18.985;19.8;1823446
19.975;19.98;19.69;19.98;1424732
20.085;20.12;19.85;19.935;776325
20.015;20.13;19.72;19.91;1419457
19.975;20.505;19.835;20.505;2038847
20.6;20.625;20.315;20.46;1119462
20.495;20.565;20.055;20.12;1571465
20.165;20.245;19.535;19.56;2620884
19.42;19.75;19.33;19.45;1233158
19.58;19.675;19.16;19.39;1417889
19.555;19.64;19.275;19.3;1402783
19.195;19.665;19.145;19.665;1375508
19.67;20.11;19.605;20.085;1647950
20.215;20.215;19.875;20.085;942621
20.055;20.56;20.055;20.54;1974586
20.585;20.69;20.275;20.32;1066431
20.36;20.86;20.32;20.63;1404231
20.5;20.61;20.14;20.375;1680251
20.465;21.5;20.34;21.5;2597642
21.55;21.84;21.435;21.805;2568678
21.8;21.85;21.56;21.83;1529596
21.78;21.94;21.64;21.7;1420221
21.95;21.98;20.865;21.185;3030319
21.335;21.4;21.025;21.15;1381908
21.14;21.23;20.875;21.06;1411257
21;21.045;20.47;20.5;1344993
20.38;20.635;20.295;20.46;1660207
20.54;20.56;19.785;20.045;2069851
20.05;20.15;19.75;19.835;1136225
19.895;20.38;19.89;20.35;1453357
20.29;20.34;19.93;19.975;1373213
20.03;20.15;19.49;19.54;1643327
19.51;19.61;19.195;19.24;2145928
19.3;19.395;19.075;19.17;1271128
19.035;19.055;18.695;18.73;2036246
18.73;18.8;18.505;18.58;1851606
18.745;18.745;17.965;18.285;3544689
18.235;18.49;18.2;18.49;1828605
18.56;18.67;18.35;18.45;958123
18.23;18.39;18.13;18.37;1537433
18.455;18.825;18.19;18.825;2098565
18.795;18.97;18.66;18.935;2066905
19;19.435;18.965;19.295;2482978
19.66;19.935;19.655;19.925;2651522
19.9;19.915;19.68;19.83;1959945
19.835;20.25;19.72;20.23;2477316
20.155;20.43;19.99;20.335;1985280
20;20.045;19.495;19.805;3187613
19.95;20.03;19.805;19.85;1577015
19.935;19.97;19.53;19.635;2067777
19.6;19.69;19.545;19.585;1738817
19.55;19.675;19.3;19.3;1869218
19.415;19.67;19.365;19.56;6770592
19.5;20.125;19.5;20.11;2003947
20.055;20.21;20.02;20.1;1493369
20.3;20.33;19.965;20.04;1810585
20.055;20.24;19.62;19.84;1787273
19.63;20.065;19.45;20.04;2788697
19.96;20.01;19.715;19.79;1577696
19.72;19.875;19.445;19.715;1761641
19.665;19.85;19.55;19.67;1442761
19.42;19.675;19.32;19.32;2379725
19.24;19.43;19.01;19.085;1868037
19.015;19.1;18.795;18.895;1439528
18.86;19.205;18.775;19.12;1745138
19.21;19.345;19.2;19.315;1715816
19.62;19.915;19.515;19.8;2629525
19.695;19.915;19.6;19.79;1285830
19.76;20.05;19.76;20.005;1270309
19.855;19.995;19.68;19.92;1645181
20.01;20.11;19.96;20.06;1277466
19.805;20.29;19.8;20.095;1554313
20.195;20.215;19.95;20.105;1807235
20.07;20.38;20.045;20.3;1397553
20.08;20.38;20.075;20.26;1275667
20.15;20.38;20.05;20.32;1468629
20.29;20.575;20.15;20.515;2024681
20.425;20.765;20.385;20.695;1375949
20.8;20.92;20.705;20.84;1150620
20.89;20.945;20.63;20.85;1375424
20.795;21.04;20.715;20.825;1592030
20.835;21.11;20.78;21.01;1227186
20.975;21.19;20.86;21.105;1235989
21.235;21.28;20.77;21.05;1076107
21.04;21.285;20.96;21.285;916095
21.315;21.325;20.855;20.9;1178871
21.1;21.21;20.97;21.1;1332321
21.17;21.38;21.135;21.36;1516700
21.345;21.38;20.955;21.055;1333089
21.08;21.185;20.775;20.87;1734133
20.655;21.675;20.635;21.625;3217275
21.6;21.965;21.51;21.78;2576445
21.495;21.855;21.31;21.73;1513985
21.545;21.88;21.515;21.78;1051543
21.54;22;21.475;21.665;2765905
21.6;21.725;21.525;21.68;1624901
21.785;22.11;21.785;22.11;1473426
22.185;22.47;22.025;22.47;1878625
22.52;22.59;22.24;22.33;1764181
22.11;22.29;21.965;21.97;2616509
22.01;22.05;21.64;21.69;1798533
21.645;21.715;21.305;21.515;1316015
21.385;21.42;20.895;21.015;2562502
20.89;21.12;20.51;20.52;2015872
20.525;20.66;20.145;20.285;2117730
20.48;20.52;20.065;20.23;2232989
20.235;20.455;19.98;20.36;2889564
20.64;20.76;20.465;20.675;2728922
20.76;20.78;20.53;20.55;1010024
20.88;21.26;20.825;21.125;2588684
21.005;21.41;20.955;21.2;2218339
21.455;21.535;21.305;21.435;1660640
21.455;21.63;21.285;21.53;1097379
21.66;21.735;21.51;21.7;1508816
22.01;22.11;21.865;22.015;2364115
21.925;22.05;21.9;21.93;1522032
21.87;22.06;21.75;21.865;1696993
21.81;21.87;21.57;21.655;1708124
21.77;22.2;21.73;22.095;1175555
22.185;22.375;21.95;22.375;1358722
22.495;22.64;22.43;22.585;1623065
22.585;22.675;22.465;22.585;810516
22.58;22.585;22.195;22.53;242797
22.57;22.64;21.96;21.97;923705
22.005;22.15;21.875;22.07;526871
22.09;22.455;22.09;22.41;702236
22.37;22.54;22.27;22.285;692269
22;22.28;21.87;21.87;444633
22.055;22.44;22.05;22.355;995224
22.425;22.445;22.165;22.36;1472110
22.34;22.34;21.92;22.1;1733312
22.17;22.535;22.105;22.235;1766419
22.21;22.395;22.125;22.21;853251
22.235;22.235;21.555;21.64;1744453
21.785;21.95;21.67;21.88;1361660
21.82;22.53;21.82;22.53;1723182
22.53;22.98;22.415;22.9;2023981
22.8;22.99;22.685;22.825;1558352
22.895;23.14;22.86;23.095;1186035
23.105;23.4;23.01;23.4;1651672
23.4;23.455;22.945;22.945;1649782
23.015;23.365;22.905;23.185;1336381
23.26;23.585;23.135;23.175;2455904
23.175;23.265;22.93;23.115;1335072
23.195;23.29;22.785;22.915;1234889
22.895;23.275;22.64;22.765;2250768
22.735;23.04;22.52;22.835;1379520
22.815;23.135;22.675;22.675;1369761
22.605;22.98;22.275;22.83;1736973
22.84;23.325;22.72;23.245;1446781
23.425;23.485;23.135;23.21;1141864
23.385;23.48;22.76;22.93;1432070
22.99;23.125;22.505;22.84;1729752
23.1;23.465;23.04;23.465;2293128
23.44;23.45;23.13;23.2;1250307
23.32;23.88;23.29;23.775;2126349
23.755;23.9;23.56;23.88;2061782
23.655;24.06;23.65;24.045;1715513
24.07;24.12;23.64;23.96;1361816
23.875;24.285;23.875;24.015;1460372
24.045;24.13;23.83;24.025;1415494
24.095;24.275;23.95;24.26;1885516
24.24;24.3;24.02;24.19;1330774
24.17;24.28;23.855;23.855;1130594
23.725;23.85;23.345;23.7;1512040
23.645;23.815;23.08;23.17;1699856
23.05;23.48;22.95;23.31;1611533
23.315;23.69;23.13;23.63;955156
23.6;24.045;23.47;23.83;1305735
23.79;24.005;23.48;23.5;1441464
23.41;23.43;22.975;23.01;2194935
23.31;23.355;22.925;23;2030122
22.84;22.95;22.08;22.145;4810154
22.2;22.41;21.975;22.18;1916338
22.485;22.485;22.05;22.365;1966774
22.38;22.615;22.24;22.42;1659345
22.32;22.395;22.06;22.16;1420820
22;22.16;21.685;21.685;2550426
21.54;21.605;21.01;21.28;3521819
20.8;21.085;20.155;20.64;4200021
21.26;21.265;20.48;20.51;3567000
20.815;21.25;20.6;21.125;2582629
21.68;22.03;21.55;21.75;4549290
22.07;22.205;21.845;21.975;1799035
22;22.135;21.82;21.96;1424971
21.855;22.11;21.82;22.03;1191181
22.02;22.23;21.86;22.1;1648149
22.155;22.195;21.88;22.115;1579112
21.98;22.02;21.64;21.675;2293243
21.725;21.775;21.42;21.695;1293057
21.86;22.115;21.77;22.095;1474449
22.075;22.145;21.865;21.94;1167412
22.05;22.155;21.86;21.975;1529306
21.94;22.06;21.845;21.94;1274913
21.85;21.96;21.62;21.775;1315038
21.74;21.91;21.51;21.8;1837395
21.82;22.08;21.74;21.775;1274748
22.015;22.2;22;22.19;1521099
22.105;22.34;21.96;22.315;1634842
22.23;22.285;21.95;22;2065622
22;22.3;21.965;22.205;1235612
22.12;22.19;21.87;21.96;1021874
21.78;22.165;21.77;22.05;1228735
21.65;21.97;21.255;21.38;2270933
21.3;21.505;21.21;21.4;1832058
21.275;21.86;21.26;21.795;1562005
21.6;21.9;21.56;21.715;1300583
21.36;21.98;21.36;21.95;1472148
21.77;21.97;21.755;21.835;1369380
21.9;22.795;21.9;22.615;3527955
22.51;22.61;22.42;22.555;1200220
22.6;22.775;22.55;22.69;1012692
22.64;22.805;22.465;22.555;1674499
22.38;22.6;22.11;22.15;2401804
22.305;22.455;22.105;22.265;2449982
22.12;22.605;22.025;22.575;1875519
22.22;22.52;22.075;22.21;1704713
22.16;22.555;22.105;22.5;1484680
22.435;22.605;22.325;22.5;1909704
22.195;22.405;22.02;22.235;1646760
22.37;22.46;22.11;22.145;2027077
21.955;22.085;21.81;22.08;1737385
22.06;22.28;21.85;21.945;1539838
22;22.095;21.8;21.995;1514526
22.125;22.23;21.97;22.205;1696309
22.235;22.57;22.215;22.26;2368508
20.78;21.035;20.42;20.485;3251145
20.575;20.675;20.285;20.355;2170836
20.225;20.67;20.115;20.615;2015792
20.68;20.8;20.475;20.545;1361400
20.745;20.85;20.465;20.63;1798123
20.595;20.805;20.55;20.715;674292
20.86;21.18;20.77;21.005;2644396
21.04;21.155;20.87;20.88;1512147
20.695;20.775;20.45;20.45;1510325
20.44;20.48;20.03;20.25;1272303
20.115;20.205;19.875;19.905;1904031
19.95;20.24;19.94;19.995;2308030
19.96;20.12;19.775;19.84;2096688
19.87;20.275;19.855;20.205;1989523
20.205;20.24;19.775;19.785;1658519
19.81;19.88;19.645;19.715;903082
19.995;20.08;19.8;20.055;1809998
20.05;20.055;19.61;19.65;1468348
19.61;19.615;19.325;19.545;2017962
19.385;19.54;19.21;19.455;3089797
19.14;19.255;18.985;19.17;1730229
19.275;19.47;19.095;19.465;1913313
19.415;19.48;19.135;19.25;1440518
19.165;19.215;18.685;18.78;1888541
19;19.095;18.69;18.795;1808999
18.805;18.925;18.7;18.87;1187692
18.84;19.02;18.63;18.825;2280777
18.905;18.99;18.755;18.93;2133680
19.01;19.45;19.01;19.45;1962304
19.54;19.735;19.45;19.68;1497850
19.78;19.885;19.685;19.765;1119708
19.76;19.87;19.665;19.765;1304840
19.79;19.85;19.265;19.315;2076453
19.675;19.675;19.235;19.315;2585866
19.3;19.3;18.41;18.675;5367379
18.565;18.645;18.06;18.175;3157677
17.955;18.045;17.26;18.015;5062957
17.97;18.235;17.89;18.125;2486300
17.98;18.14;17.89;17.97;2022767
17.935;17.99;17.75;17.815;1605499
17.75;17.8;17.545;17.545;1851220
17.59;17.685;17.415;17.52;2381946
17.75;17.92;17.515;17.82;2242151
17.905;18.16;17.575;18.025;2317466
18.195;18.37;18.07;18.245;1474846
18.075;18.29;18.03;18.04;1095886
18.13;18.22;17.91;17.955;882426
17.9;18;17.5;17.56;1698582
17.35;17.55;17.23;17.465;1660478
16.555;16.555;15.54;15.805;9445178
15.89;15.965;14.97;14.97;5316022
14.97;15.185;14.66;14.705;4413387
14.55;14.92;14.24;14.3;4596119
14.725;14.74;11.55;11.6;14849388
11.4;11.875;10.97;11.15;11238894
11.035;11.27;10.255;10.255;7972038
10.29;10.515;9.7;10.36;10338272
10.945;11.21;10.07;10.085;6969861
10.59;11.125;10.12;11.1;10078849
11.115;11.825;10.715;11.82;5921850
11.935;11.95;11.4;11.655;4029582
11.66;11.7;11.105;11.17;4583176
11.175;11.5;11.01;11.45;2736227