11.625;11.8;11.4;11.68;231096
11.71;11.71;10.95;11;156208
10.875;11.5;10.75;11.25;525300
11.375;11.625;11.09;11.625;211644
11.625;12.06;11.625;12;367072
12.125;12.5;11.5;11.5;377940
11.88;12.19;11.78;12;446144
12.25;12.26;11.205;11.75;1102756
11.87;11.87;11.4;11.625;169560
11.75;11.87;11.5;11.5;173312
11.975;11.975;11.7;11.75;282476
11.75;11.895;11.55;11.62;442504
11.64;12.15;11.53;11.66;539380
11.815;11.87;11.5;11.5;419936
11.525;11.7;11.5;11.5;303060
11.69;11.71;11.25;11.25;461644
11.25;11.45;10.775;10.775;373100
11.25;11.305;11.05;11.3;625192
11.275;11.475;11.25;11.25;304864
11.375;11.425;11.2;11.25;119640
11.475;11.475;10.9;10.9;211824
10.95;11.23;10.8;11.23;224048
11.15;11.25;11;11.25;100036
11.25;11.25;10.875;11.075;205172
11.06;11.24;10.925;11.125;704908
11.225;11.725;11.075;11.725;334832
11.76;11.76;11.125;11.125;485808
11.3;11.47;11.25;11.25;6484
11.3;12.2;11.3;11.5;5410964
11.625;11.925;11.35;11.5;1070008
11.85;11.85;11.65;11.81;545080
11.85;11.87;11;11;554948
11.25;11.36;10.975;11.05;905720
11.25;11.33;11.175;11.25;788212
11.5;11.5;10.9;10.99;401380
10.875;11.05;10.67;10.675;537572
10.54;10.74;10.025;10.525;902592
10.725;10.9;10.625;10.75;379036
10.8;11.5;10.73;11.49;1361656
11.5;11.5;10.725;10.75;1246848
11.25;11.25;10.75;10.81;545696
10.875;10.97;10.82;10.925;319048
11.125;11.125;10.75;10.775;1242260
10.875;10.95;10.675;10.675;808900
10.975;11.05;10.675;11;696764
11.075;11.21;11;11.11;367052
11.125;11.125;10.825;10.875;397616
10.875;11.025;10.775;10.775;405636
11;11.05;10.9;11;1151656
11;11.025;10.94;11;480548
11;11;10.76;10.79;820024
10.76;10.92;10.125;10.3;1065124
10.14;10.14;9.6;9.675;765680
9.87;10.64;9.8;10.5;1052284
10.75;11.29;10.65;11.05;1602156
11.225;11.5;11.125;11.45;569116
11.5;11.5;11.25;11.375;543424
11.13;11.37;10.875;11.1;231088
11;11.125;10.5;10.66;181084
10.5;10.675;10.325;10.55;401896
10.625;10.775;10.31;10.31;164208
10.375;10.5;10.325;10.325;327404
10.325;10.375;9.96;10.01;704688
10.025;10.2;9.975;10;232900
10;10.16;9.98;9.98;896144
10.225;10.37;10;10.29;159444
10.375;11.25;10.225;11.25;436168
10.64;11.245;10.5;11.245;660416
10.83;11.155;10.625;10.725;1056916
10.55;10.875;10.54;10.75;316892
10.56;10.875;10.56;10.875;246196
10.68;10.75;10.1;10.175;330804
10.25;10.5;10.225;10.375;327692
10.25;10.59;10.25;10.5;108772
10.49;10.87;10.375;10.505;252368
10.12;10.2;9.975;10.12;388292
10.16;10.37;10;10.305;356392
10.25;10.375;10.175;10.25;652280
10.4;10.5;10.225;10.5;97204
10.62;10.875;10.525;10.875;169748
10.875;11.025;10.635;11;201016
10.875;10.975;10.75;10.925;76616
10.925;10.925;10.68;10.75;150580
10.7;11;10.53;10.9;227716
10.84;11.06;10.59;11.06;130976
11.06;11.06;10.78;10.975;107728
10.975;11;10.785;10.95;101148
11.01;11.07;10.91;10.91;67396
11;11.05;10.75;10.81;121816
11;11.125;10.75;11.125;184192
11.07;11.075;10.825;11.07;67560
11.075;11.2;10.78;11.2;140796
11.2;11.21;10.67;10.67;194784
10.95;10.95;10.375;10.375;393208
10.75;10.95;10.595;10.95;83544
10.925;11;10.89;11;145244
10.91;11.075;10.75;10.875;283856
10.755;10.89;10.6;10.75;221988
10.6;10.76;10.425;10.745;104076
10.4;10.625;10.4;10.55;148788
10.6;11.325;10.6;11.25;540992
11.375;11.75;11.275;11.625;957332
11.86;11.99;11.75;11.815;759440
11.89;11.9;11.71;11.8;997376
11.8;11.82;11.64;11.8;1331064
11.71;11.75;11.63;11.65;48688
11.75;11.75;11.28;11.65;227680
11.625;11.745;11.5;11.625;159428
11.7;11.735;11.5;11.69;279760
11.5;11.625;11.425;11.5;232180
11.6;11.625;11.5;11.58;197240
11.575;11.61;11.5;11.525;70220
11.55;11.55;11.36;11.475;232392
11.45;11.45;11.2;11.27;431084
11.25;11.25;11.025;11.25;422472
11.25;11.35;11.09;11.35;172392
11.25;11.4;11.25;11.34;150668
11.35;11.5;11.17;11.45;246316
11.05;11.7;11.05;11.7;396276
11.325;11.74;11.325;11.7;375076
11.625;11.7;11.3;11.375;347744
11.375;11.44;11.125;11.34;139964
10.975;11.2;10.945;10.975;190648
11;11.05;10.91;10.975;788548
11;11.1;10.75;10.875;868092
10.775;11.1;10.775;10.875;275580
10.9;11;10.875;10.875;180532
10.985;11.24;10.89;11.14;709272
11.25;11.85;11.25;11.85;559612
11.875;11.925;11.545;11.65;346780
11.65;11.82;11.64;11.74;683804
11.75;12.095;11.74;11.96;1657968
11.96;12;11.75;11.95;327468
12;12.34;11.96;12.34;1353904
11.55;11.99;11.525;11.96;3954624
11.925;11.925;11.275;11.475;837748
11.55;11.99;11.525;11.99;934600
11.975;11.975;11.525;11.725;674692
11.85;11.94;11.58;11.58;788844
11.86;11.86;11.525;11.525;898460
11.75;11.85;11.525;11.775;313960
11.75;11.86;11.71;11.775;240980
11.8;11.8;11.5;11.625;522020
11.75;11.75;11.51;11.55;444464
11.65;11.65;11.43;11.435;318380
11.5;11.62;11.44;11.5;428944
11.5;11.56;11.47;11.55;798192
11.56;11.69;11.525;11.69;568432
11.69;11.74;11.6;11.675;260060
11.69;11.735;11.625;11.735;526776
11.75;11.875;11.63;11.81;775772
11.81;12.1;11.775;12.1;1102408
12.1;12.1;11.95;12.02;145300
12.1;12.1;11.98;12;382748
12;12.325;11.99;12.31;626816
12.25;12.37;12.15;12.275;604480
12.29;12.31;12.24;12.31;612288
12.3;13.375;12.28;13.3;2786808
13.25;13.375;13.125;13.275;1121760
13.3;14.475;13.29;14.125;4011892
14.05;14.575;13.85;14.5;2068316
14.25;14.775;14;14;1463768
14.35;14.45;13.9;14.225;1142576
14.6;15.125;14.41;14.5;1291472
14.5;14.56;14.2;14.225;536456
14.125;14.44;13.94;14.44;1020288
14.44;14.56;14.225;14.25;416208
14.325;14.75;14.325;14.75;719424
14.75;15;14.625;14.94;547668
14.94;14.94;14.25;14.375;473252
14.25;14.5;14;14.26;367736
14.25;14.575;14.11;14.25;1275584
14.25;14.39;13.95;14;716728
14.04;14.34;14.01;14.125;322980
14.25;14.25;13.9;14;687056
14.1;14.125;13.91;14.09;1136144
13.975;14.29;13.89;14.25;1488684
14.25;15;14.25;14.7;696500
14.525;14.875;14.525;14.75;885648
14.525;14.8;14.275;14.725;846292
14.725;14.74;14.25;14.5;278996
14.5;14.6;14.06;14.475;710444
13.9;14.5;13.625;14.175;932360
14.25;14.54;14.25;14.5;269052
14.4;14.5;14.25;14.25;336792
14.475;14.475;14.05;14.29;471564
14.25;14.25;13.725;14.2;497408
14.2;14.475;14;14.44;802784
14.6;14.6;13.85;14.39;374328
14.425;14.49;14.275;14.475;167620
14.475;14.61;13.875;14.44;585240
14.275;14.55;13.75;14.5;1146596
14.425;14.59;13.8;13.8;1118024
14;14.35;13.81;14.25;517908
14.25;14.6;14.15;14.54;1079328
14.5;14.525;14.06;14.475;909816
14.5;14.61;14.01;14.125;1063764
14;14.125;13.51;14;689620
14.225;14.225;13.7;14.125;229956
14.11;14.11;13.85;14.025;168844
14.075;14.625;14;14.56;1183340
14.19;14.525;14.19;14.4;643272
14.45;14.45;13.95;14.275;1152104
14.475;14.75;14.25;14.75;862012
14.74;14.775;14.5;14.75;864424
14.75;14.75;14.575;14.7;1045524
14.525;14.79;14.225;14.375;630104
14.26;14.8;14.26;14.75;299964
14.59;14.84;14.275;14.84;214276
14.775;14.81;14.4;14.81;618968
14.81;14.825;14.525;14.825;142640
14.675;14.81;14.56;14.8;524560
14.775;14.8;14.45;14.75;336856
14.75;14.81;14.5;14.5;218188
14.525;14.71;14.275;14.325;379948
14.475;14.475;14.125;14.29;889832
14.125;14.525;14.075;14.475;601708
14.41;14.625;14.25;14.5;1025924
14.5;14.5;14.25;14.475;388508
14.325;14.625;14.325;14.55;337304
14.44;14.45;14.31;14.41;267628
14.26;14.475;14.21;14.35;408896
14.01;14.3;13.96;14.3;995008
14.01;14.29;14.01;14.01;442900
13.975;14.19;13.925;14.19;486652
14.01;14.325;14;14.25;1184872
14.19;14.49;14.01;14.25;1200724
14.15;14.31;14.125;14.125;739532
14.25;14.75;14.2;14.75;1090932
14.75;15.7;14.65;15.25;3324800
15.25;15.625;15.025;15.5;1582160
15.45;15.51;14.925;15.51;738352
15.15;15.425;15.15;15.25;400408
15.25;15.25;14.9;15.075;384896
15.09;15.44;15.09;15.325;484312
15.44;15.5;15.14;15.275;901416
15.375;15.45;15.125;15.24;1151756
15.29;15.3;14.9;15.025;422024
15;15.15;14.9;15.025;979320
15.025;15.1;14.875;14.96;317548
15;15.21;14.875;15.175;1121808
15.15;15.5;14.9;15.5;1091456
15.125;15.75;15.125;15.5;1189120
15.725;15.875;15.5;15.875;731280
15.75;16.125;15.75;15.925;1227556
15.875;16.25;15.74;15.95;631964
15.775;16.375;15.75;16.25;1650936
16.425;16.45;16;16.45;1429932
16.25;16.475;16.125;16.475;252228
16.5;16.5;16.1;16.25;528692
16.35;16.375;16.15;16.375;558880
16.125;16.79;16;16.79;636832
16.5;16.625;16.31;16.375;1119884
16.5;16.5;15.16;15.75;1150168
16;16.6;15.86;16.6;1201832
16.39;16.55;16.025;16.09;371296
16.24;16.25;15.5;15.5;551176
15.51;15.86;15.44;15.5;991144
15.625;15.625;15.34;15.39;1402088
15.4;15.45;15.21;15.25;958872
15.26;15.75;15.025;15.725;317228
15.75;15.95;15.69;15.825;372160
15.825;16.05;15.79;16;337892
16;16.025;15.69;15.975;255376
15.99;16.175;15.7;15.875;453892
15.875;15.96;15.325;15.75;571364
15.5;16;15.5;15.55;309844
15.55;15.675;15.45;15.5;562824
15.5;15.85;15.46;15.75;443244
15.75;15.975;15.39;15.45;203224
15.525;15.75;15.04;15.325;305924
15.25;15.725;14.9;15.125;660260
15.125;15.125;14.75;14.875;1678532
14.19;15.325;14.075;14.875;6885332
15.025;15.8;15.025;15.76;5430512
15.725;15.75;15.225;15.75;920240
15.5;15.75;15.325;15.625;459768
15.7;15.7;15.35;15.51;313088
15.69;15.875;15.45;15.775;813812
15.725;15.75;15.475;15.625;505984
15.625;15.725;15.525;15.55;326864
15.575;15.7;15.51;15.6;394648
15.75;15.775;15.65;15.74;505848
15.975;16.475;15.9;16.275;1346568
16.375;16.375;16.01;16.3;877284
16.3;16.31;15.99;16.2;374896
16.31;16.31;16.2;16.2;368392
16.31;16.31;16.14;16.3;520024
16.075;16.725;16.075;16.725;1229956
16.5;16.675;16.26;16.675;518548
16.5;16.675;16.34;16.5;464284
16.325;16.65;16.325;16.375;855684
16.25;16.375;16.04;16.375;431740
16.25;16.25;15.81;15.84;690644
15.95;16.44;15.95;16.375;1005204
16.025;16.25;16;16.04;381940
15.95;16.11;15.6;15.75;1163356
15.76;16.225;15.66;16.225;408104
16.225;16.275;15.975;16.275;670708
16.275;17.65;16.275;16.9;6445372
16.96;17.56;16.925;17.25;2365112
16.75;16.975;16.56;16.625;1253512
16.75;16.85;16.375;16.375;1789312
16.49;16.625;16.25;16.625;661148
16.66;16.66;16.34;16.425;1670736
16.475;16.825;16.45;16.8;1030916
16.75;17;16.75;17;388968
16.75;16.76;16.5;16.525;857676
16.54;16.625;16.2;16.275;1298948
16.275;16.75;16.275;16.75;536992
16.75;16.775;16.6;16.75;760768
16.75;16.95;16.725;16.95;1583052
16.95;17.375;16.675;17.34;2939900
17;17.34;17;17.31;826992
17.34;17.5;17.175;17.5;1703396
17.45;17.45;16.925;17.34;1401460
17.25;17.475;17.15;17.25;1359364
17.5;17.5;16.775;16.9;2291436
16.75;17.1;16.41;16.41;2247272
16.5;16.74;16.25;16.725;1309524
16.5;17.125;16.5;17.125;1005548
17;17.475;16.76;17.375;1628724
17.45;17.45;17.075;17.16;413048
17.21;17.24;16.74;17;935548
16.81;17.225;16.25;16.5;889484
16.625;16.875;16.125;16.2;1877096
16.21;16.375;16.16;16.16;1769364
16.25;16.275;15.94;16;1530168
16.25;16.35;16.05;16.235;545172
16.125;16.775;15.875;16.625;6235188
16.5;17.1;16.5;16.725;2225704
16.89;16.96;16.64;16.775;1383804
16.875;16.875;16.625;16.69;758504
16.69;16.75;16.5;16.5;1826764
16.65;16.81;16.55;16.75;2364132
16.625;17.225;16.625;17.1;1849260
17;17.19;17;17.125;774648
17.25;17.25;16.775;16.94;972512
16.8;17.2;16.69;17.2;875820
17.125;17.46;17;17.46;1855400
17.475;17.475;17.26;17.34;773124
17.375;17.475;17.075;17.2;1725972
17.25;17.41;17.175;17.36;684068
17.375;18.375;17.35;18.35;1660364
18;18.06;17.66;17.69;1051644
17.625;18.05;17.625;17.875;946692
17.85;18;17.51;17.625;530612
17.625;18;17.55;17.94;502180
18;18;17.61;17.75;598040
17.9;17.925;17.675;17.75;673424
17.625;17.95;17.625;17.9;214920
17.75;18;17.75;18;872916
17.99;18;17.8;18;453232
17.8;17.95;17.8;17.9;303624
17.9;18;17.625;17.65;1400012
17.575;17.7;17.16;17.16;1112860
17.26;17.86;17.26;17.71;1123448
17.86;18.19;17.81;18.19;1704532
18.175;18.65;18.06;18.39;2312988
18.41;18.5;18.4;18.46;1209116
18.46;18.49;18.225;18.44;666852
18.35;18.35;17.975;18.06;2605092
18.06;18.06;17.55;17.55;943560
17.8;17.925;17.51;17.89;1424560
17.75;18.41;17.675;18.075;4421880
18.325;18.41;18.14;18.19;2401204
18.125;18.325;17.86;18.05;551136
18.575;18.575;18.05;18.175;1779304
17.875;18.19;17.875;18.025;1188928
18.025;18.2;17.825;18.075;731132
18;19;18;19;2683196
18.75;18.76;18.45;18.56;902056
18.29;18.525;18.025;18.225;1506228
17.96;18.25;17.95;18.175;1776556
18.5;18.81;18.175;18.81;3254480
18.94;18.94;18.5;18.81;884376
18.91;18.925;18.69;18.925;1265916
18.75;18.975;18.56;18.56;806540
18.65;18.86;18.56;18.75;430596
18.75;18.75;18.525;18.6;700156
18.675;18.75;18.5;18.735;1214420
18.5;18.91;18.425;18.91;1031036
18.85;18.85;18.7;18.725;1182600
18;18.5;17.91;18.5;2952736
18.6;18.6;17.95;18.235;1661460
18.16;18.46;18.16;18.425;1551076
18.41;18.425;18.125;18.125;798328
18.25;18.4;18.06;18.4;671004
18.375;18.44;18.1;18.25;892168
18.5;18.5;18.125;18.5;772320
18.46;18.625;18.31;18.5;1125896
18.31;18.45;18.125;18.125;450884
18;18.25;18;18.125;420040
18.25;18.25;17.9;17.9;831972
17.875;18.15;17.875;18;1356516
18.25;18.25;17.46;17.975;946304
17.99;18.35;17.775;18.31;668104
18.15;18.325;17.875;18.325;1100296
18.125;18.125;17.65;17.75;1424384
17.775;18.14;17.575;17.65;1117916
17.675;17.86;17.26;17.325;1143832
17.45;18.25;17.39;18.225;1221812
18.225;18.225;18.025;18.2;1453812
18.19;18.2;17.84;18.09;963400
17.9;17.91;17.425;17.75;2094136
17.74;18;17.66;17.96;435524
17.96;17.96;17.75;17.925;473960
17.425;17.65;16.625;17.25;5754580
17.125;17.2;16.4;16.485;4212952
16.44;16.75;16.39;16.515;4265952
16.6;16.675;16.51;16.675;988864
16.425;16.675;16.25;16.625;1209380
16.45;16.74;16.45;16.735;508336
16.7;16.74;16.56;16.625;607128
16.59;17.175;16.59;17.175;1398348
16.875;17.55;16.875;17.44;2195124
17.4;17.425;17.125;17.35;503336
17.15;17.325;17.1;17.19;617012
17.275;17.275;17.075;17.15;427284
17.09;17.2;17.075;17.125;1170172
17.06;17.45;17.06;17.45;637332
17.275;17.275;16.94;17;449272
16.91;17.125;16.675;16.675;677880
16.65;16.8;16.44;16.5;1046904
16.5;16.625;16.29;16.39;1202988
16.525;16.65;16.275;16.5;618976
16.375;16.76;16.275;16.425;1640284
16.45;16.99;15.61;15.65;2930584
14.875;16.125;14.86;15.675;2306436
15.575;16.15;15.575;16;1454568
15.825;15.94;15.44;15.69;832448
15.375;15.56;15.2;15.5;992780
15.4;15.75;15.275;15.75;714304
15.8;15.96;15.325;15.35;2720512
15.51;15.51;14.75;15;1194472
14.7;14.7;13.85;14.5;2990236
14.34;14.81;14.34;14.54;1769152
15.26;15.84;14.775;15.74;3863220
15.75;15.75;15.44;15.65;1648268
15.425;15.775;15.425;15.74;1205776
15.55;16.25;15.55;16.125;1291476
16.25;16.3;16.09;16.125;705140
16.04;16.225;15.625;15.725;968104
15.75;15.875;15.2;15.45;3842804
15.625;15.75;15.46;15.75;1630908
15.69;15.925;15.56;15.7;1541420
15.69;15.69;15.45;15.6;1285316
15.625;15.875;15.59;15.75;1513052
15.625;16.09;15.575;16;793808
16;16.11;15.775;15.9;1682600
16;16.25;15.925;16.25;728420
16;16.29;16;16.29;392504
16.39;16.6;16.25;16.45;674820
16.375;16.625;16.375;16.625;780588
16.425;16.49;16.25;16.29;780724
16.25;16.44;15.975;16.375;634476
16.3;16.44;15.875;16.14;535584
16.36;16.425;16.1;16.25;1083660
16.45;16.45;16.075;16.09;1072064
16.125;16.4;15.925;16.11;1084268
16.01;16.25;15.75;15.775;1189336
16.06;16.5;15.86;16.5;1323556
16.25;16.5;16.225;16.25;794444
16.25;16.75;16.225;16.75;690200
16.74;16.86;16.5;16.625;645372
16.56;16.675;16.25;16.44;1357836
16.475;16.475;16.225;16.25;735320
16.21;16.525;16.21;16.45;885320
16.41;16.56;16.25;16.41;1070308
16.41;16.625;16.39;16.56;708880
16.575;16.65;16.275;16.275;957104
16.5;16.64;16.3;16.4;687384
16.51;16.61;16.44;16.44;582684
16.65;16.65;16.375;16.425;640416
16.5;16.71;16.11;16.11;1530156
16.41;16.41;15.875;16.015;1355780
16.25;16.6;16.16;16.475;979108
16.325;16.5;16.2;16.425;1009480
16.25;16.75;16.25;16.675;1107716
16.51;16.71;16.475;16.475;562588
16.275;16.49;16.275;16.325;961424
16.25;16.425;16.235;16.235;962980
16.125;16.375;16;16;1791592
15.925;16.325;15.925;16.15;1429772
16;16.25;15.75;15.91;1613312
15.625;15.91;15.46;15.675;3008748
15.5;15.95;15.5;15.9;1534008
15.76;16.525;15.76;16.5;2006172
16.25;16.45;16.06;16.06;966716
16.06;16.325;15.86;15.86;987396
15.8;16.11;15.8;15.86;936408
15.75;16.05;15.6;15.6;1480084
15.5;16.09;15.475;15.85;1882980
15.75;16.2;15.7;15.875;1991000
15.75;16.05;15.55;15.55;1571248
15.44;15.99;15.44;15.64;2531768
15.54;15.89;15.54;15.825;870528
15.91;16.11;15.525;15.525;1463688
15.625;15.96;15.625;15.925;627128
15.96;16.225;15.875;15.95;824404
16;16.25;16;16.25;807308
16.125;16.21;16;16.015;80620
16.25;16.3;15.96;16.25;438272
16.25;16.46;16.15;16.46;534628
16.525;16.525;16.24;16.275;238436
16.125;16.41;16;16.275;774496
16.2;16.275;16.01;16.06;697348
16.21;16.46;16.06;16.425;912360
16.45;16.575;16.26;16.36;643840
16.5;16.5;16;16;1002448
16.2;16.2;15.725;15.775;1396908
15.79;15.91;15.325;15.8;1997384
15.875;16.35;15.875;15.975;910676
16.25;16.9;16.125;16.9;2028572
16.75;16.84;16.54;16.59;977412
16.74;16.875;16.64;16.775;1167932
16.79;16.81;16.26;16.475;1050244
16.475;16.875;16.375;16.825;722820
16.825;16.86;16.485;16.485;614992
16.475;16.84;16.39;16.84;383528
16.84;17.06;16.625;16.8;956500
16.85;17.175;16.84;17.175;791928
17.125;17.325;17.11;17.25;1124572
17.25;17.5;17.21;17.29;1525624
17.41;17.41;16.925;17;1351420
17;17.475;16.94;17.325;970776
17.16;17.65;17.125;17.65;1015944
17.69;17.775;17.575;17.765;1206736
17.675;17.8;17.59;17.775;1509852
17.75;17.85;17.6;17.75;1151804
17.625;17.7;17.34;17.375;1282576
17.54;17.91;17.4;17.765;1760552
17.9;18;17.725;17.75;822912
18;18;17.725;17.75;1189428
17.84;17.94;17.51;17.765;870092
17.75;17.96;17.7;17.75;1405652
17.775;18.11;17.775;18.11;1371488
18;18.11;17.91;18.05;634464
17.89;17.94;17.575;17.59;965292
17.75;17.75;17.375;17.625;1257648
17.86;18.1;17.7;18.015;865916
18.04;18.04;17.8;17.94;654544
17.85;17.94;17.5;17.55;1098636
17.7;17.85;17.55;17.55;1019280
17.75;17.75;17.56;17.56;1227664
17.5;17.7;17.5;17.625;628704
17.625;17.625;17.39;17.39;669488
17.95;18.075;17.4;17.5;2423608
17.64;17.89;17.55;17.7;1121752
17.825;17.91;17.675;17.91;594244
17.94;18.1;17.76;18.1;741404
18.175;18.56;18.15;18.56;2292260
18.625;18.7;18.14;18.225;1563344
18.15;18.375;18.05;18.19;1006304
18.25;18.325;17.575;17.575;2675600
17.85;17.875;17.65;17.875;1772100
17.94;18.11;17.625;18.11;937172
18.15;18.31;18.125;18.21;1392648
18.35;18.35;17.75;17.84;1256060
18;18.2;17.85;17.85;977496
17.85;18.01;17.8;17.875;733460
17.825;18.125;17.8;18;1633884
18;18.09;17.975;18.04;1594088
18;18.29;18;18.11;1070652
18.16;18.61;18.14;18.46;4036132
18.625;18.725;18.375;18.56;1907564
18.625;18.625;18.05;18.485;9416304
18.475;18.51;18.21;18.5;3331952
18.375;18.49;18.275;18.34;1974692
18.35;18.36;17.875;17.875;1467056
17.975;18.05;17.725;17.75;1902248
17.725;18.01;17.66;17.66;1661552
17.675;18.15;17.675;17.925;1110168
18.21;18.225;17.825;18;1249936
18;18.625;17.94;18.625;1691684
18.7;18.7;18.2;18.225;1763408
18.2;18.325;18.09;18.2;1857508
18.25;18.325;17.975;17.975;2143584
18;18.075;17.925;18;2367660
17.875;18.04;17.875;17.925;1993680
17.925;18.24;17.9;18.235;2133288
17.7;17.99;17.6;17.9;7555852
17.94;18;17.84;18;2171348
17.975;18.11;17.925;17.95;2123764
18.025;18.05;17.75;18;1810144
18;18.075;17.74;17.95;1550660
18;18.1;17.7;17.75;2447704
17.85;18.19;17.85;17.9;2191884
17.875;18;17.81;17.96;1921868
18;18;17.675;17.84;1178504
17.775;17.8;17.56;17.725;1698488
17.74;17.89;17.69;17.89;1491684
17.75;17.76;17.51;17.525;1623504
17.625;17.74;17.54;17.56;1070968
17.64;17.9;17.625;17.9;1323572
18;18.1;17.8;18.06;1370472
18.125;18.19;17.925;17.985;1161768
17.91;17.975;17.64;17.725;3201720
17.76;17.85;17.5;17.575;1804724
17.61;17.925;17.6;17.735;909736
17.74;17.925;17.54;17.6;1195960
17.61;17.69;17.44;17.525;1716064
17.425;17.55;17.075;17.09;2086560
17.125;17.3;17.125;17.225;1368800
17.35;17.375;17.24;17.34;1250252
17.36;17.45;17.25;17.25;1288296
17.24;17.3;16.925;17.05;2170932
17.06;17.09;16.625;16.725;2062396
16.875;16.96;16.55;16.7;2680196
16.75;16.75;16.375;16.39;1127704
16.5;17.05;16.375;16.66;1770216
16.925;17.04;16.575;16.84;1998944
17.075;17.29;16.91;17;2718232
16.975;17.14;16.61;16.91;2157408
17.125;17.41;16.96;17.275;2747816
17.325;17.65;17.25;17.31;2640264
17.375;17.8;17.29;17.625;2522180
17.75;17.775;17.375;17.65;1865116
17.51;17.66;17.125;17.31;3934548
17.39;17.49;17.19;17.21;1384840
17.41;17.46;16.9;17.06;2000028
16.9;17.5;16.9;17.39;1128540
17.26;17.41;17.04;17.21;1309008
17.21;17.31;16.85;17.225;1342992
17.21;17.225;16.96;17;3368236
17.19;17.2;16.91;17;1087252
16.59;16.84;16.5;16.8;2303828
16.56;16.875;16.425;16.735;4036940
16.5;17.16;16.26;17.16;7994472
17.11;17.225;16.65;16.825;1390944
16.825;17;16.66;16.7;1372468
16.85;17.125;16.7;16.875;4808068
17.125;17.125;16.59;16.825;1406468
16.86;17.01;16.56;16.7;1676960
16.925;17.15;16.66;17.1;2005964
17.175;17.225;16.7;17.1;1211108
17.125;17.125;16.8;16.95;1644684
16.75;17.09;16.75;16.875;2678076
17.11;17.125;16.46;16.69;2482720
16.69;16.75;16.375;16.475;2517552
16.425;16.55;15.81;16;2139280
15.825;16.225;15.825;16;1921336
16.125;16.125;15.85;16;2094728
16.05;16.05;15.56;15.7;1796996
15.975;16.225;15.425;15.46;1510452
15.375;15.56;14.625;14.95;3402668
14.75;15.125;14.59;14.95;2342044
15.05;15.075;14.725;14.975;2777548
14.76;14.84;13.84;14.225;3730796
14.225;15.01;14.05;14.94;1981632
15;15.24;14.875;15.04;1714808
14.775;15.21;14.675;14.875;1600768
15.125;15.125;14.5;14.525;1075912
14.55;14.725;14.325;14.325;1234960
14.375;14.69;14.16;14.25;1259716
14.25;14.55;13.94;14.425;2569916
14.61;14.79;14.26;14.375;1625688
14.725;15.01;14.56;14.7;1614320
14.8;14.925;14.4;14.91;1165908
15;15;14.74;14.825;847492
14.975;14.975;14.625;14.975;1763976
14.875;15.025;14.69;14.84;947796
15.21;15.21;14.8;14.96;499804
15.025;15.075;14.8;14.925;1378672
14.925;15.19;14.84;14.875;1259368
14.8;15.1;14.8;15.05;1248264
15.1;15.9;15.06;15.65;2911352
15.64;15.94;15.625;15.875;1130000
15.875;15.975;15.51;15.75;1444564
15.875;15.875;15.51;15.61;1054676
15.85;15.925;15.69;15.81;1215904
15.64;15.75;15.41;15.55;1525152
15.45;15.5;15.19;15.375;1772744
15.325;15.51;15.21;15.51;1482720
15.34;15.5;15.09;15.25;1153552
15.1;15.3;14.69;14.75;2304812
15;15.625;14.675;15.61;2252752
15.475;15.65;15.21;15.59;1832176
15.61;15.81;15.4;15.81;1659496
15.75;15.95;15.61;15.8;1372416
15.75;16.04;15.64;15.8;1957640
15.75;16.44;15.75;16.325;1897976
16.225;16.225;16.025;16.16;1644960
16;16.2;15.725;16.11;1425304
16.05;16.425;15.875;16;1800516
16.25;16.25;16;16;977524
15.8;16.34;15.8;15.84;1380472
15.8;16.15;15.75;16;2189796
15.725;16.25;15.725;16.235;1555924
16.175;16.225;15.6;15.65;1729072
15.59;15.7;15.075;15.125;2204940
15;15.6;15;15.39;1866844
15.61;15.66;15.16;15.6;1755508
15.575;15.875;15.425;15.575;1814804
15.49;15.675;15.075;15.325;1125132
15.175;15.51;15.16;15.325;1082324
15.5;15.66;15.39;15.4;1329784
15.45;15.6;15.25;15.34;1501748
15.225;15.425;14.7;14.75;2107852
14.64;14.725;14.2;14.2;2114624
14.175;14.9;14.125;14.275;1928928
14.275;14.54;13.96;14.25;1497928
14.16;14.71;14.16;14.46;1341404
14.525;14.825;14.5;14.7;1429852
14.4;14.94;14.4;14.8;1252448
14.91;15.3;14.84;15.15;1930392
14.95;15.2;14.56;14.86;2205576
14.96;15.11;14.69;14.89;1178792
15.19;15.225;14.86;14.94;1112016
14.99;15.2;14.75;15;1007656
15.11;15.125;14.86;15.04;1265828
15.225;15.26;14.675;15;2463320
14.925;15.1;14.64;14.925;1789852
14.875;14.94;14.525;14.74;1394740
14.94;14.975;14.65;14.775;816272
14.64;14.85;14.49;14.5;1803576
14.64;14.675;14.325;14.5;1168632
14.64;14.66;13.94;14.1;4749044
14.175;14.5;14.025;14.45;2104124
14.5;14.66;14.21;14.425;2051876
14.46;15;14.29;14.875;1871708
15;15;14.56;14.84;1399224
14.91;15.06;14.35;14.475;1348540
14.51;14.75;14.41;14.66;1239316
14.51;14.75;14.375;14.66;1011048
14.65;14.825;14.46;14.75;1295568
14.7;14.7;14.44;14.49;1374408
14.5;14.95;14.5;14.875;838136
14.94;14.95;14.575;14.75;814656
14.9;14.96;14.59;14.79;839968
14.79;14.84;14.51;14.6;588464
14.75;14.75;14.5;14.55;806544
14.75;14.75;14.45;14.575;1220084
14.625;14.65;14.375;14.56;1564264
14.71;14.875;14.525;14.675;1172608
14.625;14.85;14.4;14.45;1195536
14.475;14.61;14.375;14.5;1673004
14.525;14.6;14.25;14.36;1509648
14.475;14.575;14.36;14.44;2071868
14.375;14.65;14.3;14.3;1312360
14.5;14.5;14.09;14.25;1455296
14.25;14.5;14.2;14.325;1251192
14.325;14.45;14.25;14.375;1059516
14.25;14.36;14.1;14.16;2041788
14.25;14.275;14.04;14.04;1093288
14.025;14.19;14.025;14.075;1340164
14.21;14.225;13.95;14;1321900
13.925;14.04;13.75;13.75;2903500
13.74;13.825;13.16;13.36;2882928
13.4;13.41;13.1;13.175;2921988
13.225;13.375;13.05;13.3;2852356
13.4;13.74;13.39;13.7;3212856
13.75;13.775;13.225;13.25;3166880
13.3;13.5;13.25;13.4;2178808
13.4;13.475;13.275;13.31;2165492
13.425;13.475;13.275;13.45;269432
13.375;13.59;13.26;13.375;681048
13.375;13.375;13.25;13.3;599924
13.31;13.59;13.275;13.425;701476
13.35;13.56;13.25;13.5;1192736
13.675;13.775;13.45;13.675;1266736
13.74;13.86;13.475;13.75;1108628
13.86;13.875;13.59;13.71;982940
13.775;13.775;13.5;13.54;921060
13.75;13.75;13.35;13.45;1302108
13.55;13.75;13.375;13.6;1376720
13.6;13.725;13.56;13.625;896764
13.7;14.025;13.65;13.975;2795996
13.99;14.24;13.9;14.16;2045072
14.06;14.525;14.06;14.34;3314624
14.41;14.45;14.2;14.35;2137780
14.25;14.5;14.25;14.45;1518972
14.39;14.5;14.15;14.15;2570884
14.15;14.34;14.125;14.21;2220192
14.475;14.49;13.825;14.125;2015188
14.025;14.31;13.875;13.875;1641856
13.875;14.1;13.55;13.625;2110632
13.75;13.875;13.7;13.825;2422212
13.9;13.925;13.5;13.625;2160740
13.675;13.81;13.625;13.625;1701728
13.625;14.71;13.625;14.59;4456580
14.375;14.66;14.34;14.45;2106036
14.625;14.65;14.35;14.61;2470444
14.54;14.725;14.35;14.55;1247356
14.4;14.625;14.39;14.525;1009252
14.25;14.46;13.96;13.96;1630656
14;14.225;13.825;14.04;1561160
14.225;14.475;14.06;14.34;1421556
14.31;14.36;14.14;14.34;860712
14.25;14.25;14.125;14.16;950424
14.1;14.46;14.075;14.375;1795356
14.675;14.675;14.29;14.31;1238032
14.41;14.5;14.25;14.34;1290708
14.375;14.49;14.15;14.15;1210556
14.24;14.25;13.975;14.025;979088
14.01;14.25;14.01;14.16;1384692
14.15;14.175;13.95;13.95;833976
13.94;13.975;13.75;13.79;1550632
13.875;13.925;13.5;13.5;3331104
13.65;13.75;13.45;13.56;1555848
13.425;13.875;13.325;13.76;4171156
13.8;13.91;13.575;13.625;1030040
13.69;13.7;13.375;13.375;1164268
13.31;13.45;13.15;13.35;1611828
13.475;13.54;13.25;13.325;2073612
13.475;13.475;13;13.025;2186072
13.05;13.125;12.925;12.96;1242800
12.975;13.09;12.825;12.925;1944472
12.96;13.06;12.69;12.69;2279368
12.95;13.14;12.75;12.85;1488080
12.95;13.725;12.95;13.65;2795744
13.34;13.84;13.14;13.725;1670124
13.925;13.95;13.54;13.79;1747452
13.95;14.2;13.54;14.16;1933168
14.24;14.25;13.89;14.2;1351844
14.14;14.35;14;14;1826264
13.95;14.1;13.54;13.64;1508332
13.5;13.75;13.375;13.5;1721488
13.525;13.675;13.075;13.1;3969144
13.06;13.475;13.06;13.35;2058284
13.275;13.49;13.06;13.49;1890036
13.25;13.4;12.96;13.375;3177764
13.375;13.44;13.05;13.175;2067668
13.36;13.49;13.14;13.14;3005820
13.24;13.65;13.175;13.51;1422692
13.6;14.125;13.4;14.1;2075660
14.225;14.425;13.89;14;2545172
14.025;14.09;13.74;13.81;2593368
13.725;14.24;13.55;14.025;2014756
14.1;14.39;14.06;14.275;3069596
14.275;14.9;14.275;14.75;3866640
14.65;14.79;14.31;14.51;3180212
14.75;14.75;14.31;14.575;1690548
14.74;14.75;14.5;14.66;1921660
14.6;14.75;14.4;14.6;1424200
14.725;14.725;14.2;14.25;1567232
14.55;14.66;14.39;14.575;2184092
14.675;14.675;14.275;14.275;860036
14.375;14.56;14.325;14.39;1398832
14.375;14.51;14.31;14.44;1650604
14.5;14.7;14.44;14.49;1636704
14.51;14.675;14.4;14.59;1803288
14.375;14.575;14.375;14.375;992204
14.65;14.75;14.475;14.525;1371256
14.75;14.76;14.5;14.75;1218576
14.85;15.05;14.64;14.65;1893420
14.8;14.81;14.39;14.39;947524
14.54;14.61;14.39;14.575;796520
14.76;14.76;14.35;14.475;2984276
14.6;14.625;14.41;14.51;677284
14.525;14.59;14.26;14.41;1464020
14.425;14.425;14.2;14.225;1124560
14.35;14.5;14.25;14.26;850508
14.375;14.375;14.15;14.26;1271700
14.31;14.65;14.125;14.575;2169380
14.575;14.575;14.175;14.425;2184888
14.41;14.55;14.25;14.425;1288760
14.6;14.6;14.25;14.25;675712
14.41;14.41;14.31;14.325;441988
14.34;14.375;14.21;14.26;1309292
14.36;14.5;14.29;14.4;3017392
14.375;14.49;14.325;14.4;588064
14.3;14.625;14.3;14.61;4290012
14.625;14.69;14.36;14.46;1471008
14.475;14.675;14.4;14.55;1355196
14.5;14.66;14.49;14.55;1244876
14.625;14.69;14.5;14.65;2450580
14.725;14.75;14.56;14.7;5212172
14.8;14.8;14.59;14.59;1419928
14.59;14.775;14.575;14.64;885132
14.74;14.84;14.59;14.76;2110804
14.725;14.85;14.625;14.775;1807956
14.66;14.79;14.575;14.7;2895844
14.71;14.99;14.64;14.975;850104
15;15.14;14.94;15.06;1661056
15.1;15.64;15.05;15.45;3105268
15.55;15.55;15.36;15.46;2179004
15.45;15.51;15.36;15.36;4054316
15.31;15.425;15.275;15.34;1226044
15.29;15.425;15.06;15.125;2558368
15.175;15.375;15.09;15.21;1826092
15.11;15.3;15.11;15.24;4178648
15;15.04;14.7;14.9;2760520
14.975;14.975;14.69;14.69;2494816
14.59;14.76;14.45;14.625;3155076
14.75;14.825;14.44;14.525;2228160
14.575;15.1;14.55;14.99;5404976
15;15;14.575;14.575;2137292
14.675;15.275;14.64;15.275;1769972
15.25;15.46;15.175;15.26;1777984
15.175;15.3;15.11;15.16;1336308
15.16;15.31;15.125;15.275;3335860
15.19;15.375;15.04;15.35;1360600
15.375;15.4;15.2;15.325;1309008
15.36;15.36;15.175;15.25;1401808
15.31;15.31;14.8;14.96;1868832
15;15.075;14.9;15;1689064
15;15.09;14.91;15.01;784396
15.11;15.11;14.275;14.7;3663512
14.75;14.75;14.325;14.425;2609764
14.36;14.675;14.36;14.55;1287284
14.45;14.9;14.45;14.675;1592016
14.625;14.825;14.59;14.81;1297736
14.8;14.91;14.64;14.7;1360524
14.64;14.925;14.64;14.65;1989440
14.725;14.84;14.325;14.81;2484084
14.9;14.9;14.525;14.575;1743028
14.61;14.75;14.575;14.675;1290576
14.7;14.875;14.625;14.725;1627748
14.79;14.925;14.71;14.84;1365092
14.75;14.8;14.64;14.75;1391160
14.81;14.81;14.61;14.725;1126536
14.76;14.89;14.675;14.8;1393692
14.89;14.89;14.71;14.75;685036
14.76;14.8;14.69;14.74;1119940
14.825;14.84;14.675;14.76;940632
14.7;14.81;14.7;14.71;1176352
14.75;14.95;14.675;14.875;979404
14.9;15;14.625;14.625;1261192
14.71;14.81;14.7;14.775;1535068
14.75;14.86;14.7;14.85;1020024
14.925;15.25;14.875;15.15;2782572
15.2;15.2;15.05;15.125;1138004
15.125;15.15;14.89;14.91;806668
15;15.01;14.74;14.775;1809332
14.89;14.925;14.74;14.825;1214448
14.9;14.9;14.69;14.725;1388340
14.75;14.86;14.69;14.775;1915948
14.86;15.35;14.8;15.35;2356416
15.325;15.9;15.16;15.7;5575128
15.75;15.825;15.525;15.7;3333424
15.76;15.76;15.46;15.625;3240736
15.625;15.75;15.56;15.7;1706440
15.675;15.725;15.56;15.56;1704632
15.675;15.76;15.39;15.44;2705616
15.39;15.55;15.24;15.36;1908172
15.35;15.51;15.21;15.34;1670188
15.475;15.61;15.31;15.61;3048312
15.64;16.34;15.64;16.25;5167544
16.3;16.35;16.01;16.16;2032292
16.175;16.3;16.04;16.15;2016960
16.21;16.5;16.125;16.35;1594760
16.31;16.375;15.94;16.34;1768272
16.25;16.34;16.05;16.1;1285916
16.125;16.15;15.95;15.99;1832008
16.06;16.11;15.95;16.04;1772156
15.925;16.125;15.89;16.05;1794848
16;16.04;15.76;15.775;1747024
15.76;15.91;15.54;15.56;1688840
15.64;15.64;15.34;15.46;2866648
15.475;15.625;15.35;15.51;2505616
15.525;15.8;15.475;15.7;1708120
15.84;16;15.7;16;1371992
16;16.09;15.81;15.825;1149596
16.075;16.075;15.8;15.9;1053572
15.94;15.94;15.56;15.625;1842796
15.75;15.825;15.475;15.61;1758644
15.71;15.9;15.64;15.85;1240928
15.65;15.825;15.6;15.65;1154340
15.74;15.825;15.66;15.725;1852712
15.725;15.79;15.525;15.6;3009324
15.575;15.74;15.55;15.66;2421660
15.71;15.71;15.56;15.625;1106040
15.65;15.7;15.55;15.64;1067740
15.675;15.69;15.36;15.44;1616872
15.6;15.6;15.25;15.31;1795824
15.29;15.375;15.15;15.24;1517236
15.21;15.46;15.21;15.34;670228
15.375;15.675;15.36;15.625;1091996
15.54;15.71;15.375;15.375;1835504
15.49;15.59;15.4;15.575;1073052
15.625;15.71;15.45;15.475;2002200
15.54;15.59;15.34;15.59;1346256
15.65;15.89;15.54;15.89;2018132
15.9;16.2;15.81;15.975;2836280
16;16.025;15.89;15.94;1333924
16;16;15.7;15.8;2235816
16;16.09;15.9;15.975;2710728
16.01;16.01;15.86;15.99;1016452
15.99;15.99;15.8;15.95;859668
15.94;15.975;15.71;15.84;1484024
15.95;15.95;15.69;15.775;1657868
15.8;16.44;15.75;16.44;3747964
16.24;16.3;15.95;15.95;1870044
16.125;16.36;16.05;16.31;1847428
16.225;16.4;16.06;16.375;2346832
16.41;16.525;16.2;16.5;2548880
16.5;16.66;16.325;16.375;2809984
16.475;16.74;16.36;16.69;1478852
16.725;16.74;16.55;16.7;2053472
16.74;16.74;16.375;16.525;3161048
16.56;16.8;16.425;16.75;2081284
16.75;16.75;16.51;16.69;5042844
16.75;16.89;16.55;16.84;1472536
16.875;16.875;16.79;16.86;1731124
16.875;17.025;16.86;16.94;1878448
16.94;17.075;16.8;16.95;1215444
16.99;17;16.71;16.84;1271936
16.84;16.86;16.625;16.725;868056
16.75;16.84;16.69;16.735;2385408
16.71;16.775;16.61;16.675;949780
16.69;16.84;16.59;16.7;1564620
16.74;16.94;16.675;16.875;1794296
16.975;17.05;16.81;16.875;1148908
16.875;16.94;16.775;16.875;1420320
17.075;17.1;16.725;16.775;3825816
16.7;16.86;16.04;16.1;7631828
16.125;16.425;16.06;16.25;3931080
16.24;16.29;16.11;16.21;1721244
16.24;16.25;16.11;16.16;2186912
16.175;16.3;16.175;16.235;716772
16.19;16.24;16.125;16.19;756412
16.275;16.3;16.14;16.25;729732
16.125;16.6;16.125;16.41;629604
16.375;16.66;16.375;16.55;868628
16.61;16.69;16.39;16.44;1678692
16.44;16.475;16.21;16.35;2134848
16.41;16.475;16.3;16.35;1728216
16.3;16.625;16.3;16.475;2516820
16.61;16.61;16.35;16.4;1389760
16.375;16.41;16.025;16.3;3151280
16.36;16.525;16.275;16.46;1531324
16.45;16.75;16.45;16.65;2219652
16.725;16.725;16.54;16.64;1324764
16.6;16.66;16.45;16.625;1557208
16.64;16.65;16.475;16.64;1232576
16.55;16.7;16.525;16.625;2137380
16.64;16.94;16.64;16.875;3260576
16.875;16.96;16.825;16.825;1474112
16.76;16.94;16.76;16.825;1412096
16.825;16.9;16.725;16.825;739672
16.975;17.05;16.86;16.875;1802844
16.71;16.95;16.71;16.925;1944380
16.85;16.95;16.81;16.85;1508056
16.925;16.96;16.85;16.89;1643108
16.95;16.96;16.86;16.91;1176744
16.96;17.21;16.96;17.15;2993896
17.225;17.31;17.15;17.25;2389064
17.26;17.375;17.19;17.34;2144284
17.25;17.36;17.14;17.19;2272512
17.275;17.41;17.16;17.31;1669836
17.41;17.44;17.31;17.36;941792
17.4;17.49;17.3;17.485;1888912
17.5;17.55;17.4;17.45;1337124
17.55;17.925;17.49;17.81;4261972
17.86;18.175;17.81;17.96;2230584
18;18;17.725;17.79;2023352
17.9;18;17.6;17.91;1600756
17.99;17.99;17.85;17.975;1017780
17.94;18.11;17.875;18.04;1823584
18.1;18.19;18.04;18.14;1348360
18.2;18.35;18.14;18.14;2510040
18.2;18.24;17.94;18;1920220
18.1;18.275;18;18.21;1693904
18.31;18.45;18.26;18.275;2691424
18.5;18.61;18.41;18.56;3012408
18.6;19.125;18.59;19.125;7432868
19.25;20.05;19.25;19.625;12690384
19.725;19.99;19.675;19.985;6602808
20.01;20.375;19.625;20.3;6342100
20.25;21.01;20.19;21.01;7394132
20.71;20.9;19.25;19.525;15720880
19.5;20.16;19.375;19.75;6027768
19.55;19.6;19.15;19.45;4983364
19.125;19.85;19;19.85;5039712
19.61;19.7;19.26;19.515;3915392
19.5;19.56;19.31;19.46;3523204
19.6;20.2;19.36;20.15;5348260
20.09;20.51;19.74;19.775;4776180
20.25;20.25;19.675;19.86;2602956
19.81;19.975;19.45;19.45;2261220
19.425;19.69;19.35;19.64;2562300
19.7;19.79;19.41;19.61;1966348
19.74;19.75;19.45;19.575;2819444
19.625;19.7;19.54;19.66;2197032
19.61;19.675;19.44;19.5;2074808
19.5;19.59;19.36;19.5;3143324
19.56;19.6;19.39;19.525;3203832
19.55;19.69;19.41;19.625;4438912
19.675;20.075;19.6;20.025;3439056
20.025;20.325;20;20.175;2465572
20.125;20.325;20.125;20.31;2526016
20.325;20.4;20.04;20.19;3801328
20.31;20.41;20.2;20.39;1495592
20.375;20.59;20.34;20.49;2830996
20.375;20.4;20.04;20.175;2019796
20.06;20.36;20.04;20.325;1707880
20.35;20.575;20.25;20.425;3226288
20.375;20.55;20.29;20.54;1158408
20.51;20.74;20.425;20.675;2143672
20.56;20.725;20.46;20.55;6871724
20.66;20.66;20.26;20.55;2193320
20.51;20.575;20.34;20.35;1993432
20.45;20.45;20.26;20.41;3252772
20.45;20.49;20.34;20.41;1887220
20.34;20.45;20.325;20.45;2487312
20.46;20.46;20.04;20.19;2104952
20.25;20.39;20.15;20.3;2691100
20.39;20.875;20.375;20.75;2064356
20.6;20.8;20.51;20.51;3093548
20.575;20.71;20.5;20.64;3934076
20.55;20.86;20.55;20.81;3319480
20.86;21.375;20.79;21;17759116
20.925;20.94;20.41;20.49;3760596
19.96;20.29;19.89;20.265;2653092
20.29;20.29;20.1;20.1;1270252
20.11;20.46;20.11;20.45;7367580
20.34;20.65;20.19;20.35;10204144
20.275;20.3;19.84;20.125;1886240
20.19;20.225;19.96;20.04;1931084
20.06;20.45;20.025;20.39;2518784
20.21;20.39;20.175;20.19;832344
20.3;20.45;20.09;20.16;3116704
19.96;19.99;19.15;19.775;6880252
19.79;19.975;19.71;19.84;2683760
19.975;19.975;19.76;19.8;1232060
19.76;19.84;19.59;19.69;3036096
19.81;19.84;19.65;19.675;1935884
19.6;19.81;19.6;19.7;470628
19.65;19.69;19.375;19.375;2530488
19.5;19.825;19.375;19.65;2211240
19.61;19.81;19.49;19.765;1732672
19.825;20.06;19.775;20;1786764
19.95;20.1;19.89;20.025;1365268
20.05;20.09;19.89;20.04;1981864
20.075;20.16;20.04;20.075;1345688
20.05;20.19;20.04;20.1;1560796
20.11;20.3;20.1;20.3;1430156
20.31;20.31;19.94;20.09;1221192
20.11;20.16;19.975;20;1568880
20.05;20.2;20;20.14;1092732
20.125;20.39;20.125;20.36;1723240
20.275;20.36;20.15;20.29;2475992
20.3;20.36;20.15;20.29;1333240
20.19;20.25;20.06;20.19;973044
20.175;20.3;20.05;20.275;6732560
20.34;20.41;20.11;20.15;2189304
20.225;20.3;20.175;20.175;968432
20.25;20.4;20.16;20.235;1371708
20.3;20.4;20.16;20.34;2377336
20.375;20.7;20.35;20.7;4666060
20.69;20.975;20.64;20.9;2787392
20.875;21.025;20.85;20.95;3359240
20.89;20.975;20.86;20.975;1099980
20.925;20.975;20.725;20.925;2080860
20.925;21.075;20.775;20.95;1477780
20.925;20.99;20.76;20.89;1804240
20.91;21.2;20.9;21.16;2580300
21.075;21.25;21.075;21.19;1957152
21.25;21.25;21.075;21.175;3263360
21.04;21.2;20.925;21.11;1423640
20.925;21.11;20.925;21.075;2039800
21.11;21.46;21.09;21.25;2604780
21.175;21.35;21.15;21.34;1932088
21.35;21.35;21.05;21.225;1269420
21.25;21.36;21.19;21.225;1559316
21.06;21.34;20.9;21.04;1356692
21.11;21.15;20.775;20.84;1241616
20.9;20.94;20.75;20.8;709532
20.775;20.99;20.69;20.9;860088
20.7;20.89;20.56;20.74;1980464
20.81;21.125;20.75;20.99;1119684
20.99;21.24;20.99;21.14;2263544
21;21.275;20.775;21.1;1131188
21.14;21.51;21.1;21.5;2429616
21.5;21.55;21.19;21.46;2154808
21.475;21.5;21.35;21.425;1461096
21.24;21.66;21.175;21.34;3536324
21.275;21.45;21.175;21.325;1712528
21.35;21.4;21.21;21.4;1865080
21.34;21.5;20.86;21.15;1810188
21.24;21.325;21.175;21.225;1821964
21.25;21.26;21.11;21.24;887412
21.225;21.375;21.14;21.375;1007960
21.36;21.5;21.31;21.5;1126212
21.525;21.65;21.41;21.6;1458516
21.59;21.9;21.56;21.825;2451668
21.74;21.94;21.7;21.925;1255488
22;22.325;21.875;22.25;1444476
22.15;22.275;21.95;22.06;1617832
22.2;22.2;21.825;21.975;1154672
21.99;22.15;21.875;21.96;1140468
21.94;22.2;21.94;22.2;1029172
22.15;22.16;21.86;21.9;918276
21.975;22.25;21.86;21.96;2266000
21.99;22.05;21.825;21.975;1178720
21.96;22.16;21.74;22.125;2120864
22.49;22.49;22.075;22.25;1510388
22.25;22.25;22.05;22.25;1025032
22.51;22.54;22.025;22.175;1855404
22.75;23.375;22.7;23.19;8293696
23.1;23.125;22.39;22.54;5235044
22.55;22.66;22.44;22.55;1916416
22.65;22.775;22.64;22.75;1568276
22.625;22.8;22.625;22.69;1376812
22.69;22.74;22.475;22.51;1317040
22.61;22.625;22.375;22.44;1181940
22.55;22.8;22.46;22.66;1497648
22.725;22.75;22.45;22.6;926568
22.525;22.79;22.49;22.7;1432848
22.7;22.9;22.69;22.85;1376464
22.85;22.925;22.5;22.625;2301968
22.66;22.75;22.51;22.7;1048752
22.75;22.89;22.69;22.89;807844
22.79;22.925;22.79;22.9;1247704
22.925;23.21;22.91;23.125;3052936
23.2;23.4;22.95;23.16;3309592
23.1;23.575;23.1;23.51;2214712
23.51;23.6;23.1;23.44;2652820
23.39;23.575;23.36;23.49;1637940
23.51;23.55;23.45;23.475;4146424
23.525;23.525;23.26;23.44;1147624
23.375;23.6;23.375;23.475;1504168
23.5;23.59;23.46;23.525;986936
23.625;23.625;23.375;23.6;1204764
23.5;23.75;23.5;23.75;1457212
23.75;23.75;23.525;23.6;2899572
23.65;23.86;23.56;23.8;1623512
23.875;23.89;23.59;23.64;1135356
23.75;23.75;23.11;23.34;2410768
23.16;23.39;23.125;23.25;1771600
23.25;23.325;23.04;23.25;1267500
23.35;23.35;23.025;23.26;1066692
23.125;23.125;22.81;22.975;1436900
23.01;23.075;22.84;23.025;1027852
23.05;23.5;23.05;23.44;2076668
23.5;23.66;23.41;23.6;1401492
23.74;23.75;23.31;23.34;1487804
23.325;23.56;23.325;23.55;411508
23.64;23.85;23.475;23.71;1693124
23.875;24;23.41;23.44;2033792
23.21;23.6;23.21;23.41;1777508
23.6;23.61;22.84;23.05;4256824
23.05;23.125;22.69;22.875;2088164
22.76;22.85;22.55;22.64;2208380
22.7;22.7;22.45;22.54;1970724
22.59;23.05;22.56;22.84;2328140
22.825;22.96;22.76;22.925;1865920
23;23;22.84;22.86;1442352
22.8;22.86;22.475;22.6;2269016
22.6;22.775;22.54;22.725;2050472
22.625;22.7;22.55;22.65;1317488
22.71;22.75;22.525;22.6;1498784
22.5;22.625;22.44;22.49;2336584
22.59;22.875;22.525;22.8;1764360
22.95;22.95;22.725;22.91;1341544
22.96;23.075;22.81;22.99;1331352
23.2;23.64;23.2;23.525;3216508
23.5;23.725;23.5;23.525;2186120
23.575;23.59;23.125;23.29;2121404
23.4;23.75;23.31;23.725;3020044
23.74;23.75;23.64;23.66;1045860
23.74;23.775;23.5;23.71;1717072
23.75;23.86;23.525;23.56;771820
23.56;23.71;23.45;23.51;1561680
23.55;23.675;23.425;23.66;991028
23.575;23.675;23.41;23.525;2091052
23.66;23.675;23.475;23.56;1034164
23.625;24.29;23.56;24.19;2951520
24.225;24.59;24.225;24.525;2570404
24.55;24.94;24.525;24.875;2735488
24.95;25.075;24.31;24.41;3926224
24.475;24.7;24.34;24.45;2252232
24.54;24.94;24.525;24.79;1549108
24.49;24.61;24.39;24.49;1145640
24.6;24.65;24.41;24.625;904316
24.59;24.625;24.25;24.575;707812
24.625;24.625;24.4;24.6;375908
24.66;24.74;24.55;24.55;852352
24.5;24.66;24.46;24.59;523992
24.7;24.725;24.51;24.6;668020
24.75;24.85;24.61;24.74;447176
24.75;24.8;24.55;24.7;496636
24.65;25.125;24.65;25.05;1382708
25.15;25.6;25.025;25.3;3736204
25.25;25.4;25.125;25.2;1937208
25.3;25.625;25.225;25.55;2019916
25.625;25.675;25.175;25.675;1398140
25.525;25.65;25.425;25.475;1259316
25.625;25.625;25.125;25.45;1956132
25.5;25.825;25.425;25.75;2633012
25.75;26.125;25.75;26.125;2567724
26.125;26.225;25.975;26.2;1839164
26.2;26.25;26.15;26.25;742672
26.25;26.475;26.2;26.475;1138252
26.5;26.625;26.225;26.575;2460836
26.575;26.625;26.275;26.35;1922864
26.375;26.725;26.375;26.725;1830008
26.675;26.725;26.225;26.35;1482000
26.325;26.675;26.275;26.625;1339284
26.65;26.7;26.475;26.625;1294324
26.725;26.975;26.55;26.975;1723192
26.975;27.3;26.875;27.25;2449992
27.275;27.525;27.25;27.5;2709464
27.7;27.7;27.225;27.425;2771748
27.475;27.525;27.25;27.35;1753876
27.475;27.725;27.45;27.675;1495392
27.8;28.65;27.8;28.55;6563584
28.675;28.675;28.425;28.55;1500456
28.5;28.7;28.325;28.5;1642320
28.4;28.525;28.35;28.425;1420620
28.475;28.625;28.325;28.45;1171296
28.5;28.75;28.4;28.7;1938356
28.725;29.1;28.725;28.975;1945940
29.1;29.2;28.9;29.025;2258404
29.075;29.2;28.85;28.975;1378008
28.975;29.075;28.725;28.775;1279804
28.825;28.85;28.25;28.325;2749168
28.25;28.45;27.25;27.35;5502572
27.3;27.425;26.7;27.075;4844912
27;27.425;26.825;27.325;2561728
27.45;27.45;27.175;27.3;1284560
27.475;27.75;27.425;27.675;2631996
27.75;27.9;27.575;27.75;1899088
27.825;28.125;27.725;27.95;2568212
29;29.1;28.125;28.2;8661180
28.45;28.675;28.325;28.55;2403116
28.7;28.7;28.35;28.525;2058196
28.625;28.875;28.525;28.775;1782288
28.85;28.85;28.375;28.55;983508
28.75;28.85;28.425;28.45;1521120
28.375;28.525;28.025;28.1;3999376
28.25;28.3;28.05;28.125;1808952
28.175;28.3;28.05;28.1;835180
27.95;28.2;27.95;28.125;1268948
28.425;28.6;28.225;28.3;2801916
28.35;28.4;28.125;28.2;1684300
28.225;28.225;27.9;28.2;1402424
28.3;28.45;28.05;28.275;722468
28.375;28.375;27.65;27.7;2115428
27.575;27.725;27.2;27.475;3453128
27.475;28.025;27.4;27.825;1437884
27.825;27.95;27.35;27.575;1499416
27.575;27.8;27.5;27.8;1234052
28;28;27.625;27.8;1871444
27.8;28.1;27.8;27.95;1349708
27.9;28.125;27.825;28.1;940868
28.25;28.25;27.85;28.025;2469968
27.925;28.125;27.875;28.1;1018028
28.075;28.125;27.925;28;1003352
28.075;28.425;28.05;28.3;1585320
28.325;28.6;28.275;28.55;1625548
28.6;28.8;28.4;28.8;2400080
28.85;29.025;28.65;29.025;2368300
28.8;28.925;28.6;28.75;1737116
28.525;28.75;28.375;28.475;1714936
28.275;28.4;27.8;27.9;4886324
27.9;28.15;27.825;28;1326492
28.15;28.3;27.9;27.95;1308044
28;28.15;27.825;27.875;1321104
27.975;28.5;27.975;28.375;1172672
28.25;28.725;28.15;28.575;1615512
28.45;28.525;28.25;28.35;1662984
28.125;28.4;27.775;28.05;2574332
28.3;28.7;28.3;28.475;6193276
28.3;29.15;28.3;29.1;3015356
29.175;29.7;29.125;29.7;1782256
29.75;30.1;29.525;29.975;3842720
30.125;30.3;29.95;30.175;3166536
30.3;30.3;30.075;30.15;1076188
29.55;30.075;29.525;29.95;2378052
30.075;30.075;29.575;29.675;2376796
29.825;29.975;29.8;29.975;1530032
29.9;30.1;29.8;29.975;2187872
30.1;30.125;29.8;30;1070080
30.075;30.35;30;30.15;1465564
30.1;30.25;29.9;29.9;1029482
30;30.275;29.85;30.275;1216698
30.25;30.75;30.175;30.675;1461452
30.575;30.875;30.5;30.775;1460862
30.75;31.075;30.65;30.975;1998100
31.025;31.075;30.675;30.8;1376534
30.75;30.875;30.7;30.85;810344
30.65;30.875;30.625;30.85;857800
30.85;30.975;30.4;30.6;2053374
30.5;30.675;30.05;30.075;2350716
30.075;30.45;30.05;30.35;692058
30.3;30.65;30.3;30.425;1465898
30.55;31.675;30.55;31.675;3747872
31.675;31.675;30.95;31.3;2479004
31.425;31.625;31.275;31.55;1716878
31.525;31.8;31.35;31.75;2198038
31.8;32.1;31.575;31.575;2733136
31.625;32.1;31.475;32;2301840
32.025;32.425;31.825;32.4;2260220
32.4;32.725;32.225;32.55;1783992
32.55;32.8;32.325;32.65;996648
32.6;32.675;32.075;32.375;1569962
32.275;32.55;32.025;32.15;1641752
32.3;32.425;31.925;32.25;1189690
32.425;32.475;32.15;32.325;785752
32.125;32.25;32;32.2;1119942
32.25;32.375;32.125;32.3;747872
32.425;32.625;32.05;32.3;1000608
32.55;33.175;32.5;33.025;2910618
32.675;33.05;32.6;33.025;1381222
33.2;33.225;32.525;32.6;1214146
32.675;32.95;32.625;32.775;1236610
32.975;34.75;32.925;33.8;6726424
34.025;34.55;33.9;34.4;3661482
34.425;35.35;34.275;35.05;2844868
35.25;35.25;34.575;34.9;1506278
35.05;35.175;34.6;34.7;2799324
34.825;35.15;34;34.45;3735680
34.45;34.45;33.15;34;2578436
34.4;34.65;34.125;34.575;1519376
34.675;34.75;34.2;34.425;1314190
34.4;34.775;34.225;34.75;1597454
34.9;34.925;34.625;34.7;1170056
34.6;34.775;34.05;34.175;1535722
34.45;34.475;33.575;33.675;2457076
33.85;33.85;33.3;33.4;1980604
33.4;33.775;33.4;33.625;2184092
33.5;33.7;33.45;33.7;1777646
33.7;33.8;33.5;33.5;1420334
33.675;34.125;33.525;33.925;1739730
33.975;34.55;33.975;34.375;1462504
34.35;34.425;34.075;34.15;1094300
34.15;34.35;33.75;33.95;1885800
33.925;34.1;33.425;33.575;2335068
33.575;34.05;33.4;33.4;2724376
33.525;33.75;33.45;33.65;1386696
33.65;33.65;33.375;33.4;1697676
33.425;34.125;33.375;34.1;1523818
33.975;34.65;33.825;34.275;2529854
34.55;34.7;34;34.075;1853532
34.1;35.475;34.1;35.3;2764728
35.3;35.825;35.025;35.725;1880772
35.725;36.25;35.5;35.575;2402426
35.675;35.675;34.75;35.25;1856694
35.3;35.475;35.05;35.1;1155364
35.05;35.225;35;35;631912
35.25;35.5;34.95;35.2;1391650
35.275;35.275;34.75;35.075;1290302
35.1;35.25;34.8;34.85;1620586
34.95;35.15;34.8;34.975;1988206
35.15;35.5;34.95;35.45;1051356
35.55;35.575;35.15;35.15;1994590
35.375;36.725;35.325;36;5564010
35.9;36;35.625;35.65;1245462
35.5;35.925;35.175;35.3;1315208
35.1;35.425;35;35.25;878052
35.275;35.875;35.175;35.65;1764430
35.925;36.475;35.725;36;3431822
36.05;36.475;35.95;36.225;2376990
36.35;36.575;35.875;35.925;1538662
36.05;36.25;35.775;35.9;1146278
36.025;36.2;35.65;35.725;1551278
36.5;36.5;35.475;35.875;3864388
35.975;36.075;35.6;35.7;1614400
35.8;35.825;35.375;35.525;1316404
35.825;35.85;35.5;35.525;977950
35.525;35.7;35.2;35.325;1724450
35.475;35.575;35.05;35.125;1987026
35.025;36.1;35;36.1;2589898
36.025;36.75;35.8;36.6;3784076
36.425;36.525;35.875;36.5;1211634
36.525;36.7;36.35;36.625;1811870
36.275;36.4;35.625;35.8;2094252
35.8;35.975;35.4;35.525;1706466
35.55;35.65;35.075;35.225;2328132
35.55;35.7;35.275;35.575;1719232
35.6;35.8;35.3;35.8;1775634
35.8;35.975;35.575;35.9;1252518
35.9;36;35.6;35.9;1434902
36.025;36.175;35.575;35.825;1241098
35.95;36.2;35.8;36.175;1530466
36.3;36.375;35.125;35.6;3830748
35.5;35.625;34.45;34.85;5895758
34.4;34.6;34.175;34.25;4053450
34.25;34.925;34.25;34.625;2184554
34.85;35;34.5;34.6;1796816
34.425;34.725;34.4;34.575;1760432
34.35;34.5;33.9;34.1;1844552
33.95;34.1;32.9;33.075;3875314
33.25;33.475;32.4;33.125;3763844
33.375;33.475;32.9;33.025;2729648
33.05;33.075;32.55;32.575;3777278
32.45;32.45;31.5;31.925;5166952
32.575;32.6;31.85;31.975;3396636
31.725;32.2;31.65;31.925;2212586
31.925;32.575;31.875;32.525;2025390
32.75;32.875;32.425;32.475;2090786
32.65;32.75;32.075;32.125;1701982
32;32.075;31.725;32;1879084
31.75;32.125;31.1;32;2443100
32.2;32.625;32.125;32.6;2131098
32.55;33.475;32.55;33.325;2561518
33.2;33.65;32.9;33.075;2157306
33.25;33.35;32.975;32.975;2726438
33.475;33.65;33.025;33.55;4283926
33.95;34.05;33.2;33.875;1798132
33.9;33.925;32.975;33.025;3947276
33.025;33.025;32.1;32.3;3908360
32.175;32.375;31.5;31.775;5721150
31.975;32.75;31.9;32.75;2000724
32.75;32.75;31.8;32;3127576
31.95;32.15;30.975;31.25;4970778
31.3;31.625;31;31.625;3574018
32;32.475;31.925;32.475;3063136
32.75;33.25;32.4;32.5;2770346
32.225;32.9;32.225;32.75;1446598
32.85;32.9;32.45;32.5;1417266
32.825;33.8;32.625;33.775;3877034
33.8;33.85;33.4;33.5;2366138
33.7;34.6;33.55;34.45;3221186
34.65;35.075;33.75;33.75;5329030
33.85;34.475;33.2;34.125;2720520
33.8;34.225;33.55;33.8;3481656
33.875;34.2;33.325;34.05;2703946
34.125;34.175;33.55;33.875;2288646
34.1;34.65;33.95;34.55;3010462
34.5;34.55;34.2;34.475;2234414
34.5;34.5;33.975;34;1869320
33.85;34.45;33.75;34.45;2824982
34.525;36;34.15;35.375;8194066
35.5;35.625;34.85;34.85;2043542
35;35.2;34.325;34.45;3100864
35.35;36.1;35.125;35.475;10592762
35.8;36.625;35.6;36.525;7238648
36.5;37.4;36.475;36.95;5548328
37;37.25;36.575;36.75;2064594
36.35;36.525;35.9;36.325;2675692
36.325;36.375;35.975;36.15;2683388
36.2;36.325;36;36.125;1566910
36.125;36.275;36;36.275;712926
36.45;36.725;36.375;36.45;635312
36.575;36.75;36.475;36.625;1416926
36.875;36.875;36.425;36.45;1299582
36.475;36.525;35.6;36.325;1265760
36.475;36.55;36.05;36.375;501674
36.475;36.725;36.325;36.7;2272924
36.875;36.975;36.4;36.65;1861328
36.675;36.675;35.675;35.675;3801740
35.925;36.05;35.75;35.875;3038382
36.1;36.1;35.4;35.575;3357212
35.9;36.75;35.725;36.75;5284778
36.975;38.6;36.9;38.575;7167522
38.65;39.075;37.875;38;4059746
38.075;38.075;37.325;37.575;3987130
37.6;38;37.525;37.625;1519532
37.6;37.6;37;37;2441036
36.9;37.4;36.775;37.275;2895484
37.475;38.15;37.475;38.075;2432490
38.1;38.4;37.9;38.025;2018600
37.65;37.775;37.4;37.575;1851240
37.725;37.925;37.575;37.65;1555602
37.925;38.125;37.6;38;2048392
37.85;38.2;37.75;38.025;2755590
38.475;38.675;37.9;38;3600290
38.2;38.2;37.4;37.85;3207586
38.1;38.475;37.9;38.275;2008538
38.5;38.5;37.625;37.9;2581540
37.925;38.375;37.725;38.225;2141316
38.25;38.725;38.125;38.625;2290818
38.825;38.85;37.825;38.025;1893064
38.225;38.35;37.875;37.975;1528946
37.825;37.85;37.575;37.75;1499262
38;38.375;37.3;37.625;2260636
37.625;37.8;37;37.175;2520056
37.25;37.45;36.925;37.15;1631558
37.4;37.4;37.075;37.25;1678590
37.425;37.85;37.125;37.125;2266822
37.425;37.6;36.95;37.55;1793026
37.575;38.125;37.525;38.125;2920206
38.225;38.225;37.225;37.225;1912374
37.3;37.725;37.275;37.45;2065276
37.3;38.8;37.3;38.8;2972252
38.95;38.95;37.9;38.35;2298174
38.3;38.775;38.3;38.775;1296522
39;39.3;38.95;39.25;2501838
39.225;39.375;38.625;38.75;2671772
38.975;38.975;38;38.65;3969802
38.525;38.75;37.5;37.5;4547608
37.875;38.25;37.575;37.7;3448402
38;38.1;37.275;37.325;2262422
37.25;37.275;36.925;37.15;2190162
37.125;37.225;36.5;36.675;2377200
36.9;37.7;36.675;37.525;2445378
37.45;37.475;37.075;37.35;2456688
37.5;38.775;37.475;38.65;3865206
38.725;39.425;38.675;39.225;2793884
39.35;39.35;38.925;38.975;2662904
39;39.2;38.675;38.775;1700222
39.1;41.175;38.9;41.1;9748656
41.1;42.35;40.925;41.725;4563888
41.95;41.95;41.175;41.5;2554376
41.075;41.3;40.7;41.075;2344972
41.15;41.975;41.15;41.9;1975784
42;42.75;41.825;42.4;2781024
42.375;42.4;41.475;41.525;1666402
40.95;41.65;40.65;41.025;3903618
40.95;41.45;40.425;40.575;6254970
39.725;40.7;39.725;40.55;5322632
40.475;40.925;40.325;40.675;7018158
40.725;40.725;39.95;40.075;5344622
39.925;40.075;39.175;39.475;6545528
39.875;39.875;39.025;39.175;5065014
39.25;39.525;39;39.225;5751556
39.3;39.675;39.2;39.3;6245306
39.3;39.425;38.925;39.325;4551856
39.275;39.425;38.8;38.825;4138054
38.625;39.025;38.225;38.8;8212322
38.975;39.175;38.5;39.025;3860674
39.05;39.3;38.7;38.9;2154140
39.275;39.375;38.75;38.975;2060334
38.775;39.375;38.775;39.275;1746734
39.475;40.35;39.375;40.35;2824566
40.025;40.725;39.825;39.925;2538990
40.175;40.525;40.075;40.45;1832462
40.475;40.7;40.1;40.3;1837754
40.425;40.425;39.575;39.9;2485118
39.975;40;39.375;39.375;1535376
39.725;40.175;39.55;40.15;2035426
40.35;40.475;39.875;40.05;2746294
40.125;40.525;40.025;40.45;2158854
41;41.375;40.875;41.35;3353990
41.45;41.7;40.825;41.1;1709188
41.5;41.5;40.625;40.7;2195318
40.775;41.5;40.725;41.45;2312894
41.775;42.025;41.55;41.825;4262308
41.825;41.825;40.825;41.1;5951480
41.25;41.25;39.7;39.775;5743020
39.8;40.1;39.25;39.775;3058424
40.25;40.625;38.15;38.4;7733466
37.95;38.825;37.3;38.475;5076684
38.725;38.975;37.95;38.275;2870664
38.5;38.5;35.675;35.9;5797404
36.375;37.5;36.125;37.05;4559352
37.075;37.175;36.5;36.7;2418442
36.85;36.975;36.5;36.775;1304922
37.1;37.9;37;37.875;1882794
37.925;38;36.55;36.825;2371918
36.375;36.75;35.45;35.675;8601160
35.5;36.625;35.25;35.85;4403628
35.85;36.175;35.675;36.05;2154188
37.5;38.3;37.4;37.625;7361526
37.9;37.9;36.975;37.05;1516452
36.55;36.65;35.7;36;3538590
36.05;36.25;35.425;35.8;2939948
35.125;36.2;35.05;35.525;4606824
36.5;36.85;36.125;36.625;3136366
36.75;36.825;36.15;36.65;2456276
36.675;37.8;36.6;37.3;9096936
37.7;40.925;37.525;40.375;17949744
38.95;39.55;38.4;38.95;9504100
40.025;40.475;39.05;39.35;7000202
38.975;39.725;38.1;39.15;5318638
38.85;39.775;38.75;39.7;3735290
39.925;39.95;38.55;39.075;2960432
39.475;39.475;38.425;38.775;2407788
38.55;39;38.275;38.9;2484160
38.9;40.075;38.9;39.5;2656008
39.925;40.1;39.4;39.55;2338858
39.1;40.1;39.1;39.825;2939002
39.875;40.3;39.8;40.3;2215760
40.625;40.85;39.6;40.275;2847762
40.475;40.475;39.725;39.975;1762108
40.05;40.05;39.375;39.825;2142512
39.5;39.875;39.125;39.25;2275980
39.5;39.8;39.275;39.6;1376664
39.6;39.8;39.025;39.6;1644560
39.5;39.8;39.35;39.75;1568802
39.525;39.9;39.45;39.675;1720632
39.775;40.2;39.65;39.675;1349372
39.5;39.575;38.975;39.175;2752252
38.775;39.1;38.125;38.5;1492756
38.35;38.45;37.8;38.075;1557762
38.075;38.075;37.55;37.875;1561106
37.95;38.4;37.875;38.325;1455272
38.7;39.225;38.45;39.05;2394846
38.95;39.075;38.25;38.325;1655964
38.5;39;38.2;38.85;1437796
38.9;39.15;38.5;38.825;2390524
38.975;39.05;38.7;38.9;1407692
39.05;39.9;39;39.9;2371700
39.95;39.975;39.35;39.9;1245264
39.925;40;39.4;39.775;1092736
39.95;39.975;39.25;39.5;948902
39.6;40.675;39.6;40.475;2889912
40.525;40.675;39.775;39.95;1909124
40.2;40.25;39.2;39.8;3307868
39.475;39.5;39.075;39.15;2307652
39.225;39.75;39.125;39.625;1713074
39.75;40.525;39.5;40.175;2145210
39.875;40.1;39.525;39.925;1586146
40.125;40.85;39.825;40.65;2146622
40.85;41.45;40.8;41.375;1748972
41.15;42.275;41.15;41.7;2687552
41.875;42;41.55;41.6;1677668
41.625;41.775;41.375;41.65;1692284
41.65;42;41.55;41.8;1935424
41.8;41.975;41.35;41.35;1163958
41.55;41.85;41.35;41.85;1877992
41.9;42.325;41.65;41.725;3037470
41.725;41.85;41.35;41.7;1673904
41.775;41.925;41.25;41.35;1458872
41.475;41.6;41.35;41.55;892568
41.55;41.625;41.35;41.525;1380116
41.6;41.9;41.55;41.625;1891504
41.8;42.5;41.8;42.25;3366630
42.3;42.825;42.275;42.725;2251330
42.9;43.1;42.55;43.1;1734862
43.15;43.15;42.125;42.6;2138254
42.925;43.15;41.925;42.15;3855270
42.1;42.1;41.4;41.55;2119516
41.7;42.3;41.425;42.175;2106032
42.1;42.275;41.925;42.1;1258638
42.225;42.275;41.875;42.225;1586358
42.3;42.5;42.025;42.1;2191936
42.325;42.35;41.875;42.05;1989374
42.025;42.275;41.725;41.8;3581314
41.95;42.25;41.75;42.225;2299558
42.225;42.5;42.05;42.2;1338174
42.325;42.7;42.1;42.5;2203292
42.675;43.225;42.45;43.15;1993186
42.975;43.175;42.8;42.975;2485738
43.15;43.5;42.775;42.95;2253664
43.175;43.475;43.1;43.375;1946840
43.5;44.275;43.5;44.15;3382500
44.175;44.4;43.95;44.15;2549452
44.15;44.3;43.775;43.9;2257586
44.075;44.2;43.875;44;1374986
43.9;43.925;43.5;43.6;3206010
43.875;44;43.5;43.85;1638110
44;44.15;43.775;43.85;2828140
44;44;43.675;43.7;1822216
43.725;43.95;43.7;43.95;1763762
44;44;43.675;43.85;1464002
43.925;43.925;43.675;43.9;977040
43.975;44.55;43.925;44.375;2132552
44.5;44.675;44.35;44.6;1701796
44.625;44.725;44.45;44.625;879782
44.525;44.6;43.825;43.95;1627088
44.075;44.35;43.85;44.075;1425218
44;44.525;43.85;44.175;958500
44.35;44.575;44.325;44.5;1267598
44.7;44.825;44.375;44.65;1666084
44.725;44.85;44.45;44.8;1376778
44.825;44.9;44.525;44.825;1242068
45;45.1;44.2;44.525;2429248
44.7;44.7;43.775;43.8;2736170
43.75;44.35;43.3;43.8;2575050
43.8;44.325;43.675;44.125;2857760
44.225;44.7;44.05;44.675;1462486
44.6;44.6;43.95;44.35;2167742
44.525;44.625;44.2;44.475;1638290
44.575;45;44.5;44.875;1419334
45;45;44.6;44.95;1560294
44.875;44.925;44.575;44.775;1518538
44.9;44.95;44.625;44.75;2183514
44.75;45.1;44.55;45.1;2463662
45.05;45.775;44.6;45.75;2464474
45.925;45.925;45.175;45.575;1601268
45.975;46.35;45.95;46.35;1762630
46.225;46.5;45.975;46.375;2198248
46.4;46.45;46;46.2;1575696
45.95;46.1;45.525;45.8;1828942
45.9;46.05;45.5;45.9;1665602
46.1;47.775;46.075;47.15;4144448
47.225;47.35;46.875;47.2;2986120
46.925;47.4;46.725;47.4;1628690
47.275;47.575;47.1;47.1;2967728
47;47.15;46.6;46.875;2644058
47.05;47.675;46.875;47.675;2542412
47.675;47.975;47.275;47.425;2338526
47.625;47.75;47.075;47.225;2597340
47.475;48.2;47.05;48.075;2513152
48.1;48.9;47.85;48.875;7008618
48.925;49.05;48.575;48.75;1610494
48.675;49.025;48.55;49;2147202
48.5;49.8;48.5;49.475;3041048
49.5;49.725;49.3;49.4;2999316
49.4;49.5;49.3;49.475;6043552
49.475;49.625;49.3;49.425;1980868
49.65;49.9;49.225;49.7;2111118
49.8;50.25;49.475;49.725;4112512
49.5;49.85;49.375;49.6;2756706
49.3;49.525;48.975;49.05;2036856
49.05;49.45;49.025;49.325;1425734
48.65;49.325;48.65;49.2;1967356
48.575;48.95;48.275;48.275;10224454
48.075;48.75;48.075;48.45;1237376
48.25;48.5;48.125;48.3;1234594
48.05;48.625;48.025;48.4;1323818
48.275;48.85;48.25;48.325;1594084
48.1;48.5;48.1;48.4;1579654
47.625;48.225;47.6;47.825;2215426
47.425;47.75;47.3;47.5;1755266
47.075;47.85;47.05;47.4;1950460
47.325;48.15;47.325;48.025;2750208
47.675;47.95;47.275;47.625;2225122
47.55;48.025;47.5;47.975;2412752
47.675;48.55;47.675;48.375;1659260
48.575;48.8;48.425;48.45;1626004
48.3;48.6;48.125;48.2;2217532
48.2;48.75;48.2;48.625;2610932
48.7;49.925;48.675;49.3;6516228
51.6;52.5;51.1;52.45;9097998
52.75;54.25;52.55;52.75;6257588
53;53.85;52.8;53.25;3510470
53;53.7;52.85;53.2;2547032
53.2;53.2;52.4;52.6;2522566
52.1;52.7;51.75;52.1;2252210
52.05;53.2;52.05;53.05;2199068
52.75;53.75;52.75;53.35;2572308
52.85;53.2;52.55;52.7;2460646
53.15;53.9;52.95;53.6;2437228
54.4;54.75;53.95;54.6;3337446
54.65;54.95;54.55;54.65;2357012
54.95;55;53.85;54;2686450
54.1;54.4;53.9;54.2;1945608
54.25;54.45;53.8;54.05;1446322
54.4;54.4;53.85;54.15;1483216
54.15;54.15;53.25;53.65;1730818
53.95;53.95;53.4;53.45;1493484
53.85;54.25;53.5;54.1;1375238
54.35;54.6;53.85;54.1;1636704
54.1;54.15;53.7;53.75;1353450
53.755;54.14;53.5;53.75;1719488
53.9;54.435;53.65;54.095;1739082
54.31;54.4;53.625;53.77;1266194
54.04;54.75;53.85;54.5;1467306
54.85;54.85;53.9;54.13;1650660
54.45;55.355;54.16;55.275;3058196
55.005;55.235;53.03;53.2;4679940
51.55;52.9;50.465;52.335;7689952
52.33;52.7;50.255;51.335;5793024
51.5;51.75;50.54;50.845;3497022
50;50.985;49.78;50.71;4806696
51.245;52.625;51.005;52.49;4827218
52.965;52.965;51.91;52.6;2197508
53;53.2;52.7;53.14;1763850
53.005;53.36;52.455;53.225;2076590
53.34;53.55;52.505;52.725;1887868
52.875;53.245;52.29;52.5;2132332
51.6;52.445;51.425;51.825;3772340
52.325;53.75;52.23;53.69;4251470
53.35;53.855;52.775;53.645;2910294
54.1;55;54.075;54.945;3098734
55.07;59.85;54.845;57.895;6803246
58;58.95;56.7;57.245;4207436
57.525;58.18;57.165;57.735;3204356
57.505;57.945;56.935;57.735;2365438
57.645;58.4;57.435;57.845;2811708
58.22;58.35;57.32;57.55;2220020
57.765;58.495;56.83;57.265;1924002
57.5;57.97;57.3;57.61;2008808
57.55;58.375;57.55;58.01;1477376
58.01;58.205;57.75;58;1667770
58.2;58.965;58.015;58.91;1989482
59;59;57.905;58.375;2349002
58;59.125;57.97;59.005;2154318
59.12;59.12;58.165;58.46;2314888
58.5;58.815;58.035;58.23;1637808
58.405;58.5;57.075;57.71;2313736
57.9;58.2;57.085;57.245;2210082
57.665;57.73;57.02;57.41;2180186
57.195;58.22;57.095;57.925;2344148
57.925;57.945;57.11;57.56;2767548
57.755;59.135;56.745;58.835;6432134
59.19;60.125;58.41;59.975;4664466
59.855;60.29;59.145;60.15;2993966
59.85;60.325;58.83;59.17;2648334
59.165;60.09;59.155;59.7;2225734
59.83;60.25;58.375;58.6;2818120
58.335;59.2;58.185;58.71;3329724
58.855;59.475;58.68;59.275;2548588
59.475;59.9;59.3;59.525;2672058
60.3;60.97;59.465;60.425;2644816
60.5;62;60.405;61.7;3178292
62;62.375;61.735;62.365;1778438
62.365;62.415;60.86;61.19;2429038
61.75;62.185;60.905;61.265;1409026
61.75;61.9;60.1;60.1;2398374
59.21;59.86;58.625;59.505;3613150
59.005;59.205;58.02;58.405;2591590
58.625;59.725;58.505;59.555;2663698
59.895;59.965;58.69;59.025;2369956
59.8;59.8;58.95;59.04;1314613
59.39;60.54;59.23;60.23;3206894
60.53;60.9;59.58;59.86;1566267
60.24;60.24;59.8;59.95;1420418
60.1;60.2;59.03;59.15;2280180
59.02;59.45;58.2;58.35;2263988
58.1;58.34;57.51;57.6;1880328
57.7;58.05;57.13;57.5;769029
57.73;57.73;56.88;56.99;2363195
56.7;57.52;56.21;57.34;2843899
57.88;59.19;57.7;58.8;3422647
59.3;60.01;58.83;60.01;2888606
60.01;60.82;58.63;58.9;2196168
59.15;59.65;58.01;58.15;2139868
58.17;58.6;56;56.1;3077916
56.1;56.34;54.7;54.8;4351856
54.2;55.05;53.89;54.36;3420510
55.15;55.63;54.56;54.82;2558700
54.86;54.86;53.17;53.4;3896631
53.22;54.86;52.5;54.67;5599091
55.63;56.38;55.5;56.29;4542644
56.5;57.37;56.33;56.9;4868853
57.52;57.62;56.36;56.8;3449336
56.79;57.07;55.74;56;5982913
55.9;56.73;55.77;56.14;2567102
55.49;56.3;54.94;55.46;3539916
55.6;55.7;54.85;55;1847079
54.68;55.1;53.9;54.77;2399405
54.59;54.89;53.81;53.99;2825373
53.69;54.48;53.15;54.39;2770365
54.93;55.38;54.54;55.03;2350626
55.47;55.6;54.61;55.48;1772603
55.49;55.55;54.32;54.41;1819963
54.9;55.08;54.05;54.22;3030403
54.4;55.03;54.38;54.87;1506883
55.33;55.47;54.32;54.41;1799091
54.51;54.87;54.21;54.79;1328543
55.21;55.25;54.1;54.22;1638403
54.42;55.56;53.66;54.44;3086723
54.15;56.3;54.1;55.48;4267670
55.92;57.96;55.8;57.7;4394319
58.35;58.43;56.96;57.3;2307555
57.65;57.65;56.96;57.35;1186572
57.4;57.5;56.5;56.92;1496904
56.5;56.99;56;56;1858875
56.77;57.48;56.62;57.19;2204459
57.02;57.67;55.66;55.77;2689634
55.68;56.39;55.66;56.35;1658466
56.36;56.43;55.3;55.46;2188650
55.45;55.89;55;55.33;2316795
55.72;55.74;52.3;52.6;4518384
52.12;53.42;52;52.86;2998549
52.9;53.63;52.32;52.32;2575389
52.99;53.36;52.45;53.08;2919390
52.39;52.66;51.42;51.8;3655975
52.7;53.15;51.6;51.88;3343754
52.56;52.56;51.02;51.14;2034611
50.94;50.94;50.1;50.2;3098125
51.17;51.18;50.31;50.55;2686925
51.23;51.23;50.25;50.87;3438549
51.06;51.14;49.76;49.83;4137882
49.26;49.55;48.78;48.99;4119473
49.22;50.19;48.9;50;3361600
49.77;50.43;49.31;49.53;3286747
49;49.34;48.8;48.89;2728361
47.57;48.28;46.58;46.7;4783797
46.5;48.9;45.65;47.65;5247408
48.3;48.5;47.6;47.84;2507171
48;48.19;47.05;47.93;2539761
48.28;51.04;48.13;51;4727037
51.89;52.54;51.12;51.63;4170012
51.53;51.95;51.3;51.54;1739025
52.09;52.19;50.92;51.87;2208343
51.6;51.75;50.31;50.32;2841461
50;50.92;49.76;50.75;2364568
51.65;51.65;50.21;50.94;2253004
51.38;52.37;51.3;52.24;3008087
52.57;53.4;52.4;53.25;2172334
53.29;53.79;52.74;53.38;2558105
53.55;54.13;51.89;52.44;5499334
52.72;53.38;51.85;52.24;2937302
52.2;52.5;50.21;50.27;2694968
50.15;50.23;48.72;49.69;4707497
50.46;50.55;49.48;50.05;2213280
49.81;50.26;49.6;50.03;2446522
49.95;51;49.61;50.36;3695127
50.16;50.16;48.1;49.09;5394038
49.36;49.36;48.11;48.35;2511841
48.3;50.57;48.13;50.54;3514228
52.53;52.6;51.06;52.6;4259168
52.71;53.54;52.39;53.19;4864287
53.19;54.6;53.1;54.18;14270761
54.18;55.39;54.18;55.03;4680051
54.8;54.9;53.15;53.72;4970535
53.99;54.44;53.86;54.38;2406675
54.5;55.25;54.35;55.09;3085424
55.17;55.4;54.35;54.79;1960123
54.8;55.78;54.35;55.76;2300861
56;56.99;55.85;56.25;2937270
56.41;56.5;55.6;56.25;2380005
55.94;56;54.94;55.14;2783580
55.02;55.45;54.33;54.87;2340666
55.06;55.06;54.04;54.3;1775455
54.5;54.5;53.84;54.06;2097025
54.11;54.85;53.83;54.08;1821017
54.15;55.12;53.96;54.97;1812724
54.35;54.35;52.91;53.56;3221190
53.56;53.9;53.06;53.18;1519842
53;53.27;52.35;52.68;2104539
52.57;52.88;51.7;52.46;3258592
52.64;52.82;51.99;52.5;1934329
52.52;53.39;52.45;52.87;2887000
51.8;52.17;51.31;51.54;2659492
51.94;53.22;51.6;52.83;2335755
52.98;54.14;52.5;53.1;2365887
53.27;53.78;53.1;53.71;1708818
53.8;53.8;52.63;53.3;1940504
53.55;54.49;53.09;54.4;2743943
55.9;57.16;55.05;57.16;7577206
56.96;57;55.98;56.62;2486587
56.9;57.63;56.18;56.47;2588276
55.77;57.59;55.58;57.48;2311947
56.98;57.29;56.3;57.15;2118252
57.35;57.35;56.5;56.82;1315873
57.77;58.24;56.06;56.59;3079005
55.68;56.49;55.23;55.83;2269660
55.75;56;54.16;54.89;2520754
54.26;54.6;53.69;54.24;1756346
53.88;54.21;53.13;54.02;1802680
54.9;55.19;54.27;55;2244011
54.94;55.24;54.03;54.47;2063625
54.01;55.29;54.01;55;2125631
54.76;55.75;53.48;53.67;1854401
53.7;55.21;52.82;55.17;2827107
54.07;54.27;52.72;53;2799935
53.11;53.6;52.4;53.41;1648822
53;54.4;53;54.3;1738124
54.54;54.99;53.5;53.58;1975677
53.5;53.88;52.63;53.15;2459052
53.35;53.61;51.83;53.29;3627887
53.78;54.3;52.65;52.98;3094872
53.1;55.1;53.05;54.47;4268336
54.7;55.35;54.12;54.93;2068913
55.1;55.3;53.45;53.6;2196760
54.11;55.5;54.02;55.5;2314936
55.65;55.8;53.95;54.09;3028751
54.2;55.04;53.97;54.8;2642017
54.61;55.48;54.4;55.33;1759333
55.5;55.8;55.1;55.71;1794271
54.96;56.65;54.57;56.65;2817089
55.76;55.79;54.02;54.02;3402026
54.57;55.07;54.13;54.83;2108137
53.85;53.88;52.82;52.95;2314232
52.96;53.77;52.54;52.66;2108191
52.95;52.95;51.01;51.05;3581317
51.5;51.63;47.11;49.56;9317750
50.4;51.02;49.33;50.35;5516897
50.41;50.7;50.1;50.45;673416
51.32;51.4;50.8;51.17;1472458
50.95;51.41;50.4;50.89;1261078
50.78;50.82;50.4;50.65;384395
50.79;50.8;48.5;48.5;3079637
48.65;48.83;46.15;46.5;7513770
47.2;47.87;44.07;45.43;7097356
45.45;45.64;42.72;42.72;6679476
43.5;45.47;42.87;44.82;6430089
44.7;46.48;44.36;44.6;4996882
45.26;46.34;44.85;46.27;4900782
46.56;47.5;45.73;46.39;4200914
46.58;47.7;46.03;47.28;2831324
47.34;47.35;45.51;45.74;3499027
45.01;47.18;44.9;46.98;4212261
47.13;47.29;45.45;45.5;3220544
44.86;46.35;44.5;44.83;4231132
44;44.1;41.05;41.79;6591781
40.1;45.67;39.6;44.59;7845827
45.91;45.91;41.95;42.79;5281439
44.95;45.64;44.12;45.64;4027199
46.06;46.35;44.1;44.28;3454721
43.45;44.71;42.8;44.38;2663454
45.2;45.21;44.2;45.15;1859358
45.5;47;44.85;45.43;3592149
45.43;45.94;44.25;45.42;2936626
47.27;48.06;46.88;48;6113548
48.49;48.92;47.61;47.94;2686171
47.98;47.99;45.72;45.72;3093007
45;46.73;45;45.62;2977390
45.2;45.57;43.96;44.26;2725685
44.57;45.65;43.81;44.59;2125893
44.3;44.69;43.12;43.51;2994442
44;45.56;42.81;45.39;3335300
44.8;45.34;44.01;44.41;3260581
45.33;46.06;45.18;45.48;3308032
45.59;45.8;44.11;44.34;2652510
44.78;45.7;44.78;45.64;1697205
45.5;46.2;44.78;45.8;2128439
45.2;45.25;44.33;44.88;2076828
45.38;45.96;44.6;45.54;2227062
45;45.58;44.68;45.01;1402004
45.35;46.53;45.33;46.36;2205367
46.97;47.47;46.2;46.84;2294628
47.1;47.4;45.81;47.3;2315142
47.4;47.44;45.82;46.21;3324067
45.91;46.57;45.69;45.96;3326785
45.05;46;44.76;45.95;2367978
46.16;46.27;44.55;44.77;2696288
45.38;45.72;45.2;45.61;2257597
45.63;45.63;44.11;44.25;2099597
43.91;44.46;43.39;43.94;2631859
43.91;43.98;42.8;43.16;2462677
43.39;44.26;42.74;44;2725528
44.93;44.93;44;44.29;1927117
43.46;43.56;42.66;43.35;2552103
43.2;44.5;42.8;43.51;2618857
42.2;42.96;41.94;41.94;3850036
42.8;43.85;42.05;43.85;3205163
44.32;44.7;43.15;43.67;2663466
43.31;44.25;42.83;43.37;2901148
44.86;45.19;44.37;45.01;2374192
45;45.4;44.55;45.39;2633686
45.39;45.9;45.17;45.85;1884662
45.85;46.09;45.48;45.82;1600469
45.49;46.19;44.81;45.79;2309135
45.76;47.17;45.65;47.09;2833654
47.49;47.95;46.72;47.66;2289129
47.93;48.02;47.18;47.96;2009122
48.08;48.09;47.4;47.93;1542000
48.1;48.44;47.7;48.3;2151520
48.15;48.15;46.76;47.26;2236985
47.24;47.33;46.73;46.8;1982076
46.94;46.94;45.64;46.62;2591981
46.99;47.3;45.55;45.98;2045943
45.45;45.98;44.82;45.49;1948890
45.69;46.15;45.01;45.52;1904616
46;46.88;45.8;46.82;2000141
47;47.55;46.91;47.32;1983021
47.5;48.87;47.49;48.62;2923281
48.63;48.69;47.53;47.86;1941001
47.78;47.98;46.85;46.94;1711424
47.24;48.39;46.93;48.28;2242351
48.17;48.45;47.13;47.66;1929571
48.05;49.03;47.83;48.73;2102056
48.73;49.43;48.6;48.71;1153208
48.42;48.43;47.25;47.38;2261244
47.47;47.65;46.59;47.43;2109321
48.14;48.45;47.67;48.01;2095872
47.86;48.41;47.58;48.05;986385
47.86;48.2;46.94;47.35;1838578
47.96;48.48;47.93;48;2213185
47.87;48.67;47.62;48.15;1256969
47.99;48;46.86;47.42;2131702
47.6;48;47.37;47.76;906679
48.2;48.45;47.28;48.05;1522020
49.14;49.64;48.57;49.4;3396843
49.4;50.29;49.01;50.27;2859379
50.52;51.15;50.04;50.2;2322053
50.69;50.78;49.75;50.7;1681033
50.37;50.57;49.71;49.99;1846421
50;50.17;49.11;49.74;1946548
49.02;49.82;48.55;49.55;1915585
48.64;48.98;47.54;47.54;2323372
47.54;47.7;47.2;47.54;1022737
47.7;47.7;46.77;47.28;1633285
47.4;48.49;47.21;48.16;1940596
48.45;48.45;47.38;47.85;1580176
48.19;48.43;48;48.43;2080798
48.24;48.3;46;46.95;3732741
46.94;47.29;46.72;47.21;1415606
47.32;47.32;45.82;46.39;2729572
46.72;46.85;45.52;45.81;2311529
45.81;46.74;44.85;44.94;3439747
44.55;44.93;44.29;44.6;1977868
44.17;44.37;42.85;43.01;4477610
43.25;43.79;42.31;42.31;3163365
43;43.07;42.21;42.88;2286609
43;43.4;42.21;43.12;1849295
43.6;43.61;42.32;42.69;1596323
42.78;42.9;41.67;41.76;3190874
41.71;41.76;40.3;40.8;5889520
40.61;41.54;40.34;41.25;3802015
41.54;41.6;39.99;40.49;3839902
40.29;40.93;40.13;40.4;1939898
40.28;40.71;38.55;39.15;3977991
39.15;40.95;39.06;40.8;3403749
40.45;40.77;38.94;39.08;2815994
39.05;39.59;38.5;38.85;3170638
38.74;39.14;37.7;39;3943954
38.8;38.8;36.87;37.7;4074976
37.66;37.87;36.52;36.61;3695084
36.39;38.11;35.89;37.78;3456768
37.9;38;36.92;37.13;1565697
37.5;38.36;37;38.24;2141390
37.36;37.37;36.22;36.7;3685669
37.44;37.51;36.85;37.1;3002924
36.52;36.89;35.85;36.25;2996077
36.25;36.32;34;34.05;4861496
34.6;35.41;34.59;34.79;2311347
34.49;34.6;33.05;33.67;4087775
33.76;34.72;33.13;34.62;3049656
35.18;37.12;35.09;36.6;5532655
36.26;37.46;36.07;37.03;3925291
37.22;37.27;36.35;37.03;2104078
36.74;37.48;35.94;37.33;1650342
38.08;38.12;36.98;37.32;2655262
37.28;37.6;36.31;36.86;2391457
36.22;37.78;36.15;37.42;2327860
37.42;37.46;36.62;36.78;1721306
36.5;36.55;35.5;36.43;3117605
36.79;36.79;35.9;36.29;2564208
36.4;36.8;35.93;36.5;1799481
36.19;37.34;35.9;36.09;2767641
36.31;36.45;35.27;35.43;2055070
35.66;37.09;35.55;36.79;3100142
36.92;38.19;36.89;37.84;3085271
37.46;38.57;37.24;37.84;2555526
37.71;39.1;37.5;39.05;2913006
39.08;39.64;38.96;39.58;1315469
39.3;39.7;38.75;39.14;1949747
39.03;39.04;37.82;38.13;1715956
38.3;38.59;37.28;37.79;1435944
38.1;38.77;37.75;38.3;1206640
38.11;38.87;37.58;38.43;1040754
38.43;38.43;36.74;36.9;1826827
37;37.27;36.42;36.91;1196842
36.63;36.63;35.79;35.87;1872816
36.2;37.23;36;37.05;1652587
37.05;37.05;36.29;36.49;1055775
36.25;36.93;35.64;36.68;1259269
37.02;37.78;36.61;37.57;2185826
37.1;38.07;36.7;37.75;1975463
37.74;38.88;37.28;38.85;2753221
38.85;38.85;37.9;38.42;1693935
38.52;39.89;38.21;39.8;2720938
39.6;39.69;38.7;38.7;2160591
38.8;38.85;37;37;2784219
36.51;36.75;35.5;35.75;3287259
37.25;39.06;37.01;37.32;2960725
37.3;38;36.09;36.15;3528237
36.2;36.73;35.55;36.25;2051758
36.12;36.37;34.86;35.73;3222944
36.44;36.75;36.08;36.75;2403336
35.51;35.71;33.88;34.21;6345139
33.67;34.79;33.33;33.67;3832823
34.25;34.4;32.55;32.58;4015375
32.5;32.94;31.21;31.55;4064313
34.67;34.95;33.5;34.67;8208473
34.73;35.4;34.21;34.21;2878307
34.1;34.1;32.9;33.41;2858135
33.89;33.97;32.85;33.57;2340265
33.6;35.25;33.57;35.1;3155281
34.39;34.8;33.6;33.79;2840782
33.85;34.19;31.64;31.94;3690700
30.99;33.67;30.52;32.98;5183524
33.45;33.45;32.01;32.5;2483256
32.51;33.06;31.5;31.6;2472711
31.66;32.63;30.43;32.51;3076324
30.8;31.1;28.4;28.65;4931208
29.63;30.15;28.88;29.48;5459587
27.99;30.78;25.86;27.75;5755597
28.49;30.17;27.17;27.91;4298735
25.3;27.45;24.27;25.54;8501245
27.6;30.17;26.68;30.17;6097417
31.5;32.45;30.5;31.6;6250373
31.6;31.61;27.43;27.67;5806941
25.9;27.45;24.66;25.11;7392083
26.51;26.73;23.5;24.02;9496983
25.47;26.1;24.6;26.04;4219442
26.54;27.25;26.11;26.95;3285161
26.1;26.92;24.85;24.95;3459611
24.98;25.81;23.55;24.86;4684817
24.39;24.39;22.02;23.87;4813719
22.66;23.71;22;22.74;3378252
23.32;23.89;21.7;23.02;4696709
24.85;26.86;24.71;26.86;5304483
27.42;28.3;26.61;27.63;3632735
27.35;28;26.45;27.99;3149172
28.8;28.82;27.77;28.25;1961628
28.23;29.63;28;29.5;3779820
29.55;30.12;28.6;29.86;2765327
28.9;29.8;27.07;27.24;3097895
27.46;28.71;26.6;28.12;2183586
29.07;30.42;29.01;29.54;3294009
28.95;30.07;27.57;27.63;2177580
28.68;29.19;27.01;27.13;2710886
26.94;28.04;26.65;27.66;1983911
29.24;29.97;28.44;28.8;3252658
28.67;28.67;27.04;27.4;4122356
27.7;27.89;26.03;27;3114084
27.25;27.57;26.25;26.35;2611052
25.5;26.63;25;25.7;3698985
26.16;27.45;24.9;25.47;3554017
26.35;29.36;26.06;29.2;4256822
28.92;30.88;28.46;30.8;5480185
30.1;30.95;29.16;30.19;3280638
30.56;31.61;30.56;31.5;2480218
31.3;31.8;30.37;31.58;2083522
31.6;31.8;28.82;28.89;3376564
28.3;29.96;27.78;29.46;4271858
29.5;29.58;28.28;29.34;2608071
29.3;30.83;29;29.35;3149643
29.1;29.33;27.66;27.81;3308519
30.47;30.77;29.33;30.77;3794205
30.27;31.09;29.8;30.78;4876438
30.84;31.37;30.4;30.9;2634404
30.71;31.27;30.08;30.75;2343675
29.61;29.98;28.7;29.41;3048450
29.7;29.99;29.24;29.67;2695971
29.89;30.4;29.37;29.65;2868486
30.39;30.42;29.46;30.4;3357589
29.3;29.98;27.98;29.98;6511110
29.2;30.16;29.2;29.48;3694076
29.48;29.85;28.95;29.06;2017089
29.03;29.74;28.82;28.86;1549297
28.86;29;28.54;28.85;561411
28.96;29.2;28.32;28.63;1351269
28.9;29.86;28.83;29.86;1329751
30;30;29.7;30;439592
30;30.92;29.73;30.92;1201664
31.07;31.23;30.53;31.1;1136266
31.25;31.97;30.74;31.66;2095490
31.75;31.81;31;31.37;1914939
31;31.35;30.32;31.07;1516154
31.05;31.68;30.51;30.87;1539250
30.61;30.99;30.08;30.31;1360993
30.26;30.3;28.98;29.44;2386326
29.74;29.84;27.69;27.96;2527738
28.12;28.65;27.11;27.83;3042839
28.3;29.64;28.3;28.79;3073789
29.44;29.57;27.97;28.49;1664259
28.59;29.06;27.6;27.86;2114693
27.5;28.29;27.06;27.79;3273877
28.15;28.71;27.52;27.87;2631624
27.86;27.98;26.4;27.05;3400721
26.8;27.95;26.7;27.58;3232774
27.79;27.79;26.21;26.85;4019203
27.37;28.08;27.22;27.89;2619330
27.69;28.12;27.38;27.55;2940944
27.48;27.68;26.53;26.84;2949567
26.505;26.93;25.775;26.58;1917480
26.75;27.23;26.05;26.485;2532549
26.87;28.54;26.16;27.945;3983963
27.45;28.3;27.145;28.24;1838652
28.47;29.95;28.4;29.88;3525558
30;30.76;29.61;30.525;3264898
30.36;30.4;28.88;28.94;2890654
28.83;29.475;28.44;29.325;1789666
29.09;29.11;28;28.51;2153257
29;29.45;28.735;29.255;2073659
29.07;29.235;28.74;28.805;1105195
28.565;28.565;27.18;27.65;2911055
27.91;27.96;27.03;27.685;1801598
27.925;28.45;27.33;28.09;1998319
27.395;27.84;26.14;26.14;4227590
27.445;27.55;25.835;25.94;1957114
25.705;26.5;25.06;26.16;2902468
26.995;26.995;25.25;25.635;2165864
26;26.975;25.91;26.67;2875839
26.2;26.4;25.305;25.745;3167121
25.23;25.46;24.6;24.69;2824405
24.7;25.49;24.6;24.86;3084987
25.96;27.81;25.825;27.755;7175662
27.75;27.75;26.69;26.69;3896723
26.44;27.19;26.24;26.29;2931302
26.7;26.7;25.255;25.54;3167782
25.6;27.565;25.4;27.33;4287152
27.225;28.875;26.855;28.39;4004131
27.915;28.555;27.06;28.47;2423186
28.89;29.09;27.925;28.07;2755939
28.9;29.29;28.29;28.935;2255597
29.43;29.5;28.2;28.8;2763940
29.15;29.445;27.9;28.62;2268159
28.92;29.29;27.88;28.11;2997509
27.895;28.89;27.7;28.89;3560910
28.95;29.475;28.6;29.3;3074026
29.8;29.95;28.675;29.18;3039019
29.03;29.665;28.59;29.32;1889061
29.505;29.59;28.81;29.09;1696306
29.2;29.29;28.17;28.325;2189796
27.95;27.95;27;27.1;2180909
27.205;28.07;27.205;27.955;2012658
27.9;29.07;27.305;28.87;2371205
29.27;30.945;29.215;30.89;4696503
30.625;31.18;30.19;30.62;2350247
31;31.275;29.55;29.85;2773177
29.905;30.19;29;29.37;2126680
29;30.26;28.85;30.015;2161839
30.48;31.29;30.215;31.09;2597159
31.3;32.285;30.6;31.72;2740423
31.005;31.815;30.9;31.215;2032381
31.35;31.945;30.95;31.685;2286052
31.61;32.55;31.415;32.49;3068102
32;32;30.75;30.765;2750463
30.5;31.25;30.07;30.82;2456255
30.36;32.745;30.34;32.645;4106955
32.03;33.39;32.005;32.895;2517393
32.62;33.935;32.62;33.82;2948168
32.63;34.015;32.6;34.015;2089128
32.98;33.77;32.425;33.2;2576579
33;34;32.9;33.835;1985957
33.67;34.61;33.67;34.2;3069183
34.05;35.415;34.05;35.24;1778470
34.86;35.49;34.605;34.94;2614704
34.29;35.925;34.29;35.59;2450755
35.55;36.395;34.685;34.78;3333730
34.35;35.685;34.3;35.085;2068451
34.8;35.4;33.385;33.73;3306006
33.6;34.645;33.455;34;2740132
34.01;34.66;32.73;33.01;3088897
33.175;33.68;32.73;33.41;2148603
33.62;34.4;33.36;34.02;2312584
33.845;34.92;33.325;34.835;1913278
35;35.93;34.92;35.93;2775863
35.66;36.255;35.17;36.255;2045252
35.665;35.665;34.8;34.86;2041673
34.14;34.625;33.7;34.3;2076229
34.3;34.62;33.4;34.31;1028690
34.26;34.48;33.275;34.415;2158672
34.65;34.99;34.5;34.75;1979506
34.38;34.83;33.68;34.16;1976822
34.615;34.85;33.84;33.875;1800779
34.89;35.78;34.55;35.635;1952619
35.295;36.19;35;35.645;2853621
35.665;35.765;33.85;34.005;3025220
34.18;34.35;33.5;33.675;2271870
33.8;34.65;33.65;33.66;3210397
33.66;33.82;33.005;33.195;2134459
33.155;33.88;33.15;33.295;1929297
33.895;34.045;33.42;33.64;1704371
33.45;33.85;33.19;33.78;1512247
33.6;33.71;33.05;33.135;1640017
33.14;33.14;32;32.2;2389737
32.36;32.625;31.915;32.34;1359095
32.405;32.47;30.96;31.225;2847227
31.495;31.82;30.88;31.64;1484486
31.8;32.39;31.63;32.07;3645324
32.2;32.24;30.91;30.955;1777710
30.95;31.195;30.52;30.69;2096572
30.88;31.99;30.365;31.9;2060234
31.92;32;31.025;31.94;1628755
32.155;32.58;31.93;32.12;1622249
31.96;32.965;31.85;32.865;1506840
32.925;33;31.79;31.985;1777320
32.145;33.065;32;32.95;1491894
32.6;32.8;31.34;31.34;2667122
31.575;31.755;31.15;31.46;1046969
31.15;31.285;30.62;31.1;1485912
31.135;31.62;30.705;30.85;1516961
30.79;31.215;30.6;30.65;1465374
30.82;31.57;30.82;30.98;1057797
30.83;30.935;30.11;30.22;1920596
30.22;31.385;30.005;31.32;1336040
31.525;31.92;31.1;31.79;1241747
32;32.54;31.71;32.54;2180258
32.4;32.86;32.115;32.61;1801447
32.88;33.17;32.535;33.05;2019582
33.4;33.5;33.055;33.475;1456043
33.5;34.14;33.315;33.95;1626168
34.1;34.145;33.38;34;1391580
34.195;34.675;33.61;34.555;1772707
34.495;34.985;34.215;34.62;1436123
34.97;34.97;34.025;34.385;1901579
34.54;34.89;33.685;33.785;1819295
33.67;34.59;33.64;34.37;1813070
34.715;35.4;34.165;35.3;1904656
35.34;35.84;34.78;35.71;2415061
35.715;36.59;35.4;36.36;2391127
36.4;36.49;35.655;36.395;1983760
36.43;36.74;35.765;36.27;2007993
36.6;36.75;35.92;36.305;1887404
36.07;36.595;35.25;36.335;1527404
36.15;36.2;35.65;35.965;1684427
35.965;36.45;35.585;35.755;1502488
35.755;35.91;35.22;35.91;1431606
35.925;36.88;35.71;36.185;1809854
36;36.7;35.375;35.74;1493353
35.625;35.655;34.205;34.9;1848864
35;35.6;34.955;35.585;1178372
35.31;35.39;34.555;34.81;2030964
35.22;35.955;35.21;35.955;1499370
35.99;37.15;35.805;36.885;2611510
37;37.865;36.92;37.76;1885562
37.5;38.335;37.235;38.19;1941488
38.18;38.205;37.32;37.57;1672213
37.64;37.705;36.79;37.085;1261458
37.835;38.345;37.495;37.9;2203613
37.92;37.99;37.35;37.425;1112768
38.9;38.9;37.1;37.2;3182686
37.15;37.38;36.1;36.78;2573558
37;37.375;36.655;37.16;1968112
37.14;37.745;37;37.605;1662778
38.2;38.82;37.985;38.515;2000854
38.7;38.85;38.36;38.65;1638674
38.65;39.37;38.65;39.37;1930582
39.4;39.545;38.73;39.195;1622888
39.35;39.64;39.205;39.4;1852692
39.2;39.695;38.8;39.63;1674382
39.875;39.9;39.24;39.515;1548973
39.9;40.45;39.595;40.11;2634988
40.47;40.5;40.12;40.34;1678334
40.34;40.395;39.84;40.135;4355836
40.33;40.38;39.83;40.03;1636839
40.03;40.42;39.61;39.73;2107176
39.7;39.945;39.145;39.455;2055222
39.15;39.545;38.37;38.5;2330484
38.41;38.56;37.89;38.12;1834081
38.23;39.5;37.515;39.45;1907937
39.5;39.56;38.715;38.9;1558720
39.08;39.19;38.105;38.66;1668258
38.71;38.97;37.5;37.645;1751989
37.395;37.475;36.635;36.9;2151056
37.215;37.82;37;37.62;1551404
37.89;38.68;37.56;38.68;2268588
38.785;39.1;38.485;38.5;1349466
39.2;39.36;38.83;39.245;2240456
39.25;39.585;39.035;39.245;1460032
39.54;39.89;39.39;39.655;1174413
39.7;39.72;38.74;39.065;1934456
39.105;39.7;38.96;39.5;2247412
39.505;39.52;39.01;39.2;2033348
39.4;39.69;38.415;38.675;2119992
39.025;39.58;38.9;39.445;1512523
39.68;39.7;38.8;38.9;1499119
39;39.165;38;38.985;1606319
38.5;38.55;38;38.3;1878813
38.9;39.115;37.8;37.89;2111678
38.145;38.365;37.155;37.285;1709097
37.46;37.515;36.835;37.235;1640520
37.005;37.14;35.9;36.14;2392412
36.05;37.17;35.785;36.975;1963569
37.01;37.115;35.525;35.63;2818558
35.65;36.34;35.42;35.95;1843570
35.7;35.83;34.85;35.54;1920629
35.73;36.685;35.635;36.48;1684500
36.17;37.545;35.9;37.195;1398026
37.44;38.18;37.265;37.815;2379859
38.3;38.52;37.79;38.505;1779930
38.6;38.81;38.25;38.545;1196554
38.87;39.06;38.33;38.47;1170281
38.31;38.43;37.785;38.07;1786079
38.225;38.66;38.085;38.555;1951088
38.975;39.49;38.865;39.49;1780173
39.5;39.5;38.875;38.96;1258489
39.02;39.4;38.63;38.9;1291241
38.865;38.925;37.61;37.775;1877143
38;38.245;37.44;37.915;2451207
38.18;38.87;38.125;38.69;1437952
38.345;38.74;38.03;38.16;1210005
38.25;38.7;38.07;38.465;1146815
38.205;38.3;36.905;36.98;2260612
36.37;37.785;36.085;37.45;1677905
37.5;37.585;36.765;36.825;2055799
37.235;38.64;37.2;38.64;2286342
38.5;38.835;38.37;38.615;1511393
38.91;39.45;38.64;38.785;1761936
38.635;39.78;38.23;39.27;1964601
39.32;39.655;38.96;39.51;1122912
39.25;39.495;38.41;38.665;1539421
38.5;38.865;38;38.505;1442324
38.675;39.41;38.485;39.145;1495829
39.025;39.68;39.025;39.285;1791047
39.1;39.75;39.1;39.515;2045302
39.705;39.85;39.1;39.615;1478724
39.51;40;39.42;40;1658803
39.6;39.76;39.06;39.35;1866297
39.43;39.8;38.53;38.59;2767091
38.7;39.64;38.605;39.625;1629094
39.63;39.93;39.355;39.7;1279980
39.955;40.155;39.605;39.805;2015866
39.45;39.9;39.45;39.86;266491
39.925;40.065;39.745;39.86;865778
39.79;40.065;39.7;39.9;1162873
39.75;39.9;39.43;39.72;567439
39.885;39.9;39.47;39.47;301143
39.67;39.975;39.575;39.975;1881645
39.92;40.345;39.73;40.28;1404291
40.3;40.835;40.01;40.835;1609366
40.8;41;40.155;40.85;1358428
41.1;41.595;41;41.43;2178841
41.625;42.2;41.12;41.2;2337242
41.06;41.26;40.27;40.56;1707080
40.6;41.265;40.585;40.96;1391159
41.49;41.835;41.205;41.47;1787713
41.685;41.87;40.83;40.94;1937102
41.095;41.39;40.9;40.975;1002097
40.97;41.765;40.46;41.54;1605506
41.56;41.56;40.335;40.59;1566922
41.07;41.185;40.065;40.07;1881630
39.97;40.26;39.06;39.37;2177677
39.25;39.675;39.05;39.24;1654928
39;39.42;38.58;39.355;1836761
39.05;39.23;38.5;38.73;1612714
39.4;39.4;37.905;37.905;1767936
38.19;39.18;38.01;38.81;2051535
38.6;38.91;38.345;38.71;1667843
38.895;39.64;38.41;39.49;1590231
39.805;40.64;39.315;40.31;3156243
40.425;40.485;38.905;38.995;2523305
38.57;38.81;37.61;38.08;4642031
38.25;38.75;37.465;38.05;2197673
37.8;38.225;37.56;37.99;2270064
38.36;38.655;37.92;38.19;2047413
38.125;38.55;37.32;37.7;2008680
38.025;38.15;36.82;37.295;2295490
37.575;37.8;37.04;37.215;1062879
37.52;37.875;36.96;37.74;1652473
38.27;38.95;38.13;38.63;2004637
38.625;38.905;38.33;38.765;1428166
38.55;38.99;38.25;38.905;1374827
39.15;39.165;38.57;38.7;1348300
38.915;39.12;38.15;38.31;1525381
38.495;38.5;37.78;38.28;1310878
38.075;38.35;37.43;37.76;2363682
38.12;38.535;37.88;38.45;2665392
39.03;39.73;38.825;39.62;2278949
39.695;39.995;39.11;39.93;1722295
39.73;40.22;39.37;40.165;1421607
41.08;41.54;40.795;41.22;4886559
41.495;41.97;41.025;41.9;2662346
42;42;41.585;41.585;1780517
41.615;41.79;41.02;41.515;2353703
41.62;42.04;41.355;42;1796846
41.8;42.3;41.79;42.235;1811937
42.35;42.9;42.265;42.55;2585107
42.575;42.865;42.4;42.45;1525315
42.815;43.19;42.625;42.955;1702130
43.09;43.835;43.02;43.5;2573296
43.2;43.78;42.98;43.09;1931432
43.2;43.335;42.465;42.75;3589201
42.685;42.855;42.075;42.825;1529399
42.94;43.545;42.9;43.525;1689633
43.5;43.58;42.63;43.28;1955819
43.42;43.785;43.055;43.61;1416655
43.445;43.79;43.28;43.48;1397676
43.6;43.75;43.135;43.48;1391022
44;44.335;43.725;43.8;2870429
43.995;44.3;43.335;43.635;2188028
44.045;44.56;43.975;44.42;2184991
44.7;44.9;44.055;44.56;2036339
44.55;44.645;44.15;44.255;1303849
44.12;44.19;43.15;43.795;1989124
44;44.785;44;44.785;1623075
44.92;44.975;44.295;44.61;1449205
44.2;44.4;43.86;43.93;1858817
44;44.765;44;44.6;2159922
44.75;44.765;44.22;44.53;1642685
44.225;44.95;43.47;43.63;3171381
43.27;44.095;43.2;43.72;2167857
43.72;44.34;43.5;44.22;2028294
44.055;44.39;43.985;44.015;2067909
43.79;44.025;42.915;43.105;2571385
43.14;43.83;43.06;43.49;2196584
43.7;44.31;43.7;43.99;2104451
43.905;43.98;42.04;42.04;2569404
41.83;42.16;40.525;41.5;3860747
41.8;42.36;41.12;42.1;2408191
41.88;42.31;41.5;42.125;3052699
42;42.25;41.305;41.97;1757944
41.9;42.24;40.125;40.29;4095665
40.1;40.195;38.705;39.425;5034300
38.65;39.865;37.73;38.145;5867449
36.98;38.23;35.85;36.565;8253394
38.75;40.13;38;40.13;8336949
39.66;40.1;38.98;39.935;3926566
39.665;40.71;39.4;40.28;3652551
40.75;40.79;39.43;39.98;2995514
38.95;38.99;36.855;36.97;4904947
36.755;37.355;36.19;36.49;2937034
37.595;37.74;36.935;37.32;3235258
36.585;36.915;35.885;36.06;3916711
36.305;36.73;34.765;35.52;5877981
35.255;35.84;34.22;35.345;5125454
35.81;35.985;34.925;35.895;3672541
34.6;34.84;33.89;34.26;4897373
35.02;35.645;34.7;35.215;6157901
35.8;37.1;35.44;37.06;5079672
37.5;37.5;36.52;36.79;3325264
36.89;37.155;36.59;36.895;916735
36.8;37.19;35.81;36.9;4746204
36.75;36.94;36.13;36.87;2317956
37.5;37.8;37.29;37.465;3298760
37.625;37.89;35.95;36.16;4366142
35.755;36.98;35.7;36.5;3639236
36.75;36.75;35.48;35.95;3273163
36.1;36.585;35.72;36.575;2566309
36.41;38;36.3;37.7;3640379
37.785;37.99;37.265;37.98;2681322
38.37;38.9;38.185;38.865;2491488
38.5;39.195;38.215;39.085;2211789
39.3;39.3;38.42;38.8;2344841
38.82;39.335;38.545;38.725;2441291
38.955;39.18;38.345;38.505;4280495
39.275;39.345;38.665;38.9;2377454
38.64;39.095;38.215;38.555;1812074
38.1;38.615;37.385;37.48;2456793
37.8;37.88;36.36;36.45;2708903
36.64;36.645;35.46;35.61;3167651
35.905;36.49;35.49;36.44;2761083
35.74;35.88;34.31;34.635;3981472
34.855;34.935;33.875;34.34;3065165
33.8;34.11;33.01;33.175;3540786
33.655;33.93;33.19;33.49;2445115
33.79;34.2;33.15;33.865;2769467
34.245;35.07;33.985;34.66;3630102
34.41;35.005;33.835;34.945;3428647
35.275;35.42;34.79;35.255;2361462
35.43;35.65;35.245;35.44;1741041
35.66;35.84;35.18;35.505;1148738
35.505;36.4;35.48;36.305;2262506
36.44;36.6;36.04;36.47;1712591
36.49;36.745;35.685;36.005;2407261
36.175;36.415;34.845;35.005;2788446
34.7;35.54;34.635;34.835;1681643
35.1;35.16;34.21;34.765;1898926
35.2;35.89;35.125;35.635;2916221
35.295;36.97;35.23;36.85;2805127
36.755;37.5;36.58;37.345;2595628
37.5;37.59;37;37.55;1705628
37.795;38;37.465;37.685;2557710
38;38.43;37.345;37.6;1870532
37.605;38.495;37.34;37.8;2150501
37.53;37.855;36.74;37.15;2577791
37.63;38.535;37.5;38.535;2063986
38.34;38.62;37.945;38.26;1450374
38.09;38.35;37.565;37.96;1932154
37.93;38.465;37.85;38.17;1440737
38.375;38.5;37.36;37.56;1438642
38.145;38.47;37.935;38.465;1293201
38.325;38.33;37.515;37.71;1422989
37.355;37.53;36.54;36.69;2060097
36.5;36.85;35.68;35.915;2712782
36.15;36.26;35.29;35.53;2526484
35.65;35.835;35;35.305;1851029
35.5;36.285;35.485;36.185;2082054
36.175;36.565;35.57;36.205;1757725
36.275;36.545;35.16;35.205;2430288
35.2;35.51;34.715;34.74;2604180
34.75;35.31;34.53;34.925;1312168
34.675;34.675;33.55;34.03;2624043
33.995;34.185;33.375;33.815;2006194
34.16;34.43;33.915;34.145;1612641
34.03;35.275;33.97;35.17;2899731
35.205;35.565;34.56;34.815;1325727
34.1;34.625;34.015;34.625;2507252
35.35;36.3;34.95;36.27;3717697
36.02;37.125;35.795;36.75;2582725
36.925;37.625;36.69;37.18;2366879
37.405;37.445;37.045;37.21;1088177
37.1;37.2;36.465;36.78;1827060
36.69;37.025;36.075;36.805;1943267
36.7;37.345;36.325;37.02;2124352
36.725;37.17;36.605;37.165;1783017
37.49;37.83;37.12;37.66;2035693
37.685;37.79;37.31;37.72;1278587
37.69;37.85;36.975;37.215;2288748
37.4;37.41;36.69;36.775;2140424
37.3;37.6;36.64;36.86;4975556
37;37.725;36.865;37.575;1529470
37.59;38.03;37.46;37.69;2071973
37.87;37.87;36.765;36.95;1965278
37.21;37.5;35.895;36.45;2607702
36.315;37.095;36.04;36.97;1763193
37.15;37.36;36.815;36.995;1241485
36.97;37.185;36.26;36.81;1648563
37.1;37.37;36.58;36.775;1468239
36.56;37.49;36.25;36.77;2314409
36.67;37.015;36.27;36.49;2136455
36.545;36.55;35.9;36.365;1625787
36.405;37.43;36.235;37.25;2128127
37.485;37.81;37.22;37.43;2077383
37.45;37.65;37.035;37.335;1457413
37.1;38.03;37.1;37.945;2385868
37.95;38.715;37.905;38.43;2297553
38.215;38.3;37.555;38.03;1910223
38.415;39.07;38.27;38.815;2208213
38.93;39.75;38.88;39.405;2948426
39.505;39.705;39.1;39.38;2425181
39.015;39.33;38.9;39.285;1358889
39.25;39.37;38.465;38.77;1930952
38.575;39.07;38.46;38.98;1019709
38.955;39.81;38.825;39.62;1699188
39.44;39.645;39.315;39.49;1008221
39.76;39.77;39.175;39.35;1214467
39.445;39.5;38.57;39.015;1831574
38.84;39.115;38.405;38.61;1348948
38.86;39.13;38.59;38.75;905524
38.73;38.85;38.17;38.38;1895368
38.72;38.92;38.11;38.435;1525424
38.42;38.87;38.28;38.72;1784060
38.765;39;38.1;38.22;1647505
38.505;39.69;38.5;39.345;2841120
39.25;39.765;39.01;39.475;2000864
39.49;39.64;39.065;39.55;1022501
39.475;40.1;39.36;39.79;1664518
40.195;40.68;39.785;39.865;3764406
40.055;40.12;39.45;39.81;2123270
39.2;39.785;38.7;39.585;2226378
39.385;40.455;39.12;40.195;2261499
40;40.01;39.195;39.255;2528085
39.19;39.98;39.02;39.725;1604134
40.11;40.55;40.065;40.475;2207640
40.565;40.595;40.02;40.525;1941660
40.79;40.94;39.95;40.1;2216100
39.8;40.15;39.33;39.37;2417818
39.52;39.96;39.17;39.7;1921364
39.74;39.82;39.235;39.65;1129387
39.365;39.47;38.71;39.175;2144282
39.43;39.865;38.26;38.265;2765483
38.27;38.385;36.98;37.3;5127593
37.5;37.885;36.98;37.75;3034728
38.025;38.375;37.065;38.24;3607986
38.33;39.235;38.26;38.73;3130858
38.725;38.965;38.275;38.68;1878865
38.745;39.9;38.72;39.48;2657467
39.305;39.94;39.065;39.64;1988961
39.95;40.13;39.56;40.08;1917646
40.18;40.49;40.075;40.28;2784349
40;40.67;39.95;40.405;2880316
40.4;40.5;40.04;40.375;1930866
40.2;40.545;39.95;40.43;2241222
40.395;40.55;40.02;40.48;1505328
40.65;40.79;40.39;40.545;2784768
40.4;41.125;40.365;40.6;1531719
40.73;41.19;40.73;40.96;1434741
40.92;41.115;40.785;40.985;1382825
41.04;41.17;40.39;40.7;1216598
40.4;40.735;40.08;40.58;198976
40.58;40.695;39.76;40.415;763051
40.6;40.705;40.44;40.575;742979
40.635;41.46;40.635;41.275;1108751
41.275;41.38;40.735;41.12;1143178
41.005;41.18;40.68;40.68;326759
40.94;41.75;40.84;41.72;1195735
41.6;41.98;41.3;41.425;1841794
41.31;41.41;40.385;40.875;2114630
40.9;41.19;40.215;40.385;1669018
40.275;40.625;39.77;39.995;2181880
39.985;39.985;39.37;39.64;2345952
39.785;40.34;39.585;40.305;1861961
40.31;40.91;40.19;40.805;1724799
40.825;41.24;40.59;41.205;2029675
41;41.88;40.89;41.595;2939538
41.605;41.83;40.835;41.075;1511108
41.48;41.855;41.205;41.715;2121212
41.885;41.885;41.165;41.25;2261221
41.295;42.46;41.23;42;2932160
42;42.745;41.64;42.48;2617779
42.505;43.29;42.2;43.12;2096977
43.4;43.495;42.865;43.025;2900234
43.4;43.6;42.98;43;2000521
42.88;43.35;42.75;43.135;1654324
43.2;43.375;42.4;42.5;2694663
42.365;42.67;41.185;42.285;2787321
42.485;42.64;42.15;42.415;2441774
42.585;42.69;41.955;42.37;2051823
42.165;42.47;41.91;42.375;1685531
42.48;42.67;42.37;42.665;1928302
42.695;43.26;42.695;43.115;1943876
42.88;43.775;42.805;43.775;2705387
43.61;44;43.46;43.775;1698035
43.715;43.965;43.42;43.93;1819069
43.79;44.08;43.055;43.83;1789515
44.2;44.22;43.845;44.05;1459394
43.85;44.085;43.73;43.955;1157973
43.955;44.2;43.865;43.99;1591040
44.155;44.29;43.855;43.965;1642535
44.18;44.615;44.055;44.615;2704779
44.54;44.575;43.66;43.74;1416662
43.245;43.3;42.27;42.72;2897165
42.55;42.7;41.985;42.09;2526056
41.91;42.54;41.8;42.36;1911080
42.69;43.125;42.27;42.955;1540991
42.96;43.795;42.855;43.62;1931890
43.85;44.095;42.92;43.11;1861569
42.8;44.025;42.51;43.605;2810974
43.94;44.5;43.44;44.275;2816501
44.28;44.68;43.47;43.565;2479942
43.35;44.335;43.1;43.645;2193843
43.69;44.055;43.285;43.705;1829227
43.685;44.25;43.51;43.625;2053276
43.24;43.56;42.96;43.27;2116520
42.89;43.2;42.775;43.035;1860981
42.865;43.14;42.235;42.465;2302823
41.595;41.815;40.305;41.305;5012192
41.42;41.5;40.22;40.255;3031587
40.315;41.49;40.26;41.3;3208980
41.445;41.76;41.105;41.34;3497007
42.03;42.41;41.72;42.41;1695588
42.43;42.74;42.015;42.21;1754048
41.935;42.455;41.92;42.455;1493754
42.35;43.325;42.1;43.29;1661122
43.52;43.52;43.035;43.155;1293648
43.005;43.415;42.855;43.135;1347409
43.19;43.52;42.9;43.52;1384026
43.8;44.23;43.705;44.035;1568098
44;44.375;43.93;44.095;1909700
44.105;44.97;44.035;44.96;2267319
44.74;45.035;44.64;44.715;1737847
44.62;44.9;44.515;44.835;1508490
44.83;44.98;44.25;44.335;1975616
44.27;44.44;43.77;43.82;1897373
44.08;44.45;44.08;44.45;1553265
44.22;44.45;43.47;43.645;1562696
43.3;43.585;42.65;42.795;2143779
42.89;43.69;42.79;43.33;1449179
43.02;43.195;42.515;42.795;1576847
42.76;42.95;42.53;42.795;1837528
42.835;42.845;41.505;41.76;1977581
41.95;42.205;41.42;41.85;1272432
42.295;43.32;42.205;43.315;1769179
43.435;43.68;43.195;43.485;1354679
43.375;43.775;43.15;43.775;1161124
43.845;44.43;43.655;44.165;1607540
44.5;44.76;44.205;44.76;1559427
44.99;45.43;44.665;45.1;2192392
45.39;45.48;44.865;44.865;1082141
44.805;45.06;44.52;44.84;2096484
44.735;45.07;43.875;44.19;1995128
44.325;44.515;43.625;43.895;1461064
44;44.65;43.715;44.595;1710381
44.45;44.65;43.745;43.925;1457597
43.935;44.835;43.805;44.71;1538915
44.89;45.23;44.6;44.905;1894873
44.455;44.6;43.86;44.08;2205451
44.36;44.53;43.745;43.86;1520731
43.6;43.82;43.31;43.765;1277684
43.465;43.69;42.85;42.98;1865685
43.365;43.575;43.055;43.31;1238629
43.575;44.115;43.4;44.04;1656651
44.1;44.49;43.55;43.69;1729018
43.15;43.425;42.67;42.9;1951142
43.035;43.54;43.03;43.3;1839706
43;43.375;42.705;43.3;1565797
43.33;43.665;43.22;43.435;1505709
43.805;44.29;43.675;43.855;1944383
43.885;44.07;43.39;43.505;977911
43.865;44.835;43.865;44.835;2318709
44.9;44.98;44.13;44.175;1679447
43.59;43.9;43.33;43.57;1182434
43.72;43.92;42.77;43.3;1790697
42.1;42.385;41.91;42.175;1582185
42.2;42.655;42.07;42.38;1575429
42.205;42.39;41.915;42.045;1719398
42.045;42.65;41.9;42.6;1673617
42.565;42.635;41.72;41.915;1847154
41.95;42.32;41.735;42.05;775436
42.25;42.845;42.22;42.81;1745416
42.74;42.945;42.215;42.25;1801150
41.85;42.07;41.575;42.005;2499085
41.9;42.87;41.5;42.56;4171443
41.71;42.195;41.26;41.895;1615695
42.115;43.115;41.905;43.115;1825329
43.13;43.15;42.505;42.505;1849389
42.14;42.275;41.5;41.72;1842664
42.295;42.99;41.605;41.745;1729038
41.745;42.005;41.49;41.815;1128122
42.015;42.495;41.75;42.19;1563704
42.495;43.42;42.44;43.42;2636750
43.5;44.245;43.35;44.17;1811667
44.13;44.785;43.81;44.505;1944986
44.5;44.5;44.09;44.16;1369512
44.13;44.22;43.28;43.515;2019533
43.78;43.83;42.935;43.2;2003997
43.575;43.625;42.995;43.32;1966077
43.42;43.635;42.22;42.365;2354503
42.08;42.21;41.3;41.565;2496306
41;41.05;39.45;40.755;3229366
40.55;41.25;40.265;41.095;2213798
40.625;40.94;40.325;40.485;1409366
40.2;40.335;39.86;39.9;1999972
39.62;39.71;38.84;38.94;1983688
39.05;40.295;38.95;40.005;2348216
40.385;40.65;40.04;40.445;1864541
40.565;41.375;39.975;41.165;2238354
41.74;41.755;41.14;41.42;1252577
41.11;41.51;41.04;41.1;1333296
41.33;41.455;40.4;40.6;1324409
40.75;41.485;40.635;40.885;2163697
40.555;40.625;39.75;40.485;2070218
40;40.825;39.835;40.52;1730322
41.04;41.375;39.065;39.16;2160128
38.96;39.195;38.14;38.17;2677725
37.815;38.12;37.245;37.525;2928672
38.085;38.11;35.43;35.6;3780632
34.15;36.545;33.9;35.285;5561775
34.725;35.8;33.15;33.2;4421736
33.3;35.56;32.12;35.245;6438458
36.42;36.445;33.3;33.47;5039189
34.635;34.635;32.08;34.465;5251804
34.525;35.93;33.295;35.7;3451631
36.155;36.56;35.66;36.14;1486147
36.01;36.125;35.01;35.74;1534587
35.56;36.49;34.835;36.16;1750261