32.49;32.61;31.88;32.15
32.0;32.3;31.91;32.02
32.0;32.45;32.0;32.0
31.92;32.4;31.85;32.23
32.0;32.2;31.11;31.45
31.5;32.47;31.49;32.46
32.47;32.69;32.2;32.3
32.0;32.19;31.2;31.52
31.22;32.13;31.15;32.03
32.05;32.57;31.57;32.3
31.15;31.45;30.35;30.41
30.7;31.14;30.25;31.0
30.5;32.28;30.28;31.97
32.15;32.15;30.34;30.45
31.1;31.11;28.31;28.92
28.14;28.51;26.95;28.09
28.29;29.34;28.15;29.3
29.4;29.4;28.42;29.2
28.23;28.64;28.12;28.23
27.9;28.68;27.25;27.88
27.3;28.31;26.92;27.93
28.0;28.39;25.32;26.1
25.62;26.65;25.62;26.4
25.23;26.95;24.51;26.95
27.12;27.76;26.5;26.5
27.75;27.95;26.11;27.95
28.07;28.09;27.24;27.91
27.3;27.3;26.19;27.0
25.9;26.7;24.31;24.31
25.0;25.96;24.63;25.1
25.02;27.22;25.02;27.22
26.8;27.2;26.12;27.2
27.3;28.15;26.37;26.58
26.3;26.3;25.51;25.9
25.35;25.35;24.22;24.47
25.35;25.5;24.26;24.42
24.25;24.89;23.61;23.61
23.97;24.0;22.49;22.8
22.98;24.39;22.62;24.35
24.5;25.66;24.32;25.15
25.15;25.15;23.74;23.8
23.52;23.79;22.94;23.0
23.03;23.42;21.82;22.0
21.55;21.85;19.0;19.65
20.64;21.57;19.85;21.57
21.01;21.37;20.1;21.1
21.1;22.27;21.1;22.19
22.33;23.08;21.86;22.81
23.1;24.14;22.02;23.3
23.2;23.39;21.64;21.64
22.0;22.0;20.52;20.73
21.0;21.0;19.91;20.24
19.5;19.81;18.8;19.81
19.86;20.17;19.1;19.35
20.0;20.48;19.5;20.4
20.2;21.07;19.67;21.07
21.48;21.48;20.21;20.8
20.8;20.8;18.8;19.44
19.0;19.22;18.71;19.0
19.86;19.86;19.2;19.77
19.7;20.0;19.25;19.67
19.3;21.19;19.3;21.1
21.3;21.8;20.87;21.55
21.63;22.37;21.25;21.89
22.05;22.68;21.85;22.4
23.39;23.62;22.5;22.91
23.37;23.37;22.5;22.55
22.95;23.34;22.55;23.3
23.09;23.38;22.68;22.75
23.08;23.08;21.95;22.25
22.89;22.89;22.05;22.52
22.31;22.74;21.8;21.8
21.8;22.1;21.03;21.25
20.05;20.9;19.69;20.79
21.0;21.0;19.86;20.96
20.99;21.11;20.51;20.95
20.45;20.93;20.44;20.9
19.95;21.6;19.95;21.55
21.67;22.99;21.67;22.76
21.71;22.5;21.71;22.14
21.93;21.94;21.28;21.3
21.15;21.52;20.69;20.95
21.2;21.44;20.66;20.9
20.73;20.73;19.08;19.89
19.2;20.09;18.75;18.85
19.0;19.2;18.29;19.2
18.97;19.0;17.77;18.11
17.98;18.5;16.7;18.2
17.89;18.25;16.8;16.83
17.2;19.59;17.2;19.18
18.71;20.02;18.71;20.01
19.57;19.57;18.47;19.1
19.1;19.52;18.06;18.26
19.07;19.07;18.31;19.0
18.78;19.4;18.23;19.35
18.79;18.98;18.2;18.25
18.1;18.95;17.72;18.45
18.1;18.49;17.79;17.85
18.87;18.87;17.15;17.35
17.38;18.67;17.0;18.67
18.69;20.0;18.58;19.63
19.41;19.85;19.23;19.46
19.55;22.04;19.45;21.79
21.7;22.39;21.02;21.2
20.7;22.52;20.7;22.39
22.0;23.58;21.74;23.58
23.3;23.59;22.9;23.38
23.59;24.63;23.31;24.29
24.67;24.85;22.9;23.0
23.63;23.63;22.25;22.38
22.04;22.59;21.62;22.59
22.9;24.0;22.68;23.95
23.75;23.89;22.24;22.8
22.7;23.1;22.0;23.1
23.28;23.4;22.5;23.0
22.5;23.5;22.5;23.11
23.1;24.67;23.1;24.49
24.0;24.56;23.75;24.56
24.51;24.66;23.71;24.0
24.29;24.29;22.47;23.06
22.46;23.21;22.0;22.1
22.0;22.18;21.1;21.11
21.0;21.65;21.0;21.46
21.05;22.0;21.0;21.05
20.76;21.25;20.1;21.18
21.5;22.18;21.0;21.7
22.18;22.9;21.75;22.55
22.4;22.88;21.85;22.06
22.0;22.0;21.14;21.42
22.0;23.0;21.99;22.98
23.25;24.5;23.21;23.98
24.31;24.31;23.5;24.14
23.76;24.0;22.62;22.9
22.46;23.89;22.45;23.75
24.38;25.6;24.07;25.6
25.5;26.4;24.99;25.59
26.0;26.8;25.81;26.0
26.25;26.25;24.65;24.87
24.5;24.8;23.53;23.59
23.95;24.24;23.1;23.25
23.2;23.85;22.5;23.16
23.0;23.1;22.0;22.0
22.0;22.55;21.44;21.99
22.45;22.49;21.75;21.85
21.9;22.0;21.27;22.0
21.55;21.9;21.5;21.77
21.5;21.99;21.35;21.85
22.1;22.38;21.5;21.7
21.32;21.6;20.0;20.05
20.25;21.1;19.87;20.16
20.0;20.65;19.9;20.35
20.35;20.7;20.0;20.03
20.0;20.1;19.7;19.99
19.99;19.99;19.99;19.99
19.99;19.99;19.99;19.99
19.51;20.0;19.51;19.86
20.0;20.07;19.22;19.9
19.7;20.25;19.7;20.2
20.2;20.22;20.2;20.2
20.34;21.21;19.94;21.16
21.56;22.46;21.25;22.46
22.5;22.69;21.7;22.05
22.5;22.6;21.58;22.03
22.0;22.04;21.5;21.77
21.75;21.75;21.0;21.3
21.5;21.96;20.84;21.78
22.39;22.39;21.33;21.8
21.42;22.24;21.09;21.67
21.6;22.1;20.55;20.98
20.83;20.83;20.3;20.52
20.35;20.64;19.82;19.82
19.8;20.2;19.45;19.65
19.68;20.0;19.21;19.21
19.5;19.5;18.51;19.09
19.48;19.51;18.5;18.56
18.92;19.32;18.8;18.98
18.98;18.98;18.56;18.7
19.27;19.44;18.8;18.98
19.13;19.13;18.32;18.4
18.4;19.38;18.4;19.17
19.17;19.39;18.86;19.21
19.11;19.88;19.11;19.7
19.4;19.57;18.87;18.9
18.8;19.2;18.15;18.5
18.49;18.84;18.17;18.45
18.49;18.89;18.0;18.67
18.7;18.7;17.75;17.88
17.8;19.0;17.76;18.77
19.0;19.02;17.7;17.92
17.87;17.91;16.9;17.23
17.21;17.5;16.89;16.98
17.44;17.95;17.31;17.76
17.6;18.32;17.52;18.05
18.05;18.09;17.31;17.4
17.55;17.83;17.4;17.55
17.15;17.61;16.89;17.43
17.59;17.59;16.7;17.0
16.64;17.18;16.39;16.45
16.8;16.8;15.79;15.79
15.7;16.3;15.64;16.08
16.0;16.84;15.92;16.72
16.57;17.05;16.51;16.93
16.88;16.88;15.87;16.06
16.02;16.16;14.87;15.0
15.2;15.85;15.15;15.22
14.89;14.99;14.12;14.85
15.0;15.0;14.35;14.79
14.56;14.7;13.83;14.08
14.55;15.08;14.45;14.75
15.45;16.0;14.88;15.9
16.14;17.2;16.02;17.04
16.5;17.87;16.38;17.43
18.3;18.8;17.26;17.5
17.74;19.23;17.43;18.73
18.8;19.04;17.8;18.05
18.37;18.55;17.86;18.01
17.88;17.88;16.5;16.53
16.4;17.1;16.05;16.96
16.82;17.43;16.57;17.14
17.0;17.01;16.1;16.5
16.47;16.99;15.83;16.48
16.1;16.27;15.31;15.56
15.67;16.17;15.22;15.4
15.55;16.0;15.55;15.79
16.0;16.75;15.95;16.36
16.22;17.2;16.22;16.7
17.95;18.5;17.39;17.99
17.98;17.98;17.13;17.35
16.81;17.56;16.81;17.3
17.34;17.34;16.39;16.39
16.39;17.1;16.12;16.96
17.2;17.5;16.82;17.48
17.85;18.42;17.73;18.14
18.3;18.81;18.02;18.24
18.1;18.75;17.9;18.45
18.45;18.45;18.45;18.45
18.45;18.45;18.45;18.45
18.5;18.79;18.29;18.61
18.89;20.0;18.89;19.9
19.88;20.09;19.12;19.21
19.3;19.69;19.1;19.32
19.3;20.14;19.25;19.92
20.14;20.55;19.8;19.8
20.1;20.23;19.5;19.77
19.77;19.77;19.77;19.77
19.79;19.79;18.82;19.12
19.5;20.0;19.5;19.6
19.53;21.19;19.53;21.1
20.78;21.65;20.55;21.6
21.1;21.6;19.92;20.28
20.62;20.62;19.96;20.24
20.25;20.72;19.91;20.43
20.63;22.0;20.15;21.89
22.0;23.5;21.9;22.95
22.83;23.62;22.6;23.59
23.63;23.89;23.01;23.8
23.6;23.6;22.03;22.28
22.0;22.16;20.8;21.33
21.58;21.68;20.74;21.0
21.16;21.68;21.01;21.67
22.78;22.85;22.05;22.64
22.7;22.96;22.26;22.64
22.47;22.65;21.6;22.11
22.35;23.0;22.33;22.77
22.69;23.49;22.51;23.24
22.83;23.0;22.1;22.25
22.53;23.64;22.53;23.23
23.4;23.5;22.56;23.22
23.2;23.6;22.98;23.19
23.46;23.96;23.24;23.47
23.3;25.07;23.3;24.93
24.68;24.96;23.7;23.82
24.0;24.1;22.94;23.27
24.0;24.43;23.45;23.45
23.6;24.31;23.53;24.03
24.02;24.5;24.0;24.29
24.05;24.32;23.86;24.3
24.5;24.76;24.01;24.15
24.5;25.1;24.39;24.71
24.5;24.6;23.47;23.87
23.55;23.84;23.02;23.84
23.72;23.84;23.33;23.45
23.45;23.51;22.29;22.29
22.06;22.84;22.06;22.62
22.5;23.05;22.21;22.92
23.4;23.4;23.0;23.39
23.4;23.68;23.04;23.37
23.25;23.37;22.15;22.55
23.18;23.4;22.56;23.27
23.32;23.32;22.5;22.76
22.7;23.45;22.7;23.06
23.3;24.25;23.2;24.06
23.25;24.06;23.1;23.7
23.7;23.7;22.65;22.65
22.85;22.85;22.42;22.5
22.59;22.95;22.43;22.82
23.1;23.32;23.0;23.22
23.0;23.45;23.0;23.29
23.39;23.6;23.11;23.5
23.39;23.49;22.9;23.2
23.1;23.5;23.05;23.34
23.5;23.5;22.8;22.92
23.05;23.25;23.0;23.15
23.21;23.35;22.95;22.99
22.84;23.33;22.55;23.25
23.3;23.3;22.93;23.15
23.4;23.53;22.98;23.05
23.06;23.51;22.9;23.25
23.45;23.61;23.22;23.55
23.4;23.59;22.8;23.41
23.2;23.51;22.97;23.43
23.5;23.5;23.05;23.26
23.49;23.76;23.1;23.68
23.47;23.5;23.15;23.22
23.22;23.5;23.0;23.03
22.82;23.64;22.82;23.54
23.55;23.8;23.5;23.74
24.0;24.9;24.0;24.8
24.81;25.07;24.56;24.71
24.64;25.5;24.5;25.3
25.5;25.5;25.15;25.43
25.5;25.67;25.18;25.3
25.5;25.7;25.4;25.68
25.66;25.66;25.16;25.33
25.48;26.25;25.4;26.07
26.2;26.73;25.75;26.51
26.41;26.43;26.01;26.07
26.06;26.39;25.5;25.56
25.99;26.09;25.5;25.95
26.09;26.5;25.91;26.11
26.36;27.1;26.15;26.68
26.81;27.1;26.8;27.0
27.0;27.2;26.8;27.0
27.2;29.35;27.15;28.93
28.75;29.14;28.14;28.28
28.31;28.5;27.84;28.01
27.83;28.18;27.76;28.07
28.18;28.39;26.95;27.55
27.17;27.17;26.06;26.36
25.88;26.09;25.44;25.95
26.25;26.67;26.0;26.44
26.72;26.94;26.18;26.3
26.25;26.48;25.8;25.95
26.07;26.6;25.98;26.03
26.0;26.67;26.0;26.38
26.68;26.68;25.88;25.88
26.0;26.14;25.08;25.23
25.23;25.5;25.02;25.06
25.2;25.62;24.89;24.98
24.72;24.9;24.34;24.51
24.53;24.67;24.02;24.21
24.0;24.89;23.98;23.98
24.05;24.23;23.53;23.58
24.06;24.06;23.45;23.69
23.8;24.35;23.8;24.25
24.55;25.1;24.12;25.03
25.05;25.64;24.82;25.54
25.4;25.4;24.42;24.9
24.99;25.09;24.48;24.85
24.97;25.34;24.65;25.2
25.3;25.63;25.13;25.48
25.64;26.1;25.51;25.93
25.9;26.35;25.9;26.13
26.35;27.1;26.34;26.9
26.85;27.21;26.7;26.95
26.82;27.46;26.82;26.99
26.51;27.14;26.14;26.3
26.54;26.71;26.3;26.5
26.5;26.65;26.03;26.05
25.9;25.9;25.3;25.37
25.3;25.82;25.26;25.43
25.8;26.03;25.35;25.61
26.0;26.56;25.74;26.37
26.51;26.9;26.45;26.7
26.2;27.27;26.2;27.21
27.2;27.25;26.6;26.9
26.5;27.48;26.5;27.45
27.2;27.94;27.2;27.7
27.6;27.75;27.36;27.49
27.11;27.8;27.0;27.04
27.48;27.99;27.38;27.76
27.7;27.85;27.15;27.42
27.42;27.42;27.0;27.07
26.87;27.39;26.82;26.93
27.36;27.55;27.2;27.37
27.49;27.5;26.65;26.65
26.59;26.61;26.03;26.03
26.02;26.67;26.02;26.11
26.0;26.0;25.63;25.78
25.8;26.04;25.46;25.84
25.72;26.31;25.6;26.13
26.15;26.65;26.11;26.65
26.75;27.0;26.5;26.54
26.79;27.05;26.52;26.61
26.9;26.9;26.49;26.6
26.74;26.74;26.08;26.35
26.79;26.79;26.15;26.7
26.94;26.94;26.13;26.44
26.09;26.74;26.09;26.14
26.2;26.7;26.14;26.67
26.2;26.73;26.2;26.64
26.67;26.67;25.91;26.02
26.16;26.44;26.02;26.26
26.27;26.4;25.6;25.7
25.77;26.24;25.77;26.09
26.05;26.67;26.04;26.15
26.72;26.72;26.09;26.09
26.0;26.24;25.75;25.79
26.08;26.19;25.83;25.98
26.04;26.35;25.89;26.15
26.12;26.45;25.87;26.35
25.95;26.39;25.71;25.81
26.09;26.09;25.7;25.87
25.73;25.95;25.51;25.6
25.6;25.6;25.6;25.6
25.6;25.6;25.6;25.6
25.55;25.6;25.36;25.39
25.44;25.75;25.39;25.41
25.61;25.75;25.35;25.7
25.7;25.7;25.7;25.7
25.75;25.84;25.5;25.79
25.75;25.92;25.5;25.62
26.0;26.42;25.77;26.22
26.39;26.61;26.16;26.35
26.7;27.5;26.36;27.16
27.52;27.55;26.5;26.82
27.0;27.0;26.27;26.4
26.42;27.39;26.42;26.98
27.1;27.34;26.82;27.08
27.35;28.0;26.82;27.78
28.02;28.43;28.02;28.32
28.45;28.8;28.3;28.5
28.68;28.8;28.5;28.65
28.5;28.55;28.1;28.45
28.77;28.77;27.65;27.93
28.07;28.63;28.04;28.3
28.48;28.48;27.93;27.96
28.18;28.58;28.12;28.3
28.46;29.08;28.17;28.9
28.7;28.74;28.14;28.2
28.38;28.55;28.0;28.17
28.15;28.42;28.05;28.11
28.1;28.19;27.66;27.78
27.61;27.94;27.06;27.41
27.12;27.77;27.12;27.45
27.77;27.8;27.25;27.41
27.7;28.49;27.7;28.42
28.25;28.45;27.81;28.23
28.47;28.81;28.07;28.7
29.0;29.58;28.5;28.82
28.82;29.05;28.35;28.6
28.72;28.75;28.35;28.53
28.53;29.0;28.52;28.92
29.09;29.12;28.45;28.64
28.85;29.25;28.55;29.2
28.96;29.0;28.45;28.78
28.77;29.0;28.59;28.69
28.85;28.85;27.7;27.72
27.89;28.2;27.72;27.83
28.24;28.3;27.7;27.8
28.0;28.25;27.51;27.82
28.0;28.0;27.4;27.41
27.52;27.78;27.51;27.69
27.72;27.97;27.52;27.71
27.61;27.88;27.35;27.6
27.6;28.21;27.48;27.65
27.86;27.94;27.61;27.84
27.96;27.96;27.19;27.19
27.25;27.4;26.21;26.95
26.74;26.75;25.69;25.9
25.5;26.06;25.42;25.7
25.8;25.8;24.6;24.85
24.55;25.34;24.37;25.25
25.4;25.74;24.96;25.56
25.65;25.75;24.7;24.85
25.15;25.4;24.39;24.86
24.75;24.75;23.4;23.64
23.88;24.7;23.66;24.07
24.01;24.45;23.37;23.45
23.53;24.2;23.53;24.1
24.34;24.43;23.9;24.02
24.01;24.5;23.76;24.38
24.58;24.58;24.0;24.0
24.29;24.74;24.15;24.67
24.75;25.5;24.65;25.28
25.45;26.48;25.37;25.96
26.44;26.44;25.9;26.27
26.35;26.35;25.42;25.56
25.88;25.96;25.47;25.82
25.64;25.84;25.56;25.79
25.79;25.79;25.79;25.79
25.79;25.79;25.79;25.79
25.65;26.09;25.56;25.71
25.69;25.74;24.97;25.37
25.45;25.72;24.95;25.38
25.39;25.7;25.12;25.3
25.2;25.27;24.91;25.16
25.25;25.98;25.25;25.8
25.5;25.75;25.05;25.28
25.5;25.5;25.05;25.18
25.72;25.88;25.37;25.58
25.58;26.27;25.39;26.27
26.2;26.25;25.97;26.03
26.03;26.19;25.51;25.66
25.5;25.79;25.38;25.5
25.54;25.79;25.0;25.0
24.81;25.36;24.75;25.36
25.21;25.38;24.9;25.15
25.21;25.5;25.04;25.34
25.31;25.31;24.26;24.38
24.5;24.65;24.05;24.12
24.05;24.06;23.32;23.32
23.55;24.2;23.52;23.78
23.95;24.01;23.0;23.11
23.35;23.58;23.1;23.17
23.14;23.38;22.73;22.92
22.78;22.89;21.85;22.29
22.49;23.25;22.46;23.13
23.22;23.85;23.0;23.7
22.99;23.62;22.99;23.53
23.64;23.98;23.35;23.46
23.62;24.11;23.51;23.81
23.85;23.85;23.09;23.35
23.72;23.75;23.36;23.47
23.7;23.88;23.33;23.72
23.74;24.12;23.5;24.12
23.87;23.95;23.79;23.85
24.23;24.23;23.3;23.62
23.7;24.14;23.4;23.85
23.75;24.2;23.75;24.12
24.0;24.54;24.0;24.54
24.5;24.7;24.34;24.64
24.75;24.85;24.06;24.34
24.49;24.79;24.34;24.49
24.49;24.59;24.22;24.34
24.51;24.52;24.25;24.33
24.33;24.39;23.91;24.11
23.95;24.11;23.85;24.0
24.17;24.33;23.85;24.12
24.19;24.38;24.01;24.24
24.25;24.38;24.06;24.07
24.33;24.37;23.88;23.93
23.98;24.28;23.7;23.77
24.04;24.15;23.7;23.8
24.23;24.86;24.17;24.59
24.5;24.73;24.12;24.23
24.2;24.55;24.11;24.3
24.2;24.4;24.11;24.21
24.25;24.54;24.15;24.33
24.4;24.75;24.11;24.21
24.3;24.45;23.83;24.2
24.02;24.08;23.5;23.5
23.55;23.75;23.26;23.4
23.27;23.48;22.7;23.22
23.06;23.09;22.24;22.48
22.37;22.8;22.37;22.46
22.5;22.97;22.5;22.63
23.0;23.37;22.75;22.92
22.96;23.08;22.52;22.66
22.79;22.97;22.24;22.28
22.2;22.56;22.2;22.51
22.6;22.84;22.35;22.44
22.3;22.54;22.16;22.45
22.78;22.86;22.56;22.76
22.32;22.54;22.18;22.33
22.29;22.46;22.21;22.38
22.43;22.48;21.89;21.94
21.85;22.12;21.6;21.94
22.4;22.79;22.05;22.35
22.4;22.81;22.4;22.62
22.98;22.98;22.26;22.52
22.45;22.5;22.26;22.38
22.46;22.57;22.3;22.44
22.38;22.39;21.59;21.8
21.76;22.34;21.76;21.92
21.78;21.81;20.92;20.94
21.01;21.11;20.25;20.56
20.56;21.33;20.56;21.21
21.35;21.35;20.77;20.93
20.91;21.1;20.33;20.47
20.45;20.75;20.32;20.62
20.5;21.18;20.44;21.03
21.18;21.64;20.9;21.55
21.51;21.64;21.12;21.33
21.4;21.8;21.38;21.75
22.5;22.6;21.79;21.79
22.07;22.32;21.88;22.08
22.25;22.32;21.89;22.25
22.42;22.44;21.99;22.21
22.22;22.54;22.1;22.54
22.6;22.71;22.1;22.49
22.57;22.79;22.56;22.67
22.69;22.69;22.0;22.19
22.5;22.5;22.02;22.35
22.24;22.59;22.24;22.33
22.24;22.64;22.2;22.55
22.7;23.08;22.67;22.87
23.05;23.08;22.66;22.93
22.99;23.36;22.95;23.24
23.3;23.31;22.71;23.0
22.9;23.86;22.9;23.64
24.0;24.15;23.85;23.95
23.85;24.1;23.43;23.72
23.75;23.88;23.26;23.46
23.68;23.68;23.21;23.34
23.3;23.58;23.26;23.44
23.57;23.59;23.23;23.25
23.27;23.5;23.22;23.36
23.35;23.45;22.92;23.01
22.93;23.2;22.57;22.75
22.74;22.97;22.63;22.92
22.92;23.25;22.71;22.93
22.94;23.19;22.86;23.15
23.2;23.41;22.99;23.05
23.21;23.65;23.01;23.01
23.0;23.23;22.96;23.11
23.33;23.74;23.01;23.73
23.64;23.82;23.36;23.48
23.6;23.99;23.38;23.64
23.51;23.79;23.5;23.6
23.42;23.82;23.2;23.63
23.66;23.75;23.24;23.56
23.8;23.8;22.87;23.04
23.29;23.36;23.08;23.12
23.35;23.35;22.92;23.01
23.0;23.11;22.8;23.05
23.27;23.29;22.72;22.73
22.94;23.09;22.85;22.96
22.88;22.88;22.38;22.51
22.86;22.86;22.39;22.6
22.52;22.87;22.52;22.61
22.35;22.4;22.01;22.08
22.11;22.65;22.09;22.65
22.66;23.14;22.66;23.02
23.09;23.31;23.05;23.3
23.32;23.61;23.05;23.38
23.18;23.6;23.18;23.56
23.56;24.28;23.56;24.28
23.82;24.19;23.65;23.75
23.56;23.8;23.3;23.42
24.15;24.15;23.58;23.58
23.68;24.06;23.62;23.92
24.0;24.03;23.63;23.7
23.76;24.59;23.76;24.56
24.2;24.92;24.19;24.89
24.82;25.7;24.82;25.39
25.4;25.5;25.04;25.14
25.18;25.26;24.54;24.71
24.6;24.79;24.46;24.75
24.65;24.84;24.52;24.7
24.95;25.38;24.94;25.07
24.8;25.0;24.56;24.78
25.03;25.3;24.9;25.08
25.15;25.17;24.91;25.06
25.19;25.19;24.86;25.13
25.15;25.18;24.9;25.05
25.1;25.3;25.0;25.08
25.09;25.1;24.76;24.87
24.82;25.04;24.78;24.92
24.9;25.5;24.89;25.39
25.39;25.54;25.05;25.1
25.3;25.3;24.85;24.94
24.98;25.26;24.92;25.23
25.1;25.1;24.86;24.95
24.92;25.19;24.29;24.37
24.59;24.6;24.05;24.11
24.33;24.76;24.31;24.74
24.74;24.74;24.26;24.43
24.31;24.7;24.3;24.43
24.53;24.77;24.26;24.57
24.54;24.57;23.96;24.0
24.0;24.1;23.55;23.62
23.6;23.79;23.6;23.7
23.71;24.12;23.71;24.05
24.0;24.25;23.91;24.04
23.88;24.11;23.8;24.03
23.83;24.16;23.81;24.04
24.01;24.14;23.94;24.0
24.08;24.1;23.87;23.91
23.8;23.96;23.77;23.86
23.98;23.98;23.76;23.85
23.85;24.33;23.85;24.03
23.9;24.28;23.9;24.0
24.0;24.35;23.86;24.18
24.14;24.5;24.14;24.3
24.28;24.39;23.92;24.15
24.33;24.48;24.11;24.48
24.35;24.47;24.21;24.39
24.25;24.44;23.9;24.13
24.06;24.28;24.06;24.15
23.85;23.95;23.6;23.62
23.82;23.94;23.65;23.67
23.69;23.69;23.35;23.55
23.5;23.82;23.4;23.7
23.55;23.57;23.34;23.39
23.45;23.45;23.03;23.1
23.1;23.19;22.85;23.15
23.16;23.67;23.02;23.58
23.7;23.75;23.02;23.24
23.39;23.39;22.91;23.1
23.18;23.75;23.14;23.65
23.8;24.15;23.67;24.15
24.29;24.38;24.16;24.25
24.28;24.28;23.97;24.15
24.0;24.19;23.44;23.6
23.8;24.09;23.58;23.8
23.98;24.42;23.85;24.38
24.4;24.58;24.23;24.3
24.47;24.54;24.21;24.37
24.47;24.65;24.36;24.55
24.52;24.55;24.07;24.19
24.37;24.48;24.26;24.27
24.27;24.39;24.01;24.04
24.1;24.12;23.8;23.92
23.92;23.99;23.58;23.62
23.69;23.69;23.25;23.37
23.45;23.45;23.21;23.33
23.34;23.44;23.11;23.43
23.3;23.36;22.86;22.96
23.0;23.05;22.72;22.73
23.0;23.44;23.0;23.37
23.57;23.57;23.05;23.09
23.09;23.7;23.01;23.55
23.7;24.14;23.5;24.0
24.16;24.25;24.02;24.1
24.27;24.36;24.14;24.25
24.42;24.42;24.11;24.21
24.23;24.51;24.21;24.47
24.67;25.35;24.55;25.04
24.9;24.95;24.56;24.61
24.9;24.97;24.56;24.7
24.74;24.88;24.52;24.66
24.7;24.89;24.7;24.8
24.8;24.89;24.52;24.52
24.7;24.7;24.26;24.55
24.57;24.82;24.51;24.74
24.77;24.81;24.28;24.34
24.26;24.39;24.12;24.21
24.05;24.1;23.76;23.9
23.9;24.06;23.83;23.91
23.91;23.91;23.91;23.91
23.91;23.91;23.91;23.91
23.9;24.15;23.66;24.03
24.0;24.2;23.78;23.96
24.1;24.1;23.57;23.68
23.67;24.1;23.67;24.03
23.93;23.93;23.61;23.82
23.85;23.94;23.56;23.75
23.91;23.91;23.6;23.76
23.83;24.02;23.71;24.0
24.0;24.27;23.95;24.18
24.16;24.16;24.0;24.05
24.05;24.15;23.87;23.93
24.1;24.27;23.91;24.27
24.06;24.14;23.85;23.85
23.77;23.77;23.48;23.48
23.25;23.27;22.65;23.02
23.04;23.2;22.83;22.86
22.92;23.07;22.56;22.63
22.59;23.3;22.56;23.1
23.4;23.66;23.11;23.34
23.34;23.35;23.01;23.13
23.25;23.25;22.91;23.14
22.91;22.98;22.07;22.4
22.43;22.74;21.71;21.78
21.44;22.35;21.43;22.12
22.36;22.75;22.14;22.69
22.75;22.79;22.19;22.24
22.58;22.97;22.4;22.68
22.68;22.9;22.68;22.88
22.9;22.98;22.62;22.93
23.05;23.18;22.8;23.16
23.08;23.16;22.68;22.87
22.6;23.25;22.46;23.14
23.34;23.59;23.25;23.31
23.31;23.49;23.13;23.49
23.44;23.61;23.38;23.59
23.64;23.8;23.38;23.47
23.58;23.68;23.25;23.47
23.45;23.58;23.43;23.46
23.46;23.59;23.27;23.43
23.45;23.51;23.17;23.45
23.54;23.54;23.13;23.29
23.15;23.42;23.15;23.3
23.4;23.56;23.33;23.52
23.64;23.68;23.4;23.51
23.58;23.64;23.48;23.58
23.61;23.89;23.46;23.83
23.73;24.0;23.64;23.91
23.95;24.19;23.75;23.98
23.98;23.98;23.98;23.98
24.12;24.15;23.67;23.67
23.84;24.32;23.8;24.3
24.25;24.53;23.95;24.48
24.47;24.51;24.11;24.22
24.45;24.68;24.0;24.6
24.61;24.73;24.41;24.73
24.75;24.79;24.5;24.71
24.75;24.8;24.33;24.4
24.6;24.89;24.15;24.76
24.88;25.01;24.65;24.8
24.8;24.8;24.36;24.41
24.6;25.07;24.51;24.78
24.87;25.0;24.71;24.79
24.82;24.99;24.66;24.78
24.62;24.72;24.37;24.58
24.55;24.55;24.06;24.14
24.31;24.57;24.25;24.5
24.72;25.1;24.61;24.96
25.06;25.06;24.4;24.43
24.43;24.99;24.43;24.95
25.0;25.0;24.75;24.9
24.6;24.63;24.19;24.45
24.48;24.68;24.27;24.48
24.4;24.4;23.36;24.11
24.27;24.48;24.17;24.27
24.35;24.56;24.21;24.53
24.47;24.64;24.37;24.45
24.38;24.7;24.38;24.62
24.55;24.8;24.54;24.68
24.79;24.79;24.4;24.53
24.5;24.68;24.25;24.32
24.25;24.6;24.25;24.47
24.36;24.57;24.15;24.35
24.5;24.71;24.39;24.56
24.79;25.55;24.7;25.45
25.51;25.75;25.42;25.64
25.64;26.03;25.64;25.95
26.4;27.15;26.4;27.1
27.1;28.44;27.1;28.16
28.1;28.37;27.84;28.05
28.1;28.14;27.7;27.76
27.79;28.04;27.75;27.91
27.95;28.1;27.8;27.85
27.7;27.97;27.42;27.44
27.25;27.65;27.11;27.39
27.35;27.8;27.3;27.47
27.3;27.59;27.26;27.47
27.6;27.74;27.38;27.53
27.5;27.5;27.05;27.15
26.7;27.3;26.7;26.96
27.0;27.15;26.83;26.88
26.85;27.34;26.85;27.25
27.25;27.26;26.72;27.12
27.09;27.15;26.86;26.93
26.92;27.35;26.92;27.21
27.3;27.32;27.02;27.14
27.02;27.38;27.02;27.15
27.15;27.24;26.7;26.94
26.86;26.86;26.5;26.5
26.6;27.05;26.57;26.69
26.6;26.95;26.5;26.83
26.98;27.27;26.81;26.81
26.85;27.02;26.67;26.9
27.17;27.17;26.94;27.05
27.1;27.15;26.31;26.61
26.63;26.81;26.32;26.65
26.66;26.87;26.52;26.73
26.94;27.26;26.83;27.1
27.15;27.2;26.82;26.89
27.0;27.05;26.82;26.9
27.0;27.14;26.94;26.97
27.03;27.07;26.82;26.89
27.0;27.0;26.68;26.82
26.8;27.0;26.72;26.94
26.9;27.0;26.82;26.96
26.96;27.13;26.7;27.0
27.05;27.29;27.01;27.1
27.05;27.45;26.32;26.72
26.6;27.14;26.4;26.42
26.61;26.72;26.1;26.22
26.45;26.6;26.4;26.51
26.52;26.58;26.22;26.24
26.27;26.73;26.27;26.65
26.7;26.75;26.42;26.51
26.79;27.0;26.48;26.48
26.71;27.21;26.71;26.95
27.0;27.11;26.78;26.95
26.82;26.95;26.78;26.83
26.72;26.78;26.33;26.36
26.43;26.95;26.22;26.54
26.76;26.79;26.52;26.67
26.72;26.9;26.58;26.7
26.7;26.7;26.25;26.29
26.39;26.42;25.95;26.12
26.07;26.35;26.01;26.01
26.54;26.83;26.52;26.78
26.89;26.92;26.45;26.55
26.34;26.49;25.7;25.82
26.06;26.55;26.0;26.3
26.03;26.6;26.03;26.4
26.57;26.6;26.45;26.56
26.76;27.31;26.66;27.16
27.4;27.65;26.85;27.0
26.82;27.08;26.67;27.0
27.04;27.37;26.9;27.17
27.4;27.72;27.32;27.6
27.67;27.79;27.46;27.57
27.73;27.82;27.43;27.57
27.9;27.9;27.48;27.66
27.7;27.74;27.23;27.45
27.58;27.76;27.45;27.74
27.74;27.85;27.48;27.53
27.59;27.59;27.35;27.4
27.46;27.55;27.26;27.45
27.7;27.85;27.7;27.74
27.8;27.91;27.6;27.9
27.87;27.87;27.6;27.6
27.59;27.7;27.5;27.65
27.69;27.8;27.41;27.63
27.74;28.14;27.64;27.98
28.0;28.33;27.81;28.32
28.3;28.56;28.0;28.56
28.78;28.83;28.44;28.58
28.67;28.83;28.52;28.76
28.8;28.8;28.45;28.58
28.6;28.83;28.35;28.46
28.46;28.82;28.34;28.8
28.8;28.9;28.69;28.74
28.87;29.08;28.6;29.03
29.06;29.08;28.77;28.87
28.93;29.1;28.82;29.1
29.1;29.16;28.99;29.1
29.15;29.49;29.1;29.4
29.1;29.42;28.89;29.32
29.2;29.65;29.19;29.61
29.63;30.07;29.56;29.66
29.73;30.19;29.48;29.66
29.58;29.69;29.26;29.39
29.39;29.49;28.46;29.06
28.97;29.25;28.93;29.06
29.06;29.2;29.01;29.07
28.94;29.2;28.8;29.19
29.15;29.64;29.01;29.63
29.63;29.78;29.5;29.61
29.61;29.68;29.37;29.45
29.45;29.45;29.45;29.45
29.38;29.62;29.25;29.58
29.6;29.69;29.46;29.63
29.74;29.74;29.35;29.63
29.64;29.64;29.3;29.4
29.43;29.54;29.32;29.4
29.3;29.9;29.29;29.83
30.0;30.0;29.7;29.88
29.77;30.32;29.77;30.2
30.22;30.49;30.0;30.47
30.6;31.12;30.47;30.98
30.78;31.03;30.75;30.98
31.09;31.09;30.87;30.98
31.06;31.25;31.01;31.16
31.16;31.24;30.79;31.0
30.83;31.24;30.83;31.08
30.51;30.89;30.47;30.81
30.26;30.7;30.16;30.59
30.64;30.87;30.52;30.63
30.66;30.94;30.55;30.56
30.12;30.58;30.12;30.48
30.58;30.79;30.35;30.59
30.8;31.04;30.58;30.84
30.98;31.08;30.35;30.87
31.0;31.09;30.79;31.08
31.08;31.16;30.9;31.06
31.06;31.12;30.96;31.03
31.05;31.5;31.03;31.32
31.5;31.79;31.44;31.64
31.9;31.95;31.1;31.2
31.37;31.5;31.25;31.42
31.5;31.51;31.33;31.37
31.48;31.65;31.3;31.48
31.4;31.94;31.4;31.75
31.72;31.83;31.2;31.25
31.25;31.55;31.19;31.3
31.46;31.6;31.16;31.56
31.78;31.78;31.3;31.39
31.59;31.95;31.39;31.92
31.99;32.33;31.76;32.1
32.35;32.35;31.8;31.97
32.1;32.12;31.36;31.6
31.63;31.83;31.35;31.71
31.68;31.89;31.35;31.68
31.8;32.1;31.6;31.87
31.97;32.24;31.87;32.05
32.0;32.36;31.93;32.03
31.98;32.09;31.72;32.05
32.16;32.43;32.0;32.4
32.6;33.6;32.25;32.48
33.0;33.33;32.65;33.09
32.89;32.99;32.65;32.86
32.9;32.9;31.98;32.35
32.44;32.65;32.16;32.65
32.62;32.85;32.36;32.73
32.85;32.89;32.56;32.66
32.64;32.79;32.35;32.57
32.7;32.75;32.4;32.75
32.72;32.95;32.35;32.51
32.44;32.6;32.2;32.42
32.37;32.49;32.28;32.35
32.2;32.45;32.2;32.29
32.07;32.55;32.02;32.53
32.47;32.55;32.32;32.45
32.45;32.76;32.45;32.65
32.74;32.74;32.38;32.54
32.59;32.59;32.22;32.38
32.36;32.64;32.21;32.45
32.65;32.7;32.28;32.45
32.43;32.46;32.15;32.2
32.25;32.3;31.87;31.95
31.88;32.2;31.76;32.03
32.05;32.4;31.83;32.15
32.35;32.35;32.01;32.13
32.23;32.31;31.81;31.96
32.05;32.06;31.77;32.03
31.97;32.29;31.78;31.83
31.8;31.8;30.0;31.47
31.44;31.83;31.21;31.69
31.69;31.69;31.69;31.69
31.69;31.69;31.69;31.69
31.37;31.8;31.25;31.69
31.81;32.0;31.69;31.9
31.8;32.15;31.79;32.06
32.22;32.65;32.1;32.61
32.35;32.66;32.34;32.39
32.65;33.55;32.32;33.11
33.15;33.29;32.94;33.11
33.11;33.2;32.66;32.95
32.82;33.24;32.79;32.95
32.95;32.95;32.95;32.95
32.9;33.5;32.82;33.49
33.68;33.78;32.68;32.77
32.71;32.71;31.8;32.44
32.49;33.08;31.6;32.77
32.76;32.99;32.69;32.95
33.0;33.39;32.77;33.36
33.36;33.59;33.1;33.4
33.32;33.32;32.82;32.88
32.77;32.88;32.22;32.24
32.25;32.38;31.52;31.74
31.83;31.99;31.56;31.69
31.72;31.9;30.83;30.88
30.88;31.08;30.41;30.65
30.75;31.25;30.49;30.98
30.98;30.98;30.04;30.19
30.1;30.84;30.1;30.51
30.25;30.97;30.25;30.81
30.99;30.99;30.1;30.84
31.06;31.44;30.85;31.37
31.23;31.71;31.05;31.67
31.48;31.66;30.95;31.11
30.8;31.57;30.5;31.52
31.34;31.5;30.97;31.25
31.59;31.89;31.1;31.4
31.29;31.5;31.01;31.12
30.8;31.38;30.64;30.9
31.0;31.16;30.5;30.8
30.11;30.66;30.11;30.34
30.34;31.14;30.34;30.88
30.78;31.08;30.58;31.04
30.58;30.64;29.7;30.01
30.01;30.31;29.54;29.99
29.81;30.28;29.81;30.19
30.26;30.63;29.67;29.71
29.81;30.37;29.77;30.01
29.61;29.86;29.12;29.48
29.63;29.65;28.11;29.14
29.4;29.75;29.4;29.71
29.71;29.73;28.82;29.25
29.46;29.52;29.17;29.25
29.49;29.78;28.92;29.03
28.89;29.35;28.82;28.98
29.29;29.83;29.17;29.69
30.01;30.61;29.74;30.2
30.41;30.6;30.16;30.3
30.35;30.39;29.66;29.83
29.53;29.91;29.13;29.3
29.4;29.51;29.08;29.31
29.31;29.33;28.9;29.07
28.93;29.18;28.9;29.17
29.02;29.11;28.68;28.72
28.99;29.25;28.78;28.81
28.61;28.81;28.11;28.26
28.01;28.36;27.79;27.84
27.78;27.85;27.3;27.63
27.51;27.63;27.31;27.43
27.34;27.79;27.31;27.73
27.97;28.18;27.7;27.83
27.78;27.95;27.44;27.58
27.71;28.23;27.58;28.16
28.14;28.5;28.02;28.23
28.25;28.46;27.87;28.09
28.56;29.91;28.55;29.81
29.54;29.58;29.22;29.5
29.59;29.73;29.13;29.34
29.32;29.61;29.11;29.24
29.37;29.53;29.04;29.42
29.58;29.66;29.19;29.41
29.49;30.11;29.42;29.95
29.75;29.75;29.17;29.25
29.6;29.65;29.25;29.37
29.56;29.58;29.03;29.34
29.09;29.27;28.75;29.03
29.19;29.26;29.01;29.26
29.49;29.64;29.41;29.45
29.34;29.8;29.34;29.72
29.7;29.83;29.58;29.75
29.89;30.47;29.8;30.28
30.27;30.43;30.11;30.22
30.22;30.33;29.91;30.06
30.19;30.48;29.95;30.46
30.49;30.53;30.08;30.11
30.09;30.43;29.89;30.15
30.25;30.29;29.94;30.01
30.03;30.2;29.82;30.11
30.12;30.37;30.08;30.21
30.39;30.44;30.19;30.35
30.46;30.91;30.36;30.82
30.8;30.99;30.7;30.9
30.99;31.26;30.89;31.17
31.24;31.24;30.9;30.96
31.07;31.07;30.68;30.79
30.76;30.92;30.72;30.83
30.84;30.9;30.68;30.78
30.75;30.81;30.62;30.81
30.85;31.39;30.7;31.33
31.44;31.56;31.16;31.33
31.33;31.45;31.05;31.17
31.11;31.3;31.0;31.17
31.27;31.27;30.7;30.79
30.79;30.8;30.41;30.48
30.34;30.87;30.25;30.65
30.67;31.17;30.65;31.07
30.97;31.04;30.75;30.87
31.0;31.14;30.8;30.93
31.01;31.16;30.93;31.11
31.25;31.28;30.85;31.1
31.22;31.22;30.73;30.91
31.05;31.2;30.82;31.06
31.21;31.24;30.77;30.92
31.04;31.08;30.68;31.06
31.2;31.32;30.99;31.32
31.5;31.83;31.5;31.65
31.75;31.75;31.58;31.65
31.65;31.65;31.21;31.39
31.01;31.16;30.75;31.1
31.0;31.27;30.9;31.13
31.13;31.13;30.64;31.06
31.01;31.13;30.74;30.94
30.68;30.76;29.93;29.95
30.0;30.35;29.45;30.29
30.19;30.7;30.1;30.47
30.44;30.92;30.17;30.33
30.57;30.65;30.22;30.56
30.69;30.84;30.55;30.63
30.51;31.07;30.51;31.0
31.0;31.09;30.94;31.0
31.03;31.05;30.45;30.54
30.55;30.55;30.3;30.5
30.59;30.59;30.23;30.32
30.32;30.51;30.06;30.22
30.13;30.13;29.83;29.94
29.0;29.47;28.1;29.47
29.34;29.49;29.29;29.36
29.3;29.31;28.73;28.93
28.86;29.1;28.59;29.05
29.14;29.5;28.95;29.25
29.01;29.27;28.9;29.03
29.1;29.3;29.03;29.1
29.1;29.31;28.81;29.21
29.3;29.68;29.21;29.57
29.4;29.77;29.4;29.57
29.65;29.88;29.48;29.58
29.5;29.52;29.22;29.42
29.4;29.64;29.31;29.34
29.58;29.64;29.26;29.35
29.28;29.45;28.86;28.93
28.98;29.11;28.77;29.05
28.74;29.0;28.56;28.81
28.69;28.93;28.54;28.7
28.99;29.07;28.5;29.02
29.05;29.48;29.05;29.22
29.32;29.4;29.0;29.05
29.14;29.14;28.78;28.88
28.84;29.26;28.77;29.2
29.25;29.34;28.95;29.07
28.95;29.37;28.95;29.11
29.14;29.29;28.95;29.12
29.24;29.72;29.24;29.61
29.6;29.72;29.41;29.63
29.64;30.09;29.52;30.09
30.13;30.16;29.8;29.84
29.71;29.91;29.55;29.73
29.95;30.17;29.79;30.07
30.02;30.02;29.72;29.91
30.19;30.78;30.18;30.73
31.5;32.41;31.1;32.29
32.01;32.24;31.7;31.79
31.8;32.15;31.8;31.95
31.99;31.99;31.78;31.81
31.82;32.04;31.71;31.95
32.01;32.22;32.0;32.16
32.0;32.14;31.95;31.96
31.74;32.25;31.71;32.06
32.05;32.2;31.8;31.8
32.04;32.22;31.85;32.15
32.15;32.17;31.88;31.9
31.93;31.98;31.75;31.85
31.86;32.66;31.76;32.63
32.48;32.55;32.22;32.26
32.55;32.83;32.45;32.7
32.7;32.78;32.48;32.59
32.55;32.6;32.05;32.29
32.21;32.64;32.14;32.22
32.22;32.34;31.98;32.16
32.23;32.6;32.0;32.42
32.39;32.53;32.18;32.23
32.25;32.65;32.22;32.57
32.74;32.95;32.53;32.83
32.75;32.81;32.44;32.61
32.55;32.7;32.53;32.7
32.51;32.8;32.51;32.76
32.59;33.0;32.54;32.95
33.0;33.18;32.93;33.03
32.88;32.97;32.51;32.6
32.8;32.96;32.6;32.85
32.67;33.25;32.67;33.16
34.15;34.94;34.1;34.8
34.79;34.79;34.11;34.2
34.39;34.8;34.3;34.48
34.43;34.63;34.22;34.54
34.75;34.76;34.26;34.33
34.39;34.56;34.18;34.5
34.9;34.91;34.4;34.62
34.67;34.7;34.35;34.61
34.35;34.44;34.01;34.26
34.42;34.42;33.85;34.18
34.18;34.41;34.06;34.18
34.19;34.28;33.93;34.28
34.28;34.4;34.12;34.28
34.4;34.4;33.33;33.45
32.98;34.16;32.81;33.88
34.24;34.46;33.42;34.34
34.3;34.65;33.85;34.18
33.85;34.27;33.51;34.11
34.63;34.63;34.06;34.39
34.73;35.13;34.35;35.0
35.24;35.64;35.24;35.55
35.67;35.67;35.22;35.52
35.52;35.65;35.28;35.48
35.54;35.54;35.03;35.25
34.74;34.8;34.36;34.5
35.25;35.55;35.02;35.26
35.27;35.65;35.11;35.59
35.78;36.25;35.68;36.17
36.39;36.42;35.95;36.29
36.33;36.5;36.16;36.4
36.62;36.75;35.98;36.2
35.96;36.68;35.95;36.57
36.95;37.19;36.11;36.42
36.43;36.75;36.15;36.39
36.14;36.39;35.8;36.01
35.9;36.42;35.88;36.12
36.17;36.28;35.73;36.16
36.16;36.56;36.08;36.38
36.38;36.46;35.85;36.29
36.51;36.51;35.43;35.82
35.71;35.71;34.56;34.6
34.6;34.94;34.6;34.92
34.89;35.0;34.52;34.73
34.84;34.97;34.6;34.89
34.77;34.94;34.65;34.91
34.86;35.07;34.86;35.0
35.08;35.25;34.97;35.12
35.0;35.16;35.0;35.06
34.86;35.18;34.75;35.15
35.09;35.54;35.05;35.51
35.5;35.55;35.04;35.16
35.12;35.35;35.02;35.24
35.5;35.6;35.3;35.37
35.5;35.5;34.86;35.18
35.18;35.33;34.95;35.05
35.53;35.71;35.22;35.61
35.61;35.72;34.1;34.34
34.3;35.6;33.85;35.1
34.9;35.3;34.9;35.07
35.07;35.18;34.58;34.82
34.82;34.84;33.91;34.13
33.93;34.12;33.76;33.76
33.54;33.65;33.15;33.59
33.59;34.0;33.31;33.51
33.51;33.83;33.51;33.68
33.7;33.93;33.33;33.6
33.6;33.94;33.55;33.83
33.83;34.4;33.62;34.11
34.49;34.5;33.88;34.13
34.13;34.73;34.13;34.37
34.37;34.47;34.09;34.37
34.33;34.41;33.87;34.1
33.85;34.18;33.65;33.86
33.86;34.1;33.68;33.87
33.9;34.04;33.76;33.93
33.76;33.86;33.62;33.79
34.03;34.06;33.62;33.7
33.94;34.04;33.71;33.99
34.0;34.18;33.92;33.92
33.91;34.01;33.26;33.36
33.35;33.49;32.96;33.03
32.97;33.32;32.89;33.23
33.4;33.5;32.96;33.1
33.2;33.45;32.88;33.22
33.24;33.33;32.65;33.24
33.31;33.5;32.81;33.32
33.59;33.88;33.13;33.5
33.5;33.5;32.9;33.01
33.2;33.2;32.21;32.36
32.51;32.75;32.4;32.56
32.45;32.45;31.94;32.12
32.12;32.35;31.67;31.76
31.68;31.98;31.6;31.8
31.8;32.16;31.65;32.03
31.72;32.28;31.72;32.16
32.32;32.51;32.07;32.42
32.42;32.75;32.2;32.65
32.5;32.57;32.27;32.44
32.02;32.21;32.01;32.06
32.1;32.74;32.1;32.62
32.9;33.1;32.77;33.0
32.66;33.03;32.62;33.02
33.13;33.13;32.62;32.62
32.78;32.88;32.19;32.38
32.29;32.33;31.4;31.75
31.67;32.76;31.67;32.65
33.0;33.04;32.7;32.98
33.0;33.0;32.57;32.61
32.38;32.6;32.07;32.07
32.0;32.29;31.79;31.83
31.91;32.18;31.85;32.07
32.1;32.37;31.74;32.24
32.07;32.34;32.05;32.33
32.11;32.39;32.11;32.12
31.81;32.6;31.81;32.53
32.35;32.47;31.5;31.58
31.31;31.74;31.01;31.34
31.24;31.62;31.1;31.46
31.88;31.88;31.5;31.75
31.36;31.63;30.74;30.84
31.24;31.44;30.87;31.26
31.5;31.6;31.16;31.32
31.01;31.59;31.01;31.28
31.76;31.82;31.35;31.4
31.54;31.94;31.42;31.75
32.01;33.0;31.64;31.9
31.27;32.0;30.83;31.53
30.95;32.0;30.94;31.96
31.45;31.49;31.03;31.22
30.69;30.95;30.42;30.52
30.41;31.8;30.41;31.13
31.4;31.74;30.75;30.82
31.1;31.45;30.36;30.59
30.99;31.49;30.66;31.12
31.59;31.59;31.2;31.26
31.01;31.6;31.01;31.38
31.65;31.65;31.38;31.42
31.49;31.71;31.1;31.38
31.08;31.42;30.92;31.23
31.63;31.63;31.18;31.54
31.89;31.89;31.51;31.72
31.96;31.96;31.4;31.59
31.66;31.7;31.18;31.4
31.17;31.42;30.77;30.77
30.8;31.19;30.64;30.92
31.01;31.03;30.31;30.43
30.49;30.78;30.11;30.19
30.37;30.74;30.02;30.15
29.9;29.9;29.3;29.46
29.34;29.77;29.22;29.62
29.33;29.74;29.33;29.58
29.58;29.66;28.87;28.9
28.9;29.16;28.79;29.0
29.85;29.85;28.29;28.92
28.91;29.09;28.5;28.89
28.72;28.86;27.97;28.07
28.0;28.48;28.0;28.4
28.28;28.28;27.91;28.14
28.11;28.46;28.05;28.17
28.15;28.9;28.15;28.86
28.86;28.99;28.52;28.84
28.15;28.84;28.05;28.81
29.0;29.0;28.53;28.59
29.2;29.83;28.86;29.68
29.48;29.76;29.3;29.71
29.7;30.0;29.37;29.94
29.95;30.24;29.58;29.67
29.69;30.35;29.27;30.15
30.01;30.33;29.94;30.24
30.2;30.48;30.11;30.32
29.94;30.2;29.77;30.08
29.99;29.99;29.65;29.63
29.5;29.51;28.8;29.06
28.99;29.56;28.93;29.42
29.55;29.58;29.08;29.51
29.44;29.44;28.45;28.84
29.3;28.78;28.15;28.61
28.82;28.92;28.56;28.81
28.82;28.83;28.59;28.77
29.0;29.34;28.96;29.27
29.4;29.61;29.18;29.58
29.5;29.65;28.16;28.19
28.23;28.3;27.91;27.95
27.85;28.08;27.79;28.03
28.03;28.21;27.6;27.81
27.43;27.72;27.35;27.65
27.44;27.73;27.06;27.22
27.32;27.32;26.9;26.93
27.1;27.29;26.42;26.56
26.29;26.67;26.1;26.43
26.47;26.68;24.96;25.42
25.28;25.32;24.79;25.13
25.02;25.46;24.95;25.36
25.54;25.7;25.35;25.46
25.37;25.61;24.55;24.7
24.58;24.8;23.76;23.95
24.0;24.31;23.26;23.42
23.55;23.94;23.25;23.82
23.6;23.76;23.24;23.45
23.51;23.95;23.36;23.77
23.8;24.47;23.8;24.26
24.57;24.6;24.17;24.24
24.09;24.29;22.88;23.41
23.67;24.1;23.3;23.95
24.12;24.84;24.09;24.4
24.34;25.14;24.34;24.85
24.94;25.22;24.7;24.79
24.75;24.79;24.11;24.27
24.27;24.46;24.17;24.39
24.58;25.05;24.58;24.71
25.0;25.55;24.73;25.39
25.39;25.69;25.31;25.57
25.76;25.99;25.63;25.99
25.59;27.08;25.59;26.55
26.18;26.6;25.81;25.96
26.1;26.32;25.66;26.09
25.73;25.96;25.39;25.79
25.54;26.02;25.5;25.56
25.73;25.82;25.35;25.6
25.7;25.87;25.37;25.53
25.78;26.16;25.63;26.09
25.84;26.32;25.84;26.32
26.5;26.5;26.01;26.11
26.09;26.22;25.79;26.04
25.64;27.1;25.64;26.78
26.65;26.74;25.8;25.83
25.81;26.05;24.71;24.93
25.0;25.1;24.05;24.21
24.01;24.39;23.64;23.95
24.21;24.38;23.56;23.82
23.77;23.77;22.75;23.14
23.3;23.61;22.69;22.92
22.9;22.99;22.47;22.52
22.39;22.89;22.39;22.55
22.58;22.58;21.7;21.9
21.62;22.15;21.4;21.87
22.02;22.41;21.7;21.91
21.98;22.45;21.6;21.77
21.36;21.56;20.35;20.46
19.84;22.48;19.53;21.5
21.96;22.84;21.46;21.98
22.95;22.95;22.4;22.66
23.18;23.24;22.09;22.85
22.46;22.85;22.22;22.71
23.07;23.97;22.95;23.95
23.71;23.87;23.4;23.8
23.86;24.24;23.48;24.1
24.35;25.07;24.0;24.79
25.09;25.09;24.33;24.49
24.35;24.35;23.45;23.51
23.33;23.86;23.15;23.49
23.4;23.4;22.73;22.85
23.18;23.27;22.87;22.99
22.84;22.84;22.25;22.4
22.73;23.49;22.35;23.34
23.3;24.44;23.16;24.25
24.4;24.69;22.8;23.1
23.4;23.75;23.15;23.26
23.5;24.36;23.5;24.1
24.1;24.84;23.8;24.37
23.96;24.84;23.91;24.61
24.76;25.0;24.59;24.79
24.58;24.73;24.05;24.42
24.5;25.24;24.5;25.24
25.25;25.34;24.94;25.23
25.26;25.26;24.07;24.33
24.27;24.5;24.09;24.26
24.29;24.29;23.58;23.99
23.51;23.98;23.42;23.82
23.94;24.11;23.43;23.57
23.71;24.51;23.71;24.1
24.2;24.2;23.62;23.84
23.65;23.82;23.36;23.54
23.42;23.63;23.33;23.46
23.21;23.47;22.76;22.98
23.43;23.43;22.99;23.28
22.86;23.16;22.66;22.95
22.85;23.51;22.85;23.14
22.45;22.57;21.56;22.0
22.18;22.26;21.48;22.18
21.82;22.55;21.82;22.44
22.78;23.35;22.66;23.21
23.03;23.17;22.87;23.11
23.01;23.6;23.01;23.42
23.56;23.84;23.35;23.79
23.68;24.2;23.54;24.2
24.04;25.13;24.04;25.0
25.2;25.25;24.93;25.08
25.08;25.1;24.64;24.95
25.04;25.09;24.86;24.97
25.02;25.25;25.01;25.21
24.97;25.08;24.77;24.86
24.79;24.86;23.83;24.11
24.1;24.5;23.93;24.47
24.54;24.65;24.06;24.24
23.95;24.22;23.55;24.03
24.26;24.26;23.77;24.04
24.3;24.7;24.2;24.57
24.62;25.06;24.5;24.61
24.8;25.24;24.69;25.03
24.98;25.3;24.78;24.87
24.63;25.15;24.63;25.09
25.1;25.92;25.1;25.7
25.74;25.96;25.38;25.92
25.93;25.97;25.26;25.52
25.53;25.65;25.02;25.14
25.6;26.5;25.59;25.9
25.82;26.2;25.82;25.95
26.47;26.57;26.01;26.18
26.29;26.49;26.11;26.34
26.24;26.26;25.71;25.92
26.0;26.18;25.76;25.84
25.55;26.24;25.55;26.15
26.0;26.0;25.29;25.51
25.5;25.86;25.37;25.59
25.84;25.84;25.29;25.54
25.6;25.86;25.29;25.61
25.47;25.7;25.4;25.54
25.75;26.26;25.6;26.1
26.29;26.34;25.94;26.2
25.94;26.03;25.71;25.82
25.85;26.23;25.37;25.57
25.36;25.46;25.04;25.27
25.17;25.55;25.07;25.07
25.08;25.13;24.97;25.01
24.96;25.02;24.61;24.79
24.96;25.55;24.87;25.37
25.59;25.83;25.37;25.44
25.6;25.81;25.46;25.55
25.6;25.6;25.2;25.28
25.12;25.61;25.05;25.55
25.35;25.61;25.29;25.42
25.46;25.8;25.35;25.61
25.64;25.81;25.0;25.08
24.1;25.21;24.1;25.02
24.57;24.74;23.56;23.7
23.57;23.57;22.95;23.13
22.93;23.13;22.72;23.02
22.91;23.58;22.91;23.46
23.43;23.58;23.21;23.21
23.1;23.1;22.37;22.71
22.5;22.69;22.4;22.43
22.42;22.68;21.91;22.0
21.85;22.47;21.85;22.17
22.05;22.29;21.19;21.39
21.52;22.1;21.2;21.97
21.85;22.0;21.04;21.25
21.02;21.44;20.87;21.07
20.99;21.04;20.47;20.58
20.37;20.5;19.61;20.05
20.05;20.34;19.4;19.52
19.27;19.9;18.79;19.7
19.91;19.91;19.38;19.64
19.74;19.99;19.4;19.76
19.27;19.42;18.83;19.12
19.35;19.81;19.17;19.54
19.21;19.28;18.87;18.99
18.92;19.12;18.36;18.54
18.86;18.99;18.61;18.77
18.36;18.56;17.81;18.35
18.33;19.0;18.15;18.91
19.4;20.25;19.39;20.2
19.96;20.64;19.8;20.59
20.63;20.69;20.21;20.48
19.77;19.86;19.2;19.56
19.99;20.5;19.85;20.41
20.8;20.95;20.5;20.65
20.47;20.7;19.87;20.58
20.42;20.79;20.04;20.5
20.36;20.85;20.18;20.66
20.8;21.29;20.56;21.05
21.02;21.45;20.77;21.06
20.93;21.34;20.76;20.99
20.91;21.14;20.65;20.72
20.99;21.75;20.73;21.57
21.7;22.0;21.59;21.93
21.88;22.09;21.12;21.69
21.65;22.27;21.62;22.15
22.17;22.6;22.14;22.54
22.47;23.0;22.34;22.6
22.5;22.81;22.15;22.28
22.35;22.72;22.28;22.28
22.44;22.75;22.15;22.29
22.13;22.33;21.92;22.0
21.81;21.85;21.36;21.4
21.54;21.66;21.07;21.33
21.25;21.47;21.0;21.21
21.24;21.8;21.07;21.65
21.65;21.83;21.51;21.64
21.44;21.8;21.38;21.7
22.6;22.7;21.87;22.22
22.32;22.72;22.14;22.61
22.58;23.03;22.37;22.93
22.75;22.96;22.58;22.86
22.86;23.89;22.76;23.72
23.46;24.19;23.46;24.04
24.0;24.0;23.36;23.52
23.37;23.57;22.91;23.03
23.55;23.75;23.31;23.55
23.41;24.01;23.15;23.31
23.62;23.89;23.08;23.69
23.59;23.95;23.06;23.28
23.62;24.28;23.28;24.18
23.5;24.0;23.32;23.77
23.3;23.75;22.61;22.85
23.0;23.09;22.08;22.42
22.0;23.0;21.72;22.45
23.09;24.25;22.95;23.92
23.71;24.34;23.28;23.42
23.11;23.27;22.35;22.67
22.98;22.98;22.0;22.14
22.35;22.39;21.85;22.03
21.99;22.18;21.7;21.88
21.88;22.2;21.16;21.2
20.55;22.09;20.4;22.09
22.16;22.3;20.96;21.43
21.63;22.2;20.45;21.28
21.44;21.51;20.84;21.1
20.61;20.67;18.74;19.0
19.21;19.43;18.42;18.69
18.0;19.79;17.57;18.24
18.9;19.74;18.05;18.23
17.17;18.07;16.48;16.74
17.69;18.41;17.1;18.41
19.08;19.48;18.52;18.79
18.67;19.15;17.21;17.6
16.84;17.75;16.1;17.28
18.35;18.35;17.04;17.77
18.19;18.28;17.8;18.0
18.4;18.6;16.83;17.38
17.63;18.03;16.7;16.91
17.08;17.53;16.47;17.12
16.26;16.43;15.08;16.2
15.51;16.1;15.1;15.8
16.59;16.66;15.62;16.41
17.09;17.99;16.87;17.2
17.51;18.54;17.2;18.34
18.23;18.29;17.31;17.65
17.84;18.0;17.24;17.95
18.5;19.45;18.23;19.36
19.3;19.3;18.58;18.58
18.0;18.44;17.68;18.05
18.27;18.79;17.91;18.45
18.9;18.98;18.3;18.38
18.24;18.49;17.37;17.63
18.0;18.0;16.32;16.56
16.71;17.13;16.3;16.83
17.63;17.63;16.89;17.03
17.1;17.48;16.43;16.66
16.59;16.93;16.34;16.7
16.77;17.0;16.46;16.74
16.34;16.47;15.66;16.08
16.03;16.29;15.36;15.49
15.81;16.74;15.41;16.74
16.7;18.16;16.33;17.73
17.44;18.08;16.56;17.69
17.87;18.0;17.66;18.0
18.0;18.32;17.02;18.26
18.18;18.38;17.46;17.53
17.12;18.18;17.1;17.85
17.94;18.79;17.45;18.65
18.16;18.69;17.95;18.33
18.43;18.8;17.38;17.48
18.5;18.57;18.02;18.3
18.28;19.5;18.04;19.37
19.28;19.37;18.92;19.36
19.32;19.77;19.06;19.32
18.51;18.85;18.02;18.34
18.31;18.73;18.1;18.14
18.03;19.15;18.03;18.76
19.09;19.09;18.4;18.75
18.55;19.08;18.51;18.92
18.53;19.34;18.46;19.23
18.82;19.04;18.41;18.48
18.4;19.1;18.2;18.2
18.15;18.36;18.15;18.15
18.2;18.43;18.08;18.3
18.33;18.69;18.08;18.16
18.04;18.59;18.0;18.4
18.1;18.95;18.1;18.8
18.85;19.15;18.72;18.85
18.9;19.2;18.39;18.84
18.97;19.39;18.71;18.9
18.8;18.8;18.23;18.51
18.56;19.1;18.44;18.95
18.93;18.93;18.4;18.44
18.45;18.45;18.15;18.34
18.58;18.7;17.55;17.72
17.8;17.89;17.0;17.3
17.6;17.91;17.32;17.35
17.61;17.9;17.08;17.3
17.31;17.51;16.6;16.95
16.68;17.31;16.62;17.1
17.34;17.83;16.82;17.33
17.26;17.3;16.76;17.07
17.26;18.01;17.17;17.99
18.0;18.18;17.71;18.04
18.32;19.0;18.21;18.95
18.86;18.87;18.35;18.41
18.41;18.82;18.14;18.38
18.1;18.45;17.81;18.25
18.34;18.41;17.68;18.17
18.2;18.75;17.92;18.57
18.3;18.94;18.25;18.9
19.0;19.05;18.67;19.0
18.81;19.53;18.75;19.45
19.42;19.42;18.49;18.86
19.4;20.11;19.07;20.0
20.06;20.18;19.32;19.61
19.7;20.0;19.62;19.84
19.55;20.7;19.55;20.43
20.3;20.32;19.6;19.8
19.8;20.08;19.1;19.24
19.59;19.7;19.16;19.59
19.27;19.27;18.82;18.94
18.27;18.8;17.96;18.0
18.0;18.23;17.76;18.1
18.3;18.4;17.83;18.12
18.17;18.49;18.0;18.16
18.0;18.52;17.87;18.49
18.03;18.5;17.87;17.98
18.0;18.58;18.0;18.32
18.62;18.94;18.01;18.82
18.82;19.46;18.6;18.97
19.04;20.06;18.87;19.6
19.84;19.9;18.59;19.07
19.18;19.86;18.92;19.7
19.0;19.94;18.5;19.63
19.44;20.2;19.26;20.2
20.47;20.5;19.59;19.82
20.0;20.36;19.62;20.23
20.22;20.35;19.95;20.22
20.32;20.57;20.04;20.28
20.45;20.67;19.9;20.5
20.44;20.44;20.0;20.25
20.37;20.5;19.77;20.09
20.19;20.49;20.11;20.44
20.42;20.42;19.73;19.9
19.82;19.92;19.02;19.17
19.3;19.67;19.02;19.38
19.0;19.04;18.7;18.78
18.8;19.34;18.79;19.32
19.17;19.97;19.08;19.92
20.38;21.11;20.2;20.91
20.73;21.48;20.45;21.29
21.69;22.57;20.76;20.99
20.68;21.14;20.55;20.66
20.23;20.75;20.18;20.7
21.0;21.25;20.33;20.97
21.2;21.2;20.28;20.58
20.55;20.91;20.36;20.75
20.76;20.96;20.51;20.74
20.82;21.73;20.71;21.3
21.3;21.5;21.0;21.18
21.18;21.22;20.8;21.17
21.16;21.85;21.16;21.7
21.7;22.25;21.57;21.95
21.92;22.22;21.73;22.0
21.63;21.78;20.85;21.75
21.64;21.64;20.92;21.33
21.52;23.15;21.38;22.85
22.9;23.53;22.83;23.26
23.4;24.34;23.05;23.9
23.78;24.32;23.5;24.08
24.16;24.69;23.9;24.58
24.7;24.95;24.08;24.31
24.53;24.61;24.01;24.07
24.11;24.37;23.77;24.09
23.91;24.15;23.08;23.2
23.26;23.75;22.65;22.85
22.92;23.27;22.52;23.1
23.25;23.54;22.94;22.98
22.51;23.14;22.51;23.09
23.25;23.29;22.77;23.15
23.09;23.84;22.94;23.77
23.58;23.73;23.05;23.21
23.08;23.29;22.56;22.71
22.75;23.2;22.6;22.99
22.58;23.02;22.15;22.91
22.98;23.37;22.96;23.18
23.04;23.15;22.7;22.85
22.99;23.27;22.8;22.9
22.96;23.45;22.86;23.24
23.25;23.83;22.95;23.0
23.14;23.44;22.07;22.2
22.13;22.3;21.55;21.81
22.02;22.22;21.96;22.0
21.8;22.16;21.65;22.0
22.18;22.3;21.88;22.0
22.16;22.29;21.74;21.77
21.77;21.83;21.0;21.25
21.3;21.7;21.26;21.5
21.5;21.5;21.05;21.19
20.76;21.0;20.48;20.6
20.58;20.83;20.41;20.63
20.75;20.97;20.33;20.9
21.03;21.39;20.84;21.21
21.27;21.65;20.78;20.89
20.72;21.31;20.72;21.18
21.2;21.7;20.9;21.65
21.66;21.85;21.25;21.79
21.78;22.12;21.62;21.73
21.73;22.02;21.57;21.9
22.1;22.2;21.67;21.73
21.41;21.58;21.24;21.5
21.5;21.5;20.58;20.62
20.56;20.73;20.48;20.58
20.39;20.63;20.35;20.61
20.77;21.05;20.5;20.83
20.8;20.94;20.44;20.49
20.55;20.84;20.41;20.52
20.37;20.88;20.37;20.68
20.3;20.5;19.96;20.47
20.5;20.75;20.42;20.67
20.68;21.0;20.57;20.84
20.75;21.41;20.75;21.26
21.06;21.58;20.95;21.35
21.41;21.9;21.39;21.76
21.66;22.08;21.59;22.0
22.1;22.25;21.84;22.01
21.9;23.85;21.9;23.45
22.9;23.81;22.9;23.75
23.99;24.08;23.45;23.67
23.59;23.84;23.24;23.27
23.16;24.0;23.15;23.94
23.92;24.8;23.8;24.5
24.6;25.08;24.24;24.94
24.75;25.08;24.73;24.99
24.9;25.1;24.64;24.77
24.57;25.66;24.57;25.33
25.3;25.56;25.02;25.32
25.17;25.44;24.43;24.9
25.4;26.2;25.05;25.97
25.94;25.97;25.28;25.45
25.38;25.67;25.09;25.37
25.18;25.74;25.18;25.4
25.61;25.83;25.05;25.2
25.22;25.39;24.85;24.85
24.95;24.97;24.57;24.74
24.51;24.55;24.01;24.39
24.42;25.22;24.41;25.19
25.3;25.58;24.9;25.51
25.5;26.32;25.5;26.1
25.69;26.26;25.67;26.2
25.94;26.07;25.65;26.03
25.92;26.3;25.72;25.81
25.76;25.96;25.67;25.77
25.51;26.0;25.32;25.65
25.57;25.8;25.2;25.42
25.27;25.32;24.92;25.09
25.0;25.12;24.82;24.9
25.0;25.58;24.9;25.4
25.5;26.36;25.5;26.15
26.39;26.44;26.15;26.29
26.08;26.53;26.0;26.42
26.31;26.99;26.31;26.88
26.96;27.23;26.85;27.08
26.75;27.08;26.7;26.92
26.78;27.0;26.39;26.91
26.88;27.45;26.88;27.3
27.48;27.53;27.06;27.36
27.32;27.59;27.11;27.52
27.62;27.62;27.21;27.49
28.03;28.67;28.03;28.35
28.41;28.7;28.1;28.57
28.49;28.5;27.62;27.74
27.58;27.7;27.44;27.48
27.39;28.03;27.11;27.96
27.85;27.95;27.43;27.59
27.54;27.7;27.2;27.41
27.5;27.8;26.97;27.08
26.82;26.92;26.12;26.25
26.22;27.02;26.14;26.95
27.16;27.33;26.76;27.15
27.01;27.94;26.95;27.67
27.8;27.99;27.43;27.6
27.5;27.75;27.4;27.7
27.67;28.42;27.67;28.26
28.24;28.47;28.05;28.43
28.8;29.2;28.61;28.9
29.0;29.25;29.0;29.08
29.2;29.35;28.36;28.59
28.66;28.72;28.17;28.67
28.5;28.76;28.22;28.3
28.2;28.45;27.97;28.35
28.0;28.2;27.7;28.1
28.0;28.46;27.67;27.81
27.74;27.81;27.36;27.48
27.51;27.97;27.32;27.64
27.52;27.66;26.18;26.24
26.15;26.74;25.72;26.67
26.78;26.78;25.78;25.9
25.95;26.25;25.7;26.0
25.74;25.83;25.42;25.71
25.71;26.35;25.59;26.3
26.15;26.59;25.85;26.5
26.63;27.17;26.52;26.84
26.99;27.15;26.61;26.9
27.0;27.0;26.7;26.82
27.0;27.12;26.82;26.94
26.96;27.0;26.52;26.58
26.5;26.81;26.39;26.75
26.94;27.31;26.77;27.25
27.03;27.45;26.99;27.05
26.91;27.18;26.88;26.91
26.84;26.99;26.2;26.25
26.25;26.48;25.69;25.94
26.05;26.52;25.94;26.33
26.2;26.64;26.1;26.51
26.42;26.57;26.33;26.5
26.47;26.47;25.98;26.02
25.7;26.04;25.65;25.89
25.83;26.1;25.55;25.64
25.91;26.29;25.73;26.23
26.45;26.86;26.32;26.81
27.17;27.21;26.29;26.59
26.58;27.47;26.31;27.26
27.2;27.47;27.02;27.4
27.3;27.72;26.85;26.94
27.17;27.88;27.16;27.33
26.96;27.41;26.85;27.32
27.23;27.6;27.17;27.58
27.64;27.91;27.51;27.67
27.67;28.47;27.55;28.3
28.5;28.75;28.33;28.64
28.33;28.49;27.78;27.87
27.92;28.18;27.74;27.89
27.94;28.61;27.93;28.47
28.5;28.75;28.43;28.56
28.62;28.77;28.21;28.56
28.75;28.84;28.48;28.84
28.76;28.77;28.44;28.49
28.44;28.75;28.43;28.72
28.6;28.79;28.52;28.78
28.86;28.95;28.5;28.5
28.58;29.12;28.54;29.08
29.4;29.42;28.5;28.74
28.8;28.8;28.55;28.67
28.8;29.32;28.56;29.23
29.35;29.62;29.07;29.35
29.4;29.57;29.3;29.44
29.5;29.6;29.11;29.25
29.06;29.35;29.01;29.26
29.39;29.6;29.32;29.5
29.49;29.65;29.14;29.2
29.38;30.2;29.24;29.91
29.7;29.82;29.55;29.64
29.88;30.1;29.62;29.88
29.93;30.0;29.37;29.45
29.29;29.75;29.29;29.52
29.16;29.85;29.15;29.5
29.17;29.37;29.03;29.16
29.04;29.32;28.75;28.91
29.05;29.6;29.05;29.22
29.65;29.9;29.24;29.77
29.74;29.86;29.5;29.73
29.72;30.08;29.53;29.95
30.0;30.09;29.65;29.65
29.73;29.77;29.0;29.29
29.1;29.25;27.95;27.97
28.06;28.25;27.91;28.04
27.78;28.17;27.66;28.13
28.25;28.8;28.18;28.74
28.81;28.95;28.67;28.85
28.89;29.24;28.89;29.08
29.12;29.58;29.08;29.22
29.34;29.49;29.1;29.2
29.0;29.0;28.0;28.19
28.25;28.47;28.04;28.2
28.0;28.4;27.96;28.27
28.3;28.65;28.1;28.2
28.6;28.75;28.41;28.51
28.51;28.67;28.2;28.48
28.32;28.6;28.17;28.34
28.48;28.97;28.43;28.97
29.38;29.81;29.23;29.81
29.92;30.47;29.84;29.85
29.64;30.0;29.61;30.0
29.76;30.0;29.6;29.88
29.88;30.44;29.84;30.4
30.41;30.48;30.18;30.2
30.3;30.48;29.97;30.19
30.29;30.34;29.94;30.28
30.14;30.43;29.98;30.14
30.25;30.32;30.12;30.29
30.25;30.34;30.08;30.25
30.32;30.75;30.23;30.63
30.8;31.08;30.78;30.94
30.86;31.18;30.86;31.11
31.11;31.49;30.95;31.26
31.08;31.18;30.64;30.85
30.88;31.15;30.68;30.81
30.86;31.12;30.7;30.9
31.05;31.98;30.94;31.83
31.86;32.05;31.65;32.0
32.04;32.33;31.94;31.98
32.05;32.27;31.74;31.78
31.84;32.19;31.34;31.68
31.98;32.14;31.75;31.89
31.83;32.24;31.78;32.1
32.01;32.03;31.36;31.52
31.4;31.41;31.08;31.18
31.29;31.51;31.26;31.4
31.5;31.5;31.15;31.24
31.09;31.26;30.92;31.21
31.31;31.6;31.17;31.55
31.57;32.58;31.57;32.51
32.21;32.87;32.19;32.69
32.44;32.73;32.41;32.51
32.85;33.54;32.58;33.46
33.61;33.61;33.14;33.45
33.95;34.4;33.67;33.78
33.81;34.19;33.6;33.93
34.25;34.8;33.85;33.95
33.58;34.02;33.1;33.1
32.74;32.87;31.86;32.44
32.44;33.03;31.52;32.9
33.01;33.53;32.86;33.26
33.25;33.43;32.72;33.38
33.56;33.63;32.45;32.54
32.49;32.94;32.35;32.75
32.28;33.55;32.26;32.59
32.08;32.15;31.2;31.64
31.92;33.28;31.92;32.85
32.63;33.68;32.5;33.52
33.16;34.68;33.16;34.39
34.64;34.99;34.33;34.85
34.83;35.0;33.57;33.78
33.47;34.08;33.44;33.53
33.77;34.28;33.62;34.2
33.83;33.85;33.04;33.2
33.24;33.62;32.03;32.54
32.37;32.58;31.61;32.53
32.65;33.03;32.56;32.71
31.92;32.02;31.38;31.65
32.1;33.01;32.1;32.67
32.78;33.56;32.76;33.47
34.1;34.1;33.31;33.69
33.69;34.08;33.62;34.08
34.0;34.0;33.04;33.33
32.99;33.42;32.75;33.35
33.85;34.47;33.85;34.05
34.27;34.63;33.4;33.44
33.2;33.45;32.82;33.21
33.5;33.64;32.36;32.62
32.75;33.17;32.56;33.1
33.02;33.99;32.99;33.75
34.26;34.58;33.44;34.14
34.33;34.56;34.06;34.31
34.05;34.78;34.05;34.63
34.97;35.0;34.5;34.9
34.96;35.28;34.72;35.01
35.19;35.19;34.71;34.9
35.5;35.74;35.26;35.54
35.28;35.62;35.01;35.21
35.07;35.12;34.73;34.86
35.21;35.21;34.4;34.56
34.65;34.79;34.24;34.5
34.53;34.71;34.29;34.51
34.39;34.49;33.28;33.49
32.83;33.42;32.71;32.88
32.76;32.76;31.88;32.0
32.22;32.39;31.81;32.04
32.35;32.35;31.84;31.93
32.06;32.67;32.0;32.37
32.3;32.4;31.83;32.3
32.54;32.63;32.28;32.43
32.56;33.08;32.49;33.01
33.22;33.22;32.79;33.12
33.06;33.8;33.06;33.68
33.74;34.11;33.56;34.11
34.08;34.5;33.82;33.92
34.15;34.26;33.15;33.31
33.12;33.29;32.78;33.0
33.1;33.26;32.49;32.98
33.28;33.99;33.15;33.67
33.42;34.64;33.42;34.47
34.7;34.94;34.49;34.76
34.98;35.12;34.6;35.07
35.24;35.44;34.81;34.92
35.24;35.37;34.31;34.31
34.73;35.3;34.3;34.65
34.65;34.99;34.31;34.58
34.21;35.24;34.21;34.83
34.6;34.8;34.33;34.38
34.46;34.61;34.06;34.17
34.17;34.58;34.17;34.4
34.32;34.53;33.93;34.12
34.19;34.65;34.17;34.42
34.2;34.38;33.95;34.23
34.1;34.15;33.63;33.76
33.51;34.06;33.51;33.82
34.15;34.15;33.54;33.81
33.8;33.94;33.4;33.6
33.63;34.22;33.56;34.14
34.0;34.46;33.98;34.4
34.51;34.91;34.12;34.17
34.24;34.24;33.23;33.49
33.42;33.84;33.23;33.53
33.27;33.32;32.98;33.07
32.96;33.29;32.31;32.6
32.75;33.35;32.71;33.24
33.1;33.52;32.98;33.46
33.5;33.55;33.24;33.43
33.1;33.27;32.87;33.05
33.21;33.72;32.91;33.64
33.47;34.28;33.4;34.06
33.9;34.56;33.88;34.44
34.97;35.04;34.6;34.81
34.83;34.92;34.49;34.51
34.3;34.99;34.24;34.61
34.23;35.2;34.21;34.92
34.74;35.28;34.74;35.12
35.21;35.62;35.19;35.35
35.34;35.42;35.12;35.24
35.29;35.72;35.16;35.44
35.55;35.65;34.62;34.83
34.9;35.23;34.63;34.63
34.71;35.17;34.69;34.94
34.7;35.29;34.7;34.85
34.94;34.97;34.15;34.29
34.49;34.57;33.85;34.5
34.44;34.99;34.19;34.88
34.96;35.04;34.69;34.92
35.1;35.34;34.63;35.33
35.06;35.47;34.84;34.97
34.86;35.25;34.84;34.84
34.9;35.54;34.86;35.37
35.21;35.67;35.09;35.47
35.58;36.12;35.51;35.72
35.82;36.08;35.71;35.88
35.5;35.81;35.38;35.6
35.51;35.88;35.44;35.84
35.69;36.1;35.69;35.97
35.85;35.96;35.56;35.83
35.94;36.69;35.94;36.6
36.6;36.96;36.31;36.49
36.57;36.75;36.35;36.51
36.51;36.64;36.34;36.5
36.53;36.71;36.16;36.32
36.24;36.31;35.72;35.75
36.2;37.61;35.4;37.39
37.38;37.49;37.01;37.15
37.2;37.35;36.53;36.63
36.35;36.69;36.19;36.33
36.21;36.45;36.05;36.13
36.16;36.4;35.92;36.14
35.99;36.28;35.75;35.79
35.92;36.24;35.75;36.19
36.25;36.26;36.06;36.16
36.26;36.32;35.92;36.1
36.4;36.4;35.97;35.97
36.05;36.1;35.75;35.77
35.8;35.94;35.52;35.73
35.9;36.08;35.55;35.92
35.7;35.94;35.5;35.85
35.9;35.92;35.47;35.56
35.35;35.39;34.99;35.19
35.08;35.13;34.69;34.92
34.74;34.8;34.21;34.26
34.21;34.69;34.11;34.4
34.61;34.78;34.39;34.71
34.79;34.84;34.6;34.76
34.99;35.0;33.9;33.9
33.65;34.04;33.48;33.77
33.78;34.7;33.72;34.68
34.78;34.8;34.46;34.7
34.46;34.74;34.36;34.72
34.74;34.89;34.33;34.38
34.38;34.75;34.29;34.42
34.57;35.1;34.47;35.1
35.26;36.04;35.05;35.88
35.9;36.33;35.79;36.24
36.11;36.31;36.01;36.01
36.04;36.42;35.97;36.33
36.24;36.32;35.78;36.08
36.26;37.38;36.26;37.04
37.1;37.54;37.1;37.25
37.35;37.65;37.29;37.32
37.23;37.88;36.99;37.67
37.63;37.88;37.48;37.66
37.65;37.94;37.58;37.81
37.9;38.27;37.87;38.06
38.07;38.46;38.06;38.12
38.49;38.59;38.17;38.44
38.42;38.53;38.26;38.39
38.4;38.79;38.29;38.79
38.78;38.88;38.68;38.82
38.68;38.86;37.95;38.65
38.62;38.89;38.51;38.85
38.83;38.97;38.58;38.76
38.76;39.0;38.65;38.91
38.99;39.07;38.85;39.0
39.08;39.72;39.01;39.5
39.55;39.77;39.37;39.6
39.1;39.1;38.35;38.35
38.54;38.69;38.37;38.61
38.6;38.76;38.33;38.47
37.98;38.01;37.38;37.38
37.54;37.62;36.63;37.55
37.51;37.79;37.22;37.32
37.19;37.47;36.65;36.71
36.76;36.88;36.15;36.67
36.3;37.06;36.24;37.03
37.08;38.06;37.0;38.06
38.15;38.21;37.88;38.0
38.1;38.3;37.24;37.72
37.79;37.9;37.44;37.6
37.67;37.74;37.1;37.71
37.89;38.0;37.58;37.62
37.74;38.38;37.62;38.35
38.4;38.84;38.16;38.54
38.46;38.75;37.62;37.64
37.55;37.71;37.17;37.59
37.74;38.08;37.54;38.08
38.18;38.33;37.74;38.12
38.1;38.2;37.28;37.42
37.65;37.8;37.12;37.58
37.7;38.42;37.59;38.35
38.95;39.24;38.49;39.1
39.08;39.17;38.78;39.05
40.01;41.38;40.01;40.65
40.18;41.17;39.92;40.94
41.01;41.15;40.67;40.96
40.99;41.1;40.5;40.51
40.64;41.1;40.55;41.01
41.01;41.72;40.65;40.83
40.89;41.12;40.56;41.03
40.86;41.53;40.85;41.12
40.96;41.26;40.67;41.18
40.95;41.08;40.02;40.25
40.05;40.05;39.44;39.74
39.76;41.12;39.5;41.09
41.03;41.49;40.88;41.33
41.34;41.83;41.16;41.16
40.98;41.24;40.76;40.97
40.9;41.0;40.31;40.44
40.45;40.58;39.89;39.92
39.92;40.37;39.72;40.03
40.21;40.3;39.27;39.77
39.87;40.05;39.38;39.56
39.54;39.71;39.1;39.26
38.96;39.23;38.34;38.34
38.35;38.44;37.7;38.0
37.3;37.58;36.38;36.95
36.99;37.43;36.33;36.4
36.51;37.24;36.51;37.01
37.06;37.65;37.01;37.27
37.9;38.19;37.53;38.17
38.17;38.35;37.67;37.76
37.76;37.95;37.28;37.79
37.76;38.6;37.51;38.58
38.6;39.03;38.42;38.76
38.75;38.81;38.37;38.52
38.63;38.69;38.14;38.67
39.0;40.01;39.0;40.01
40.05;40.29;39.58;39.58
39.7;40.59;39.61;40.59
40.54;40.8;40.44;40.46
40.51;40.68;40.14;40.21
40.32;40.38;39.77;40.01
40.03;40.15;39.47;39.53
39.8;39.88;39.47;39.62
39.49;39.54;38.46;38.57
38.41;38.58;38.03;38.22
38.45;38.98;38.17;38.81
38.65;38.68;37.73;37.77
37.78;38.08;37.34;37.96
38.0;38.4;37.51;37.64
37.71;38.18;37.53;37.58
37.96;38.89;37.85;38.89
38.8;38.8;37.31;37.48
37.5;37.84;36.92;37.4
37.4;37.65;36.99;37.44
37.58;38.38;37.49;37.95
37.96;38.33;37.79;38.26
38.38;38.76;38.33;38.44
38.49;38.6;37.1;37.94
37.88;38.39;37.67;37.89
38.1;38.28;37.81;37.88
37.88;38.16;37.48;38.12
37.92;38.18;37.63;37.88
37.92;38.32;37.72;38.22
38.35;38.85;38.24;38.74
38.4;39.05;38.35;38.84
39.0;39.04;38.43;38.53
38.4;38.57;38.04;38.47
38.47;38.88;37.94;38.01
38.53;38.62;38.05;38.47
38.62;39.22;38.6;38.95
39.37;39.82;39.1;39.12
38.74;39.11;38.4;38.44
38.44;38.54;38.03;38.09
37.92;38.21;37.56;37.79
37.85;37.9;37.55;37.67
37.97;38.08;37.72;37.99
38.0;38.2;37.74;37.87
38.1;38.36;37.87;38.2
38.22;38.49;38.04;38.05
37.8;38.08;37.47;37.65
37.55;37.67;36.97;37.29
37.18;37.48;37.11;37.24
37.3;37.85;37.24;37.37
37.22;37.38;36.95;37.06
37.35;38.3;37.28;37.6
37.62;38.2;37.37;37.69
37.78;38.53;37.67;38.46
38.56;38.88;38.53;38.72
38.61;38.72;38.1;38.32
38.12;38.21;37.68;38.04
37.92;38.47;37.66;38.28
37.56;38.29;37.56;38.29
38.41;38.65;38.32;38.65
38.69;38.92;38.55;38.62
38.31;38.62;37.82;37.88
38.13;38.28;37.47;37.71
37.71;38.14;37.69;38.05
38.2;38.53;37.75;38.08
38.23;38.91;38.16;38.81
38.18;38.79;37.97;38.45
38.6;38.61;38.25;38.4
38.47;38.97;38.19;38.96
38.94;39.62;38.8;39.45
39.57;39.57;38.6;38.91
39.02;39.17;38.51;38.99
39.15;39.57;38.53;38.57
38.28;38.46;37.65;37.85
37.49;37.72;36.91;37.58
37.32;37.89;37.32;37.63
37.42;37.65;37.08;37.13
37.06;37.76;36.9;37.28
37.28;37.28;36.61;36.72
36.83;37.95;36.71;37.79
37.9;38.33;37.85;37.85
37.0;37.78;36.24;37.65
37.51;37.64;36.83;37.1
36.96;37.03;36.53;36.72
36.81;36.9;36.25;36.67
36.57;36.64;35.92;36.08
35.99;36.13;35.62;35.65
35.38;35.72;34.74;35.49
35.85;36.1;35.11;35.33
35.08;35.43;34.38;34.45
34.1;34.69;33.81;34.0
34.37;34.37;32.4;32.6
31.73;33.59;31.73;32.54
32.21;32.87;31.1;31.19
31.06;32.45;29.51;31.93
32.42;33.17;31.1;31.17
32.01;32.47;30.64;32.46
32.41;33.67;31.67;33.67
33.91;33.93;33.18;33.47
33.33;33.33;32.1;32.99
32.83;33.1;32.19;32.8
32.51;32.63;30.78;31.07
30.9;32.04;30.0;31.5
31.19;32.11;31.03;31.26
31.69;31.93;31.0;31.51
31.64;32.62;31.3;32.42
32.65;33.03;31.68;31.95
31.83;31.95;31.02;31.88
32.33;32.78;32.26;32.64
32.83;33.03;31.95;32.24
32.41;32.79;32.27;32.74
32.66;32.69;32.08;32.3
32.01;32.31;31.23;31.53
31.03;31.25;30.48;30.59
30.48;31.25;30.48;30.73
31.27;31.76;31.2;31.76
31.74;32.12;31.42;31.73
31.57;31.73;30.42;30.46
29.88;30.09;29.37;29.76
30.06;30.14;29.1;29.82
29.47;30.55;29.47;30.5
30.69;31.83;30.63;31.65
32.0;32.99;32.0;32.26
31.78;32.22;31.23;31.44
31.34;32.49;31.3;32.38
32.44;32.67;32.03;32.14
31.52;31.58;30.45;30.45
30.76;30.92;29.77;30.8
30.32;31.63;29.99;31.19
31.72;32.15;31.36;32.15
31.9;32.23;31.58;31.94
31.79;32.22;31.77;32.1
31.99;32.31;31.29;31.41
31.02;31.82;30.92;31.64
31.38;31.38;30.43;30.91
31.37;31.86;31.04;31.86
32.02;32.69;31.68;32.44
32.33;33.04;32.33;33.01
33.05;33.31;32.78;33.31
33.29;33.75;33.0;33.75
33.6;34.55;33.38;34.55
34.38;34.83;34.09;34.17
34.47;35.08;34.22;34.78
34.97;35.12;34.06;34.32
34.01;35.0;33.7;34.94
35.09;35.1;34.5;34.9
34.37;34.4;32.99;33.06
33.24;34.03;33.04;33.99
34.15;34.85;33.99;34.85
34.68;34.99;34.45;34.94
34.94;35.62;34.76;35.37
36.04;36.45;35.59;36.45
36.5;36.69;36.01;36.08
35.92;36.28;35.03;35.03
34.58;34.69;34.01;34.31
34.73;35.0;34.26;34.74
34.25;36.35;34.25;36.28
36.3;36.31;35.22;35.38
35.22;36.06;34.81;36.06
35.9;36.28;35.65;35.71
35.8;36.24;34.97;35.12
34.8;35.57;34.51;35.24
35.1;35.92;34.87;35.83
35.96;36.01;35.14;35.24
35.07;35.28;34.33;34.33
34.23;34.96;34.13;34.68
34.53;34.56;33.65;33.7
33.46;33.63;33.17;33.33
33.16;33.16;32.18;32.26
32.49;32.78;32.24;32.4
32.01;32.88;32.0;32.5
32.66;32.85;32.12;32.52
32.52;32.79;32.1;32.64
32.85;33.54;32.2;33.54
33.53;33.98;33.29;33.85
33.54;35.45;33.32;35.45
35.47;35.89;35.15;35.42
35.78;35.95;35.35;35.53
36.02;36.03;35.22;35.35
35.24;35.75;35.13;35.52
35.84;36.03;34.88;35.27
35.51;35.81;34.92;35.05
34.94;35.74;34.83;35.65
35.37;35.78;35.07;35.07
35.21;35.42;34.92;35.01
35.04;35.04;34.11;34.11
34.19;34.49;34.03;34.24
34.23;34.24;33.52;33.69
33.42;34.1;33.09;33.75
33.72;34.58;33.57;34.42
34.82;34.94;34.0;34.04
34.18;34.55;34.12;34.23
34.5;34.8;34.42;34.71
34.94;35.11;34.74;34.9
35.0;35.4;34.87;35.05
35.06;35.44;34.85;35.44
35.61;35.8;35.1;35.54
35.63;36.22;35.55;36.22
36.3;36.37;35.72;36.13
36.03;36.29;35.9;35.94
36.02;36.12;35.29;35.54
36.17;36.88;35.93;36.78
36.94;37.06;36.26;36.62
36.91;37.51;36.91;37.46
37.32;37.94;37.01;37.32
37.44;38.4;37.38;37.8
38.19;38.3;37.35;37.78
37.66;38.13;37.39;38.03
38.3;38.45;38.17;38.36
38.56;38.6;37.97;38.47
38.61;38.94;38.5;38.89
39.0;39.17;38.69;38.9
38.95;39.19;38.33;39.09
38.99;39.29;38.44;38.53
38.65;38.74;38.17;38.5
38.54;39.1;38.4;38.8
38.74;39.01;38.37;38.38
38.25;38.42;37.84;37.91
38.1;38.6;37.98;38.46
38.5;39.35;38.46;39.19
39.12;39.4;38.95;39.31
39.42;39.92;39.19;39.92
39.72;39.92;39.65;39.83
39.94;39.96;39.48;39.85
39.91;40.2;39.7;39.78
40.0;40.0;38.93;39.83
39.62;39.92;39.36;39.54
39.7;40.29;39.63;40.24
40.12;41.31;40.1;40.76
40.54;41.32;40.51;41.32
40.99;41.47;40.85;41.31
41.9;42.6;41.28;41.37
41.58;41.83;41.31;41.36
41.4;41.4;40.86;40.93
40.77;41.0;40.44;40.98
40.99;41.22;40.63;40.95
41.08;41.33;40.67;40.81
40.53;41.07;40.36;40.8
40.71;41.2;40.56;41.17
41.18;41.4;40.88;41.06
41.04;41.8;40.9;41.71
41.71;41.97;41.62;41.78
41.51;42.05;41.36;41.84
41.69;41.72;40.58;40.58
40.55;41.02;40.43;41.02
41.15;42.24;41.1;42.19
42.2;42.45;41.92;41.99
41.92;41.99;41.66;41.85
41.98;42.03;41.77;42.0
42.1;42.34;42.06;42.07
42.11;42.48;42.04;42.42
42.44;43.3;42.33;43.13
43.0;43.13;42.78;42.9
42.69;42.72;42.06;42.4
42.45;42.85;42.27;42.35
42.35;42.55;41.96;42.31
41.5;41.65;40.96;41.17
41.46;42.13;41.24;42.11
42.29;42.62;41.84;42.06
42.0;42.16;41.42;41.44
41.42;41.63;40.96;41.05
41.44;41.5;41.06;41.33
41.33;42.1;41.21;42.1
42.17;42.28;41.73;41.8
41.69;41.72;40.12;40.12
40.19;40.93;40.06;40.73
40.58;40.58;39.78;39.78
40.03;40.65;39.72;40.42
40.54;41.25;40.45;41.17
41.1;41.15;40.21;40.32
40.31;41.19;40.22;40.85
40.69;41.15;40.49;41.12
40.91;41.21;40.12;40.12
39.32;39.32;38.1;38.47
38.42;38.8;37.84;38.18
37.8;38.06;37.54;37.76
37.79;38.22;37.36;38.08
38.11;39.03;38.0;38.88
38.92;38.93;38.1;38.6
38.28;39.16;38.05;39.08
39.06;39.24;38.81;38.96
40.12;40.12;38.86;39.03
39.33;39.6;39.03;39.12
39.22;39.22;38.14;38.2
38.2;38.85;37.99;38.75
38.75;38.75;37.52;37.68
37.74;37.94;37.19;37.57
37.87;38.05;37.11;37.63
37.56;38.01;37.28;37.94
37.84;37.88;37.22;37.49
37.23;38.19;37.15;37.87
37.99;37.99;36.65;36.65
36.5;37.06;36.37;36.87
36.53;37.01;36.35;36.64
37.06;37.31;36.74;37.17
36.81;37.07;36.24;36.31
36.74;37.02;36.26;36.94
36.99;37.24;36.79;37.15
37.32;37.79;37.15;37.67
37.6;38.0;37.6;37.95
37.6;38.43;37.55;37.67
37.58;37.84;37.22;37.41
37.63;37.72;36.58;36.9
36.99;37.15;36.73;36.81
37.15;37.83;36.95;37.75
37.87;38.33;37.56;37.88
37.68;37.97;37.35;37.8
38.59;38.64;37.64;37.64
37.79;37.95;37.08;37.57
37.74;37.92;36.88;36.96
36.99;36.99;36.45;36.8
37.04;37.47;36.85;37.35
37.56;37.79;37.24;37.38
37.49;37.7;37.0;37.6
37.8;37.9;37.49;37.62
37.57;38.18;37.35;37.8
37.46;37.56;36.87;36.92
36.74;36.9;35.74;35.78
35.98;36.15;35.76;35.95
35.4;35.76;35.1;35.66
35.69;35.8;35.18;35.53
36.02;36.13;35.56;36.05
36.56;36.88;35.88;36.88
37.03;37.44;36.86;37.39
37.34;37.7;37.21;37.4
37.26;37.76;37.17;37.33
37.2;37.42;37.15;37.17
36.86;36.99;36.5;36.53
36.51;37.06;36.51;36.89
36.62;36.77;35.91;36.04
36.1;36.33;36.01;36.58
36.63;37.45;36.63;37.44
37.42;37.42;36.89;37.35
37.6;37.76;37.15;37.36
37.57;37.9;37.31;37.76
37.62;38.53;37.62;38.45
38.0;40.34;37.69;39.47
39.57;39.57;38.91;38.94
40.0;40.0;39.09;39.1
39.2;39.85;38.92;39.01
39.27;40.49;39.01;40.49
40.71;40.9;39.65;40.83
40.76;40.76;40.1;40.1
40.44;40.65;40.1;40.33
40.39;40.61;39.67;40.08
40.19;40.74;39.94;40.71
40.185;40.735;39.945;40.705